sample_no,doc_id,line_png,gt_file,token_index,osmanlica,gt_line
1,88dc077b-d603-4af0-b3c1-0a6203f74ab2,88dc077b-d603-4af0-b3c1-0a6203f74ab2-002.png,88dc077b-d603-4af0-b3c1-0a6203f74ab2-002.gt.txt,19,ایدرك,معلوم والالری بیورلدیغی و لفا ارسال قلنان ژورنالده محرر اولدیغی وجهله طاشجی اصنافندن بعضی عساكر شاهانه ایله منازعه ایدرك اویغونسزلغه
2,423004fa-5205-47a8-9713-37953b6b22b8,423004fa-5205-47a8-9713-37953b6b22b8-008.png,423004fa-5205-47a8-9713-37953b6b22b8-008.gt.txt,3,قرار,مذكورهدن برینه قرار ویریلهرك نتیجه قرارك بیلدیریلمسی حقنده مكاتب عسكریه نظارت بهیهسیله جریان ایدن مخابره اوزرینه یازیلان جوابده بو بابده جریان ایدن مذاكراتی متضمن مجلس مذكوردن تنظیم اولونان مذكرهنك ارسال قیلیندیغی
3,1c4a2080-987c-4e68-b9e3-3a94ee454ff9,1c4a2080-987c-4e68-b9e3-3a94ee454ff9-010.png,1c4a2080-987c-4e68-b9e3-3a94ee454ff9-010.gt.txt,16,فریضه,اساس اتحاد ایچون وسیله تحریسندن خالی اولمدیغم حالده عمزاده قاانیلری سعادت نصاب فخامت انتساب ایفای فریضه حج ایچون بو طرفلره كلوب
4,fa1bd90d-5fca-4e1f-a032-754c82a44fae,fa1bd90d-5fca-4e1f-a032-754c82a44fae-015.png,fa1bd90d-5fca-4e1f-a032-754c82a44fae-015.gt.txt,8,ذكرایدرز,سكهمز بر، طرهمز بر، ربمزه مسخرز، مسبحز، ذكرایدرز عابدانه، كهكشانك حلقه كبراسنه منسوب برر مجذوبلرز بز۔“
5,54ec03e8-858e-4976-9e36-f4a1945e5130,54ec03e8-858e-4976-9e36-f4a1945e5130-003.png,54ec03e8-858e-4976-9e36-f4a1945e5130-003.gt.txt,4,نفر,باغیلری اوچ یوز نفر مقدار عشیرت مزبور اشكیاسیله بر وجه مالكانه عهده چاكریده اولان طرسوس
6,423004fa-5205-47a8-9713-37953b6b22b8,423004fa-5205-47a8-9713-37953b6b22b8-009.png,423004fa-5205-47a8-9713-37953b6b22b8-009.gt.txt,24,مخابراتنه,بیان اولونمش و مذكور مذكره لدالمتعه خلاصه مالالی مذكور اوچ نوع تلغرافدن بر نوعی اوردو ایله متحرك اولوب باش قوماندان ایله فرقه قوماندانلقلرینك مخابراتنه مخصوص اولدیغی كبی نوع دیكری میدان محاربه ایله ایلری
7,675e3a55-9125-4502-8f60-b8a5ab6af227,675e3a55-9125-4502-8f60-b8a5ab6af227-000.png,675e3a55-9125-4502-8f60-b8a5ab6af227-000.gt.txt,5,معدود,یدنجی ماده الت جارحهدن معدود اولمیان شیلر ایله بربرلرینی ضربه جسارت ایدنلرك قباحتلری درجهسنه كوره اون بش كوندن اوج ماهه قدر حپس ایله
8,1c4a2080-987c-4e68-b9e3-3a94ee454ff9,1c4a2080-987c-4e68-b9e3-3a94ee454ff9-011.png,1c4a2080-987c-4e68-b9e3-3a94ee454ff9-011.gt.txt,6,مناسبه,كیتمسی بو امنیه خیریهیه وسیله مناسبه اتخاذ ایدلمشدر مشارالیهك ذهاب و ایابنده (تحابی فی سبیل الله) وتیرهسنجه حقنده احترامات كامله اجراسیله
9,54ec03e8-858e-4976-9e36-f4a1945e5130,54ec03e8-858e-4976-9e36-f4a1945e5130-010.png,54ec03e8-858e-4976-9e36-f4a1945e5130-010.gt.txt,13,باج,نام محل منزلنی سد و بنده بادی و مرور و عبور ایدنلردن باج طلبیله رنجیدهدن خالی اولمادقلری
10,54ec03e8-858e-4976-9e36-f4a1945e5130,54ec03e8-858e-4976-9e36-f4a1945e5130-008.png,54ec03e8-858e-4976-9e36-f4a1945e5130-008.gt.txt,16,ایلهدكلرندن,و هر نه كه نهبی غصب ایلمشلر ایسه مرقومان مزبور علی بك ایله بینلرنده اقتسام ایلهدكلرندن باشقه اق
11,2d16a812-a123-4f29-9d3d-34d3c0be1498,2d16a812-a123-4f29-9d3d-34d3c0be1498-003.png,2d16a812-a123-4f29-9d3d-34d3c0be1498-003.gt.txt,4,بری,بو یاقینلرده امریقهلونك بری بر دیكمك التی ایجاد ایدوب اوروپهیه كتیرمش و بو التله چوقا و مشین و امثالی شیلر دیكیلهبیلهجكندن فایدهلی مخترعات جدیدهدن بولونمش
12,ea15505d-d2a8-493f-99ea-6ea0e2615a09,ea15505d-d2a8-493f-99ea-6ea0e2615a09-012.png,ea15505d-d2a8-493f-99ea-6ea0e2615a09-012.gt.txt,10,ماعاش,سالیهسندن ویریلمسی اویهمهیجغندن اول باول مخلول وقوعنده مناسب مقدار ماعاش ویریلمك اوزره كیفیتك
13,675e3a55-9125-4502-8f60-b8a5ab6af227,675e3a55-9125-4502-8f60-b8a5ab6af227-008.png,675e3a55-9125-4502-8f60-b8a5ab6af227-008.gt.txt,13,خلاف,موجود ایسه عینا دكل ایسه ثمنا صاحب اولنه رد ایتدیرلدكدنصكره اول شخصك خلاف قانون حركته جسارتنه بناء ارباب مناصب و ماموریتدن ایسه خدمتندن
14,675e3a55-9125-4502-8f60-b8a5ab6af227,675e3a55-9125-4502-8f60-b8a5ab6af227-010.png,675e3a55-9125-4502-8f60-b8a5ab6af227-010.gt.txt,12,ادارهسنده,ایكنجی ماده مصالح میریهده مستخدم صغار و كبار ماموریندن بریسی تخت ادارهسنده اولان ویاخود كندوسنه امانت و تسلیم اولنان مبالغ و اموال
15,675e3a55-9125-4502-8f60-b8a5ab6af227,675e3a55-9125-4502-8f60-b8a5ab6af227-021.png,675e3a55-9125-4502-8f60-b8a5ab6af227-021.gt.txt,19,ادم,دخی معتمد و موتمن اولمسی لازم كلهجكنه بناء بعد ازین او مقوله خدمتلرده هیچ بر طرفك خاطر ایچون ادم استحدامی جایز اولمیه
16,675e3a55-9125-4502-8f60-b8a5ab6af227,675e3a55-9125-4502-8f60-b8a5ab6af227-019.png,675e3a55-9125-4502-8f60-b8a5ab6af227-019.gt.txt,1,ایتدیرلمسیله,ایتدیرلمسیله  بو مثللولرك مصلحتدن عزل و طردی دخی جایز اوله
17,fa1bd90d-5fca-4e1f-a032-754c82a44fae,fa1bd90d-5fca-4e1f-a032-754c82a44fae-011.png,fa1bd90d-5fca-4e1f-a032-754c82a44fae-011.gt.txt,18,جبار,شو سماوات اهلنه برر مسجد سیار، برر خانه دوار، برر علوی اشیانه، برر مصباح نوار، برر كمی جبار، برر طیارهلرز بز۔
18,2d16a812-a123-4f29-9d3d-34d3c0be1498,2d16a812-a123-4f29-9d3d-34d3c0be1498-005.png,2d16a812-a123-4f29-9d3d-34d3c0be1498-005.gt.txt,10,سفارتخانه,محروسهده اجرا ایتمك اوزره درعلیهیه عزیمت ایلهمك نیتنده اولدیغنی سفارتخانه سنیهیه كلوب افاده ایله برابر سلطنت سنیه طرفندن دخی ذكر اولونان التی اعمال و فروخت
19,1c4a2080-987c-4e68-b9e3-3a94ee454ff9,1c4a2080-987c-4e68-b9e3-3a94ee454ff9-015.png,1c4a2080-987c-4e68-b9e3-3a94ee454ff9-015.gt.txt,14,ایدهجكندن,دایر مودوع حافظهسی اولان نیات حسنه و افكار خالصانهمزی كوزلجه ایضاح و تفسیر ایدهجكندن تبلیغاتنه وثوق و اعتماد بیورلمسی و غب اتمام
20,1c4a2080-987c-4e68-b9e3-3a94ee454ff9,1c4a2080-987c-4e68-b9e3-3a94ee454ff9-012.png,1c4a2080-987c-4e68-b9e3-3a94ee454ff9-012.gt.txt,18,عودتنده,موضوع بحث اولان مدعای اخلاص و اختصاصه بر دلیل جدید كوسترلمشدر و بو كره اولجانب حقایق جالبه عودتنده بك دخی
21,ea15505d-d2a8-493f-99ea-6ea0e2615a09,ea15505d-d2a8-493f-99ea-6ea0e2615a09-003.png,ea15505d-d2a8-493f-99ea-6ea0e2615a09-003.gt.txt,9,مخصص,متوفای مومیالیهن  مرجان جامع شریفی وقفی حاصلاتندن سالیه مخصص اولان یكرمی بش بیك غروشدن شعریه ایكی یوز
22,675e3a55-9125-4502-8f60-b8a5ab6af227,675e3a55-9125-4502-8f60-b8a5ab6af227-001.png,675e3a55-9125-4502-8f60-b8a5ab6af227-001.gt.txt,5,صورت,تعذیر اولنهجقلری مثللو كذالك صورت شرعیهسنه تطبیقا بو مقولهلرك ینه درجه جنحهسنه كوره اوچدن یتمش طقوز عدده قدر دكنك ضربیله دخی تعذیرلری
23,675e3a55-9125-4502-8f60-b8a5ab6af227,675e3a55-9125-4502-8f60-b8a5ab6af227-019.png,675e3a55-9125-4502-8f60-b8a5ab6af227-019.gt.txt,4,مصلحتدن,ایتدیرلمسیله  بو مثللولرك مصلحتدن عزل و طردی دخی جایز اوله
24,fa1bd90d-5fca-4e1f-a032-754c82a44fae,fa1bd90d-5fca-4e1f-a032-754c82a44fae-010.png,fa1bd90d-5fca-4e1f-a032-754c82a44fae-010.gt.txt,11,دست,طوبای خلقتدن سماوات شقنه هپ كهكشان اغصاننه، بر جمیل ذوالجلالك دست حكمتله طاقیلمش پك كوزل میوهلرز بز۔
25,ea15505d-d2a8-493f-99ea-6ea0e2615a09,ea15505d-d2a8-493f-99ea-6ea0e2615a09-004.png,ea15505d-d2a8-493f-99ea-6ea0e2615a09-004.gt.txt,12,كچنده,اللی غروشونك كندیه اعطاسی املنده بولوندیغی و بوكا دعیر مجلس محاسبهدن كچنده بر مضبطه تنظیم اولونمش ایسه ده هنوز
26,2d16a812-a123-4f29-9d3d-34d3c0be1498,2d16a812-a123-4f29-9d3d-34d3c0be1498-006.png,2d16a812-a123-4f29-9d3d-34d3c0be1498-006.gt.txt,13,اولنهمیهجغنی,ایلهمك اوزره كندیسنه بر سنه و داها زیاده مدت امتیاز اعطا اولنهبیلوب اولنهمیهجغنی اولجه اكلامق ایستهمش و مذكور امتیاز براتی پروسیهده كندینه اقچهسز ویریلمش ایسه ده
27,ea15505d-d2a8-493f-99ea-6ea0e2615a09,ea15505d-d2a8-493f-99ea-6ea0e2615a09-003.png,ea15505d-d2a8-493f-99ea-6ea0e2615a09-003.gt.txt,12,بش,متوفای مومیالیهن  مرجان جامع شریفی وقفی حاصلاتندن سالیه مخصص اولان یكرمی بش بیك غروشدن شعریه ایكی یوز
28,675e3a55-9125-4502-8f60-b8a5ab6af227,675e3a55-9125-4502-8f60-b8a5ab6af227-012.png,675e3a55-9125-4502-8f60-b8a5ab6af227-012.gt.txt,2,عسرت,صورت عسرت كوستریر ایسه ما ملكندن اولمقداری فروخت اولنهرق بعد التحصیل بر دخی خدمات میریهده استخدام اولنمامق اوزره طرد قلنه و اختلاس
29,54ec03e8-858e-4976-9e36-f4a1945e5130,54ec03e8-858e-4976-9e36-f4a1945e5130-003.png,54ec03e8-858e-4976-9e36-f4a1945e5130-003.gt.txt,8,اشكیاسیله,باغیلری اوچ یوز نفر مقدار عشیرت مزبور اشكیاسیله بر وجه مالكانه عهده چاكریده اولان طرسوس
30,675e3a55-9125-4502-8f60-b8a5ab6af227,675e3a55-9125-4502-8f60-b8a5ab6af227-021.png,675e3a55-9125-4502-8f60-b8a5ab6af227-021.gt.txt,16,طرفك,دخی معتمد و موتمن اولمسی لازم كلهجكنه بناء بعد ازین او مقوله خدمتلرده هیچ بر طرفك خاطر ایچون ادم استحدامی جایز اولمیه
31,423004fa-5205-47a8-9713-37953b6b22b8,423004fa-5205-47a8-9713-37953b6b22b8-011.png,423004fa-5205-47a8-9713-37953b6b22b8-011.gt.txt,13,ترتیبلری,و استحضاری داعیره عسكریهجه مرتبه وجوبه منتهی و بونلرك صورت وضع و ترتیبلری و بولوكلرك تشكیلاتی محلیندن جلب اولونان لوایح و رسایلده و جهت فنیهسی دخی كچنلرده تخت اراده سنیذیه الینان پروغراملرك حكمت عسكریه
32,675e3a55-9125-4502-8f60-b8a5ab6af227,675e3a55-9125-4502-8f60-b8a5ab6af227-016.png,675e3a55-9125-4502-8f60-b8a5ab6af227-016.gt.txt,8,تبین,و مقبوضات و مدفوعاتدن بر كونه ارتقاب تبین ایلدیكی حالده ارتقاب ایدن ادمدن استرداد اولنوب تادیبی سرقت جزاسنه توفیقا اجرا قلنه و اصیل
33,675e3a55-9125-4502-8f60-b8a5ab6af227,675e3a55-9125-4502-8f60-b8a5ab6af227-015.png,675e3a55-9125-4502-8f60-b8a5ab6af227-015.gt.txt,9,عموما,رویتنده و رجعه و سندات لازمهسیله مقابلهسنده و عموما دفاتر و محاسبات ایله مخزن و شونهلرك و مصالح سایرهنك حین تفتیشنده موجودات
34,fa1bd90d-5fca-4e1f-a032-754c82a44fae,fa1bd90d-5fca-4e1f-a032-754c82a44fae-015.png,fa1bd90d-5fca-4e1f-a032-754c82a44fae-015.gt.txt,9,عابدانه,سكهمز بر، طرهمز بر، ربمزه مسخرز، مسبحز، ذكرایدرز عابدانه، كهكشانك حلقه كبراسنه منسوب برر مجذوبلرز بز۔“
35,675e3a55-9125-4502-8f60-b8a5ab6af227,675e3a55-9125-4502-8f60-b8a5ab6af227-026.png,675e3a55-9125-4502-8f60-b8a5ab6af227-026.gt.txt,6,جنحهسی,مجلسنده دعواسی كوریلوب با لمحاكمه جنحهسی ثابت اولور ایسه حقنده بر موجب قانون معامله جذاییه اجرا اولنه
36,423004fa-5205-47a8-9713-37953b6b22b8,423004fa-5205-47a8-9713-37953b6b22b8-014.png,423004fa-5205-47a8-9713-37953b6b22b8-014.gt.txt,1,اولاجغی,اولاجغی افادهسندن عبارت بولونمش اولمقدن ناشی كیفیت دار شورای عسكریهیه لدالحواله اكرچی مذكور تلغرافلرك دركار اولان لزوم و محسناتنه نظرا بر ان اول بو اصوله اشنا مامور یتیشدیریلمسی درجه اهمیتده اولارق
37,675e3a55-9125-4502-8f60-b8a5ab6af227,675e3a55-9125-4502-8f60-b8a5ab6af227-010.png,675e3a55-9125-4502-8f60-b8a5ab6af227-010.gt.txt,10,بریسی,ایكنجی ماده مصالح میریهده مستخدم صغار و كبار ماموریندن بریسی تخت ادارهسنده اولان ویاخود كندوسنه امانت و تسلیم اولنان مبالغ و اموال
38,675e3a55-9125-4502-8f60-b8a5ab6af227,675e3a55-9125-4502-8f60-b8a5ab6af227-006.png,675e3a55-9125-4502-8f60-b8a5ab6af227-006.gt.txt,21,مثللو,جبرا المق ویا صاتدرمق ایچون بالذات ویاخود بالواسطه اجبار ایلمك مثللو شیلر وجها من الوجوه جایز اولمیه و اكر بو مثللو ماده ممنوعه و مكروههیه جسارت
39,2d16a812-a123-4f29-9d3d-34d3c0be1498,2d16a812-a123-4f29-9d3d-34d3c0be1498-005.png,2d16a812-a123-4f29-9d3d-34d3c0be1498-005.gt.txt,25,فروخت,محروسهده اجرا ایتمك اوزره درعلیهیه عزیمت ایلهمك نیتنده اولدیغنی سفارتخانه سنیهیه كلوب افاده ایله برابر سلطنت سنیه طرفندن دخی ذكر اولونان التی اعمال و فروخت
40,88dc077b-d603-4af0-b3c1-0a6203f74ab2,88dc077b-d603-4af0-b3c1-0a6203f74ab2-002.png,88dc077b-d603-4af0-b3c1-0a6203f74ab2-002.gt.txt,2,والالری,معلوم والالری بیورلدیغی و لفا ارسال قلنان ژورنالده محرر اولدیغی وجهله طاشجی اصنافندن بعضی عساكر شاهانه ایله منازعه ایدرك اویغونسزلغه
41,fa1bd90d-5fca-4e1f-a032-754c82a44fae,fa1bd90d-5fca-4e1f-a032-754c82a44fae-009.png,fa1bd90d-5fca-4e1f-a032-754c82a44fae-009.gt.txt,3,عرضه,بو سمانك عرضه باقان، جنته دقت ایدن بیڭلر مدقق كوزلرز بز۔ [حاشیه]
42,423004fa-5205-47a8-9713-37953b6b22b8,423004fa-5205-47a8-9713-37953b6b22b8-008.png,423004fa-5205-47a8-9713-37953b6b22b8-008.gt.txt,23,مذاكراتی,مذكورهدن برینه قرار ویریلهرك نتیجه قرارك بیلدیریلمسی حقنده مكاتب عسكریه نظارت بهیهسیله جریان ایدن مخابره اوزرینه یازیلان جوابده بو بابده جریان ایدن مذاكراتی متضمن مجلس مذكوردن تنظیم اولونان مذكرهنك ارسال قیلیندیغی
43,fa1bd90d-5fca-4e1f-a032-754c82a44fae,fa1bd90d-5fca-4e1f-a032-754c82a44fae-001.png,fa1bd90d-5fca-4e1f-a032-754c82a44fae-001.gt.txt,14,نظم,بردن خطور ایتدی۔ ییلدیزلرڭ لسان حال ایله قونوشمهلرینی خیالا ایشیتدم گبی بو یازیلدی۔ نظم و
44,423004fa-5205-47a8-9713-37953b6b22b8,423004fa-5205-47a8-9713-37953b6b22b8-017.png,423004fa-5205-47a8-9713-37953b6b22b8-017.gt.txt,13,سنیهلرندن,ضابطانك مذكور بولوكلره قبول ایتدیریلمهسی ممكن اولوب اولامهیهجغنك پاریس و ویانه سفارت سنیهلرندن استعلامی خصوصنك حضور معالیموفور جناب صدارتپناهیلرینه عرض و اشعاری حربیه داعیرهسندن
45,fa1bd90d-5fca-4e1f-a032-754c82a44fae,fa1bd90d-5fca-4e1f-a032-754c82a44fae-013.png,fa1bd90d-5fca-4e1f-a032-754c82a44fae-013.gt.txt,1,داهیه,داهیه خلقت، برر نور عالمییز بز۔ بویله یوز بیك دیل ایله یوز بیك برهان كوستریرز، ایشیتدیریرز انسان
46,fa1bd90d-5fca-4e1f-a032-754c82a44fae,fa1bd90d-5fca-4e1f-a032-754c82a44fae-002.png,fa1bd90d-5fca-4e1f-a032-754c82a44fae-002.gt.txt,12,مكتوب,شعر بیلمدیگم ایچون شعر قاعدهسنه كیرمدی۔ تخطر اولدیغی كبی یازیلمش۔ دردنجی مكتوب ایله اوتوز ایكنجی
47,675e3a55-9125-4502-8f60-b8a5ab6af227,675e3a55-9125-4502-8f60-b8a5ab6af227-004.png,675e3a55-9125-4502-8f60-b8a5ab6af227-004.gt.txt,8,عالیسی,برنجی ماده طرف دولتعلیهدن و وراثت فرمان عالیسی موجبنجه مصر والیلرینه محول اولان حكومت محلیه و بالتوارث والی بولنان ذات ایله مامورین
48,675e3a55-9125-4502-8f60-b8a5ab6af227,675e3a55-9125-4502-8f60-b8a5ab6af227-021.png,675e3a55-9125-4502-8f60-b8a5ab6af227-021.gt.txt,14,هیچ,دخی معتمد و موتمن اولمسی لازم كلهجكنه بناء بعد ازین او مقوله خدمتلرده هیچ بر طرفك خاطر ایچون ادم استحدامی جایز اولمیه
49,2d16a812-a123-4f29-9d3d-34d3c0be1498,2d16a812-a123-4f29-9d3d-34d3c0be1498-006.png,2d16a812-a123-4f29-9d3d-34d3c0be1498-006.gt.txt,9,مدت,ایلهمك اوزره كندیسنه بر سنه و داها زیاده مدت امتیاز اعطا اولنهبیلوب اولنهمیهجغنی اولجه اكلامق ایستهمش و مذكور امتیاز براتی پروسیهده كندینه اقچهسز ویریلمش ایسه ده
50,423004fa-5205-47a8-9713-37953b6b22b8,423004fa-5205-47a8-9713-37953b6b22b8-012.png,423004fa-5205-47a8-9713-37953b6b22b8-012.gt.txt,6,تدریس,قسمنده داخل اولمسیله بعدما طلبهیه تدریس اولوناجغی بدیهی اولوب مع مافه بو مثللو تطبیقات فنیهده حصول ممارسه و اقتدار استخدامه موقوف اولدیغندن پاریسده مكتب صنایع شاكردانندن اولوب ماكینه تحصیلنه
51,423004fa-5205-47a8-9713-37953b6b22b8,423004fa-5205-47a8-9713-37953b6b22b8-022.png,423004fa-5205-47a8-9713-37953b6b22b8-022.gt.txt,7,بونلرده,معا صوب صاملرینه ارسال قیلینمش اولمغله بونلرده مندرج اولان افاداته نظرا اقتضاسنك اجراسی سیاقنده ترقیم ذیله ابتدار قیلیندی افندیم
52,fa1bd90d-5fca-4e1f-a032-754c82a44fae,fa1bd90d-5fca-4e1f-a032-754c82a44fae-012.png,fa1bd90d-5fca-4e1f-a032-754c82a44fae-012.gt.txt,13,خلیقهنه,بر قادر ذوالكمالك، بر حاكم ذوالجلالك برر معجزه قدرت، برر خارقه صنعت خلیقهنه، برر نادره حكمت، برر
53,ea15505d-d2a8-493f-99ea-6ea0e2615a09,ea15505d-d2a8-493f-99ea-6ea0e2615a09-005.png,ea15505d-d2a8-493f-99ea-6ea0e2615a09-005.gt.txt,6,قیلینمش,بر ثمرهسی مشاهده اولونامدغی بیان قیلینمش و مومیالیه وجوهله شایان عاطفت بویخمش ایدوكی
54,423004fa-5205-47a8-9713-37953b6b22b8,423004fa-5205-47a8-9713-37953b6b22b8-010.png,423004fa-5205-47a8-9713-37953b6b22b8-010.gt.txt,14,درجه,قرهقوللر و مفرزهلر و كشف قوللرینه منحصر و نوع ثالثنك دارالحركات داخلنده بولونان درجه ثانیه نقطهسیله بالجمله نقط ساعیرهنك ادارهسنی قفیل بولوندیغی جهتلرله شو تلردن اوچ نوعینك دخی تشكیل
55,1c4a2080-987c-4e68-b9e3-3a94ee454ff9,1c4a2080-987c-4e68-b9e3-3a94ee454ff9-008.png,1c4a2080-987c-4e68-b9e3-3a94ee454ff9-008.gt.txt,18,الحضرتین,جامعه اسلامیه و فحوای (المومنونه اخوه) اقتضاسنجه بین الدولتین العلیتین یك جهتی و اتحادك استقراری و بین الحضرتین الفخمتین دركار
56,675e3a55-9125-4502-8f60-b8a5ab6af227,675e3a55-9125-4502-8f60-b8a5ab6af227-013.png,675e3a55-9125-4502-8f60-b8a5ab6af227-013.gt.txt,8,موجودی,ایتدیكی مبالغی تماما ایفا و سد ایدهجك موجودی اولمادیغی تقدیرده نفی و طرد ایله معامله اولنه
57,88dc077b-d603-4af0-b3c1-0a6203f74ab2,88dc077b-d603-4af0-b3c1-0a6203f74ab2-002.png,88dc077b-d603-4af0-b3c1-0a6203f74ab2-002.gt.txt,11,وجهله,معلوم والالری بیورلدیغی و لفا ارسال قلنان ژورنالده محرر اولدیغی وجهله طاشجی اصنافندن بعضی عساكر شاهانه ایله منازعه ایدرك اویغونسزلغه
58,ea15505d-d2a8-493f-99ea-6ea0e2615a09,ea15505d-d2a8-493f-99ea-6ea0e2615a09-003.png,ea15505d-d2a8-493f-99ea-6ea0e2615a09-003.gt.txt,2,مومیالیهن,متوفای مومیالیهن  مرجان جامع شریفی وقفی حاصلاتندن سالیه مخصص اولان یكرمی بش بیك غروشدن شعریه ایكی یوز
59,88dc077b-d603-4af0-b3c1-0a6203f74ab2,88dc077b-d603-4af0-b3c1-0a6203f74ab2-003.png,88dc077b-d603-4af0-b3c1-0a6203f74ab2-003.gt.txt,6,نفرینك,اجتسار ایتمش اولان اشخاصدن سكز نفرینك تهمتلری تبین بونلرك تادیب و تربیهلریله برایت ذمتلری ظاهر اولان اوچ نفرینك تخلیه سبیلی
60,1c4a2080-987c-4e68-b9e3-3a94ee454ff9,1c4a2080-987c-4e68-b9e3-3a94ee454ff9-001.png,1c4a2080-987c-4e68-b9e3-3a94ee454ff9-001.gt.txt,15,مصدر,عالی حضرت كردون رفعت كیوان منزلت خورشید طلعت جمشید منقبت فریدون فر همایون اثر مصدر اثار جلادت مظهر انوار جلالت
61,54ec03e8-858e-4976-9e36-f4a1945e5130,54ec03e8-858e-4976-9e36-f4a1945e5130-002.png,54ec03e8-858e-4976-9e36-f4a1945e5130-002.gt.txt,13,كورك,شقاوت-پیشه كندو حالنده اولمیوب عشیرت مزبور اشكیاسیندن سوز صاحبی حاج عمر و كورك اوغلی نام
62,423004fa-5205-47a8-9713-37953b6b22b8,423004fa-5205-47a8-9713-37953b6b22b8-018.png,423004fa-5205-47a8-9713-37953b6b22b8-018.gt.txt,13,اولمغله,افاده قیلینمش و ایفای مقتضاسی مرهون رای و اراده عالیه صدارتپناهیلری بولونمش اولمغله اول بابده امر و فرمان حضرت ولیالامركدر۔
63,423004fa-5205-47a8-9713-37953b6b22b8,423004fa-5205-47a8-9713-37953b6b22b8-012.png,423004fa-5205-47a8-9713-37953b6b22b8-012.gt.txt,1,قسمنده,قسمنده داخل اولمسیله بعدما طلبهیه تدریس اولوناجغی بدیهی اولوب مع مافه بو مثللو تطبیقات فنیهده حصول ممارسه و اقتدار استخدامه موقوف اولدیغندن پاریسده مكتب صنایع شاكردانندن اولوب ماكینه تحصیلنه
64,2d16a812-a123-4f29-9d3d-34d3c0be1498,2d16a812-a123-4f29-9d3d-34d3c0be1498-004.png,2d16a812-a123-4f29-9d3d-34d3c0be1498-004.gt.txt,13,پروسیه,اولدیغی حسبیله تجربه اولوندكدن صوكره الت مذكورهیی یاپوب صاتمق اوزره اوستوریه و پروسیه و ایسوچ دولتلرنده مرقوم امریقهلیه امتیاز براتی ویریلمش و صنعتنی ممالك
65,1c4a2080-987c-4e68-b9e3-3a94ee454ff9,1c4a2080-987c-4e68-b9e3-3a94ee454ff9-006.png,1c4a2080-987c-4e68-b9e3-3a94ee454ff9-006.gt.txt,16,شرایف,محبة منی) مطلعندن رونما و اهله ادله موالات و مواخاته براعة الاستهلال حقیقت انتما اولان شرایف تكریمات اخلاصكاری
66,fa1bd90d-5fca-4e1f-a032-754c82a44fae,fa1bd90d-5fca-4e1f-a032-754c82a44fae-019.png,fa1bd90d-5fca-4e1f-a032-754c82a44fae-019.gt.txt,14,باقییورلر,اولان ییلدیزلر دخی، كویا ملایكهلر گبی زمین یوزندهكی نازنین مصنوعاتی كوردكجه جنت عالمینه باقییورلر۔ او موقت خارقهلری
67,2d16a812-a123-4f29-9d3d-34d3c0be1498,2d16a812-a123-4f29-9d3d-34d3c0be1498-004.png,2d16a812-a123-4f29-9d3d-34d3c0be1498-004.gt.txt,5,صوكره,اولدیغی حسبیله تجربه اولوندكدن صوكره الت مذكورهیی یاپوب صاتمق اوزره اوستوریه و پروسیه و ایسوچ دولتلرنده مرقوم امریقهلیه امتیاز براتی ویریلمش و صنعتنی ممالك
68,423004fa-5205-47a8-9713-37953b6b22b8,423004fa-5205-47a8-9713-37953b6b22b8-015.png,423004fa-5205-47a8-9713-37953b6b22b8-015.gt.txt,3,مندراجتی,مضبطه مذكوره مندراجتی پك یولونده و بجا كورونمش ایسه ده اول امرده اول صورتله كرك پاریسده بولونان طلبهدن تعین قیلیندیغی و كرك بوراجه مكتبدن مخرج مقتدر ضابطاندن برقاچ نفری مخصوصان كوندریلدیكی
69,ea15505d-d2a8-493f-99ea-6ea0e2615a09,ea15505d-d2a8-493f-99ea-6ea0e2615a09-008.png,ea15505d-d2a8-493f-99ea-6ea0e2615a09-008.gt.txt,2,باتذكره,طرفندن باتذكره افاده اولونمسیله كیفیت مجلس والاده
70,1c4a2080-987c-4e68-b9e3-3a94ee454ff9,1c4a2080-987c-4e68-b9e3-3a94ee454ff9-021.png,1c4a2080-987c-4e68-b9e3-3a94ee454ff9-021.gt.txt,4,كلنلره,مضمون شریفی لازم كلنلره
71,1c4a2080-987c-4e68-b9e3-3a94ee454ff9,1c4a2080-987c-4e68-b9e3-3a94ee454ff9-010.png,1c4a2080-987c-4e68-b9e3-3a94ee454ff9-010.gt.txt,12,نصاب,اساس اتحاد ایچون وسیله تحریسندن خالی اولمدیغم حالده عمزاده قاانیلری سعادت نصاب فخامت انتساب ایفای فریضه حج ایچون بو طرفلره كلوب
72,675e3a55-9125-4502-8f60-b8a5ab6af227,675e3a55-9125-4502-8f60-b8a5ab6af227-017.png,675e3a55-9125-4502-8f60-b8a5ab6af227-017.gt.txt,6,قضیهیه,مامور اولان ذات دخی بو قضیهیه واقف اولدقدنصكره اغماض ایتمش اولدیغی تحقق ایدر ایسه عزل و طرد ایله تادیب اولنه و بر مامور كندوسنه امانت و تسلیم
73,675e3a55-9125-4502-8f60-b8a5ab6af227,675e3a55-9125-4502-8f60-b8a5ab6af227-006.png,675e3a55-9125-4502-8f60-b8a5ab6af227-006.gt.txt,14,من,جبرا المق ویا صاتدرمق ایچون بالذات ویاخود بالواسطه اجبار ایلمك مثللو شیلر وجها من الوجوه جایز اولمیه و اكر بو مثللو ماده ممنوعه و مكروههیه جسارت
74,54ec03e8-858e-4976-9e36-f4a1945e5130,54ec03e8-858e-4976-9e36-f4a1945e5130-011.png,54ec03e8-858e-4976-9e36-f4a1945e5130-011.gt.txt,9,منقطع,اجیلدن وافر ایام اول حوالیدن مرور و عبور منقطع  اولدیغی
75,fa1bd90d-5fca-4e1f-a032-754c82a44fae,fa1bd90d-5fca-4e1f-a032-754c82a44fae-019.png,fa1bd90d-5fca-4e1f-a032-754c82a44fae-019.gt.txt,11,كوردكجه,اولان ییلدیزلر دخی، كویا ملایكهلر گبی زمین یوزندهكی نازنین مصنوعاتی كوردكجه جنت عالمینه باقییورلر۔ او موقت خارقهلری
76,675e3a55-9125-4502-8f60-b8a5ab6af227,675e3a55-9125-4502-8f60-b8a5ab6af227-001.png,675e3a55-9125-4502-8f60-b8a5ab6af227-001.gt.txt,17,عدده,تعذیر اولنهجقلری مثللو كذالك صورت شرعیهسنه تطبیقا بو مقولهلرك ینه درجه جنحهسنه كوره اوچدن یتمش طقوز عدده قدر دكنك ضربیله دخی تعذیرلری
77,675e3a55-9125-4502-8f60-b8a5ab6af227,675e3a55-9125-4502-8f60-b8a5ab6af227-008.png,675e3a55-9125-4502-8f60-b8a5ab6af227-008.gt.txt,3,عینا,موجود ایسه عینا دكل ایسه ثمنا صاحب اولنه رد ایتدیرلدكدنصكره اول شخصك خلاف قانون حركته جسارتنه بناء ارباب مناصب و ماموریتدن ایسه خدمتندن
78,1c4a2080-987c-4e68-b9e3-3a94ee454ff9,1c4a2080-987c-4e68-b9e3-3a94ee454ff9-011.png,1c4a2080-987c-4e68-b9e3-3a94ee454ff9-011.gt.txt,13,تحابی,كیتمسی بو امنیه خیریهیه وسیله مناسبه اتخاذ ایدلمشدر مشارالیهك ذهاب و ایابنده (تحابی فی سبیل الله) وتیرهسنجه حقنده احترامات كامله اجراسیله
79,1c4a2080-987c-4e68-b9e3-3a94ee454ff9,1c4a2080-987c-4e68-b9e3-3a94ee454ff9-004.png,1c4a2080-987c-4e68-b9e3-3a94ee454ff9-004.gt.txt,12,مفتوحة,خاقان جمجاه قاان با انتباه ناصرالدین شاه لا ذالت ابواب موالاته مفتوحة بالاخلاص و سرادقات مصافاته مرفوعة بالاختصاص
80,1c4a2080-987c-4e68-b9e3-3a94ee454ff9,1c4a2080-987c-4e68-b9e3-3a94ee454ff9-015.png,1c4a2080-987c-4e68-b9e3-3a94ee454ff9-015.gt.txt,19,بیورلمسی,دایر مودوع حافظهسی اولان نیات حسنه و افكار خالصانهمزی كوزلجه ایضاح و تفسیر ایدهجكندن تبلیغاتنه وثوق و اعتماد بیورلمسی و غب اتمام
81,fa1bd90d-5fca-4e1f-a032-754c82a44fae,fa1bd90d-5fca-4e1f-a032-754c82a44fae-017.png,fa1bd90d-5fca-4e1f-a032-754c82a44fae-017.gt.txt,12,معجزات,[حاشیه] یعنی جنت چیچكلرینك فیدانلق و مزرعهجغی اولان زمینك یوزنده حدسز معجزات قدرت تشهیر
82,fa1bd90d-5fca-4e1f-a032-754c82a44fae,fa1bd90d-5fca-4e1f-a032-754c82a44fae-006.png,fa1bd90d-5fca-4e1f-a032-754c82a44fae-006.gt.txt,10,ذوالجلالڭ,هپ برابر نطقه كلمش، حق لسانیله دیرلر: بر قادر ذوالجلالڭ حشمت سلطاننه،
83,fa1bd90d-5fca-4e1f-a032-754c82a44fae,fa1bd90d-5fca-4e1f-a032-754c82a44fae-012.png,fa1bd90d-5fca-4e1f-a032-754c82a44fae-012.gt.txt,8,معجزه,بر قادر ذوالكمالك، بر حاكم ذوالجلالك برر معجزه قدرت، برر خارقه صنعت خلیقهنه، برر نادره حكمت، برر
84,fa1bd90d-5fca-4e1f-a032-754c82a44fae,fa1bd90d-5fca-4e1f-a032-754c82a44fae-019.png,fa1bd90d-5fca-4e1f-a032-754c82a44fae-019.gt.txt,7,زمین,اولان ییلدیزلر دخی، كویا ملایكهلر گبی زمین یوزندهكی نازنین مصنوعاتی كوردكجه جنت عالمینه باقییورلر۔ او موقت خارقهلری
85,fa1bd90d-5fca-4e1f-a032-754c82a44fae,fa1bd90d-5fca-4e1f-a032-754c82a44fae-011.png,fa1bd90d-5fca-4e1f-a032-754c82a44fae-011.gt.txt,12,اشیانه,شو سماوات اهلنه برر مسجد سیار، برر خانه دوار، برر علوی اشیانه، برر مصباح نوار، برر كمی جبار، برر طیارهلرز بز۔
86,675e3a55-9125-4502-8f60-b8a5ab6af227,675e3a55-9125-4502-8f60-b8a5ab6af227-023.png,675e3a55-9125-4502-8f60-b8a5ab6af227-023.gt.txt,20,نظاماتك,مصر والیلرینه احسان بیورلمش اولان وراثت فرمانی موجبنجه طرف سلطنت سنیهدن وضع و تاسیس بیورلمش اولان اشبو قوانین و نظاماتك مصرده
87,1c4a2080-987c-4e68-b9e3-3a94ee454ff9,1c4a2080-987c-4e68-b9e3-3a94ee454ff9-018.png,1c4a2080-987c-4e68-b9e3-3a94ee454ff9-018.gt.txt,11,الجنسیه,رو نما اولان اختلافات اوزرینه برو طرف اكرادندن بعضیلری بحسب الجنسیه معاونته سكرتمكده اولدقلری لدی الاستحبار
88,675e3a55-9125-4502-8f60-b8a5ab6af227,675e3a55-9125-4502-8f60-b8a5ab6af227-015.png,675e3a55-9125-4502-8f60-b8a5ab6af227-015.gt.txt,6,لازمهسیله,رویتنده و رجعه و سندات لازمهسیله مقابلهسنده و عموما دفاتر و محاسبات ایله مخزن و شونهلرك و مصالح سایرهنك حین تفتیشنده موجودات
89,675e3a55-9125-4502-8f60-b8a5ab6af227,675e3a55-9125-4502-8f60-b8a5ab6af227-004.png,675e3a55-9125-4502-8f60-b8a5ab6af227-004.gt.txt,18,والی,برنجی ماده طرف دولتعلیهدن و وراثت فرمان عالیسی موجبنجه مصر والیلرینه محول اولان حكومت محلیه و بالتوارث والی بولنان ذات ایله مامورین
90,423004fa-5205-47a8-9713-37953b6b22b8,423004fa-5205-47a8-9713-37953b6b22b8-011.png,423004fa-5205-47a8-9713-37953b6b22b8-011.gt.txt,6,وجوبه,و استحضاری داعیره عسكریهجه مرتبه وجوبه منتهی و بونلرك صورت وضع و ترتیبلری و بولوكلرك تشكیلاتی محلیندن جلب اولونان لوایح و رسایلده و جهت فنیهسی دخی كچنلرده تخت اراده سنیذیه الینان پروغراملرك حكمت عسكریه
91,fa1bd90d-5fca-4e1f-a032-754c82a44fae,fa1bd90d-5fca-4e1f-a032-754c82a44fae-000.png,fa1bd90d-5fca-4e1f-a032-754c82a44fae-000.gt.txt,10,ثمانڭ,بر وقت، بارلهده، چام طاغالده، یوكسك بر موقعده، گیجهده ثمانڭ یوزینه باقدم۔ گلهجك فقرهلر
92,1c4a2080-987c-4e68-b9e3-3a94ee454ff9,1c4a2080-987c-4e68-b9e3-3a94ee454ff9-017.png,1c4a2080-987c-4e68-b9e3-3a94ee454ff9-017.gt.txt,9,ضمیر,حدود مسیلهسنه كلینجه رای منیر مشكل كشا و ضمیر مهر نظیر عالم ارالرینه روشنادر كه تبعه ایرانیهدن اولان اكراد ایله دیكر صونف اهالی بیننده
93,1c4a2080-987c-4e68-b9e3-3a94ee454ff9,1c4a2080-987c-4e68-b9e3-3a94ee454ff9-006.png,1c4a2080-987c-4e68-b9e3-3a94ee454ff9-006.gt.txt,2,منی,محبة منی) مطلعندن رونما و اهله ادله موالات و مواخاته براعة الاستهلال حقیقت انتما اولان شرایف تكریمات اخلاصكاری
94,ea15505d-d2a8-493f-99ea-6ea0e2615a09,ea15505d-d2a8-493f-99ea-6ea0e2615a09-002.png,ea15505d-d2a8-493f-99ea-6ea0e2615a09-002.gt.txt,4,صفیحه,اسطرلاب علمنده اولان صفیحه نام كتابك شرحنه موفق اولدیغی و بغداد كبی مسافه باعدهدن بو طرفه كلدیكی جهتله پدری
95,54ec03e8-858e-4976-9e36-f4a1945e5130,54ec03e8-858e-4976-9e36-f4a1945e5130-004.png,54ec03e8-858e-4976-9e36-f4a1945e5130-004.gt.txt,5,رعایا,مقاطعهسی قرالرینه تسلیط برله رعایا فقراسنك مزروعاتلرك حیواناته اكلی و پای-مال و بونك امثالی انواع
96,fa1bd90d-5fca-4e1f-a032-754c82a44fae,fa1bd90d-5fca-4e1f-a032-754c82a44fae-014.png,fa1bd90d-5fca-4e1f-a032-754c82a44fae-014.gt.txt,8,اولدی,اولان انسانه۔ كور اولاسی دینسز كوزی، كورمز اولدی یوزیمزی، هم ایشیتمز سوزیمزی، حق سویلهین ایتلرز بز۔
97,423004fa-5205-47a8-9713-37953b6b22b8,423004fa-5205-47a8-9713-37953b6b22b8-015.png,423004fa-5205-47a8-9713-37953b6b22b8-015.gt.txt,29,نفری,مضبطه مذكوره مندراجتی پك یولونده و بجا كورونمش ایسه ده اول امرده اول صورتله كرك پاریسده بولونان طلبهدن تعین قیلیندیغی و كرك بوراجه مكتبدن مخرج مقتدر ضابطاندن برقاچ نفری مخصوصان كوندریلدیكی
98,423004fa-5205-47a8-9713-37953b6b22b8,423004fa-5205-47a8-9713-37953b6b22b8-021.png,423004fa-5205-47a8-9713-37953b6b22b8-021.gt.txt,12,كوندریلدیكنی,و اوستوریه امور خارجیه نظارتلرینه تبلیغات لازیمه بالاجرا الینان جوابلر صورتلرینك كوندریلدیكنی خاوی وارد اولان ایكی قطعه تحریراتك صورتلری لفا و اوراق متفرعه ایله
99,423004fa-5205-47a8-9713-37953b6b22b8,423004fa-5205-47a8-9713-37953b6b22b8-021.png,423004fa-5205-47a8-9713-37953b6b22b8-021.gt.txt,19,صورتلری,و اوستوریه امور خارجیه نظارتلرینه تبلیغات لازیمه بالاجرا الینان جوابلر صورتلرینك كوندریلدیكنی خاوی وارد اولان ایكی قطعه تحریراتك صورتلری لفا و اوراق متفرعه ایله
100,fa1bd90d-5fca-4e1f-a032-754c82a44fae,fa1bd90d-5fca-4e1f-a032-754c82a44fae-009.png,fa1bd90d-5fca-4e1f-a032-754c82a44fae-009.gt.txt,6,دقت,بو سمانك عرضه باقان، جنته دقت ایدن بیڭلر مدقق كوزلرز بز۔ [حاشیه]
101,1c4a2080-987c-4e68-b9e3-3a94ee454ff9,1c4a2080-987c-4e68-b9e3-3a94ee454ff9-001.png,1c4a2080-987c-4e68-b9e3-3a94ee454ff9-001.gt.txt,6,منزلت,عالی حضرت كردون رفعت كیوان منزلت خورشید طلعت جمشید منقبت فریدون فر همایون اثر مصدر اثار جلادت مظهر انوار جلالت
102,1c4a2080-987c-4e68-b9e3-3a94ee454ff9,1c4a2080-987c-4e68-b9e3-3a94ee454ff9-002.png,1c4a2080-987c-4e68-b9e3-3a94ee454ff9-002.gt.txt,4,مكمل,معدل نهار نصفت مكمل بهار شفقت ماه منیر سپهر بختیاری شاه سریر سروری و كامكاری متوسد جایكاه كیانی مستند چار بالش جهانبانی
103,fa1bd90d-5fca-4e1f-a032-754c82a44fae,fa1bd90d-5fca-4e1f-a032-754c82a44fae-008.png,fa1bd90d-5fca-4e1f-a032-754c82a44fae-008.gt.txt,4,یالدیزلایان,شو زمینڭ یوزینی یالدیزلایان  نازنین معجزاتی چون ملك سیراننه،
104,423004fa-5205-47a8-9713-37953b6b22b8,423004fa-5205-47a8-9713-37953b6b22b8-008.png,423004fa-5205-47a8-9713-37953b6b22b8-008.gt.txt,1,مذكورهدن,مذكورهدن برینه قرار ویریلهرك نتیجه قرارك بیلدیریلمسی حقنده مكاتب عسكریه نظارت بهیهسیله جریان ایدن مخابره اوزرینه یازیلان جوابده بو بابده جریان ایدن مذاكراتی متضمن مجلس مذكوردن تنظیم اولونان مذكرهنك ارسال قیلیندیغی
105,1c4a2080-987c-4e68-b9e3-3a94ee454ff9,1c4a2080-987c-4e68-b9e3-3a94ee454ff9-004.png,1c4a2080-987c-4e68-b9e3-3a94ee454ff9-004.gt.txt,7,شاه,خاقان جمجاه قاان با انتباه ناصرالدین شاه لا ذالت ابواب موالاته مفتوحة بالاخلاص و سرادقات مصافاته مرفوعة بالاختصاص
106,ea15505d-d2a8-493f-99ea-6ea0e2615a09,ea15505d-d2a8-493f-99ea-6ea0e2615a09-010.png,ea15505d-d2a8-493f-99ea-6ea0e2615a09-010.gt.txt,8,عاطفت,مومیالیه فضل و كمال اصحابندن و شایان عاطفت داعیانندن
107,423004fa-5205-47a8-9713-37953b6b22b8,423004fa-5205-47a8-9713-37953b6b22b8-010.png,423004fa-5205-47a8-9713-37953b6b22b8-010.gt.txt,18,نقط,قرهقوللر و مفرزهلر و كشف قوللرینه منحصر و نوع ثالثنك دارالحركات داخلنده بولونان درجه ثانیه نقطهسیله بالجمله نقط ساعیرهنك ادارهسنی قفیل بولوندیغی جهتلرله شو تلردن اوچ نوعینك دخی تشكیل
108,54ec03e8-858e-4976-9e36-f4a1945e5130,54ec03e8-858e-4976-9e36-f4a1945e5130-010.png,54ec03e8-858e-4976-9e36-f4a1945e5130-010.gt.txt,15,رنجیدهدن,نام محل منزلنی سد و بنده بادی و مرور و عبور ایدنلردن باج طلبیله رنجیدهدن خالی اولمادقلری
109,88dc077b-d603-4af0-b3c1-0a6203f74ab2,88dc077b-d603-4af0-b3c1-0a6203f74ab2-002.png,88dc077b-d603-4af0-b3c1-0a6203f74ab2-002.gt.txt,7,قلنان,معلوم والالری بیورلدیغی و لفا ارسال قلنان ژورنالده محرر اولدیغی وجهله طاشجی اصنافندن بعضی عساكر شاهانه ایله منازعه ایدرك اویغونسزلغه
110,675e3a55-9125-4502-8f60-b8a5ab6af227,675e3a55-9125-4502-8f60-b8a5ab6af227-001.png,675e3a55-9125-4502-8f60-b8a5ab6af227-001.gt.txt,20,ضربیله,تعذیر اولنهجقلری مثللو كذالك صورت شرعیهسنه تطبیقا بو مقولهلرك ینه درجه جنحهسنه كوره اوچدن یتمش طقوز عدده قدر دكنك ضربیله دخی تعذیرلری
111,1c4a2080-987c-4e68-b9e3-3a94ee454ff9,1c4a2080-987c-4e68-b9e3-3a94ee454ff9-009.png,1c4a2080-987c-4e68-b9e3-3a94ee454ff9-009.gt.txt,11,استمراری,اولان علاقه محبت و مصافات و رابطه مودت و موالاتك استمراری اخص امال صدق اشتمال اولمقدن ناشی دایما تجدید لباس و داد و تمهید
112,675e3a55-9125-4502-8f60-b8a5ab6af227,675e3a55-9125-4502-8f60-b8a5ab6af227-020.png,675e3a55-9125-4502-8f60-b8a5ab6af227-020.gt.txt,3,چونكه,دردنجی ماده چونكه هر بر مامور مقبوضات و مدفوعاتندن طولایی مجلسجه مسیول و ضررینه ضامن اولهجغی مثللو معیتلرنده استخدام اولنهجق ادملرك
113,fa1bd90d-5fca-4e1f-a032-754c82a44fae,fa1bd90d-5fca-4e1f-a032-754c82a44fae-001.png,fa1bd90d-5fca-4e1f-a032-754c82a44fae-001.gt.txt,2,خطور,بردن خطور ایتدی۔ ییلدیزلرڭ لسان حال ایله قونوشمهلرینی خیالا ایشیتدم گبی بو یازیلدی۔ نظم و
114,675e3a55-9125-4502-8f60-b8a5ab6af227,675e3a55-9125-4502-8f60-b8a5ab6af227-010.png,675e3a55-9125-4502-8f60-b8a5ab6af227-010.gt.txt,8,كبار,ایكنجی ماده مصالح میریهده مستخدم صغار و كبار ماموریندن بریسی تخت ادارهسنده اولان ویاخود كندوسنه امانت و تسلیم اولنان مبالغ و اموال
115,423004fa-5205-47a8-9713-37953b6b22b8,423004fa-5205-47a8-9713-37953b6b22b8-012.png,423004fa-5205-47a8-9713-37953b6b22b8-012.gt.txt,8,بدیهی,قسمنده داخل اولمسیله بعدما طلبهیه تدریس اولوناجغی بدیهی اولوب مع مافه بو مثللو تطبیقات فنیهده حصول ممارسه و اقتدار استخدامه موقوف اولدیغندن پاریسده مكتب صنایع شاكردانندن اولوب ماكینه تحصیلنه
116,675e3a55-9125-4502-8f60-b8a5ab6af227,675e3a55-9125-4502-8f60-b8a5ab6af227-016.png,675e3a55-9125-4502-8f60-b8a5ab6af227-016.gt.txt,23,اصیل,و مقبوضات و مدفوعاتدن بر كونه ارتقاب تبین ایلدیكی حالده ارتقاب ایدن ادمدن استرداد اولنوب تادیبی سرقت جزاسنه توفیقا اجرا قلنه و اصیل
117,675e3a55-9125-4502-8f60-b8a5ab6af227,675e3a55-9125-4502-8f60-b8a5ab6af227-025.png,675e3a55-9125-4502-8f60-b8a5ab6af227-025.gt.txt,11,مامورهسنده,هر بر افعال و حركاتلرندن طولایی مسیول اولدقلرندن بریسنك مصلحت مامورهسنده تكاسلی رو نما اولور ایسه اقالیم مجلسلرنده ویاخود احكام مصریه
118,54ec03e8-858e-4976-9e36-f4a1945e5130,54ec03e8-858e-4976-9e36-f4a1945e5130-010.png,54ec03e8-858e-4976-9e36-f4a1945e5130-010.gt.txt,3,منزلنی,نام محل منزلنی سد و بنده بادی و مرور و عبور ایدنلردن باج طلبیله رنجیدهدن خالی اولمادقلری
119,423004fa-5205-47a8-9713-37953b6b22b8,423004fa-5205-47a8-9713-37953b6b22b8-022.png,423004fa-5205-47a8-9713-37953b6b22b8-022.gt.txt,18,قیلیندی,معا صوب صاملرینه ارسال قیلینمش اولمغله بونلرده مندرج اولان افاداته نظرا اقتضاسنك اجراسی سیاقنده ترقیم ذیله ابتدار قیلیندی افندیم
120,1c4a2080-987c-4e68-b9e3-3a94ee454ff9,1c4a2080-987c-4e68-b9e3-3a94ee454ff9-015.png,1c4a2080-987c-4e68-b9e3-3a94ee454ff9-015.gt.txt,13,تفسیر,دایر مودوع حافظهسی اولان نیات حسنه و افكار خالصانهمزی كوزلجه ایضاح و تفسیر ایدهجكندن تبلیغاتنه وثوق و اعتماد بیورلمسی و غب اتمام
121,1c4a2080-987c-4e68-b9e3-3a94ee454ff9,1c4a2080-987c-4e68-b9e3-3a94ee454ff9-019.png,1c4a2080-987c-4e68-b9e3-3a94ee454ff9-019.gt.txt,10,سوق,تبلیغ اولنمغله برابر حدود اوزرینه مقدار كافی عساكر نظامیه سوق و تعبیهسنه استعجال اولنمش و بو صورتله كیدنلرك ارقهسی كسیلوب كیدهجكلرك
122,423004fa-5205-47a8-9713-37953b6b22b8,423004fa-5205-47a8-9713-37953b6b22b8-014.png,423004fa-5205-47a8-9713-37953b6b22b8-014.gt.txt,9,شورای,اولاجغی افادهسندن عبارت بولونمش اولمقدن ناشی كیفیت دار شورای عسكریهیه لدالحواله اكرچی مذكور تلغرافلرك دركار اولان لزوم و محسناتنه نظرا بر ان اول بو اصوله اشنا مامور یتیشدیریلمسی درجه اهمیتده اولارق
123,2d16a812-a123-4f29-9d3d-34d3c0be1498,2d16a812-a123-4f29-9d3d-34d3c0be1498-008.png,2d16a812-a123-4f29-9d3d-34d3c0be1498-008.gt.txt,11,اولمغن,مذكورنك رسمیله استعمالنه دعیر تعریفاتنی خاوی فرانسزجه بر لایحه ویرمش اولمغن منظور علی نظارت پناهیلری بیورولماق اوزره لفا تقدیم قیلینمش و بونك عسكریجه
124,fa1bd90d-5fca-4e1f-a032-754c82a44fae,fa1bd90d-5fca-4e1f-a032-754c82a44fae-009.png,fa1bd90d-5fca-4e1f-a032-754c82a44fae-009.gt.txt,2,سمانك,بو سمانك عرضه باقان، جنته دقت ایدن بیڭلر مدقق كوزلرز بز۔ [حاشیه]
125,2d16a812-a123-4f29-9d3d-34d3c0be1498,2d16a812-a123-4f29-9d3d-34d3c0be1498-006.png,2d16a812-a123-4f29-9d3d-34d3c0be1498-006.gt.txt,16,ایستهمش,ایلهمك اوزره كندیسنه بر سنه و داها زیاده مدت امتیاز اعطا اولنهبیلوب اولنهمیهجغنی اولجه اكلامق ایستهمش و مذكور امتیاز براتی پروسیهده كندینه اقچهسز ویریلمش ایسه ده
126,423004fa-5205-47a8-9713-37953b6b22b8,423004fa-5205-47a8-9713-37953b6b22b8-016.png,423004fa-5205-47a8-9713-37953b6b22b8-016.gt.txt,15,بیلینمسی,صورتده فرانسه و اوستوریه دولتلری تلغراف بولوكلرینه بالادخال تلغراف اصولنك اوكرتیلمسی قابل اولوب اولمایاجغنك بیلینمسی لاظیمدن اولدیغندن بعده ایجابی افاده اولونمق اوزره بو صورتله كوندریلهجك
127,88dc077b-d603-4af0-b3c1-0a6203f74ab2,88dc077b-d603-4af0-b3c1-0a6203f74ab2-002.png,88dc077b-d603-4af0-b3c1-0a6203f74ab2-002.gt.txt,16,شاهانه,معلوم والالری بیورلدیغی و لفا ارسال قلنان ژورنالده محرر اولدیغی وجهله طاشجی اصنافندن بعضی عساكر شاهانه ایله منازعه ایدرك اویغونسزلغه
128,54ec03e8-858e-4976-9e36-f4a1945e5130,54ec03e8-858e-4976-9e36-f4a1945e5130-006.png,54ec03e8-858e-4976-9e36-f4a1945e5130-006.gt.txt,15,قریه,داعیهسیله تظلم و استرحام ایلهدكلرنده مالوف اولدقلری شكوتلرك مزداد ایله یوز باب خانهلی بر قریه
129,1c4a2080-987c-4e68-b9e3-3a94ee454ff9,1c4a2080-987c-4e68-b9e3-3a94ee454ff9-019.png,1c4a2080-987c-4e68-b9e3-3a94ee454ff9-019.gt.txt,20,كسیلوب,تبلیغ اولنمغله برابر حدود اوزرینه مقدار كافی عساكر نظامیه سوق و تعبیهسنه استعجال اولنمش و بو صورتله كیدنلرك ارقهسی كسیلوب كیدهجكلرك
130,423004fa-5205-47a8-9713-37953b6b22b8,423004fa-5205-47a8-9713-37953b6b22b8-011.png,423004fa-5205-47a8-9713-37953b6b22b8-011.gt.txt,16,تشكیلاتی,و استحضاری داعیره عسكریهجه مرتبه وجوبه منتهی و بونلرك صورت وضع و ترتیبلری و بولوكلرك تشكیلاتی محلیندن جلب اولونان لوایح و رسایلده و جهت فنیهسی دخی كچنلرده تخت اراده سنیذیه الینان پروغراملرك حكمت عسكریه
131,423004fa-5205-47a8-9713-37953b6b22b8,423004fa-5205-47a8-9713-37953b6b22b8-016.png,423004fa-5205-47a8-9713-37953b6b22b8-016.gt.txt,8,بالادخال,صورتده فرانسه و اوستوریه دولتلری تلغراف بولوكلرینه بالادخال تلغراف اصولنك اوكرتیلمسی قابل اولوب اولمایاجغنك بیلینمسی لاظیمدن اولدیغندن بعده ایجابی افاده اولونمق اوزره بو صورتله كوندریلهجك
132,423004fa-5205-47a8-9713-37953b6b22b8,423004fa-5205-47a8-9713-37953b6b22b8-006.png,423004fa-5205-47a8-9713-37953b6b22b8-006.gt.txt,19,دولتلری,اثنای محاربهده تسهیل مخابرات ایچون اختراع اولونمش اولان تلغراف خطنه داعر روسیه و اوستوریه و فرانسه و انكلتره دولتلری نزدنده اتشهمیلترلك ماموریتلرنده بولونان اركان حربیه ضابطانندن اولان استیضاحات اوزرینه الینان تحریراتلر
133,88dc077b-d603-4af0-b3c1-0a6203f74ab2,88dc077b-d603-4af0-b3c1-0a6203f74ab2-003.png,88dc077b-d603-4af0-b3c1-0a6203f74ab2-003.gt.txt,4,اشخاصدن,اجتسار ایتمش اولان اشخاصدن سكز نفرینك تهمتلری تبین بونلرك تادیب و تربیهلریله برایت ذمتلری ظاهر اولان اوچ نفرینك تخلیه سبیلی
134,1c4a2080-987c-4e68-b9e3-3a94ee454ff9,1c4a2080-987c-4e68-b9e3-3a94ee454ff9-019.png,1c4a2080-987c-4e68-b9e3-3a94ee454ff9-019.gt.txt,9,نظامیه,تبلیغ اولنمغله برابر حدود اوزرینه مقدار كافی عساكر نظامیه سوق و تعبیهسنه استعجال اولنمش و بو صورتله كیدنلرك ارقهسی كسیلوب كیدهجكلرك
135,675e3a55-9125-4502-8f60-b8a5ab6af227,675e3a55-9125-4502-8f60-b8a5ab6af227-004.png,675e3a55-9125-4502-8f60-b8a5ab6af227-004.gt.txt,4,دولتعلیهدن,برنجی ماده طرف دولتعلیهدن و وراثت فرمان عالیسی موجبنجه مصر والیلرینه محول اولان حكومت محلیه و بالتوارث والی بولنان ذات ایله مامورین
136,ea15505d-d2a8-493f-99ea-6ea0e2615a09,ea15505d-d2a8-493f-99ea-6ea0e2615a09-015.png,ea15505d-d2a8-493f-99ea-6ea0e2615a09-015.gt.txt,4,تذكره,همت بیورولماسی سیاقنده تذكره
137,fa1bd90d-5fca-4e1f-a032-754c82a44fae,fa1bd90d-5fca-4e1f-a032-754c82a44fae-019.png,fa1bd90d-5fca-4e1f-a032-754c82a44fae-019.gt.txt,2,ییلدیزلر,اولان ییلدیزلر دخی، كویا ملایكهلر گبی زمین یوزندهكی نازنین مصنوعاتی كوردكجه جنت عالمینه باقییورلر۔ او موقت خارقهلری
138,675e3a55-9125-4502-8f60-b8a5ab6af227,675e3a55-9125-4502-8f60-b8a5ab6af227-011.png,675e3a55-9125-4502-8f60-b8a5ab6af227-011.gt.txt,15,ثبوت,ویا اشیای سایرهدن اختلاسه یعنی اخذ و كتمه جسارت ایتمش اولدیغی علنا محاكمه اولنهرق ثبوت اولدیغی حالده كندوسندن تحصیل اولنه و اداسنده
139,1c4a2080-987c-4e68-b9e3-3a94ee454ff9,1c4a2080-987c-4e68-b9e3-3a94ee454ff9-008.png,1c4a2080-987c-4e68-b9e3-3a94ee454ff9-008.gt.txt,6,اخوه,جامعه اسلامیه و فحوای (المومنونه اخوه) اقتضاسنجه بین الدولتین العلیتین یك جهتی و اتحادك استقراری و بین الحضرتین الفخمتین دركار
140,675e3a55-9125-4502-8f60-b8a5ab6af227,675e3a55-9125-4502-8f60-b8a5ab6af227-001.png,675e3a55-9125-4502-8f60-b8a5ab6af227-001.gt.txt,10,ینه,تعذیر اولنهجقلری مثللو كذالك صورت شرعیهسنه تطبیقا بو مقولهلرك ینه درجه جنحهسنه كوره اوچدن یتمش طقوز عدده قدر دكنك ضربیله دخی تعذیرلری
141,675e3a55-9125-4502-8f60-b8a5ab6af227,675e3a55-9125-4502-8f60-b8a5ab6af227-016.png,675e3a55-9125-4502-8f60-b8a5ab6af227-016.gt.txt,16,تادیبی,و مقبوضات و مدفوعاتدن بر كونه ارتقاب تبین ایلدیكی حالده ارتقاب ایدن ادمدن استرداد اولنوب تادیبی سرقت جزاسنه توفیقا اجرا قلنه و اصیل
142,ea15505d-d2a8-493f-99ea-6ea0e2615a09,ea15505d-d2a8-493f-99ea-6ea0e2615a09-015.png,ea15505d-d2a8-493f-99ea-6ea0e2615a09-015.gt.txt,2,بیورولماسی,همت بیورولماسی سیاقنده تذكره
143,54ec03e8-858e-4976-9e36-f4a1945e5130,54ec03e8-858e-4976-9e36-f4a1945e5130-005.png,54ec03e8-858e-4976-9e36-f4a1945e5130-005.gt.txt,6,اولمقدن,مظالمه و خساراته اجتسارلر اشكار اولمقدن ناشی اهالی قرعه اشقیای مرقومهیی بو افعال شنیعهدن منعی
144,ea15505d-d2a8-493f-99ea-6ea0e2615a09,ea15505d-d2a8-493f-99ea-6ea0e2615a09-006.png,ea15505d-d2a8-493f-99ea-6ea0e2615a09-006.gt.txt,1,معاریف,معاریف
145,1c4a2080-987c-4e68-b9e3-3a94ee454ff9,1c4a2080-987c-4e68-b9e3-3a94ee454ff9-020.png,1c4a2080-987c-4e68-b9e3-3a94ee454ff9-020.gt.txt,2,منیفنه,امر منیفنه  امتثال و
146,54ec03e8-858e-4976-9e36-f4a1945e5130,54ec03e8-858e-4976-9e36-f4a1945e5130-007.png,54ec03e8-858e-4976-9e36-f4a1945e5130-007.gt.txt,15,بلا-جرم,احراق بیك-نار ایلهیوب بیل-جمله اموال و اشیالر غارت و اهالی قریهدن ایكی نفر كیمهسنهیی بلا-جرم قتلن اعدام
147,675e3a55-9125-4502-8f60-b8a5ab6af227,675e3a55-9125-4502-8f60-b8a5ab6af227-021.png,675e3a55-9125-4502-8f60-b8a5ab6af227-021.gt.txt,21,جایز,دخی معتمد و موتمن اولمسی لازم كلهجكنه بناء بعد ازین او مقوله خدمتلرده هیچ بر طرفك خاطر ایچون ادم استحدامی جایز اولمیه
148,675e3a55-9125-4502-8f60-b8a5ab6af227,675e3a55-9125-4502-8f60-b8a5ab6af227-017.png,675e3a55-9125-4502-8f60-b8a5ab6af227-017.gt.txt,8,اولدقدنصكره,مامور اولان ذات دخی بو قضیهیه واقف اولدقدنصكره اغماض ایتمش اولدیغی تحقق ایدر ایسه عزل و طرد ایله تادیب اولنه و بر مامور كندوسنه امانت و تسلیم
149,2d16a812-a123-4f29-9d3d-34d3c0be1498,2d16a812-a123-4f29-9d3d-34d3c0be1498-004.png,2d16a812-a123-4f29-9d3d-34d3c0be1498-004.gt.txt,6,الت,اولدیغی حسبیله تجربه اولوندكدن صوكره الت مذكورهیی یاپوب صاتمق اوزره اوستوریه و پروسیه و ایسوچ دولتلرنده مرقوم امریقهلیه امتیاز براتی ویریلمش و صنعتنی ممالك
150,423004fa-5205-47a8-9713-37953b6b22b8,423004fa-5205-47a8-9713-37953b6b22b8-014.png,423004fa-5205-47a8-9713-37953b6b22b8-014.gt.txt,30,اهمیتده,اولاجغی افادهسندن عبارت بولونمش اولمقدن ناشی كیفیت دار شورای عسكریهیه لدالحواله اكرچی مذكور تلغرافلرك دركار اولان لزوم و محسناتنه نظرا بر ان اول بو اصوله اشنا مامور یتیشدیریلمسی درجه اهمیتده اولارق
151,675e3a55-9125-4502-8f60-b8a5ab6af227,675e3a55-9125-4502-8f60-b8a5ab6af227-014.png,675e3a55-9125-4502-8f60-b8a5ab6af227-014.gt.txt,17,دیوان,اوچنجی ماده عموم دیوانی تعبیر اولنان مواقع ماموریته متفرع اولان محللردن عموم دیوانلرینه و انلردن دخی دیوان مالیهیه تقدیم اولنهجق حساباتك
152,675e3a55-9125-4502-8f60-b8a5ab6af227,675e3a55-9125-4502-8f60-b8a5ab6af227-025.png,675e3a55-9125-4502-8f60-b8a5ab6af227-025.gt.txt,3,افعال,هر بر افعال و حركاتلرندن طولایی مسیول اولدقلرندن بریسنك مصلحت مامورهسنده تكاسلی رو نما اولور ایسه اقالیم مجلسلرنده ویاخود احكام مصریه
153,675e3a55-9125-4502-8f60-b8a5ab6af227,675e3a55-9125-4502-8f60-b8a5ab6af227-000.png,675e3a55-9125-4502-8f60-b8a5ab6af227-000.gt.txt,13,قباحتلری,یدنجی ماده الت جارحهدن معدود اولمیان شیلر ایله بربرلرینی ضربه جسارت ایدنلرك قباحتلری درجهسنه كوره اون بش كوندن اوج ماهه قدر حپس ایله
154,423004fa-5205-47a8-9713-37953b6b22b8,423004fa-5205-47a8-9713-37953b6b22b8-020.png,423004fa-5205-47a8-9713-37953b6b22b8-020.gt.txt,20,مشارالیهما,ایشبو تذكره معالی معلوم ثناوری اولارق موجبنجه نظارت جلیله خارجیهدن سفارتین مشارالیهمایه اشعار كیفیت ایتدیریلمش ایدی۔ بونك اوزرینه سفارتین مشارالیهما طرفلرندن فرانسه
155,fa1bd90d-5fca-4e1f-a032-754c82a44fae,fa1bd90d-5fca-4e1f-a032-754c82a44fae-000.png,fa1bd90d-5fca-4e1f-a032-754c82a44fae-000.gt.txt,3,بارلهده,بر وقت، بارلهده، چام طاغالده، یوكسك بر موقعده، گیجهده ثمانڭ یوزینه باقدم۔ گلهجك فقرهلر
156,ea15505d-d2a8-493f-99ea-6ea0e2615a09,ea15505d-d2a8-493f-99ea-6ea0e2615a09-011.png,ea15505d-d2a8-493f-99ea-6ea0e2615a09-011.gt.txt,2,فقط,اولوب فقط پدری متوفای مومی‌الیه
157,675e3a55-9125-4502-8f60-b8a5ab6af227,675e3a55-9125-4502-8f60-b8a5ab6af227-015.png,675e3a55-9125-4502-8f60-b8a5ab6af227-015.gt.txt,20,حین,رویتنده و رجعه و سندات لازمهسیله مقابلهسنده و عموما دفاتر و محاسبات ایله مخزن و شونهلرك و مصالح سایرهنك حین تفتیشنده موجودات
158,1c4a2080-987c-4e68-b9e3-3a94ee454ff9,1c4a2080-987c-4e68-b9e3-3a94ee454ff9-001.png,1c4a2080-987c-4e68-b9e3-3a94ee454ff9-001.gt.txt,19,انوار,عالی حضرت كردون رفعت كیوان منزلت خورشید طلعت جمشید منقبت فریدون فر همایون اثر مصدر اثار جلادت مظهر انوار جلالت
159,1c4a2080-987c-4e68-b9e3-3a94ee454ff9,1c4a2080-987c-4e68-b9e3-3a94ee454ff9-001.png,1c4a2080-987c-4e68-b9e3-3a94ee454ff9-001.gt.txt,8,طلعت,عالی حضرت كردون رفعت كیوان منزلت خورشید طلعت جمشید منقبت فریدون فر همایون اثر مصدر اثار جلادت مظهر انوار جلالت
160,2d16a812-a123-4f29-9d3d-34d3c0be1498,2d16a812-a123-4f29-9d3d-34d3c0be1498-008.png,2d16a812-a123-4f29-9d3d-34d3c0be1498-008.gt.txt,9,لایحه,مذكورنك رسمیله استعمالنه دعیر تعریفاتنی خاوی فرانسزجه بر لایحه ویرمش اولمغن منظور علی نظارت پناهیلری بیورولماق اوزره لفا تقدیم قیلینمش و بونك عسكریجه
161,fa1bd90d-5fca-4e1f-a032-754c82a44fae,fa1bd90d-5fca-4e1f-a032-754c82a44fae-017.png,fa1bd90d-5fca-4e1f-a032-754c82a44fae-017.gt.txt,14,تشهیر,[حاشیه] یعنی جنت چیچكلرینك فیدانلق و مزرعهجغی اولان زمینك یوزنده حدسز معجزات قدرت تشهیر
162,423004fa-5205-47a8-9713-37953b6b22b8,423004fa-5205-47a8-9713-37953b6b22b8-020.png,423004fa-5205-47a8-9713-37953b6b22b8-020.gt.txt,19,سفارتین,ایشبو تذكره معالی معلوم ثناوری اولارق موجبنجه نظارت جلیله خارجیهدن سفارتین مشارالیهمایه اشعار كیفیت ایتدیریلمش ایدی۔ بونك اوزرینه سفارتین مشارالیهما طرفلرندن فرانسه
163,423004fa-5205-47a8-9713-37953b6b22b8,423004fa-5205-47a8-9713-37953b6b22b8-001.png,423004fa-5205-47a8-9713-37953b6b22b8-001.gt.txt,10,ثانی,فی ٢١ شوّال سنه ٩١ و فی ١٨ تشرین ثانی سنه ٩٠ تاریخنده داعیرۀ عسكریەدن صدارت عظمایه مورود تذكرەنك صورتیدر.
164,423004fa-5205-47a8-9713-37953b6b22b8,423004fa-5205-47a8-9713-37953b6b22b8-009.png,423004fa-5205-47a8-9713-37953b6b22b8-009.gt.txt,18,اولوب,بیان اولونمش و مذكور مذكره لدالمتعه خلاصه مالالی مذكور اوچ نوع تلغرافدن بر نوعی اوردو ایله متحرك اولوب باش قوماندان ایله فرقه قوماندانلقلرینك مخابراتنه مخصوص اولدیغی كبی نوع دیكری میدان محاربه ایله ایلری
165,fa1bd90d-5fca-4e1f-a032-754c82a44fae,fa1bd90d-5fca-4e1f-a032-754c82a44fae-000.png,fa1bd90d-5fca-4e1f-a032-754c82a44fae-000.gt.txt,6,یوكسك,بر وقت، بارلهده، چام طاغالده، یوكسك بر موقعده، گیجهده ثمانڭ یوزینه باقدم۔ گلهجك فقرهلر
166,1c4a2080-987c-4e68-b9e3-3a94ee454ff9,1c4a2080-987c-4e68-b9e3-3a94ee454ff9-004.png,1c4a2080-987c-4e68-b9e3-3a94ee454ff9-004.gt.txt,9,ذالت,خاقان جمجاه قاان با انتباه ناصرالدین شاه لا ذالت ابواب موالاته مفتوحة بالاخلاص و سرادقات مصافاته مرفوعة بالاختصاص
167,675e3a55-9125-4502-8f60-b8a5ab6af227,675e3a55-9125-4502-8f60-b8a5ab6af227-026.png,675e3a55-9125-4502-8f60-b8a5ab6af227-026.gt.txt,15,جذاییه,مجلسنده دعواسی كوریلوب با لمحاكمه جنحهسی ثابت اولور ایسه حقنده بر موجب قانون معامله جذاییه اجرا اولنه
168,fa1bd90d-5fca-4e1f-a032-754c82a44fae,fa1bd90d-5fca-4e1f-a032-754c82a44fae-013.png,fa1bd90d-5fca-4e1f-a032-754c82a44fae-013.gt.txt,7,بویله,داهیه خلقت، برر نور عالمییز بز۔ بویله یوز بیك دیل ایله یوز بیك برهان كوستریرز، ایشیتدیریرز انسان
169,423004fa-5205-47a8-9713-37953b6b22b8,423004fa-5205-47a8-9713-37953b6b22b8-011.png,423004fa-5205-47a8-9713-37953b6b22b8-011.gt.txt,22,رسایلده,و استحضاری داعیره عسكریهجه مرتبه وجوبه منتهی و بونلرك صورت وضع و ترتیبلری و بولوكلرك تشكیلاتی محلیندن جلب اولونان لوایح و رسایلده و جهت فنیهسی دخی كچنلرده تخت اراده سنیذیه الینان پروغراملرك حكمت عسكریه
170,675e3a55-9125-4502-8f60-b8a5ab6af227,675e3a55-9125-4502-8f60-b8a5ab6af227-005.png,675e3a55-9125-4502-8f60-b8a5ab6af227-005.gt.txt,26,مداخله,طرفلرندن كمسنهنك مال و املاكنه وضع ید اولنمیه و بیوك و كوچك بر كمسنه دیكر بریسنك مال و املاكنه بغیر حق تعرض و تسلط و مداخله ایتمك ویاخود
171,1c4a2080-987c-4e68-b9e3-3a94ee454ff9,1c4a2080-987c-4e68-b9e3-3a94ee454ff9-016.png,1c4a2080-987c-4e68-b9e3-3a94ee454ff9-016.gt.txt,2,صحت,اخبار صحت و سلامت كیانیلری ایله بو طرفی دخی حصه مند مسار ایتمك اوزره همان عودتنه رخصت ویرلمسی مرجو و متمنادر
172,ea15505d-d2a8-493f-99ea-6ea0e2615a09,ea15505d-d2a8-493f-99ea-6ea0e2615a09-001.png,ea15505d-d2a8-493f-99ea-6ea0e2615a09-001.gt.txt,3,الوس,بغداد مفتیسی الوس زاده افندینك مخدومی عبدالباقی افندینك ویرمش اولدیغی ایكی قطعه مذكرهسنده
173,675e3a55-9125-4502-8f60-b8a5ab6af227,675e3a55-9125-4502-8f60-b8a5ab6af227-011.png,675e3a55-9125-4502-8f60-b8a5ab6af227-011.gt.txt,2,اشیای,ویا اشیای سایرهدن اختلاسه یعنی اخذ و كتمه جسارت ایتمش اولدیغی علنا محاكمه اولنهرق ثبوت اولدیغی حالده كندوسندن تحصیل اولنه و اداسنده
174,675e3a55-9125-4502-8f60-b8a5ab6af227,675e3a55-9125-4502-8f60-b8a5ab6af227-005.png,675e3a55-9125-4502-8f60-b8a5ab6af227-005.gt.txt,8,اولنمیه,طرفلرندن كمسنهنك مال و املاكنه وضع ید اولنمیه و بیوك و كوچك بر كمسنه دیكر بریسنك مال و املاكنه بغیر حق تعرض و تسلط و مداخله ایتمك ویاخود
175,ea15505d-d2a8-493f-99ea-6ea0e2615a09,ea15505d-d2a8-493f-99ea-6ea0e2615a09-009.png,ea15505d-d2a8-493f-99ea-6ea0e2615a09-009.gt.txt,1,لدی‌المطالعه,لدی‌المطالعه
176,2d16a812-a123-4f29-9d3d-34d3c0be1498,2d16a812-a123-4f29-9d3d-34d3c0be1498-008.png,2d16a812-a123-4f29-9d3d-34d3c0be1498-008.gt.txt,2,رسمیله,مذكورنك رسمیله استعمالنه دعیر تعریفاتنی خاوی فرانسزجه بر لایحه ویرمش اولمغن منظور علی نظارت پناهیلری بیورولماق اوزره لفا تقدیم قیلینمش و بونك عسكریجه
177,1c4a2080-987c-4e68-b9e3-3a94ee454ff9,1c4a2080-987c-4e68-b9e3-3a94ee454ff9-011.png,1c4a2080-987c-4e68-b9e3-3a94ee454ff9-011.gt.txt,20,كامله,كیتمسی بو امنیه خیریهیه وسیله مناسبه اتخاذ ایدلمشدر مشارالیهك ذهاب و ایابنده (تحابی فی سبیل الله) وتیرهسنجه حقنده احترامات كامله اجراسیله
178,fa1bd90d-5fca-4e1f-a032-754c82a44fae,fa1bd90d-5fca-4e1f-a032-754c82a44fae-019.png,fa1bd90d-5fca-4e1f-a032-754c82a44fae-019.gt.txt,17,خارقهلری,اولان ییلدیزلر دخی، كویا ملایكهلر گبی زمین یوزندهكی نازنین مصنوعاتی كوردكجه جنت عالمینه باقییورلر۔ او موقت خارقهلری
179,675e3a55-9125-4502-8f60-b8a5ab6af227,675e3a55-9125-4502-8f60-b8a5ab6af227-011.png,675e3a55-9125-4502-8f60-b8a5ab6af227-011.gt.txt,22,اداسنده,ویا اشیای سایرهدن اختلاسه یعنی اخذ و كتمه جسارت ایتمش اولدیغی علنا محاكمه اولنهرق ثبوت اولدیغی حالده كندوسندن تحصیل اولنه و اداسنده
180,1c4a2080-987c-4e68-b9e3-3a94ee454ff9,1c4a2080-987c-4e68-b9e3-3a94ee454ff9-008.png,1c4a2080-987c-4e68-b9e3-3a94ee454ff9-008.gt.txt,9,الدولتین,جامعه اسلامیه و فحوای (المومنونه اخوه) اقتضاسنجه بین الدولتین العلیتین یك جهتی و اتحادك استقراری و بین الحضرتین الفخمتین دركار
181,675e3a55-9125-4502-8f60-b8a5ab6af227,675e3a55-9125-4502-8f60-b8a5ab6af227-006.png,675e3a55-9125-4502-8f60-b8a5ab6af227-006.gt.txt,8,بالواسطه,جبرا المق ویا صاتدرمق ایچون بالذات ویاخود بالواسطه اجبار ایلمك مثللو شیلر وجها من الوجوه جایز اولمیه و اكر بو مثللو ماده ممنوعه و مكروههیه جسارت
182,1c4a2080-987c-4e68-b9e3-3a94ee454ff9,1c4a2080-987c-4e68-b9e3-3a94ee454ff9-019.png,1c4a2080-987c-4e68-b9e3-3a94ee454ff9-019.gt.txt,14,اولنمش,تبلیغ اولنمغله برابر حدود اوزرینه مقدار كافی عساكر نظامیه سوق و تعبیهسنه استعجال اولنمش و بو صورتله كیدنلرك ارقهسی كسیلوب كیدهجكلرك
183,2d16a812-a123-4f29-9d3d-34d3c0be1498,2d16a812-a123-4f29-9d3d-34d3c0be1498-006.png,2d16a812-a123-4f29-9d3d-34d3c0be1498-006.gt.txt,7,داها,ایلهمك اوزره كندیسنه بر سنه و داها زیاده مدت امتیاز اعطا اولنهبیلوب اولنهمیهجغنی اولجه اكلامق ایستهمش و مذكور امتیاز براتی پروسیهده كندینه اقچهسز ویریلمش ایسه ده
184,54ec03e8-858e-4976-9e36-f4a1945e5130,54ec03e8-858e-4976-9e36-f4a1945e5130-005.png,54ec03e8-858e-4976-9e36-f4a1945e5130-005.gt.txt,12,بو,مظالمه و خساراته اجتسارلر اشكار اولمقدن ناشی اهالی قرعه اشقیای مرقومهیی بو افعال شنیعهدن منعی
185,2d16a812-a123-4f29-9d3d-34d3c0be1498,2d16a812-a123-4f29-9d3d-34d3c0be1498-008.png,2d16a812-a123-4f29-9d3d-34d3c0be1498-008.gt.txt,15,پناهیلری,مذكورنك رسمیله استعمالنه دعیر تعریفاتنی خاوی فرانسزجه بر لایحه ویرمش اولمغن منظور علی نظارت پناهیلری بیورولماق اوزره لفا تقدیم قیلینمش و بونك عسكریجه
186,675e3a55-9125-4502-8f60-b8a5ab6af227,675e3a55-9125-4502-8f60-b8a5ab6af227-014.png,675e3a55-9125-4502-8f60-b8a5ab6af227-014.gt.txt,11,محللردن,اوچنجی ماده عموم دیوانی تعبیر اولنان مواقع ماموریته متفرع اولان محللردن عموم دیوانلرینه و انلردن دخی دیوان مالیهیه تقدیم اولنهجق حساباتك
187,423004fa-5205-47a8-9713-37953b6b22b8,423004fa-5205-47a8-9713-37953b6b22b8-007.png,423004fa-5205-47a8-9713-37953b6b22b8-007.gt.txt,26,معاریفنجه,مالالرینه نظرا مذكور تلغرافك اوچ قسم اولارق ایجاد اولوندیغی اكلاشیلدیغندن بونك لدالحاجه دولت عالیهجه دخی قوللانیلمق اوزره اعمالی ضمننده اوراق مورودهنك مكتب حربیه شاهانه مجلس معاریفنجه بالتدقیق انواع ثلاثه
188,fa1bd90d-5fca-4e1f-a032-754c82a44fae,fa1bd90d-5fca-4e1f-a032-754c82a44fae-019.png,fa1bd90d-5fca-4e1f-a032-754c82a44fae-019.gt.txt,4,كویا,اولان ییلدیزلر دخی، كویا ملایكهلر گبی زمین یوزندهكی نازنین مصنوعاتی كوردكجه جنت عالمینه باقییورلر۔ او موقت خارقهلری
189,423004fa-5205-47a8-9713-37953b6b22b8,423004fa-5205-47a8-9713-37953b6b22b8-001.png,423004fa-5205-47a8-9713-37953b6b22b8-001.gt.txt,16,صدارت,فی ٢١ شوّال سنه ٩١ و فی ١٨ تشرین ثانی سنه ٩٠ تاریخنده داعیرۀ عسكریەدن صدارت عظمایه مورود تذكرەنك صورتیدر.
190,54ec03e8-858e-4976-9e36-f4a1945e5130,54ec03e8-858e-4976-9e36-f4a1945e5130-000.png,54ec03e8-858e-4976-9e36-f4a1945e5130-000.gt.txt,5,حسن,طرسوس طرفندن كلن چوقادار حسن قوللرینك تقریریدر:
191,fa1bd90d-5fca-4e1f-a032-754c82a44fae,fa1bd90d-5fca-4e1f-a032-754c82a44fae-006.png,fa1bd90d-5fca-4e1f-a032-754c82a44fae-006.gt.txt,3,نطقه,هپ برابر نطقه كلمش، حق لسانیله دیرلر: بر قادر ذوالجلالڭ حشمت سلطاننه،
192,423004fa-5205-47a8-9713-37953b6b22b8,423004fa-5205-47a8-9713-37953b6b22b8-007.png,423004fa-5205-47a8-9713-37953b6b22b8-007.gt.txt,8,ایجاد,مالالرینه نظرا مذكور تلغرافك اوچ قسم اولارق ایجاد اولوندیغی اكلاشیلدیغندن بونك لدالحاجه دولت عالیهجه دخی قوللانیلمق اوزره اعمالی ضمننده اوراق مورودهنك مكتب حربیه شاهانه مجلس معاریفنجه بالتدقیق انواع ثلاثه
193,423004fa-5205-47a8-9713-37953b6b22b8,423004fa-5205-47a8-9713-37953b6b22b8-017.png,423004fa-5205-47a8-9713-37953b6b22b8-017.gt.txt,8,اولامهیهجغنك,ضابطانك مذكور بولوكلره قبول ایتدیریلمهسی ممكن اولوب اولامهیهجغنك پاریس و ویانه سفارت سنیهلرندن استعلامی خصوصنك حضور معالیموفور جناب صدارتپناهیلرینه عرض و اشعاری حربیه داعیرهسندن
194,fa1bd90d-5fca-4e1f-a032-754c82a44fae,fa1bd90d-5fca-4e1f-a032-754c82a44fae-005.png,fa1bd90d-5fca-4e1f-a032-754c82a44fae-005.gt.txt,5,خطبه,دیڭله ده ییلدیزلری، شو خطبه شیریننی، نامه نورینی حكمت باق نه تقریر ایلمیش۔
195,675e3a55-9125-4502-8f60-b8a5ab6af227,675e3a55-9125-4502-8f60-b8a5ab6af227-007.png,675e3a55-9125-4502-8f60-b8a5ab6af227-007.gt.txt,21,بولنور,ایدن اولور ایسه فرضا برینك مال و املاكنه تسلطی وقوعنده منع و دفع اولنوب شاید بر تقریب ایله ضبط ایتمش بولنور ایسه مضبوط اولان مال و املاك
196,1c4a2080-987c-4e68-b9e3-3a94ee454ff9,1c4a2080-987c-4e68-b9e3-3a94ee454ff9-009.png,1c4a2080-987c-4e68-b9e3-3a94ee454ff9-009.gt.txt,24,تمهید,اولان علاقه محبت و مصافات و رابطه مودت و موالاتك استمراری اخص امال صدق اشتمال اولمقدن ناشی دایما تجدید لباس و داد و تمهید
197,2d16a812-a123-4f29-9d3d-34d3c0be1498,2d16a812-a123-4f29-9d3d-34d3c0be1498-004.png,2d16a812-a123-4f29-9d3d-34d3c0be1498-004.gt.txt,7,مذكورهیی,اولدیغی حسبیله تجربه اولوندكدن صوكره الت مذكورهیی یاپوب صاتمق اوزره اوستوریه و پروسیه و ایسوچ دولتلرنده مرقوم امریقهلیه امتیاز براتی ویریلمش و صنعتنی ممالك
198,423004fa-5205-47a8-9713-37953b6b22b8,423004fa-5205-47a8-9713-37953b6b22b8-015.png,423004fa-5205-47a8-9713-37953b6b22b8-015.gt.txt,27,ضابطاندن,مضبطه مذكوره مندراجتی پك یولونده و بجا كورونمش ایسه ده اول امرده اول صورتله كرك پاریسده بولونان طلبهدن تعین قیلیندیغی و كرك بوراجه مكتبدن مخرج مقتدر ضابطاندن برقاچ نفری مخصوصان كوندریلدیكی
199,fa1bd90d-5fca-4e1f-a032-754c82a44fae,fa1bd90d-5fca-4e1f-a032-754c82a44fae-010.png,fa1bd90d-5fca-4e1f-a032-754c82a44fae-010.gt.txt,13,طاقیلمش,طوبای خلقتدن سماوات شقنه هپ كهكشان اغصاننه، بر جمیل ذوالجلالك دست حكمتله طاقیلمش پك كوزل میوهلرز بز۔
200,1c4a2080-987c-4e68-b9e3-3a94ee454ff9,1c4a2080-987c-4e68-b9e3-3a94ee454ff9-014.png,1c4a2080-987c-4e68-b9e3-3a94ee454ff9-014.gt.txt,18,ایشلرنده,اكا ترفیق اولنمغله بلطفه تعالی اولطرف باهر الشرفه مواصلتنده بو بحثی شفاها دخی تقریر و كرك حدود ایشلرنده و كرك خصوصات سایرهیه
201,54ec03e8-858e-4976-9e36-f4a1945e5130,54ec03e8-858e-4976-9e36-f4a1945e5130-003.png,54ec03e8-858e-4976-9e36-f4a1945e5130-003.gt.txt,6,عشیرت,باغیلری اوچ یوز نفر مقدار عشیرت مزبور اشكیاسیله بر وجه مالكانه عهده چاكریده اولان طرسوس
202,423004fa-5205-47a8-9713-37953b6b22b8,423004fa-5205-47a8-9713-37953b6b22b8-008.png,423004fa-5205-47a8-9713-37953b6b22b8-008.gt.txt,24,متضمن,مذكورهدن برینه قرار ویریلهرك نتیجه قرارك بیلدیریلمسی حقنده مكاتب عسكریه نظارت بهیهسیله جریان ایدن مخابره اوزرینه یازیلان جوابده بو بابده جریان ایدن مذاكراتی متضمن مجلس مذكوردن تنظیم اولونان مذكرهنك ارسال قیلیندیغی
203,1c4a2080-987c-4e68-b9e3-3a94ee454ff9,1c4a2080-987c-4e68-b9e3-3a94ee454ff9-014.png,1c4a2080-987c-4e68-b9e3-3a94ee454ff9-014.gt.txt,8,الشرفه,اكا ترفیق اولنمغله بلطفه تعالی اولطرف باهر الشرفه مواصلتنده بو بحثی شفاها دخی تقریر و كرك حدود ایشلرنده و كرك خصوصات سایرهیه
204,2d16a812-a123-4f29-9d3d-34d3c0be1498,2d16a812-a123-4f29-9d3d-34d3c0be1498-005.png,2d16a812-a123-4f29-9d3d-34d3c0be1498-005.gt.txt,17,سنیه,محروسهده اجرا ایتمك اوزره درعلیهیه عزیمت ایلهمك نیتنده اولدیغنی سفارتخانه سنیهیه كلوب افاده ایله برابر سلطنت سنیه طرفندن دخی ذكر اولونان التی اعمال و فروخت
205,2d16a812-a123-4f29-9d3d-34d3c0be1498,2d16a812-a123-4f29-9d3d-34d3c0be1498-009.png,2d16a812-a123-4f29-9d3d-34d3c0be1498-009.gt.txt,15,تنسیب,و خلقجه بر كونه منفااتی اكلاشیلدیغی و بو یولده مرقومه بر امتیاز براتنك توجیهی تنسیب بویورولدیغی حالده كیفیتك سفارت سنیه طرفنه تحریر و ازباری مطلقا امر و اراده
206,675e3a55-9125-4502-8f60-b8a5ab6af227,675e3a55-9125-4502-8f60-b8a5ab6af227-010.png,675e3a55-9125-4502-8f60-b8a5ab6af227-010.gt.txt,16,امانت,ایكنجی ماده مصالح میریهده مستخدم صغار و كبار ماموریندن بریسی تخت ادارهسنده اولان ویاخود كندوسنه امانت و تسلیم اولنان مبالغ و اموال
207,54ec03e8-858e-4976-9e36-f4a1945e5130,54ec03e8-858e-4976-9e36-f4a1945e5130-010.png,54ec03e8-858e-4976-9e36-f4a1945e5130-010.gt.txt,14,طلبیله,نام محل منزلنی سد و بنده بادی و مرور و عبور ایدنلردن باج طلبیله رنجیدهدن خالی اولمادقلری
208,2d16a812-a123-4f29-9d3d-34d3c0be1498,2d16a812-a123-4f29-9d3d-34d3c0be1498-005.png,2d16a812-a123-4f29-9d3d-34d3c0be1498-005.gt.txt,9,اولدیغنی,محروسهده اجرا ایتمك اوزره درعلیهیه عزیمت ایلهمك نیتنده اولدیغنی سفارتخانه سنیهیه كلوب افاده ایله برابر سلطنت سنیه طرفندن دخی ذكر اولونان التی اعمال و فروخت
209,675e3a55-9125-4502-8f60-b8a5ab6af227,675e3a55-9125-4502-8f60-b8a5ab6af227-015.png,675e3a55-9125-4502-8f60-b8a5ab6af227-015.gt.txt,22,موجودات,رویتنده و رجعه و سندات لازمهسیله مقابلهسنده و عموما دفاتر و محاسبات ایله مخزن و شونهلرك و مصالح سایرهنك حین تفتیشنده موجودات
210,2d16a812-a123-4f29-9d3d-34d3c0be1498,2d16a812-a123-4f29-9d3d-34d3c0be1498-004.png,2d16a812-a123-4f29-9d3d-34d3c0be1498-004.gt.txt,3,تجربه,اولدیغی حسبیله تجربه اولوندكدن صوكره الت مذكورهیی یاپوب صاتمق اوزره اوستوریه و پروسیه و ایسوچ دولتلرنده مرقوم امریقهلیه امتیاز براتی ویریلمش و صنعتنی ممالك
211,fa1bd90d-5fca-4e1f-a032-754c82a44fae,fa1bd90d-5fca-4e1f-a032-754c82a44fae-001.png,fa1bd90d-5fca-4e1f-a032-754c82a44fae-001.gt.txt,11,گبی,بردن خطور ایتدی۔ ییلدیزلرڭ لسان حال ایله قونوشمهلرینی خیالا ایشیتدم گبی بو یازیلدی۔ نظم و
212,423004fa-5205-47a8-9713-37953b6b22b8,423004fa-5205-47a8-9713-37953b6b22b8-016.png,423004fa-5205-47a8-9713-37953b6b22b8-016.gt.txt,16,لاظیمدن,صورتده فرانسه و اوستوریه دولتلری تلغراف بولوكلرینه بالادخال تلغراف اصولنك اوكرتیلمسی قابل اولوب اولمایاجغنك بیلینمسی لاظیمدن اولدیغندن بعده ایجابی افاده اولونمق اوزره بو صورتله كوندریلهجك
213,1c4a2080-987c-4e68-b9e3-3a94ee454ff9,1c4a2080-987c-4e68-b9e3-3a94ee454ff9-018.png,1c4a2080-987c-4e68-b9e3-3a94ee454ff9-018.gt.txt,9,بعضیلری,رو نما اولان اختلافات اوزرینه برو طرف اكرادندن بعضیلری بحسب الجنسیه معاونته سكرتمكده اولدقلری لدی الاستحبار
214,1c4a2080-987c-4e68-b9e3-3a94ee454ff9,1c4a2080-987c-4e68-b9e3-3a94ee454ff9-019.png,1c4a2080-987c-4e68-b9e3-3a94ee454ff9-019.gt.txt,13,استعجال,تبلیغ اولنمغله برابر حدود اوزرینه مقدار كافی عساكر نظامیه سوق و تعبیهسنه استعجال اولنمش و بو صورتله كیدنلرك ارقهسی كسیلوب كیدهجكلرك
215,675e3a55-9125-4502-8f60-b8a5ab6af227,675e3a55-9125-4502-8f60-b8a5ab6af227-014.png,675e3a55-9125-4502-8f60-b8a5ab6af227-014.gt.txt,18,مالیهیه,اوچنجی ماده عموم دیوانی تعبیر اولنان مواقع ماموریته متفرع اولان محللردن عموم دیوانلرینه و انلردن دخی دیوان مالیهیه تقدیم اولنهجق حساباتك
216,423004fa-5205-47a8-9713-37953b6b22b8,423004fa-5205-47a8-9713-37953b6b22b8-011.png,423004fa-5205-47a8-9713-37953b6b22b8-011.gt.txt,2,استحضاری,و استحضاری داعیره عسكریهجه مرتبه وجوبه منتهی و بونلرك صورت وضع و ترتیبلری و بولوكلرك تشكیلاتی محلیندن جلب اولونان لوایح و رسایلده و جهت فنیهسی دخی كچنلرده تخت اراده سنیذیه الینان پروغراملرك حكمت عسكریه
217,2d16a812-a123-4f29-9d3d-34d3c0be1498,2d16a812-a123-4f29-9d3d-34d3c0be1498-005.png,2d16a812-a123-4f29-9d3d-34d3c0be1498-005.gt.txt,7,ایلهمك,محروسهده اجرا ایتمك اوزره درعلیهیه عزیمت ایلهمك نیتنده اولدیغنی سفارتخانه سنیهیه كلوب افاده ایله برابر سلطنت سنیه طرفندن دخی ذكر اولونان التی اعمال و فروخت
218,423004fa-5205-47a8-9713-37953b6b22b8,423004fa-5205-47a8-9713-37953b6b22b8-015.png,423004fa-5205-47a8-9713-37953b6b22b8-015.gt.txt,7,بجا,مضبطه مذكوره مندراجتی پك یولونده و بجا كورونمش ایسه ده اول امرده اول صورتله كرك پاریسده بولونان طلبهدن تعین قیلیندیغی و كرك بوراجه مكتبدن مخرج مقتدر ضابطاندن برقاچ نفری مخصوصان كوندریلدیكی
219,423004fa-5205-47a8-9713-37953b6b22b8,423004fa-5205-47a8-9713-37953b6b22b8-008.png,423004fa-5205-47a8-9713-37953b6b22b8-008.gt.txt,17,یازیلان,مذكورهدن برینه قرار ویریلهرك نتیجه قرارك بیلدیریلمسی حقنده مكاتب عسكریه نظارت بهیهسیله جریان ایدن مخابره اوزرینه یازیلان جوابده بو بابده جریان ایدن مذاكراتی متضمن مجلس مذكوردن تنظیم اولونان مذكرهنك ارسال قیلیندیغی
220,ea15505d-d2a8-493f-99ea-6ea0e2615a09,ea15505d-d2a8-493f-99ea-6ea0e2615a09-008.png,ea15505d-d2a8-493f-99ea-6ea0e2615a09-008.gt.txt,7,والاده,طرفندن باتذكره افاده اولونمسیله كیفیت مجلس والاده
221,675e3a55-9125-4502-8f60-b8a5ab6af227,675e3a55-9125-4502-8f60-b8a5ab6af227-004.png,675e3a55-9125-4502-8f60-b8a5ab6af227-004.gt.txt,7,فرمان,برنجی ماده طرف دولتعلیهدن و وراثت فرمان عالیسی موجبنجه مصر والیلرینه محول اولان حكومت محلیه و بالتوارث والی بولنان ذات ایله مامورین
222,675e3a55-9125-4502-8f60-b8a5ab6af227,675e3a55-9125-4502-8f60-b8a5ab6af227-001.png,675e3a55-9125-4502-8f60-b8a5ab6af227-001.gt.txt,9,مقولهلرك,تعذیر اولنهجقلری مثللو كذالك صورت شرعیهسنه تطبیقا بو مقولهلرك ینه درجه جنحهسنه كوره اوچدن یتمش طقوز عدده قدر دكنك ضربیله دخی تعذیرلری
223,423004fa-5205-47a8-9713-37953b6b22b8,423004fa-5205-47a8-9713-37953b6b22b8-022.png,423004fa-5205-47a8-9713-37953b6b22b8-022.gt.txt,14,سیاقنده,معا صوب صاملرینه ارسال قیلینمش اولمغله بونلرده مندرج اولان افاداته نظرا اقتضاسنك اجراسی سیاقنده ترقیم ذیله ابتدار قیلیندی افندیم
224,1c4a2080-987c-4e68-b9e3-3a94ee454ff9,1c4a2080-987c-4e68-b9e3-3a94ee454ff9-006.png,1c4a2080-987c-4e68-b9e3-3a94ee454ff9-006.gt.txt,6,اهله,محبة منی) مطلعندن رونما و اهله ادله موالات و مواخاته براعة الاستهلال حقیقت انتما اولان شرایف تكریمات اخلاصكاری
225,1c4a2080-987c-4e68-b9e3-3a94ee454ff9,1c4a2080-987c-4e68-b9e3-3a94ee454ff9-014.png,1c4a2080-987c-4e68-b9e3-3a94ee454ff9-014.gt.txt,4,بلطفه,اكا ترفیق اولنمغله بلطفه تعالی اولطرف باهر الشرفه مواصلتنده بو بحثی شفاها دخی تقریر و كرك حدود ایشلرنده و كرك خصوصات سایرهیه
226,ea15505d-d2a8-493f-99ea-6ea0e2615a09,ea15505d-d2a8-493f-99ea-6ea0e2615a09-010.png,ea15505d-d2a8-493f-99ea-6ea0e2615a09-010.gt.txt,9,داعیانندن,مومیالیه فضل و كمال اصحابندن و شایان عاطفت داعیانندن
227,54ec03e8-858e-4976-9e36-f4a1945e5130,54ec03e8-858e-4976-9e36-f4a1945e5130-003.png,54ec03e8-858e-4976-9e36-f4a1945e5130-003.gt.txt,11,مالكانه,باغیلری اوچ یوز نفر مقدار عشیرت مزبور اشكیاسیله بر وجه مالكانه عهده چاكریده اولان طرسوس
228,1c4a2080-987c-4e68-b9e3-3a94ee454ff9,1c4a2080-987c-4e68-b9e3-3a94ee454ff9-017.png,1c4a2080-987c-4e68-b9e3-3a94ee454ff9-017.gt.txt,6,مشكل,حدود مسیلهسنه كلینجه رای منیر مشكل كشا و ضمیر مهر نظیر عالم ارالرینه روشنادر كه تبعه ایرانیهدن اولان اكراد ایله دیكر صونف اهالی بیننده
229,88dc077b-d603-4af0-b3c1-0a6203f74ab2,88dc077b-d603-4af0-b3c1-0a6203f74ab2-002.png,88dc077b-d603-4af0-b3c1-0a6203f74ab2-002.gt.txt,13,اصنافندن,معلوم والالری بیورلدیغی و لفا ارسال قلنان ژورنالده محرر اولدیغی وجهله طاشجی اصنافندن بعضی عساكر شاهانه ایله منازعه ایدرك اویغونسزلغه
230,fa1bd90d-5fca-4e1f-a032-754c82a44fae,fa1bd90d-5fca-4e1f-a032-754c82a44fae-014.png,fa1bd90d-5fca-4e1f-a032-754c82a44fae-014.gt.txt,3,كور,اولان انسانه۔ كور اولاسی دینسز كوزی، كورمز اولدی یوزیمزی، هم ایشیتمز سوزیمزی، حق سویلهین ایتلرز بز۔
231,1c4a2080-987c-4e68-b9e3-3a94ee454ff9,1c4a2080-987c-4e68-b9e3-3a94ee454ff9-014.png,1c4a2080-987c-4e68-b9e3-3a94ee454ff9-014.gt.txt,22,سایرهیه,اكا ترفیق اولنمغله بلطفه تعالی اولطرف باهر الشرفه مواصلتنده بو بحثی شفاها دخی تقریر و كرك حدود ایشلرنده و كرك خصوصات سایرهیه
232,54ec03e8-858e-4976-9e36-f4a1945e5130,54ec03e8-858e-4976-9e36-f4a1945e5130-006.png,54ec03e8-858e-4976-9e36-f4a1945e5130-006.gt.txt,1,داعیهسیله,داعیهسیله تظلم و استرحام ایلهدكلرنده مالوف اولدقلری شكوتلرك مزداد ایله یوز باب خانهلی بر قریه
233,1c4a2080-987c-4e68-b9e3-3a94ee454ff9,1c4a2080-987c-4e68-b9e3-3a94ee454ff9-018.png,1c4a2080-987c-4e68-b9e3-3a94ee454ff9-018.gt.txt,16,الاستحبار,رو نما اولان اختلافات اوزرینه برو طرف اكرادندن بعضیلری بحسب الجنسیه معاونته سكرتمكده اولدقلری لدی الاستحبار
234,675e3a55-9125-4502-8f60-b8a5ab6af227,675e3a55-9125-4502-8f60-b8a5ab6af227-006.png,675e3a55-9125-4502-8f60-b8a5ab6af227-006.gt.txt,13,وجها,جبرا المق ویا صاتدرمق ایچون بالذات ویاخود بالواسطه اجبار ایلمك مثللو شیلر وجها من الوجوه جایز اولمیه و اكر بو مثللو ماده ممنوعه و مكروههیه جسارت
235,1c4a2080-987c-4e68-b9e3-3a94ee454ff9,1c4a2080-987c-4e68-b9e3-3a94ee454ff9-001.png,1c4a2080-987c-4e68-b9e3-3a94ee454ff9-001.gt.txt,14,اثر,عالی حضرت كردون رفعت كیوان منزلت خورشید طلعت جمشید منقبت فریدون فر همایون اثر مصدر اثار جلادت مظهر انوار جلالت
236,ea15505d-d2a8-493f-99ea-6ea0e2615a09,ea15505d-d2a8-493f-99ea-6ea0e2615a09-002.png,ea15505d-d2a8-493f-99ea-6ea0e2615a09-002.gt.txt,1,اسطرلاب,اسطرلاب علمنده اولان صفیحه نام كتابك شرحنه موفق اولدیغی و بغداد كبی مسافه باعدهدن بو طرفه كلدیكی جهتله پدری
237,fa1bd90d-5fca-4e1f-a032-754c82a44fae,fa1bd90d-5fca-4e1f-a032-754c82a44fae-011.png,fa1bd90d-5fca-4e1f-a032-754c82a44fae-011.gt.txt,9,دوار,شو سماوات اهلنه برر مسجد سیار، برر خانه دوار، برر علوی اشیانه، برر مصباح نوار، برر كمی جبار، برر طیارهلرز بز۔
238,423004fa-5205-47a8-9713-37953b6b22b8,423004fa-5205-47a8-9713-37953b6b22b8-022.png,423004fa-5205-47a8-9713-37953b6b22b8-022.gt.txt,8,مندرج,معا صوب صاملرینه ارسال قیلینمش اولمغله بونلرده مندرج اولان افاداته نظرا اقتضاسنك اجراسی سیاقنده ترقیم ذیله ابتدار قیلیندی افندیم
239,423004fa-5205-47a8-9713-37953b6b22b8,423004fa-5205-47a8-9713-37953b6b22b8-017.png,423004fa-5205-47a8-9713-37953b6b22b8-017.gt.txt,17,معالیموفور,ضابطانك مذكور بولوكلره قبول ایتدیریلمهسی ممكن اولوب اولامهیهجغنك پاریس و ویانه سفارت سنیهلرندن استعلامی خصوصنك حضور معالیموفور جناب صدارتپناهیلرینه عرض و اشعاری حربیه داعیرهسندن
240,fa1bd90d-5fca-4e1f-a032-754c82a44fae,fa1bd90d-5fca-4e1f-a032-754c82a44fae-002.png,fa1bd90d-5fca-4e1f-a032-754c82a44fae-002.gt.txt,14,اوتوز,شعر بیلمدیگم ایچون شعر قاعدهسنه كیرمدی۔ تخطر اولدیغی كبی یازیلمش۔ دردنجی مكتوب ایله اوتوز ایكنجی
241,88dc077b-d603-4af0-b3c1-0a6203f74ab2,88dc077b-d603-4af0-b3c1-0a6203f74ab2-004.png,88dc077b-d603-4af0-b3c1-0a6203f74ab2-004.gt.txt,4,اجرای,لازمهدن اولمغله اولوجهله اجرای اقتضالری خصوصنه همم بهیهلری دركار بیورلمق بابنده اراده افندمكدر ١٦ ل سنه ٢٦٤
242,423004fa-5205-47a8-9713-37953b6b22b8,423004fa-5205-47a8-9713-37953b6b22b8-012.png,423004fa-5205-47a8-9713-37953b6b22b8-012.gt.txt,17,ممارسه,قسمنده داخل اولمسیله بعدما طلبهیه تدریس اولوناجغی بدیهی اولوب مع مافه بو مثللو تطبیقات فنیهده حصول ممارسه و اقتدار استخدامه موقوف اولدیغندن پاریسده مكتب صنایع شاكردانندن اولوب ماكینه تحصیلنه
243,423004fa-5205-47a8-9713-37953b6b22b8,423004fa-5205-47a8-9713-37953b6b22b8-001.png,423004fa-5205-47a8-9713-37953b6b22b8-001.gt.txt,7,فی,فی ٢١ شوّال سنه ٩١ و فی ١٨ تشرین ثانی سنه ٩٠ تاریخنده داعیرۀ عسكریەدن صدارت عظمایه مورود تذكرەنك صورتیدر.
244,fa1bd90d-5fca-4e1f-a032-754c82a44fae,fa1bd90d-5fca-4e1f-a032-754c82a44fae-014.png,fa1bd90d-5fca-4e1f-a032-754c82a44fae-014.gt.txt,9,یوزیمزی,اولان انسانه۔ كور اولاسی دینسز كوزی، كورمز اولدی یوزیمزی، هم ایشیتمز سوزیمزی، حق سویلهین ایتلرز بز۔
245,423004fa-5205-47a8-9713-37953b6b22b8,423004fa-5205-47a8-9713-37953b6b22b8-006.png,423004fa-5205-47a8-9713-37953b6b22b8-006.gt.txt,11,داعر,اثنای محاربهده تسهیل مخابرات ایچون اختراع اولونمش اولان تلغراف خطنه داعر روسیه و اوستوریه و فرانسه و انكلتره دولتلری نزدنده اتشهمیلترلك ماموریتلرنده بولونان اركان حربیه ضابطانندن اولان استیضاحات اوزرینه الینان تحریراتلر
246,675e3a55-9125-4502-8f60-b8a5ab6af227,675e3a55-9125-4502-8f60-b8a5ab6af227-022.png,675e3a55-9125-4502-8f60-b8a5ab6af227-022.gt.txt,11,نظامات,بشنجی ماده طرف اشرف حضرت شاهانهدن موضوع جمیع قوانین و نظامات موسسهنك مجلس احكام عدلیه حامی قوسی اولدیغی كبی بالتوارث
247,1c4a2080-987c-4e68-b9e3-3a94ee454ff9,1c4a2080-987c-4e68-b9e3-3a94ee454ff9-005.png,1c4a2080-987c-4e68-b9e3-3a94ee454ff9-005.gt.txt,6,مویدة,و خیم عمره و اقباله مویدة و دعایم غره و اجلاله مشیدة باتوفیقات السبحانیه والتاییدات الصمدانیه حضور قاانیلرینه (والقیت علیك
248,2d16a812-a123-4f29-9d3d-34d3c0be1498,2d16a812-a123-4f29-9d3d-34d3c0be1498-005.png,2d16a812-a123-4f29-9d3d-34d3c0be1498-005.gt.txt,20,ذكر,محروسهده اجرا ایتمك اوزره درعلیهیه عزیمت ایلهمك نیتنده اولدیغنی سفارتخانه سنیهیه كلوب افاده ایله برابر سلطنت سنیه طرفندن دخی ذكر اولونان التی اعمال و فروخت
249,675e3a55-9125-4502-8f60-b8a5ab6af227,675e3a55-9125-4502-8f60-b8a5ab6af227-021.png,675e3a55-9125-4502-8f60-b8a5ab6af227-021.gt.txt,17,خاطر,دخی معتمد و موتمن اولمسی لازم كلهجكنه بناء بعد ازین او مقوله خدمتلرده هیچ بر طرفك خاطر ایچون ادم استحدامی جایز اولمیه
250,1c4a2080-987c-4e68-b9e3-3a94ee454ff9,1c4a2080-987c-4e68-b9e3-3a94ee454ff9-005.png,1c4a2080-987c-4e68-b9e3-3a94ee454ff9-005.gt.txt,2,خیم,و خیم عمره و اقباله مویدة و دعایم غره و اجلاله مشیدة باتوفیقات السبحانیه والتاییدات الصمدانیه حضور قاانیلرینه (والقیت علیك
251,423004fa-5205-47a8-9713-37953b6b22b8,423004fa-5205-47a8-9713-37953b6b22b8-020.png,423004fa-5205-47a8-9713-37953b6b22b8-020.gt.txt,15,ایتدیریلمش,ایشبو تذكره معالی معلوم ثناوری اولارق موجبنجه نظارت جلیله خارجیهدن سفارتین مشارالیهمایه اشعار كیفیت ایتدیریلمش ایدی۔ بونك اوزرینه سفارتین مشارالیهما طرفلرندن فرانسه
252,423004fa-5205-47a8-9713-37953b6b22b8,423004fa-5205-47a8-9713-37953b6b22b8-006.png,423004fa-5205-47a8-9713-37953b6b22b8-006.gt.txt,28,استیضاحات,اثنای محاربهده تسهیل مخابرات ایچون اختراع اولونمش اولان تلغراف خطنه داعر روسیه و اوستوریه و فرانسه و انكلتره دولتلری نزدنده اتشهمیلترلك ماموریتلرنده بولونان اركان حربیه ضابطانندن اولان استیضاحات اوزرینه الینان تحریراتلر
253,675e3a55-9125-4502-8f60-b8a5ab6af227,675e3a55-9125-4502-8f60-b8a5ab6af227-008.png,675e3a55-9125-4502-8f60-b8a5ab6af227-008.gt.txt,12,شخصك,موجود ایسه عینا دكل ایسه ثمنا صاحب اولنه رد ایتدیرلدكدنصكره اول شخصك خلاف قانون حركته جسارتنه بناء ارباب مناصب و ماموریتدن ایسه خدمتندن
254,1c4a2080-987c-4e68-b9e3-3a94ee454ff9,1c4a2080-987c-4e68-b9e3-3a94ee454ff9-002.png,1c4a2080-987c-4e68-b9e3-3a94ee454ff9-002.gt.txt,10,بختیاری,معدل نهار نصفت مكمل بهار شفقت ماه منیر سپهر بختیاری شاه سریر سروری و كامكاری متوسد جایكاه كیانی مستند چار بالش جهانبانی
255,423004fa-5205-47a8-9713-37953b6b22b8,423004fa-5205-47a8-9713-37953b6b22b8-020.png,423004fa-5205-47a8-9713-37953b6b22b8-020.gt.txt,22,فرانسه,ایشبو تذكره معالی معلوم ثناوری اولارق موجبنجه نظارت جلیله خارجیهدن سفارتین مشارالیهمایه اشعار كیفیت ایتدیریلمش ایدی۔ بونك اوزرینه سفارتین مشارالیهما طرفلرندن فرانسه
256,2d16a812-a123-4f29-9d3d-34d3c0be1498,2d16a812-a123-4f29-9d3d-34d3c0be1498-003.png,2d16a812-a123-4f29-9d3d-34d3c0be1498-003.gt.txt,3,امریقهلونك,بو یاقینلرده امریقهلونك بری بر دیكمك التی ایجاد ایدوب اوروپهیه كتیرمش و بو التله چوقا و مشین و امثالی شیلر دیكیلهبیلهجكندن فایدهلی مخترعات جدیدهدن بولونمش
257,423004fa-5205-47a8-9713-37953b6b22b8,423004fa-5205-47a8-9713-37953b6b22b8-020.png,423004fa-5205-47a8-9713-37953b6b22b8-020.gt.txt,13,اشعار,ایشبو تذكره معالی معلوم ثناوری اولارق موجبنجه نظارت جلیله خارجیهدن سفارتین مشارالیهمایه اشعار كیفیت ایتدیریلمش ایدی۔ بونك اوزرینه سفارتین مشارالیهما طرفلرندن فرانسه
258,ea15505d-d2a8-493f-99ea-6ea0e2615a09,ea15505d-d2a8-493f-99ea-6ea0e2615a09-001.png,ea15505d-d2a8-493f-99ea-6ea0e2615a09-001.gt.txt,6,مخدومی,بغداد مفتیسی الوس زاده افندینك مخدومی عبدالباقی افندینك ویرمش اولدیغی ایكی قطعه مذكرهسنده
259,1c4a2080-987c-4e68-b9e3-3a94ee454ff9,1c4a2080-987c-4e68-b9e3-3a94ee454ff9-008.png,1c4a2080-987c-4e68-b9e3-3a94ee454ff9-008.gt.txt,8,بین,جامعه اسلامیه و فحوای (المومنونه اخوه) اقتضاسنجه بین الدولتین العلیتین یك جهتی و اتحادك استقراری و بین الحضرتین الفخمتین دركار
260,2d16a812-a123-4f29-9d3d-34d3c0be1498,2d16a812-a123-4f29-9d3d-34d3c0be1498-008.png,2d16a812-a123-4f29-9d3d-34d3c0be1498-008.gt.txt,23,عسكریجه,مذكورنك رسمیله استعمالنه دعیر تعریفاتنی خاوی فرانسزجه بر لایحه ویرمش اولمغن منظور علی نظارت پناهیلری بیورولماق اوزره لفا تقدیم قیلینمش و بونك عسكریجه
261,1c4a2080-987c-4e68-b9e3-3a94ee454ff9,1c4a2080-987c-4e68-b9e3-3a94ee454ff9-009.png,1c4a2080-987c-4e68-b9e3-3a94ee454ff9-009.gt.txt,8,مودت,اولان علاقه محبت و مصافات و رابطه مودت و موالاتك استمراری اخص امال صدق اشتمال اولمقدن ناشی دایما تجدید لباس و داد و تمهید
262,88dc077b-d603-4af0-b3c1-0a6203f74ab2,88dc077b-d603-4af0-b3c1-0a6203f74ab2-003.png,88dc077b-d603-4af0-b3c1-0a6203f74ab2-003.gt.txt,20,سبیلی,اجتسار ایتمش اولان اشخاصدن سكز نفرینك تهمتلری تبین بونلرك تادیب و تربیهلریله برایت ذمتلری ظاهر اولان اوچ نفرینك تخلیه سبیلی
263,1c4a2080-987c-4e68-b9e3-3a94ee454ff9,1c4a2080-987c-4e68-b9e3-3a94ee454ff9-006.png,1c4a2080-987c-4e68-b9e3-3a94ee454ff9-006.gt.txt,1,محبة,محبة منی) مطلعندن رونما و اهله ادله موالات و مواخاته براعة الاستهلال حقیقت انتما اولان شرایف تكریمات اخلاصكاری
264,1c4a2080-987c-4e68-b9e3-3a94ee454ff9,1c4a2080-987c-4e68-b9e3-3a94ee454ff9-014.png,1c4a2080-987c-4e68-b9e3-3a94ee454ff9-014.gt.txt,14,تقریر,اكا ترفیق اولنمغله بلطفه تعالی اولطرف باهر الشرفه مواصلتنده بو بحثی شفاها دخی تقریر و كرك حدود ایشلرنده و كرك خصوصات سایرهیه
265,1c4a2080-987c-4e68-b9e3-3a94ee454ff9,1c4a2080-987c-4e68-b9e3-3a94ee454ff9-006.png,1c4a2080-987c-4e68-b9e3-3a94ee454ff9-006.gt.txt,7,ادله,محبة منی) مطلعندن رونما و اهله ادله موالات و مواخاته براعة الاستهلال حقیقت انتما اولان شرایف تكریمات اخلاصكاری
266,675e3a55-9125-4502-8f60-b8a5ab6af227,675e3a55-9125-4502-8f60-b8a5ab6af227-013.png,675e3a55-9125-4502-8f60-b8a5ab6af227-013.gt.txt,15,معامله,ایتدیكی مبالغی تماما ایفا و سد ایدهجك موجودی اولمادیغی تقدیرده نفی و طرد ایله معامله اولنه
267,2d16a812-a123-4f29-9d3d-34d3c0be1498,2d16a812-a123-4f29-9d3d-34d3c0be1498-009.png,2d16a812-a123-4f29-9d3d-34d3c0be1498-009.gt.txt,9,یولده,و خلقجه بر كونه منفااتی اكلاشیلدیغی و بو یولده مرقومه بر امتیاز براتنك توجیهی تنسیب بویورولدیغی حالده كیفیتك سفارت سنیه طرفنه تحریر و ازباری مطلقا امر و اراده
268,1c4a2080-987c-4e68-b9e3-3a94ee454ff9,1c4a2080-987c-4e68-b9e3-3a94ee454ff9-006.png,1c4a2080-987c-4e68-b9e3-3a94ee454ff9-006.gt.txt,18,اخلاصكاری,محبة منی) مطلعندن رونما و اهله ادله موالات و مواخاته براعة الاستهلال حقیقت انتما اولان شرایف تكریمات اخلاصكاری
269,423004fa-5205-47a8-9713-37953b6b22b8,423004fa-5205-47a8-9713-37953b6b22b8-009.png,423004fa-5205-47a8-9713-37953b6b22b8-009.gt.txt,17,متحرك,بیان اولونمش و مذكور مذكره لدالمتعه خلاصه مالالی مذكور اوچ نوع تلغرافدن بر نوعی اوردو ایله متحرك اولوب باش قوماندان ایله فرقه قوماندانلقلرینك مخابراتنه مخصوص اولدیغی كبی نوع دیكری میدان محاربه ایله ایلری
270,675e3a55-9125-4502-8f60-b8a5ab6af227,675e3a55-9125-4502-8f60-b8a5ab6af227-018.png,675e3a55-9125-4502-8f60-b8a5ab6af227-018.gt.txt,23,اشیانك,اولنان امتعه  و اشیا و الات و ادواتدن برینی عدم دقت و اهتمامدن ناشی تلف و ضایع ایتدیكی تحقق ایدر ایسه  اول اشیانك بهاسی جزا كندوسنه  تضمین
271,675e3a55-9125-4502-8f60-b8a5ab6af227,675e3a55-9125-4502-8f60-b8a5ab6af227-008.png,675e3a55-9125-4502-8f60-b8a5ab6af227-008.gt.txt,16,جسارتنه,موجود ایسه عینا دكل ایسه ثمنا صاحب اولنه رد ایتدیرلدكدنصكره اول شخصك خلاف قانون حركته جسارتنه بناء ارباب مناصب و ماموریتدن ایسه خدمتندن
272,2d16a812-a123-4f29-9d3d-34d3c0be1498,2d16a812-a123-4f29-9d3d-34d3c0be1498-003.png,2d16a812-a123-4f29-9d3d-34d3c0be1498-003.gt.txt,15,چوقا,بو یاقینلرده امریقهلونك بری بر دیكمك التی ایجاد ایدوب اوروپهیه كتیرمش و بو التله چوقا و مشین و امثالی شیلر دیكیلهبیلهجكندن فایدهلی مخترعات جدیدهدن بولونمش
273,423004fa-5205-47a8-9713-37953b6b22b8,423004fa-5205-47a8-9713-37953b6b22b8-009.png,423004fa-5205-47a8-9713-37953b6b22b8-009.gt.txt,11,نوع,بیان اولونمش و مذكور مذكره لدالمتعه خلاصه مالالی مذكور اوچ نوع تلغرافدن بر نوعی اوردو ایله متحرك اولوب باش قوماندان ایله فرقه قوماندانلقلرینك مخابراتنه مخصوص اولدیغی كبی نوع دیكری میدان محاربه ایله ایلری
274,1c4a2080-987c-4e68-b9e3-3a94ee454ff9,1c4a2080-987c-4e68-b9e3-3a94ee454ff9-003.png,1c4a2080-987c-4e68-b9e3-3a94ee454ff9-003.gt.txt,10,كهف,ذو الدولت الراسحت والعزة الشامحت مالك ممالك ایران زمین كهف الاسلام والمسلمین جمیل الشیم جلیل الهمم دولت پناه سعادت دستكاه
275,423004fa-5205-47a8-9713-37953b6b22b8,423004fa-5205-47a8-9713-37953b6b22b8-015.png,423004fa-5205-47a8-9713-37953b6b22b8-015.gt.txt,12,امرده,مضبطه مذكوره مندراجتی پك یولونده و بجا كورونمش ایسه ده اول امرده اول صورتله كرك پاریسده بولونان طلبهدن تعین قیلیندیغی و كرك بوراجه مكتبدن مخرج مقتدر ضابطاندن برقاچ نفری مخصوصان كوندریلدیكی
276,423004fa-5205-47a8-9713-37953b6b22b8,423004fa-5205-47a8-9713-37953b6b22b8-015.png,423004fa-5205-47a8-9713-37953b6b22b8-015.gt.txt,5,یولونده,مضبطه مذكوره مندراجتی پك یولونده و بجا كورونمش ایسه ده اول امرده اول صورتله كرك پاریسده بولونان طلبهدن تعین قیلیندیغی و كرك بوراجه مكتبدن مخرج مقتدر ضابطاندن برقاچ نفری مخصوصان كوندریلدیكی
277,675e3a55-9125-4502-8f60-b8a5ab6af227,675e3a55-9125-4502-8f60-b8a5ab6af227-024.png,675e3a55-9125-4502-8f60-b8a5ab6af227-024.gt.txt,21,امور,دخی والی ایله مجلس احكام حامی قوسی اولهجغندن مجموع علما و امرا و مصالح میریهده قوللانیلان كافه مامورین و مستخدمین امور مامورهلرینه دایر
278,2d16a812-a123-4f29-9d3d-34d3c0be1498,2d16a812-a123-4f29-9d3d-34d3c0be1498-008.png,2d16a812-a123-4f29-9d3d-34d3c0be1498-008.gt.txt,5,تعریفاتنی,مذكورنك رسمیله استعمالنه دعیر تعریفاتنی خاوی فرانسزجه بر لایحه ویرمش اولمغن منظور علی نظارت پناهیلری بیورولماق اوزره لفا تقدیم قیلینمش و بونك عسكریجه
279,423004fa-5205-47a8-9713-37953b6b22b8,423004fa-5205-47a8-9713-37953b6b22b8-015.png,423004fa-5205-47a8-9713-37953b6b22b8-015.gt.txt,23,بوراجه,مضبطه مذكوره مندراجتی پك یولونده و بجا كورونمش ایسه ده اول امرده اول صورتله كرك پاریسده بولونان طلبهدن تعین قیلیندیغی و كرك بوراجه مكتبدن مخرج مقتدر ضابطاندن برقاچ نفری مخصوصان كوندریلدیكی
280,54ec03e8-858e-4976-9e36-f4a1945e5130,54ec03e8-858e-4976-9e36-f4a1945e5130-009.png,54ec03e8-858e-4976-9e36-f4a1945e5130-009.gt.txt,4,اقامت,كوپرو نام محلده اقامت و مرور و عبور ایدن ابنا سبیل و اولاقلره تسلیط ایلهدكلرینه بناء دیویلك
281,423004fa-5205-47a8-9713-37953b6b22b8,423004fa-5205-47a8-9713-37953b6b22b8-011.png,423004fa-5205-47a8-9713-37953b6b22b8-011.gt.txt,32,پروغراملرك,و استحضاری داعیره عسكریهجه مرتبه وجوبه منتهی و بونلرك صورت وضع و ترتیبلری و بولوكلرك تشكیلاتی محلیندن جلب اولونان لوایح و رسایلده و جهت فنیهسی دخی كچنلرده تخت اراده سنیذیه الینان پروغراملرك حكمت عسكریه
282,fa1bd90d-5fca-4e1f-a032-754c82a44fae,fa1bd90d-5fca-4e1f-a032-754c82a44fae-008.png,fa1bd90d-5fca-4e1f-a032-754c82a44fae-008.gt.txt,9,سیراننه,شو زمینڭ یوزینی یالدیزلایان  نازنین معجزاتی چون ملك سیراننه،
283,54ec03e8-858e-4976-9e36-f4a1945e5130,54ec03e8-858e-4976-9e36-f4a1945e5130-002.png,54ec03e8-858e-4976-9e36-f4a1945e5130-002.gt.txt,8,سوز,شقاوت-پیشه كندو حالنده اولمیوب عشیرت مزبور اشكیاسیندن سوز صاحبی حاج عمر و كورك اوغلی نام
284,fa1bd90d-5fca-4e1f-a032-754c82a44fae,fa1bd90d-5fca-4e1f-a032-754c82a44fae-006.png,fa1bd90d-5fca-4e1f-a032-754c82a44fae-006.gt.txt,7,دیرلر,هپ برابر نطقه كلمش، حق لسانیله دیرلر: بر قادر ذوالجلالڭ حشمت سلطاننه،
285,675e3a55-9125-4502-8f60-b8a5ab6af227,675e3a55-9125-4502-8f60-b8a5ab6af227-018.png,675e3a55-9125-4502-8f60-b8a5ab6af227-018.gt.txt,4,اشیا,اولنان امتعه  و اشیا و الات و ادواتدن برینی عدم دقت و اهتمامدن ناشی تلف و ضایع ایتدیكی تحقق ایدر ایسه  اول اشیانك بهاسی جزا كندوسنه  تضمین
286,675e3a55-9125-4502-8f60-b8a5ab6af227,675e3a55-9125-4502-8f60-b8a5ab6af227-009.png,675e3a55-9125-4502-8f60-b8a5ab6af227-009.gt.txt,6,طاقمدن,طرد و اخراج اولنوب بو طاقمدن اولمادیغی حالده  مملكتندن اخر محله  بر سنه  طورمق اوزره  نفی و تغریب قلنه
287,2d16a812-a123-4f29-9d3d-34d3c0be1498,2d16a812-a123-4f29-9d3d-34d3c0be1498-004.png,2d16a812-a123-4f29-9d3d-34d3c0be1498-004.gt.txt,1,اولدیغی,اولدیغی حسبیله تجربه اولوندكدن صوكره الت مذكورهیی یاپوب صاتمق اوزره اوستوریه و پروسیه و ایسوچ دولتلرنده مرقوم امریقهلیه امتیاز براتی ویریلمش و صنعتنی ممالك
288,1c4a2080-987c-4e68-b9e3-3a94ee454ff9,1c4a2080-987c-4e68-b9e3-3a94ee454ff9-012.png,1c4a2080-987c-4e68-b9e3-3a94ee454ff9-012.gt.txt,7,اختصاصه,موضوع بحث اولان مدعای اخلاص و اختصاصه بر دلیل جدید كوسترلمشدر و بو كره اولجانب حقایق جالبه عودتنده بك دخی
289,675e3a55-9125-4502-8f60-b8a5ab6af227,675e3a55-9125-4502-8f60-b8a5ab6af227-000.png,675e3a55-9125-4502-8f60-b8a5ab6af227-000.gt.txt,15,كوره,یدنجی ماده الت جارحهدن معدود اولمیان شیلر ایله بربرلرینی ضربه جسارت ایدنلرك قباحتلری درجهسنه كوره اون بش كوندن اوج ماهه قدر حپس ایله
290,423004fa-5205-47a8-9713-37953b6b22b8,423004fa-5205-47a8-9713-37953b6b22b8-016.png,423004fa-5205-47a8-9713-37953b6b22b8-016.gt.txt,18,بعده,صورتده فرانسه و اوستوریه دولتلری تلغراف بولوكلرینه بالادخال تلغراف اصولنك اوكرتیلمسی قابل اولوب اولمایاجغنك بیلینمسی لاظیمدن اولدیغندن بعده ایجابی افاده اولونمق اوزره بو صورتله كوندریلهجك
291,675e3a55-9125-4502-8f60-b8a5ab6af227,675e3a55-9125-4502-8f60-b8a5ab6af227-019.png,675e3a55-9125-4502-8f60-b8a5ab6af227-019.gt.txt,7,طردی,ایتدیرلمسیله  بو مثللولرك مصلحتدن عزل و طردی دخی جایز اوله
292,1c4a2080-987c-4e68-b9e3-3a94ee454ff9,1c4a2080-987c-4e68-b9e3-3a94ee454ff9-001.png,1c4a2080-987c-4e68-b9e3-3a94ee454ff9-001.gt.txt,3,كردون,عالی حضرت كردون رفعت كیوان منزلت خورشید طلعت جمشید منقبت فریدون فر همایون اثر مصدر اثار جلادت مظهر انوار جلالت
293,675e3a55-9125-4502-8f60-b8a5ab6af227,675e3a55-9125-4502-8f60-b8a5ab6af227-025.png,675e3a55-9125-4502-8f60-b8a5ab6af227-025.gt.txt,9,بریسنك,هر بر افعال و حركاتلرندن طولایی مسیول اولدقلرندن بریسنك مصلحت مامورهسنده تكاسلی رو نما اولور ایسه اقالیم مجلسلرنده ویاخود احكام مصریه
294,423004fa-5205-47a8-9713-37953b6b22b8,423004fa-5205-47a8-9713-37953b6b22b8-014.png,423004fa-5205-47a8-9713-37953b6b22b8-014.gt.txt,11,لدالحواله,اولاجغی افادهسندن عبارت بولونمش اولمقدن ناشی كیفیت دار شورای عسكریهیه لدالحواله اكرچی مذكور تلغرافلرك دركار اولان لزوم و محسناتنه نظرا بر ان اول بو اصوله اشنا مامور یتیشدیریلمسی درجه اهمیتده اولارق
295,675e3a55-9125-4502-8f60-b8a5ab6af227,675e3a55-9125-4502-8f60-b8a5ab6af227-020.png,675e3a55-9125-4502-8f60-b8a5ab6af227-020.gt.txt,15,ضامن,دردنجی ماده چونكه هر بر مامور مقبوضات و مدفوعاتندن طولایی مجلسجه مسیول و ضررینه ضامن اولهجغی مثللو معیتلرنده استخدام اولنهجق ادملرك
296,54ec03e8-858e-4976-9e36-f4a1945e5130,54ec03e8-858e-4976-9e36-f4a1945e5130-004.png,54ec03e8-858e-4976-9e36-f4a1945e5130-004.gt.txt,9,اكلی,مقاطعهسی قرالرینه تسلیط برله رعایا فقراسنك مزروعاتلرك حیواناته اكلی و پای-مال و بونك امثالی انواع
297,675e3a55-9125-4502-8f60-b8a5ab6af227,675e3a55-9125-4502-8f60-b8a5ab6af227-015.png,675e3a55-9125-4502-8f60-b8a5ab6af227-015.gt.txt,10,دفاتر,رویتنده و رجعه و سندات لازمهسیله مقابلهسنده و عموما دفاتر و محاسبات ایله مخزن و شونهلرك و مصالح سایرهنك حین تفتیشنده موجودات
298,423004fa-5205-47a8-9713-37953b6b22b8,423004fa-5205-47a8-9713-37953b6b22b8-010.png,423004fa-5205-47a8-9713-37953b6b22b8-010.gt.txt,27,نوعینك,قرهقوللر و مفرزهلر و كشف قوللرینه منحصر و نوع ثالثنك دارالحركات داخلنده بولونان درجه ثانیه نقطهسیله بالجمله نقط ساعیرهنك ادارهسنی قفیل بولوندیغی جهتلرله شو تلردن اوچ نوعینك دخی تشكیل
299,423004fa-5205-47a8-9713-37953b6b22b8,423004fa-5205-47a8-9713-37953b6b22b8-006.png,423004fa-5205-47a8-9713-37953b6b22b8-006.gt.txt,4,مخابرات,اثنای محاربهده تسهیل مخابرات ایچون اختراع اولونمش اولان تلغراف خطنه داعر روسیه و اوستوریه و فرانسه و انكلتره دولتلری نزدنده اتشهمیلترلك ماموریتلرنده بولونان اركان حربیه ضابطانندن اولان استیضاحات اوزرینه الینان تحریراتلر
300,423004fa-5205-47a8-9713-37953b6b22b8,423004fa-5205-47a8-9713-37953b6b22b8-007.png,423004fa-5205-47a8-9713-37953b6b22b8-007.gt.txt,19,ضمننده,مالالرینه نظرا مذكور تلغرافك اوچ قسم اولارق ایجاد اولوندیغی اكلاشیلدیغندن بونك لدالحاجه دولت عالیهجه دخی قوللانیلمق اوزره اعمالی ضمننده اوراق مورودهنك مكتب حربیه شاهانه مجلس معاریفنجه بالتدقیق انواع ثلاثه
301,423004fa-5205-47a8-9713-37953b6b22b8,423004fa-5205-47a8-9713-37953b6b22b8-012.png,423004fa-5205-47a8-9713-37953b6b22b8-012.gt.txt,11,مافه,قسمنده داخل اولمسیله بعدما طلبهیه تدریس اولوناجغی بدیهی اولوب مع مافه بو مثللو تطبیقات فنیهده حصول ممارسه و اقتدار استخدامه موقوف اولدیغندن پاریسده مكتب صنایع شاكردانندن اولوب ماكینه تحصیلنه
302,9b55f175-618f-4cf6-8ccf-8936d1cbff34,9b55f175-618f-4cf6-8ccf-8936d1cbff34-000.png,9b55f175-618f-4cf6-8ccf-8936d1cbff34-000.gt.txt,3,اعظمم,بنم وزیر اعظمم
303,423004fa-5205-47a8-9713-37953b6b22b8,423004fa-5205-47a8-9713-37953b6b22b8-012.png,423004fa-5205-47a8-9713-37953b6b22b8-012.gt.txt,5,طلبهیه,قسمنده داخل اولمسیله بعدما طلبهیه تدریس اولوناجغی بدیهی اولوب مع مافه بو مثللو تطبیقات فنیهده حصول ممارسه و اقتدار استخدامه موقوف اولدیغندن پاریسده مكتب صنایع شاكردانندن اولوب ماكینه تحصیلنه
304,1c4a2080-987c-4e68-b9e3-3a94ee454ff9,1c4a2080-987c-4e68-b9e3-3a94ee454ff9-010.png,1c4a2080-987c-4e68-b9e3-3a94ee454ff9-010.gt.txt,5,تحریسندن,اساس اتحاد ایچون وسیله تحریسندن خالی اولمدیغم حالده عمزاده قاانیلری سعادت نصاب فخامت انتساب ایفای فریضه حج ایچون بو طرفلره كلوب
305,1c4a2080-987c-4e68-b9e3-3a94ee454ff9,1c4a2080-987c-4e68-b9e3-3a94ee454ff9-011.png,1c4a2080-987c-4e68-b9e3-3a94ee454ff9-011.gt.txt,9,مشارالیهك,كیتمسی بو امنیه خیریهیه وسیله مناسبه اتخاذ ایدلمشدر مشارالیهك ذهاب و ایابنده (تحابی فی سبیل الله) وتیرهسنجه حقنده احترامات كامله اجراسیله
306,423004fa-5205-47a8-9713-37953b6b22b8,423004fa-5205-47a8-9713-37953b6b22b8-017.png,423004fa-5205-47a8-9713-37953b6b22b8-017.gt.txt,1,ضابطانك,ضابطانك مذكور بولوكلره قبول ایتدیریلمهسی ممكن اولوب اولامهیهجغنك پاریس و ویانه سفارت سنیهلرندن استعلامی خصوصنك حضور معالیموفور جناب صدارتپناهیلرینه عرض و اشعاری حربیه داعیرهسندن
307,423004fa-5205-47a8-9713-37953b6b22b8,423004fa-5205-47a8-9713-37953b6b22b8-008.png,423004fa-5205-47a8-9713-37953b6b22b8-008.gt.txt,6,قرارك,مذكورهدن برینه قرار ویریلهرك نتیجه قرارك بیلدیریلمسی حقنده مكاتب عسكریه نظارت بهیهسیله جریان ایدن مخابره اوزرینه یازیلان جوابده بو بابده جریان ایدن مذاكراتی متضمن مجلس مذكوردن تنظیم اولونان مذكرهنك ارسال قیلیندیغی
308,1c4a2080-987c-4e68-b9e3-3a94ee454ff9,1c4a2080-987c-4e68-b9e3-3a94ee454ff9-010.png,1c4a2080-987c-4e68-b9e3-3a94ee454ff9-010.gt.txt,13,فخامت,اساس اتحاد ایچون وسیله تحریسندن خالی اولمدیغم حالده عمزاده قاانیلری سعادت نصاب فخامت انتساب ایفای فریضه حج ایچون بو طرفلره كلوب
309,675e3a55-9125-4502-8f60-b8a5ab6af227,675e3a55-9125-4502-8f60-b8a5ab6af227-016.png,675e3a55-9125-4502-8f60-b8a5ab6af227-016.gt.txt,21,قلنه,و مقبوضات و مدفوعاتدن بر كونه ارتقاب تبین ایلدیكی حالده ارتقاب ایدن ادمدن استرداد اولنوب تادیبی سرقت جزاسنه توفیقا اجرا قلنه و اصیل
310,1c4a2080-987c-4e68-b9e3-3a94ee454ff9,1c4a2080-987c-4e68-b9e3-3a94ee454ff9-006.png,1c4a2080-987c-4e68-b9e3-3a94ee454ff9-006.gt.txt,17,تكریمات,محبة منی) مطلعندن رونما و اهله ادله موالات و مواخاته براعة الاستهلال حقیقت انتما اولان شرایف تكریمات اخلاصكاری
311,1c4a2080-987c-4e68-b9e3-3a94ee454ff9,1c4a2080-987c-4e68-b9e3-3a94ee454ff9-007.png,1c4a2080-987c-4e68-b9e3-3a94ee454ff9-007.gt.txt,21,كه,و لطایف تعظیمات اختصاص شعاری اتحاف و اهدا اولندقدن صكره مدعای خلت و مصافات بو وجهله بیان و اثبات اولنور كه جهت
312,675e3a55-9125-4502-8f60-b8a5ab6af227,675e3a55-9125-4502-8f60-b8a5ab6af227-024.png,675e3a55-9125-4502-8f60-b8a5ab6af227-024.gt.txt,6,حامی,دخی والی ایله مجلس احكام حامی قوسی اولهجغندن مجموع علما و امرا و مصالح میریهده قوللانیلان كافه مامورین و مستخدمین امور مامورهلرینه دایر
313,1c4a2080-987c-4e68-b9e3-3a94ee454ff9,1c4a2080-987c-4e68-b9e3-3a94ee454ff9-005.png,1c4a2080-987c-4e68-b9e3-3a94ee454ff9-005.gt.txt,9,غره,و خیم عمره و اقباله مویدة و دعایم غره و اجلاله مشیدة باتوفیقات السبحانیه والتاییدات الصمدانیه حضور قاانیلرینه (والقیت علیك
314,423004fa-5205-47a8-9713-37953b6b22b8,423004fa-5205-47a8-9713-37953b6b22b8-006.png,423004fa-5205-47a8-9713-37953b6b22b8-006.gt.txt,22,ماموریتلرنده,اثنای محاربهده تسهیل مخابرات ایچون اختراع اولونمش اولان تلغراف خطنه داعر روسیه و اوستوریه و فرانسه و انكلتره دولتلری نزدنده اتشهمیلترلك ماموریتلرنده بولونان اركان حربیه ضابطانندن اولان استیضاحات اوزرینه الینان تحریراتلر
315,423004fa-5205-47a8-9713-37953b6b22b8,423004fa-5205-47a8-9713-37953b6b22b8-021.png,423004fa-5205-47a8-9713-37953b6b22b8-021.gt.txt,11,صورتلرینك,و اوستوریه امور خارجیه نظارتلرینه تبلیغات لازیمه بالاجرا الینان جوابلر صورتلرینك كوندریلدیكنی خاوی وارد اولان ایكی قطعه تحریراتك صورتلری لفا و اوراق متفرعه ایله
316,1c4a2080-987c-4e68-b9e3-3a94ee454ff9,1c4a2080-987c-4e68-b9e3-3a94ee454ff9-006.png,1c4a2080-987c-4e68-b9e3-3a94ee454ff9-006.gt.txt,8,موالات,محبة منی) مطلعندن رونما و اهله ادله موالات و مواخاته براعة الاستهلال حقیقت انتما اولان شرایف تكریمات اخلاصكاری
317,1c4a2080-987c-4e68-b9e3-3a94ee454ff9,1c4a2080-987c-4e68-b9e3-3a94ee454ff9-016.png,1c4a2080-987c-4e68-b9e3-3a94ee454ff9-016.gt.txt,5,كیانیلری,اخبار صحت و سلامت كیانیلری ایله بو طرفی دخی حصه مند مسار ایتمك اوزره همان عودتنه رخصت ویرلمسی مرجو و متمنادر
318,675e3a55-9125-4502-8f60-b8a5ab6af227,675e3a55-9125-4502-8f60-b8a5ab6af227-025.png,675e3a55-9125-4502-8f60-b8a5ab6af227-025.gt.txt,1,هر,هر بر افعال و حركاتلرندن طولایی مسیول اولدقلرندن بریسنك مصلحت مامورهسنده تكاسلی رو نما اولور ایسه اقالیم مجلسلرنده ویاخود احكام مصریه
319,675e3a55-9125-4502-8f60-b8a5ab6af227,675e3a55-9125-4502-8f60-b8a5ab6af227-011.png,675e3a55-9125-4502-8f60-b8a5ab6af227-011.gt.txt,19,تحصیل,ویا اشیای سایرهدن اختلاسه یعنی اخذ و كتمه جسارت ایتمش اولدیغی علنا محاكمه اولنهرق ثبوت اولدیغی حالده كندوسندن تحصیل اولنه و اداسنده
320,1c4a2080-987c-4e68-b9e3-3a94ee454ff9,1c4a2080-987c-4e68-b9e3-3a94ee454ff9-017.png,1c4a2080-987c-4e68-b9e3-3a94ee454ff9-017.gt.txt,13,ارالرینه,حدود مسیلهسنه كلینجه رای منیر مشكل كشا و ضمیر مهر نظیر عالم ارالرینه روشنادر كه تبعه ایرانیهدن اولان اكراد ایله دیكر صونف اهالی بیننده
321,2d16a812-a123-4f29-9d3d-34d3c0be1498,2d16a812-a123-4f29-9d3d-34d3c0be1498-004.png,2d16a812-a123-4f29-9d3d-34d3c0be1498-004.gt.txt,17,مرقوم,اولدیغی حسبیله تجربه اولوندكدن صوكره الت مذكورهیی یاپوب صاتمق اوزره اوستوریه و پروسیه و ایسوچ دولتلرنده مرقوم امریقهلیه امتیاز براتی ویریلمش و صنعتنی ممالك
322,423004fa-5205-47a8-9713-37953b6b22b8,423004fa-5205-47a8-9713-37953b6b22b8-007.png,423004fa-5205-47a8-9713-37953b6b22b8-007.gt.txt,20,اوراق,مالالرینه نظرا مذكور تلغرافك اوچ قسم اولارق ایجاد اولوندیغی اكلاشیلدیغندن بونك لدالحاجه دولت عالیهجه دخی قوللانیلمق اوزره اعمالی ضمننده اوراق مورودهنك مكتب حربیه شاهانه مجلس معاریفنجه بالتدقیق انواع ثلاثه
323,1c4a2080-987c-4e68-b9e3-3a94ee454ff9,1c4a2080-987c-4e68-b9e3-3a94ee454ff9-010.png,1c4a2080-987c-4e68-b9e3-3a94ee454ff9-010.gt.txt,9,عمزاده,اساس اتحاد ایچون وسیله تحریسندن خالی اولمدیغم حالده عمزاده قاانیلری سعادت نصاب فخامت انتساب ایفای فریضه حج ایچون بو طرفلره كلوب
324,88dc077b-d603-4af0-b3c1-0a6203f74ab2,88dc077b-d603-4af0-b3c1-0a6203f74ab2-004.png,88dc077b-d603-4af0-b3c1-0a6203f74ab2-004.gt.txt,7,همم,لازمهدن اولمغله اولوجهله اجرای اقتضالری خصوصنه همم بهیهلری دركار بیورلمق بابنده اراده افندمكدر ١٦ ل سنه ٢٦٤
325,423004fa-5205-47a8-9713-37953b6b22b8,423004fa-5205-47a8-9713-37953b6b22b8-012.png,423004fa-5205-47a8-9713-37953b6b22b8-012.gt.txt,21,موقوف,قسمنده داخل اولمسیله بعدما طلبهیه تدریس اولوناجغی بدیهی اولوب مع مافه بو مثللو تطبیقات فنیهده حصول ممارسه و اقتدار استخدامه موقوف اولدیغندن پاریسده مكتب صنایع شاكردانندن اولوب ماكینه تحصیلنه
326,675e3a55-9125-4502-8f60-b8a5ab6af227,675e3a55-9125-4502-8f60-b8a5ab6af227-006.png,675e3a55-9125-4502-8f60-b8a5ab6af227-006.gt.txt,1,جبرا,جبرا المق ویا صاتدرمق ایچون بالذات ویاخود بالواسطه اجبار ایلمك مثللو شیلر وجها من الوجوه جایز اولمیه و اكر بو مثللو ماده ممنوعه و مكروههیه جسارت
327,1c4a2080-987c-4e68-b9e3-3a94ee454ff9,1c4a2080-987c-4e68-b9e3-3a94ee454ff9-010.png,1c4a2080-987c-4e68-b9e3-3a94ee454ff9-010.gt.txt,7,اولمدیغم,اساس اتحاد ایچون وسیله تحریسندن خالی اولمدیغم حالده عمزاده قاانیلری سعادت نصاب فخامت انتساب ایفای فریضه حج ایچون بو طرفلره كلوب
328,fa1bd90d-5fca-4e1f-a032-754c82a44fae,fa1bd90d-5fca-4e1f-a032-754c82a44fae-000.png,fa1bd90d-5fca-4e1f-a032-754c82a44fae-000.gt.txt,9,گیجهده,بر وقت، بارلهده، چام طاغالده، یوكسك بر موقعده، گیجهده ثمانڭ یوزینه باقدم۔ گلهجك فقرهلر
329,423004fa-5205-47a8-9713-37953b6b22b8,423004fa-5205-47a8-9713-37953b6b22b8-008.png,423004fa-5205-47a8-9713-37953b6b22b8-008.gt.txt,21,جریان,مذكورهدن برینه قرار ویریلهرك نتیجه قرارك بیلدیریلمسی حقنده مكاتب عسكریه نظارت بهیهسیله جریان ایدن مخابره اوزرینه یازیلان جوابده بو بابده جریان ایدن مذاكراتی متضمن مجلس مذكوردن تنظیم اولونان مذكرهنك ارسال قیلیندیغی
330,675e3a55-9125-4502-8f60-b8a5ab6af227,675e3a55-9125-4502-8f60-b8a5ab6af227-007.png,675e3a55-9125-4502-8f60-b8a5ab6af227-007.gt.txt,5,برینك,ایدن اولور ایسه فرضا برینك مال و املاكنه تسلطی وقوعنده منع و دفع اولنوب شاید بر تقریب ایله ضبط ایتمش بولنور ایسه مضبوط اولان مال و املاك
331,54ec03e8-858e-4976-9e36-f4a1945e5130,54ec03e8-858e-4976-9e36-f4a1945e5130-008.png,54ec03e8-858e-4976-9e36-f4a1945e5130-008.gt.txt,6,غصب,و هر نه كه نهبی غصب ایلمشلر ایسه مرقومان مزبور علی بك ایله بینلرنده اقتسام ایلهدكلرندن باشقه اق
332,1c4a2080-987c-4e68-b9e3-3a94ee454ff9,1c4a2080-987c-4e68-b9e3-3a94ee454ff9-007.png,1c4a2080-987c-4e68-b9e3-3a94ee454ff9-007.gt.txt,10,صكره,و لطایف تعظیمات اختصاص شعاری اتحاف و اهدا اولندقدن صكره مدعای خلت و مصافات بو وجهله بیان و اثبات اولنور كه جهت
333,675e3a55-9125-4502-8f60-b8a5ab6af227,675e3a55-9125-4502-8f60-b8a5ab6af227-016.png,675e3a55-9125-4502-8f60-b8a5ab6af227-016.gt.txt,18,جزاسنه,و مقبوضات و مدفوعاتدن بر كونه ارتقاب تبین ایلدیكی حالده ارتقاب ایدن ادمدن استرداد اولنوب تادیبی سرقت جزاسنه توفیقا اجرا قلنه و اصیل
334,1c4a2080-987c-4e68-b9e3-3a94ee454ff9,1c4a2080-987c-4e68-b9e3-3a94ee454ff9-004.png,1c4a2080-987c-4e68-b9e3-3a94ee454ff9-004.gt.txt,1,خاقان,خاقان جمجاه قاان با انتباه ناصرالدین شاه لا ذالت ابواب موالاته مفتوحة بالاخلاص و سرادقات مصافاته مرفوعة بالاختصاص
335,675e3a55-9125-4502-8f60-b8a5ab6af227,675e3a55-9125-4502-8f60-b8a5ab6af227-000.png,675e3a55-9125-4502-8f60-b8a5ab6af227-000.gt.txt,11,جسارت,یدنجی ماده الت جارحهدن معدود اولمیان شیلر ایله بربرلرینی ضربه جسارت ایدنلرك قباحتلری درجهسنه كوره اون بش كوندن اوج ماهه قدر حپس ایله
336,54ec03e8-858e-4976-9e36-f4a1945e5130,54ec03e8-858e-4976-9e36-f4a1945e5130-007.png,54ec03e8-858e-4976-9e36-f4a1945e5130-007.gt.txt,4,بیل-جمله,احراق بیك-نار ایلهیوب بیل-جمله اموال و اشیالر غارت و اهالی قریهدن ایكی نفر كیمهسنهیی بلا-جرم قتلن اعدام
337,1c4a2080-987c-4e68-b9e3-3a94ee454ff9,1c4a2080-987c-4e68-b9e3-3a94ee454ff9-018.png,1c4a2080-987c-4e68-b9e3-3a94ee454ff9-018.gt.txt,12,معاونته,رو نما اولان اختلافات اوزرینه برو طرف اكرادندن بعضیلری بحسب الجنسیه معاونته سكرتمكده اولدقلری لدی الاستحبار
338,54ec03e8-858e-4976-9e36-f4a1945e5130,54ec03e8-858e-4976-9e36-f4a1945e5130-011.png,54ec03e8-858e-4976-9e36-f4a1945e5130-011.gt.txt,2,وافر,اجیلدن وافر ایام اول حوالیدن مرور و عبور منقطع  اولدیغی
339,fa1bd90d-5fca-4e1f-a032-754c82a44fae,fa1bd90d-5fca-4e1f-a032-754c82a44fae-001.png,fa1bd90d-5fca-4e1f-a032-754c82a44fae-001.gt.txt,1,بردن,بردن خطور ایتدی۔ ییلدیزلرڭ لسان حال ایله قونوشمهلرینی خیالا ایشیتدم گبی بو یازیلدی۔ نظم و
340,2d16a812-a123-4f29-9d3d-34d3c0be1498,2d16a812-a123-4f29-9d3d-34d3c0be1498-008.png,2d16a812-a123-4f29-9d3d-34d3c0be1498-008.gt.txt,16,بیورولماق,مذكورنك رسمیله استعمالنه دعیر تعریفاتنی خاوی فرانسزجه بر لایحه ویرمش اولمغن منظور علی نظارت پناهیلری بیورولماق اوزره لفا تقدیم قیلینمش و بونك عسكریجه
341,1c4a2080-987c-4e68-b9e3-3a94ee454ff9,1c4a2080-987c-4e68-b9e3-3a94ee454ff9-006.png,1c4a2080-987c-4e68-b9e3-3a94ee454ff9-006.gt.txt,11,براعة,محبة منی) مطلعندن رونما و اهله ادله موالات و مواخاته براعة الاستهلال حقیقت انتما اولان شرایف تكریمات اخلاصكاری
342,423004fa-5205-47a8-9713-37953b6b22b8,423004fa-5205-47a8-9713-37953b6b22b8-015.png,423004fa-5205-47a8-9713-37953b6b22b8-015.gt.txt,20,قیلیندیغی,مضبطه مذكوره مندراجتی پك یولونده و بجا كورونمش ایسه ده اول امرده اول صورتله كرك پاریسده بولونان طلبهدن تعین قیلیندیغی و كرك بوراجه مكتبدن مخرج مقتدر ضابطاندن برقاچ نفری مخصوصان كوندریلدیكی
343,54ec03e8-858e-4976-9e36-f4a1945e5130,54ec03e8-858e-4976-9e36-f4a1945e5130-008.png,54ec03e8-858e-4976-9e36-f4a1945e5130-008.gt.txt,14,بینلرنده,و هر نه كه نهبی غصب ایلمشلر ایسه مرقومان مزبور علی بك ایله بینلرنده اقتسام ایلهدكلرندن باشقه اق
344,ea15505d-d2a8-493f-99ea-6ea0e2615a09,ea15505d-d2a8-493f-99ea-6ea0e2615a09-002.png,ea15505d-d2a8-493f-99ea-6ea0e2615a09-002.gt.txt,13,مسافه,اسطرلاب علمنده اولان صفیحه نام كتابك شرحنه موفق اولدیغی و بغداد كبی مسافه باعدهدن بو طرفه كلدیكی جهتله پدری
345,1c4a2080-987c-4e68-b9e3-3a94ee454ff9,1c4a2080-987c-4e68-b9e3-3a94ee454ff9-012.png,1c4a2080-987c-4e68-b9e3-3a94ee454ff9-012.gt.txt,5,اخلاص,موضوع بحث اولان مدعای اخلاص و اختصاصه بر دلیل جدید كوسترلمشدر و بو كره اولجانب حقایق جالبه عودتنده بك دخی
346,1c4a2080-987c-4e68-b9e3-3a94ee454ff9,1c4a2080-987c-4e68-b9e3-3a94ee454ff9-007.png,1c4a2080-987c-4e68-b9e3-3a94ee454ff9-007.gt.txt,19,اثبات,و لطایف تعظیمات اختصاص شعاری اتحاف و اهدا اولندقدن صكره مدعای خلت و مصافات بو وجهله بیان و اثبات اولنور كه جهت
347,54ec03e8-858e-4976-9e36-f4a1945e5130,54ec03e8-858e-4976-9e36-f4a1945e5130-006.png,54ec03e8-858e-4976-9e36-f4a1945e5130-006.gt.txt,12,باب,داعیهسیله تظلم و استرحام ایلهدكلرنده مالوف اولدقلری شكوتلرك مزداد ایله یوز باب خانهلی بر قریه
348,9b55f175-618f-4cf6-8ccf-8936d1cbff34,9b55f175-618f-4cf6-8ccf-8936d1cbff34-001.png,9b55f175-618f-4cf6-8ccf-8936d1cbff34-001.gt.txt,5,حسنهسنی,قات اندر قات مكافات حسنهسنی كورر
349,2d16a812-a123-4f29-9d3d-34d3c0be1498,2d16a812-a123-4f29-9d3d-34d3c0be1498-003.png,2d16a812-a123-4f29-9d3d-34d3c0be1498-003.gt.txt,10,اوروپهیه,بو یاقینلرده امریقهلونك بری بر دیكمك التی ایجاد ایدوب اوروپهیه كتیرمش و بو التله چوقا و مشین و امثالی شیلر دیكیلهبیلهجكندن فایدهلی مخترعات جدیدهدن بولونمش
350,fa1bd90d-5fca-4e1f-a032-754c82a44fae,fa1bd90d-5fca-4e1f-a032-754c82a44fae-000.png,fa1bd90d-5fca-4e1f-a032-754c82a44fae-000.gt.txt,11,یوزینه,بر وقت، بارلهده، چام طاغالده، یوكسك بر موقعده، گیجهده ثمانڭ یوزینه باقدم۔ گلهجك فقرهلر
351,675e3a55-9125-4502-8f60-b8a5ab6af227,675e3a55-9125-4502-8f60-b8a5ab6af227-018.png,675e3a55-9125-4502-8f60-b8a5ab6af227-018.gt.txt,20,ایدر,اولنان امتعه  و اشیا و الات و ادواتدن برینی عدم دقت و اهتمامدن ناشی تلف و ضایع ایتدیكی تحقق ایدر ایسه  اول اشیانك بهاسی جزا كندوسنه  تضمین
352,88dc077b-d603-4af0-b3c1-0a6203f74ab2,88dc077b-d603-4af0-b3c1-0a6203f74ab2-004.png,88dc077b-d603-4af0-b3c1-0a6203f74ab2-004.gt.txt,8,بهیهلری,لازمهدن اولمغله اولوجهله اجرای اقتضالری خصوصنه همم بهیهلری دركار بیورلمق بابنده اراده افندمكدر ١٦ ل سنه ٢٦٤
353,fa1bd90d-5fca-4e1f-a032-754c82a44fae,fa1bd90d-5fca-4e1f-a032-754c82a44fae-006.png,fa1bd90d-5fca-4e1f-a032-754c82a44fae-006.gt.txt,12,سلطاننه,هپ برابر نطقه كلمش، حق لسانیله دیرلر: بر قادر ذوالجلالڭ حشمت سلطاننه،
354,675e3a55-9125-4502-8f60-b8a5ab6af227,675e3a55-9125-4502-8f60-b8a5ab6af227-016.png,675e3a55-9125-4502-8f60-b8a5ab6af227-016.gt.txt,17,سرقت,و مقبوضات و مدفوعاتدن بر كونه ارتقاب تبین ایلدیكی حالده ارتقاب ایدن ادمدن استرداد اولنوب تادیبی سرقت جزاسنه توفیقا اجرا قلنه و اصیل
355,1c4a2080-987c-4e68-b9e3-3a94ee454ff9,1c4a2080-987c-4e68-b9e3-3a94ee454ff9-002.png,1c4a2080-987c-4e68-b9e3-3a94ee454ff9-002.gt.txt,2,نهار,معدل نهار نصفت مكمل بهار شفقت ماه منیر سپهر بختیاری شاه سریر سروری و كامكاری متوسد جایكاه كیانی مستند چار بالش جهانبانی
356,423004fa-5205-47a8-9713-37953b6b22b8,423004fa-5205-47a8-9713-37953b6b22b8-021.png,423004fa-5205-47a8-9713-37953b6b22b8-021.gt.txt,6,تبلیغات,و اوستوریه امور خارجیه نظارتلرینه تبلیغات لازیمه بالاجرا الینان جوابلر صورتلرینك كوندریلدیكنی خاوی وارد اولان ایكی قطعه تحریراتك صورتلری لفا و اوراق متفرعه ایله
357,54ec03e8-858e-4976-9e36-f4a1945e5130,54ec03e8-858e-4976-9e36-f4a1945e5130-006.png,54ec03e8-858e-4976-9e36-f4a1945e5130-006.gt.txt,8,شكوتلرك,داعیهسیله تظلم و استرحام ایلهدكلرنده مالوف اولدقلری شكوتلرك مزداد ایله یوز باب خانهلی بر قریه
358,ea15505d-d2a8-493f-99ea-6ea0e2615a09,ea15505d-d2a8-493f-99ea-6ea0e2615a09-010.png,ea15505d-d2a8-493f-99ea-6ea0e2615a09-010.gt.txt,4,كمال,مومیالیه فضل و كمال اصحابندن و شایان عاطفت داعیانندن
359,54ec03e8-858e-4976-9e36-f4a1945e5130,54ec03e8-858e-4976-9e36-f4a1945e5130-000.png,54ec03e8-858e-4976-9e36-f4a1945e5130-000.gt.txt,7,تقریریدر,طرسوس طرفندن كلن چوقادار حسن قوللرینك تقریریدر:
360,1c4a2080-987c-4e68-b9e3-3a94ee454ff9,1c4a2080-987c-4e68-b9e3-3a94ee454ff9-004.png,1c4a2080-987c-4e68-b9e3-3a94ee454ff9-004.gt.txt,18,بالاختصاص,خاقان جمجاه قاان با انتباه ناصرالدین شاه لا ذالت ابواب موالاته مفتوحة بالاخلاص و سرادقات مصافاته مرفوعة بالاختصاص
361,675e3a55-9125-4502-8f60-b8a5ab6af227,675e3a55-9125-4502-8f60-b8a5ab6af227-001.png,675e3a55-9125-4502-8f60-b8a5ab6af227-001.gt.txt,22,تعذیرلری,تعذیر اولنهجقلری مثللو كذالك صورت شرعیهسنه تطبیقا بو مقولهلرك ینه درجه جنحهسنه كوره اوچدن یتمش طقوز عدده قدر دكنك ضربیله دخی تعذیرلری
362,675e3a55-9125-4502-8f60-b8a5ab6af227,675e3a55-9125-4502-8f60-b8a5ab6af227-018.png,675e3a55-9125-4502-8f60-b8a5ab6af227-018.gt.txt,17,ضایع,اولنان امتعه  و اشیا و الات و ادواتدن برینی عدم دقت و اهتمامدن ناشی تلف و ضایع ایتدیكی تحقق ایدر ایسه  اول اشیانك بهاسی جزا كندوسنه  تضمین
363,2d16a812-a123-4f29-9d3d-34d3c0be1498,2d16a812-a123-4f29-9d3d-34d3c0be1498-005.png,2d16a812-a123-4f29-9d3d-34d3c0be1498-005.gt.txt,15,برابر,محروسهده اجرا ایتمك اوزره درعلیهیه عزیمت ایلهمك نیتنده اولدیغنی سفارتخانه سنیهیه كلوب افاده ایله برابر سلطنت سنیه طرفندن دخی ذكر اولونان التی اعمال و فروخت
364,2d16a812-a123-4f29-9d3d-34d3c0be1498,2d16a812-a123-4f29-9d3d-34d3c0be1498-003.png,2d16a812-a123-4f29-9d3d-34d3c0be1498-003.gt.txt,19,امثالی,بو یاقینلرده امریقهلونك بری بر دیكمك التی ایجاد ایدوب اوروپهیه كتیرمش و بو التله چوقا و مشین و امثالی شیلر دیكیلهبیلهجكندن فایدهلی مخترعات جدیدهدن بولونمش
365,675e3a55-9125-4502-8f60-b8a5ab6af227,675e3a55-9125-4502-8f60-b8a5ab6af227-000.png,675e3a55-9125-4502-8f60-b8a5ab6af227-000.gt.txt,12,ایدنلرك,یدنجی ماده الت جارحهدن معدود اولمیان شیلر ایله بربرلرینی ضربه جسارت ایدنلرك قباحتلری درجهسنه كوره اون بش كوندن اوج ماهه قدر حپس ایله
366,54ec03e8-858e-4976-9e36-f4a1945e5130,54ec03e8-858e-4976-9e36-f4a1945e5130-005.png,54ec03e8-858e-4976-9e36-f4a1945e5130-005.gt.txt,11,مرقومهیی,مظالمه و خساراته اجتسارلر اشكار اولمقدن ناشی اهالی قرعه اشقیای مرقومهیی بو افعال شنیعهدن منعی
367,54ec03e8-858e-4976-9e36-f4a1945e5130,54ec03e8-858e-4976-9e36-f4a1945e5130-001.png,54ec03e8-858e-4976-9e36-f4a1945e5130-001.gt.txt,4,بكییسی,منمنجی عشیرتی بوی بكییسی اولیب اطنه جوارنده واقع چاقی نام محلده ساكن منمنجی اوغلی علی بك نام
368,675e3a55-9125-4502-8f60-b8a5ab6af227,675e3a55-9125-4502-8f60-b8a5ab6af227-021.png,675e3a55-9125-4502-8f60-b8a5ab6af227-021.gt.txt,5,اولمسی,دخی معتمد و موتمن اولمسی لازم كلهجكنه بناء بعد ازین او مقوله خدمتلرده هیچ بر طرفك خاطر ایچون ادم استحدامی جایز اولمیه
369,675e3a55-9125-4502-8f60-b8a5ab6af227,675e3a55-9125-4502-8f60-b8a5ab6af227-004.png,675e3a55-9125-4502-8f60-b8a5ab6af227-004.gt.txt,1,برنجی,برنجی ماده طرف دولتعلیهدن و وراثت فرمان عالیسی موجبنجه مصر والیلرینه محول اولان حكومت محلیه و بالتوارث والی بولنان ذات ایله مامورین
370,423004fa-5205-47a8-9713-37953b6b22b8,423004fa-5205-47a8-9713-37953b6b22b8-012.png,423004fa-5205-47a8-9713-37953b6b22b8-012.gt.txt,23,پاریسده,قسمنده داخل اولمسیله بعدما طلبهیه تدریس اولوناجغی بدیهی اولوب مع مافه بو مثللو تطبیقات فنیهده حصول ممارسه و اقتدار استخدامه موقوف اولدیغندن پاریسده مكتب صنایع شاكردانندن اولوب ماكینه تحصیلنه
371,423004fa-5205-47a8-9713-37953b6b22b8,423004fa-5205-47a8-9713-37953b6b22b8-008.png,423004fa-5205-47a8-9713-37953b6b22b8-008.gt.txt,26,مذكوردن,مذكورهدن برینه قرار ویریلهرك نتیجه قرارك بیلدیریلمسی حقنده مكاتب عسكریه نظارت بهیهسیله جریان ایدن مخابره اوزرینه یازیلان جوابده بو بابده جریان ایدن مذاكراتی متضمن مجلس مذكوردن تنظیم اولونان مذكرهنك ارسال قیلیندیغی
372,675e3a55-9125-4502-8f60-b8a5ab6af227,675e3a55-9125-4502-8f60-b8a5ab6af227-025.png,675e3a55-9125-4502-8f60-b8a5ab6af227-025.gt.txt,18,مجلسلرنده,هر بر افعال و حركاتلرندن طولایی مسیول اولدقلرندن بریسنك مصلحت مامورهسنده تكاسلی رو نما اولور ایسه اقالیم مجلسلرنده ویاخود احكام مصریه
373,fa1bd90d-5fca-4e1f-a032-754c82a44fae,fa1bd90d-5fca-4e1f-a032-754c82a44fae-012.png,fa1bd90d-5fca-4e1f-a032-754c82a44fae-012.gt.txt,3,ذوالكمالك,بر قادر ذوالكمالك، بر حاكم ذوالجلالك برر معجزه قدرت، برر خارقه صنعت خلیقهنه، برر نادره حكمت، برر
374,1c4a2080-987c-4e68-b9e3-3a94ee454ff9,1c4a2080-987c-4e68-b9e3-3a94ee454ff9-004.png,1c4a2080-987c-4e68-b9e3-3a94ee454ff9-004.gt.txt,15,سرادقات,خاقان جمجاه قاان با انتباه ناصرالدین شاه لا ذالت ابواب موالاته مفتوحة بالاخلاص و سرادقات مصافاته مرفوعة بالاختصاص
375,ea15505d-d2a8-493f-99ea-6ea0e2615a09,ea15505d-d2a8-493f-99ea-6ea0e2615a09-008.png,ea15505d-d2a8-493f-99ea-6ea0e2615a09-008.gt.txt,6,مجلس,طرفندن باتذكره افاده اولونمسیله كیفیت مجلس والاده
376,fa1bd90d-5fca-4e1f-a032-754c82a44fae,fa1bd90d-5fca-4e1f-a032-754c82a44fae-015.png,fa1bd90d-5fca-4e1f-a032-754c82a44fae-015.gt.txt,13,منسوب,سكهمز بر، طرهمز بر، ربمزه مسخرز، مسبحز، ذكرایدرز عابدانه، كهكشانك حلقه كبراسنه منسوب برر مجذوبلرز بز۔“
377,2d16a812-a123-4f29-9d3d-34d3c0be1498,2d16a812-a123-4f29-9d3d-34d3c0be1498-006.png,2d16a812-a123-4f29-9d3d-34d3c0be1498-006.gt.txt,11,اعطا,ایلهمك اوزره كندیسنه بر سنه و داها زیاده مدت امتیاز اعطا اولنهبیلوب اولنهمیهجغنی اولجه اكلامق ایستهمش و مذكور امتیاز براتی پروسیهده كندینه اقچهسز ویریلمش ایسه ده
378,2d16a812-a123-4f29-9d3d-34d3c0be1498,2d16a812-a123-4f29-9d3d-34d3c0be1498-010.png,2d16a812-a123-4f29-9d3d-34d3c0be1498-010.gt.txt,6,محاط,مكارمعاده هیدیویلرینه منوط بولونمش اولدیغی محاط علم علی نظارت پناهیلری بیورولدقده اول بابده و هر حالده امر و فرمان و لطف و احسان حضرت منع لهالامركدر
379,675e3a55-9125-4502-8f60-b8a5ab6af227,675e3a55-9125-4502-8f60-b8a5ab6af227-012.png,675e3a55-9125-4502-8f60-b8a5ab6af227-012.gt.txt,22,اختلاس,صورت عسرت كوستریر ایسه ما ملكندن اولمقداری فروخت اولنهرق بعد التحصیل بر دخی خدمات میریهده استخدام اولنمامق اوزره طرد قلنه و اختلاس
380,423004fa-5205-47a8-9713-37953b6b22b8,423004fa-5205-47a8-9713-37953b6b22b8-009.png,423004fa-5205-47a8-9713-37953b6b22b8-009.gt.txt,33,ایلری,بیان اولونمش و مذكور مذكره لدالمتعه خلاصه مالالی مذكور اوچ نوع تلغرافدن بر نوعی اوردو ایله متحرك اولوب باش قوماندان ایله فرقه قوماندانلقلرینك مخابراتنه مخصوص اولدیغی كبی نوع دیكری میدان محاربه ایله ایلری
381,ea15505d-d2a8-493f-99ea-6ea0e2615a09,ea15505d-d2a8-493f-99ea-6ea0e2615a09-011.png,ea15505d-d2a8-493f-99ea-6ea0e2615a09-011.gt.txt,3,پدری,اولوب فقط پدری متوفای مومی‌الیه
382,ea15505d-d2a8-493f-99ea-6ea0e2615a09,ea15505d-d2a8-493f-99ea-6ea0e2615a09-012.png,ea15505d-d2a8-493f-99ea-6ea0e2615a09-012.gt.txt,2,ویریلمسی,سالیهسندن ویریلمسی اویهمهیجغندن اول باول مخلول وقوعنده مناسب مقدار ماعاش ویریلمك اوزره كیفیتك
383,88dc077b-d603-4af0-b3c1-0a6203f74ab2,88dc077b-d603-4af0-b3c1-0a6203f74ab2-004.png,88dc077b-d603-4af0-b3c1-0a6203f74ab2-004.gt.txt,10,بیورلمق,لازمهدن اولمغله اولوجهله اجرای اقتضالری خصوصنه همم بهیهلری دركار بیورلمق بابنده اراده افندمكدر ١٦ ل سنه ٢٦٤
384,675e3a55-9125-4502-8f60-b8a5ab6af227,675e3a55-9125-4502-8f60-b8a5ab6af227-007.png,675e3a55-9125-4502-8f60-b8a5ab6af227-007.gt.txt,17,تقریب,ایدن اولور ایسه فرضا برینك مال و املاكنه تسلطی وقوعنده منع و دفع اولنوب شاید بر تقریب ایله ضبط ایتمش بولنور ایسه مضبوط اولان مال و املاك
385,423004fa-5205-47a8-9713-37953b6b22b8,423004fa-5205-47a8-9713-37953b6b22b8-012.png,423004fa-5205-47a8-9713-37953b6b22b8-012.gt.txt,7,اولوناجغی,قسمنده داخل اولمسیله بعدما طلبهیه تدریس اولوناجغی بدیهی اولوب مع مافه بو مثللو تطبیقات فنیهده حصول ممارسه و اقتدار استخدامه موقوف اولدیغندن پاریسده مكتب صنایع شاكردانندن اولوب ماكینه تحصیلنه
386,675e3a55-9125-4502-8f60-b8a5ab6af227,675e3a55-9125-4502-8f60-b8a5ab6af227-005.png,675e3a55-9125-4502-8f60-b8a5ab6af227-005.gt.txt,15,دیكر,طرفلرندن كمسنهنك مال و املاكنه وضع ید اولنمیه و بیوك و كوچك بر كمسنه دیكر بریسنك مال و املاكنه بغیر حق تعرض و تسلط و مداخله ایتمك ویاخود
387,54ec03e8-858e-4976-9e36-f4a1945e5130,54ec03e8-858e-4976-9e36-f4a1945e5130-004.png,54ec03e8-858e-4976-9e36-f4a1945e5130-004.gt.txt,8,حیواناته,مقاطعهسی قرالرینه تسلیط برله رعایا فقراسنك مزروعاتلرك حیواناته اكلی و پای-مال و بونك امثالی انواع
388,675e3a55-9125-4502-8f60-b8a5ab6af227,675e3a55-9125-4502-8f60-b8a5ab6af227-026.png,675e3a55-9125-4502-8f60-b8a5ab6af227-026.gt.txt,7,ثابت,مجلسنده دعواسی كوریلوب با لمحاكمه جنحهسی ثابت اولور ایسه حقنده بر موجب قانون معامله جذاییه اجرا اولنه
389,ea15505d-d2a8-493f-99ea-6ea0e2615a09,ea15505d-d2a8-493f-99ea-6ea0e2615a09-007.png,ea15505d-d2a8-493f-99ea-6ea0e2615a09-007.gt.txt,1,عمومیه,عمومیه ناظری دولتلو پاشا حضرتلری
390,1c4a2080-987c-4e68-b9e3-3a94ee454ff9,1c4a2080-987c-4e68-b9e3-3a94ee454ff9-012.png,1c4a2080-987c-4e68-b9e3-3a94ee454ff9-012.gt.txt,17,جالبه,موضوع بحث اولان مدعای اخلاص و اختصاصه بر دلیل جدید كوسترلمشدر و بو كره اولجانب حقایق جالبه عودتنده بك دخی
391,423004fa-5205-47a8-9713-37953b6b22b8,423004fa-5205-47a8-9713-37953b6b22b8-007.png,423004fa-5205-47a8-9713-37953b6b22b8-007.gt.txt,3,مذكور,مالالرینه نظرا مذكور تلغرافك اوچ قسم اولارق ایجاد اولوندیغی اكلاشیلدیغندن بونك لدالحاجه دولت عالیهجه دخی قوللانیلمق اوزره اعمالی ضمننده اوراق مورودهنك مكتب حربیه شاهانه مجلس معاریفنجه بالتدقیق انواع ثلاثه
392,54ec03e8-858e-4976-9e36-f4a1945e5130,54ec03e8-858e-4976-9e36-f4a1945e5130-003.png,54ec03e8-858e-4976-9e36-f4a1945e5130-003.gt.txt,10,وجه,باغیلری اوچ یوز نفر مقدار عشیرت مزبور اشكیاسیله بر وجه مالكانه عهده چاكریده اولان طرسوس
393,1c4a2080-987c-4e68-b9e3-3a94ee454ff9,1c4a2080-987c-4e68-b9e3-3a94ee454ff9-002.png,1c4a2080-987c-4e68-b9e3-3a94ee454ff9-002.gt.txt,12,سریر,معدل نهار نصفت مكمل بهار شفقت ماه منیر سپهر بختیاری شاه سریر سروری و كامكاری متوسد جایكاه كیانی مستند چار بالش جهانبانی
394,675e3a55-9125-4502-8f60-b8a5ab6af227,675e3a55-9125-4502-8f60-b8a5ab6af227-018.png,675e3a55-9125-4502-8f60-b8a5ab6af227-018.gt.txt,19,تحقق,اولنان امتعه  و اشیا و الات و ادواتدن برینی عدم دقت و اهتمامدن ناشی تلف و ضایع ایتدیكی تحقق ایدر ایسه  اول اشیانك بهاسی جزا كندوسنه  تضمین
395,1c4a2080-987c-4e68-b9e3-3a94ee454ff9,1c4a2080-987c-4e68-b9e3-3a94ee454ff9-002.png,1c4a2080-987c-4e68-b9e3-3a94ee454ff9-002.gt.txt,20,چار,معدل نهار نصفت مكمل بهار شفقت ماه منیر سپهر بختیاری شاه سریر سروری و كامكاری متوسد جایكاه كیانی مستند چار بالش جهانبانی
396,ea15505d-d2a8-493f-99ea-6ea0e2615a09,ea15505d-d2a8-493f-99ea-6ea0e2615a09-003.png,ea15505d-d2a8-493f-99ea-6ea0e2615a09-003.gt.txt,5,شریفی,متوفای مومیالیهن  مرجان جامع شریفی وقفی حاصلاتندن سالیه مخصص اولان یكرمی بش بیك غروشدن شعریه ایكی یوز
397,675e3a55-9125-4502-8f60-b8a5ab6af227,675e3a55-9125-4502-8f60-b8a5ab6af227-007.png,675e3a55-9125-4502-8f60-b8a5ab6af227-007.gt.txt,27,املاك,ایدن اولور ایسه فرضا برینك مال و املاكنه تسلطی وقوعنده منع و دفع اولنوب شاید بر تقریب ایله ضبط ایتمش بولنور ایسه مضبوط اولان مال و املاك
398,423004fa-5205-47a8-9713-37953b6b22b8,423004fa-5205-47a8-9713-37953b6b22b8-016.png,423004fa-5205-47a8-9713-37953b6b22b8-016.gt.txt,14,اولمایاجغنك,صورتده فرانسه و اوستوریه دولتلری تلغراف بولوكلرینه بالادخال تلغراف اصولنك اوكرتیلمسی قابل اولوب اولمایاجغنك بیلینمسی لاظیمدن اولدیغندن بعده ایجابی افاده اولونمق اوزره بو صورتله كوندریلهجك
399,675e3a55-9125-4502-8f60-b8a5ab6af227,675e3a55-9125-4502-8f60-b8a5ab6af227-001.png,675e3a55-9125-4502-8f60-b8a5ab6af227-001.gt.txt,14,اوچدن,تعذیر اولنهجقلری مثللو كذالك صورت شرعیهسنه تطبیقا بو مقولهلرك ینه درجه جنحهسنه كوره اوچدن یتمش طقوز عدده قدر دكنك ضربیله دخی تعذیرلری
400,ea15505d-d2a8-493f-99ea-6ea0e2615a09,ea15505d-d2a8-493f-99ea-6ea0e2615a09-004.png,ea15505d-d2a8-493f-99ea-6ea0e2615a09-004.gt.txt,8,بوكا,اللی غروشونك كندیه اعطاسی املنده بولوندیغی و بوكا دعیر مجلس محاسبهدن كچنده بر مضبطه تنظیم اولونمش ایسه ده هنوز
401,1c4a2080-987c-4e68-b9e3-3a94ee454ff9,1c4a2080-987c-4e68-b9e3-3a94ee454ff9-010.png,1c4a2080-987c-4e68-b9e3-3a94ee454ff9-010.gt.txt,21,كلوب,اساس اتحاد ایچون وسیله تحریسندن خالی اولمدیغم حالده عمزاده قاانیلری سعادت نصاب فخامت انتساب ایفای فریضه حج ایچون بو طرفلره كلوب
402,fa1bd90d-5fca-4e1f-a032-754c82a44fae,fa1bd90d-5fca-4e1f-a032-754c82a44fae-007.png,fa1bd90d-5fca-4e1f-a032-754c82a44fae-007.gt.txt,8,هم,برر برهان نورافشانز وجود صنیعه، هم وحدته، هم قدرته شاهدلرز بز۔
403,fa1bd90d-5fca-4e1f-a032-754c82a44fae,fa1bd90d-5fca-4e1f-a032-754c82a44fae-013.png,fa1bd90d-5fca-4e1f-a032-754c82a44fae-013.gt.txt,5,عالمییز,داهیه خلقت، برر نور عالمییز بز۔ بویله یوز بیك دیل ایله یوز بیك برهان كوستریرز، ایشیتدیریرز انسان
404,675e3a55-9125-4502-8f60-b8a5ab6af227,675e3a55-9125-4502-8f60-b8a5ab6af227-026.png,675e3a55-9125-4502-8f60-b8a5ab6af227-026.gt.txt,1,مجلسنده,مجلسنده دعواسی كوریلوب با لمحاكمه جنحهسی ثابت اولور ایسه حقنده بر موجب قانون معامله جذاییه اجرا اولنه
405,423004fa-5205-47a8-9713-37953b6b22b8,423004fa-5205-47a8-9713-37953b6b22b8-014.png,423004fa-5205-47a8-9713-37953b6b22b8-014.gt.txt,26,اشنا,اولاجغی افادهسندن عبارت بولونمش اولمقدن ناشی كیفیت دار شورای عسكریهیه لدالحواله اكرچی مذكور تلغرافلرك دركار اولان لزوم و محسناتنه نظرا بر ان اول بو اصوله اشنا مامور یتیشدیریلمسی درجه اهمیتده اولارق
406,423004fa-5205-47a8-9713-37953b6b22b8,423004fa-5205-47a8-9713-37953b6b22b8-013.png,423004fa-5205-47a8-9713-37953b6b22b8-013.gt.txt,19,ضابطان,مامور قیلینان افندیلردن ایكی اوچ نفری فرانسه تلغراف بولوكلرینه ویریلهرك برقاچ ماه استخدام قیلیندیغی ویاخود مكتبدن مخرج برقاچ ضابطان مذكور بولوكلره لاجل التعلیم مخصوصا كوندریلدیكی حالده اساس مطلب حاصل
407,2d16a812-a123-4f29-9d3d-34d3c0be1498,2d16a812-a123-4f29-9d3d-34d3c0be1498-005.png,2d16a812-a123-4f29-9d3d-34d3c0be1498-005.gt.txt,22,التی,محروسهده اجرا ایتمك اوزره درعلیهیه عزیمت ایلهمك نیتنده اولدیغنی سفارتخانه سنیهیه كلوب افاده ایله برابر سلطنت سنیه طرفندن دخی ذكر اولونان التی اعمال و فروخت
408,675e3a55-9125-4502-8f60-b8a5ab6af227,675e3a55-9125-4502-8f60-b8a5ab6af227-018.png,675e3a55-9125-4502-8f60-b8a5ab6af227-018.gt.txt,27,تضمین,اولنان امتعه  و اشیا و الات و ادواتدن برینی عدم دقت و اهتمامدن ناشی تلف و ضایع ایتدیكی تحقق ایدر ایسه  اول اشیانك بهاسی جزا كندوسنه  تضمین
409,423004fa-5205-47a8-9713-37953b6b22b8,423004fa-5205-47a8-9713-37953b6b22b8-013.png,423004fa-5205-47a8-9713-37953b6b22b8-013.gt.txt,18,برقاچ,مامور قیلینان افندیلردن ایكی اوچ نفری فرانسه تلغراف بولوكلرینه ویریلهرك برقاچ ماه استخدام قیلیندیغی ویاخود مكتبدن مخرج برقاچ ضابطان مذكور بولوكلره لاجل التعلیم مخصوصا كوندریلدیكی حالده اساس مطلب حاصل
410,2d16a812-a123-4f29-9d3d-34d3c0be1498,2d16a812-a123-4f29-9d3d-34d3c0be1498-004.png,2d16a812-a123-4f29-9d3d-34d3c0be1498-004.gt.txt,15,ایسوچ,اولدیغی حسبیله تجربه اولوندكدن صوكره الت مذكورهیی یاپوب صاتمق اوزره اوستوریه و پروسیه و ایسوچ دولتلرنده مرقوم امریقهلیه امتیاز براتی ویریلمش و صنعتنی ممالك
411,423004fa-5205-47a8-9713-37953b6b22b8,423004fa-5205-47a8-9713-37953b6b22b8-022.png,423004fa-5205-47a8-9713-37953b6b22b8-022.gt.txt,19,افندیم,معا صوب صاملرینه ارسال قیلینمش اولمغله بونلرده مندرج اولان افاداته نظرا اقتضاسنك اجراسی سیاقنده ترقیم ذیله ابتدار قیلیندی افندیم
412,2d16a812-a123-4f29-9d3d-34d3c0be1498,2d16a812-a123-4f29-9d3d-34d3c0be1498-003.png,2d16a812-a123-4f29-9d3d-34d3c0be1498-003.gt.txt,23,مخترعات,بو یاقینلرده امریقهلونك بری بر دیكمك التی ایجاد ایدوب اوروپهیه كتیرمش و بو التله چوقا و مشین و امثالی شیلر دیكیلهبیلهجكندن فایدهلی مخترعات جدیدهدن بولونمش
413,1c4a2080-987c-4e68-b9e3-3a94ee454ff9,1c4a2080-987c-4e68-b9e3-3a94ee454ff9-003.png,1c4a2080-987c-4e68-b9e3-3a94ee454ff9-003.gt.txt,19,سعادت,ذو الدولت الراسحت والعزة الشامحت مالك ممالك ایران زمین كهف الاسلام والمسلمین جمیل الشیم جلیل الهمم دولت پناه سعادت دستكاه
414,2d16a812-a123-4f29-9d3d-34d3c0be1498,2d16a812-a123-4f29-9d3d-34d3c0be1498-006.png,2d16a812-a123-4f29-9d3d-34d3c0be1498-006.gt.txt,22,كندینه,ایلهمك اوزره كندیسنه بر سنه و داها زیاده مدت امتیاز اعطا اولنهبیلوب اولنهمیهجغنی اولجه اكلامق ایستهمش و مذكور امتیاز براتی پروسیهده كندینه اقچهسز ویریلمش ایسه ده
415,423004fa-5205-47a8-9713-37953b6b22b8,423004fa-5205-47a8-9713-37953b6b22b8-021.png,423004fa-5205-47a8-9713-37953b6b22b8-021.gt.txt,7,لازیمه,و اوستوریه امور خارجیه نظارتلرینه تبلیغات لازیمه بالاجرا الینان جوابلر صورتلرینك كوندریلدیكنی خاوی وارد اولان ایكی قطعه تحریراتك صورتلری لفا و اوراق متفرعه ایله
416,54ec03e8-858e-4976-9e36-f4a1945e5130,54ec03e8-858e-4976-9e36-f4a1945e5130-009.png,54ec03e8-858e-4976-9e36-f4a1945e5130-009.gt.txt,11,سبیل,كوپرو نام محلده اقامت و مرور و عبور ایدن ابنا سبیل و اولاقلره تسلیط ایلهدكلرینه بناء دیویلك
417,1c4a2080-987c-4e68-b9e3-3a94ee454ff9,1c4a2080-987c-4e68-b9e3-3a94ee454ff9-006.png,1c4a2080-987c-4e68-b9e3-3a94ee454ff9-006.gt.txt,13,حقیقت,محبة منی) مطلعندن رونما و اهله ادله موالات و مواخاته براعة الاستهلال حقیقت انتما اولان شرایف تكریمات اخلاصكاری
418,1c4a2080-987c-4e68-b9e3-3a94ee454ff9,1c4a2080-987c-4e68-b9e3-3a94ee454ff9-017.png,1c4a2080-987c-4e68-b9e3-3a94ee454ff9-017.gt.txt,7,كشا,حدود مسیلهسنه كلینجه رای منیر مشكل كشا و ضمیر مهر نظیر عالم ارالرینه روشنادر كه تبعه ایرانیهدن اولان اكراد ایله دیكر صونف اهالی بیننده
419,1c4a2080-987c-4e68-b9e3-3a94ee454ff9,1c4a2080-987c-4e68-b9e3-3a94ee454ff9-002.png,1c4a2080-987c-4e68-b9e3-3a94ee454ff9-002.gt.txt,17,جایكاه,معدل نهار نصفت مكمل بهار شفقت ماه منیر سپهر بختیاری شاه سریر سروری و كامكاری متوسد جایكاه كیانی مستند چار بالش جهانبانی
420,675e3a55-9125-4502-8f60-b8a5ab6af227,675e3a55-9125-4502-8f60-b8a5ab6af227-006.png,675e3a55-9125-4502-8f60-b8a5ab6af227-006.gt.txt,25,مكروههیه,جبرا المق ویا صاتدرمق ایچون بالذات ویاخود بالواسطه اجبار ایلمك مثللو شیلر وجها من الوجوه جایز اولمیه و اكر بو مثللو ماده ممنوعه و مكروههیه جسارت
421,423004fa-5205-47a8-9713-37953b6b22b8,423004fa-5205-47a8-9713-37953b6b22b8-022.png,423004fa-5205-47a8-9713-37953b6b22b8-022.gt.txt,2,صوب,معا صوب صاملرینه ارسال قیلینمش اولمغله بونلرده مندرج اولان افاداته نظرا اقتضاسنك اجراسی سیاقنده ترقیم ذیله ابتدار قیلیندی افندیم
422,1c4a2080-987c-4e68-b9e3-3a94ee454ff9,1c4a2080-987c-4e68-b9e3-3a94ee454ff9-004.png,1c4a2080-987c-4e68-b9e3-3a94ee454ff9-004.gt.txt,13,بالاخلاص,خاقان جمجاه قاان با انتباه ناصرالدین شاه لا ذالت ابواب موالاته مفتوحة بالاخلاص و سرادقات مصافاته مرفوعة بالاختصاص
423,423004fa-5205-47a8-9713-37953b6b22b8,423004fa-5205-47a8-9713-37953b6b22b8-010.png,423004fa-5205-47a8-9713-37953b6b22b8-010.gt.txt,17,بالجمله,قرهقوللر و مفرزهلر و كشف قوللرینه منحصر و نوع ثالثنك دارالحركات داخلنده بولونان درجه ثانیه نقطهسیله بالجمله نقط ساعیرهنك ادارهسنی قفیل بولوندیغی جهتلرله شو تلردن اوچ نوعینك دخی تشكیل
424,54ec03e8-858e-4976-9e36-f4a1945e5130,54ec03e8-858e-4976-9e36-f4a1945e5130-009.png,54ec03e8-858e-4976-9e36-f4a1945e5130-009.gt.txt,13,اولاقلره,كوپرو نام محلده اقامت و مرور و عبور ایدن ابنا سبیل و اولاقلره تسلیط ایلهدكلرینه بناء دیویلك
425,423004fa-5205-47a8-9713-37953b6b22b8,423004fa-5205-47a8-9713-37953b6b22b8-018.png,423004fa-5205-47a8-9713-37953b6b22b8-018.gt.txt,11,صدارتپناهیلری,افاده قیلینمش و ایفای مقتضاسی مرهون رای و اراده عالیه صدارتپناهیلری بولونمش اولمغله اول بابده امر و فرمان حضرت ولیالامركدر۔
426,ea15505d-d2a8-493f-99ea-6ea0e2615a09,ea15505d-d2a8-493f-99ea-6ea0e2615a09-003.png,ea15505d-d2a8-493f-99ea-6ea0e2615a09-003.gt.txt,15,شعریه,متوفای مومیالیهن  مرجان جامع شریفی وقفی حاصلاتندن سالیه مخصص اولان یكرمی بش بیك غروشدن شعریه ایكی یوز
427,423004fa-5205-47a8-9713-37953b6b22b8,423004fa-5205-47a8-9713-37953b6b22b8-014.png,423004fa-5205-47a8-9713-37953b6b22b8-014.gt.txt,12,اكرچی,اولاجغی افادهسندن عبارت بولونمش اولمقدن ناشی كیفیت دار شورای عسكریهیه لدالحواله اكرچی مذكور تلغرافلرك دركار اولان لزوم و محسناتنه نظرا بر ان اول بو اصوله اشنا مامور یتیشدیریلمسی درجه اهمیتده اولارق
428,675e3a55-9125-4502-8f60-b8a5ab6af227,675e3a55-9125-4502-8f60-b8a5ab6af227-008.png,675e3a55-9125-4502-8f60-b8a5ab6af227-008.gt.txt,23,خدمتندن,موجود ایسه عینا دكل ایسه ثمنا صاحب اولنه رد ایتدیرلدكدنصكره اول شخصك خلاف قانون حركته جسارتنه بناء ارباب مناصب و ماموریتدن ایسه خدمتندن
429,675e3a55-9125-4502-8f60-b8a5ab6af227,675e3a55-9125-4502-8f60-b8a5ab6af227-021.png,675e3a55-9125-4502-8f60-b8a5ab6af227-021.gt.txt,13,خدمتلرده,دخی معتمد و موتمن اولمسی لازم كلهجكنه بناء بعد ازین او مقوله خدمتلرده هیچ بر طرفك خاطر ایچون ادم استحدامی جایز اولمیه
430,fa1bd90d-5fca-4e1f-a032-754c82a44fae,fa1bd90d-5fca-4e1f-a032-754c82a44fae-003.png,fa1bd90d-5fca-4e1f-a032-754c82a44fae-003.gt.txt,1,سوزك,سوزك برنجی موقفنك اخرندن الینمشدر۔
431,fa1bd90d-5fca-4e1f-a032-754c82a44fae,fa1bd90d-5fca-4e1f-a032-754c82a44fae-007.png,fa1bd90d-5fca-4e1f-a032-754c82a44fae-007.gt.txt,10,شاهدلرز,برر برهان نورافشانز وجود صنیعه، هم وحدته، هم قدرته شاهدلرز بز۔
432,88dc077b-d603-4af0-b3c1-0a6203f74ab2,88dc077b-d603-4af0-b3c1-0a6203f74ab2-003.png,88dc077b-d603-4af0-b3c1-0a6203f74ab2-003.gt.txt,12,تربیهلریله,اجتسار ایتمش اولان اشخاصدن سكز نفرینك تهمتلری تبین بونلرك تادیب و تربیهلریله برایت ذمتلری ظاهر اولان اوچ نفرینك تخلیه سبیلی
433,675e3a55-9125-4502-8f60-b8a5ab6af227,675e3a55-9125-4502-8f60-b8a5ab6af227-022.png,675e3a55-9125-4502-8f60-b8a5ab6af227-022.gt.txt,7,موضوع,بشنجی ماده طرف اشرف حضرت شاهانهدن موضوع جمیع قوانین و نظامات موسسهنك مجلس احكام عدلیه حامی قوسی اولدیغی كبی بالتوارث
434,fa1bd90d-5fca-4e1f-a032-754c82a44fae,fa1bd90d-5fca-4e1f-a032-754c82a44fae-004.png,fa1bd90d-5fca-4e1f-a032-754c82a44fae-004.gt.txt,2,قونوشدیران,ییلدیزلری قونوشدیران بر ییلدیزنامه
435,423004fa-5205-47a8-9713-37953b6b22b8,423004fa-5205-47a8-9713-37953b6b22b8-008.png,423004fa-5205-47a8-9713-37953b6b22b8-008.gt.txt,12,بهیهسیله,مذكورهدن برینه قرار ویریلهرك نتیجه قرارك بیلدیریلمسی حقنده مكاتب عسكریه نظارت بهیهسیله جریان ایدن مخابره اوزرینه یازیلان جوابده بو بابده جریان ایدن مذاكراتی متضمن مجلس مذكوردن تنظیم اولونان مذكرهنك ارسال قیلیندیغی
436,ea15505d-d2a8-493f-99ea-6ea0e2615a09,ea15505d-d2a8-493f-99ea-6ea0e2615a09-012.png,ea15505d-d2a8-493f-99ea-6ea0e2615a09-012.gt.txt,11,ویریلمك,سالیهسندن ویریلمسی اویهمهیجغندن اول باول مخلول وقوعنده مناسب مقدار ماعاش ویریلمك اوزره كیفیتك
437,423004fa-5205-47a8-9713-37953b6b22b8,423004fa-5205-47a8-9713-37953b6b22b8-001.png,423004fa-5205-47a8-9713-37953b6b22b8-001.gt.txt,17,عظمایه,فی ٢١ شوّال سنه ٩١ و فی ١٨ تشرین ثانی سنه ٩٠ تاریخنده داعیرۀ عسكریەدن صدارت عظمایه مورود تذكرەنك صورتیدر.
438,675e3a55-9125-4502-8f60-b8a5ab6af227,675e3a55-9125-4502-8f60-b8a5ab6af227-010.png,675e3a55-9125-4502-8f60-b8a5ab6af227-010.gt.txt,5,مستخدم,ایكنجی ماده مصالح میریهده مستخدم صغار و كبار ماموریندن بریسی تخت ادارهسنده اولان ویاخود كندوسنه امانت و تسلیم اولنان مبالغ و اموال
439,1c4a2080-987c-4e68-b9e3-3a94ee454ff9,1c4a2080-987c-4e68-b9e3-3a94ee454ff9-016.png,1c4a2080-987c-4e68-b9e3-3a94ee454ff9-016.gt.txt,10,حصه,اخبار صحت و سلامت كیانیلری ایله بو طرفی دخی حصه مند مسار ایتمك اوزره همان عودتنه رخصت ویرلمسی مرجو و متمنادر
440,fa1bd90d-5fca-4e1f-a032-754c82a44fae,fa1bd90d-5fca-4e1f-a032-754c82a44fae-008.png,fa1bd90d-5fca-4e1f-a032-754c82a44fae-008.gt.txt,5,نازنین,شو زمینڭ یوزینی یالدیزلایان  نازنین معجزاتی چون ملك سیراننه،
441,675e3a55-9125-4502-8f60-b8a5ab6af227,675e3a55-9125-4502-8f60-b8a5ab6af227-016.png,675e3a55-9125-4502-8f60-b8a5ab6af227-016.gt.txt,9,ایلدیكی,و مقبوضات و مدفوعاتدن بر كونه ارتقاب تبین ایلدیكی حالده ارتقاب ایدن ادمدن استرداد اولنوب تادیبی سرقت جزاسنه توفیقا اجرا قلنه و اصیل
442,2d16a812-a123-4f29-9d3d-34d3c0be1498,2d16a812-a123-4f29-9d3d-34d3c0be1498-004.png,2d16a812-a123-4f29-9d3d-34d3c0be1498-004.gt.txt,21,ویریلمش,اولدیغی حسبیله تجربه اولوندكدن صوكره الت مذكورهیی یاپوب صاتمق اوزره اوستوریه و پروسیه و ایسوچ دولتلرنده مرقوم امریقهلیه امتیاز براتی ویریلمش و صنعتنی ممالك
443,675e3a55-9125-4502-8f60-b8a5ab6af227,675e3a55-9125-4502-8f60-b8a5ab6af227-000.png,675e3a55-9125-4502-8f60-b8a5ab6af227-000.gt.txt,1,یدنجی,یدنجی ماده الت جارحهدن معدود اولمیان شیلر ایله بربرلرینی ضربه جسارت ایدنلرك قباحتلری درجهسنه كوره اون بش كوندن اوج ماهه قدر حپس ایله
444,423004fa-5205-47a8-9713-37953b6b22b8,423004fa-5205-47a8-9713-37953b6b22b8-006.png,423004fa-5205-47a8-9713-37953b6b22b8-006.gt.txt,20,نزدنده,اثنای محاربهده تسهیل مخابرات ایچون اختراع اولونمش اولان تلغراف خطنه داعر روسیه و اوستوریه و فرانسه و انكلتره دولتلری نزدنده اتشهمیلترلك ماموریتلرنده بولونان اركان حربیه ضابطانندن اولان استیضاحات اوزرینه الینان تحریراتلر
445,675e3a55-9125-4502-8f60-b8a5ab6af227,675e3a55-9125-4502-8f60-b8a5ab6af227-000.png,675e3a55-9125-4502-8f60-b8a5ab6af227-000.gt.txt,4,جارحهدن,یدنجی ماده الت جارحهدن معدود اولمیان شیلر ایله بربرلرینی ضربه جسارت ایدنلرك قباحتلری درجهسنه كوره اون بش كوندن اوج ماهه قدر حپس ایله
446,1c4a2080-987c-4e68-b9e3-3a94ee454ff9,1c4a2080-987c-4e68-b9e3-3a94ee454ff9-008.png,1c4a2080-987c-4e68-b9e3-3a94ee454ff9-008.gt.txt,7,اقتضاسنجه,جامعه اسلامیه و فحوای (المومنونه اخوه) اقتضاسنجه بین الدولتین العلیتین یك جهتی و اتحادك استقراری و بین الحضرتین الفخمتین دركار
447,423004fa-5205-47a8-9713-37953b6b22b8,423004fa-5205-47a8-9713-37953b6b22b8-001.png,423004fa-5205-47a8-9713-37953b6b22b8-001.gt.txt,18,مورود,فی ٢١ شوّال سنه ٩١ و فی ١٨ تشرین ثانی سنه ٩٠ تاریخنده داعیرۀ عسكریەدن صدارت عظمایه مورود تذكرەنك صورتیدر.
448,1c4a2080-987c-4e68-b9e3-3a94ee454ff9,1c4a2080-987c-4e68-b9e3-3a94ee454ff9-005.png,1c4a2080-987c-4e68-b9e3-3a94ee454ff9-005.gt.txt,11,اجلاله,و خیم عمره و اقباله مویدة و دعایم غره و اجلاله مشیدة باتوفیقات السبحانیه والتاییدات الصمدانیه حضور قاانیلرینه (والقیت علیك
449,ea15505d-d2a8-493f-99ea-6ea0e2615a09,ea15505d-d2a8-493f-99ea-6ea0e2615a09-005.png,ea15505d-d2a8-493f-99ea-6ea0e2615a09-005.gt.txt,9,وجوهله,بر ثمرهسی مشاهده اولونامدغی بیان قیلینمش و مومیالیه وجوهله شایان عاطفت بویخمش ایدوكی
450,2d16a812-a123-4f29-9d3d-34d3c0be1498,2d16a812-a123-4f29-9d3d-34d3c0be1498-003.png,2d16a812-a123-4f29-9d3d-34d3c0be1498-003.gt.txt,2,یاقینلرده,بو یاقینلرده امریقهلونك بری بر دیكمك التی ایجاد ایدوب اوروپهیه كتیرمش و بو التله چوقا و مشین و امثالی شیلر دیكیلهبیلهجكندن فایدهلی مخترعات جدیدهدن بولونمش
451,423004fa-5205-47a8-9713-37953b6b22b8,423004fa-5205-47a8-9713-37953b6b22b8-009.png,423004fa-5205-47a8-9713-37953b6b22b8-009.gt.txt,15,اوردو,بیان اولونمش و مذكور مذكره لدالمتعه خلاصه مالالی مذكور اوچ نوع تلغرافدن بر نوعی اوردو ایله متحرك اولوب باش قوماندان ایله فرقه قوماندانلقلرینك مخابراتنه مخصوص اولدیغی كبی نوع دیكری میدان محاربه ایله ایلری
452,54ec03e8-858e-4976-9e36-f4a1945e5130,54ec03e8-858e-4976-9e36-f4a1945e5130-004.png,54ec03e8-858e-4976-9e36-f4a1945e5130-004.gt.txt,2,قرالرینه,مقاطعهسی قرالرینه تسلیط برله رعایا فقراسنك مزروعاتلرك حیواناته اكلی و پای-مال و بونك امثالی انواع
453,54ec03e8-858e-4976-9e36-f4a1945e5130,54ec03e8-858e-4976-9e36-f4a1945e5130-008.png,54ec03e8-858e-4976-9e36-f4a1945e5130-008.gt.txt,5,نهبی,و هر نه كه نهبی غصب ایلمشلر ایسه مرقومان مزبور علی بك ایله بینلرنده اقتسام ایلهدكلرندن باشقه اق
454,fa1bd90d-5fca-4e1f-a032-754c82a44fae,fa1bd90d-5fca-4e1f-a032-754c82a44fae-009.png,fa1bd90d-5fca-4e1f-a032-754c82a44fae-009.gt.txt,5,جنته,بو سمانك عرضه باقان، جنته دقت ایدن بیڭلر مدقق كوزلرز بز۔ [حاشیه]
455,1c4a2080-987c-4e68-b9e3-3a94ee454ff9,1c4a2080-987c-4e68-b9e3-3a94ee454ff9-018.png,1c4a2080-987c-4e68-b9e3-3a94ee454ff9-018.gt.txt,15,لدی,رو نما اولان اختلافات اوزرینه برو طرف اكرادندن بعضیلری بحسب الجنسیه معاونته سكرتمكده اولدقلری لدی الاستحبار
456,fa1bd90d-5fca-4e1f-a032-754c82a44fae,fa1bd90d-5fca-4e1f-a032-754c82a44fae-019.png,fa1bd90d-5fca-4e1f-a032-754c82a44fae-019.gt.txt,10,مصنوعاتی,اولان ییلدیزلر دخی، كویا ملایكهلر گبی زمین یوزندهكی نازنین مصنوعاتی كوردكجه جنت عالمینه باقییورلر۔ او موقت خارقهلری
457,54ec03e8-858e-4976-9e36-f4a1945e5130,54ec03e8-858e-4976-9e36-f4a1945e5130-007.png,54ec03e8-858e-4976-9e36-f4a1945e5130-007.gt.txt,7,اشیالر,احراق بیك-نار ایلهیوب بیل-جمله اموال و اشیالر غارت و اهالی قریهدن ایكی نفر كیمهسنهیی بلا-جرم قتلن اعدام
458,54ec03e8-858e-4976-9e36-f4a1945e5130,54ec03e8-858e-4976-9e36-f4a1945e5130-004.png,54ec03e8-858e-4976-9e36-f4a1945e5130-004.gt.txt,15,انواع,مقاطعهسی قرالرینه تسلیط برله رعایا فقراسنك مزروعاتلرك حیواناته اكلی و پای-مال و بونك امثالی انواع
459,675e3a55-9125-4502-8f60-b8a5ab6af227,675e3a55-9125-4502-8f60-b8a5ab6af227-012.png,675e3a55-9125-4502-8f60-b8a5ab6af227-012.gt.txt,3,كوستریر,صورت عسرت كوستریر ایسه ما ملكندن اولمقداری فروخت اولنهرق بعد التحصیل بر دخی خدمات میریهده استخدام اولنمامق اوزره طرد قلنه و اختلاس
460,675e3a55-9125-4502-8f60-b8a5ab6af227,675e3a55-9125-4502-8f60-b8a5ab6af227-024.png,675e3a55-9125-4502-8f60-b8a5ab6af227-024.gt.txt,12,امرا,دخی والی ایله مجلس احكام حامی قوسی اولهجغندن مجموع علما و امرا و مصالح میریهده قوللانیلان كافه مامورین و مستخدمین امور مامورهلرینه دایر
461,423004fa-5205-47a8-9713-37953b6b22b8,423004fa-5205-47a8-9713-37953b6b22b8-011.png,423004fa-5205-47a8-9713-37953b6b22b8-011.gt.txt,30,سنیذیه,و استحضاری داعیره عسكریهجه مرتبه وجوبه منتهی و بونلرك صورت وضع و ترتیبلری و بولوكلرك تشكیلاتی محلیندن جلب اولونان لوایح و رسایلده و جهت فنیهسی دخی كچنلرده تخت اراده سنیذیه الینان پروغراملرك حكمت عسكریه
462,423004fa-5205-47a8-9713-37953b6b22b8,423004fa-5205-47a8-9713-37953b6b22b8-022.png,423004fa-5205-47a8-9713-37953b6b22b8-022.gt.txt,15,ترقیم,معا صوب صاملرینه ارسال قیلینمش اولمغله بونلرده مندرج اولان افاداته نظرا اقتضاسنك اجراسی سیاقنده ترقیم ذیله ابتدار قیلیندی افندیم
463,423004fa-5205-47a8-9713-37953b6b22b8,423004fa-5205-47a8-9713-37953b6b22b8-008.png,423004fa-5205-47a8-9713-37953b6b22b8-008.gt.txt,29,مذكرهنك,مذكورهدن برینه قرار ویریلهرك نتیجه قرارك بیلدیریلمسی حقنده مكاتب عسكریه نظارت بهیهسیله جریان ایدن مخابره اوزرینه یازیلان جوابده بو بابده جریان ایدن مذاكراتی متضمن مجلس مذكوردن تنظیم اولونان مذكرهنك ارسال قیلیندیغی
464,1c4a2080-987c-4e68-b9e3-3a94ee454ff9,1c4a2080-987c-4e68-b9e3-3a94ee454ff9-008.png,1c4a2080-987c-4e68-b9e3-3a94ee454ff9-008.gt.txt,1,جامعه,جامعه اسلامیه و فحوای (المومنونه اخوه) اقتضاسنجه بین الدولتین العلیتین یك جهتی و اتحادك استقراری و بین الحضرتین الفخمتین دركار
465,675e3a55-9125-4502-8f60-b8a5ab6af227,675e3a55-9125-4502-8f60-b8a5ab6af227-006.png,675e3a55-9125-4502-8f60-b8a5ab6af227-006.gt.txt,7,ویاخود,جبرا المق ویا صاتدرمق ایچون بالذات ویاخود بالواسطه اجبار ایلمك مثللو شیلر وجها من الوجوه جایز اولمیه و اكر بو مثللو ماده ممنوعه و مكروههیه جسارت
466,675e3a55-9125-4502-8f60-b8a5ab6af227,675e3a55-9125-4502-8f60-b8a5ab6af227-004.png,675e3a55-9125-4502-8f60-b8a5ab6af227-004.gt.txt,20,ذات,برنجی ماده طرف دولتعلیهدن و وراثت فرمان عالیسی موجبنجه مصر والیلرینه محول اولان حكومت محلیه و بالتوارث والی بولنان ذات ایله مامورین
467,423004fa-5205-47a8-9713-37953b6b22b8,423004fa-5205-47a8-9713-37953b6b22b8-021.png,423004fa-5205-47a8-9713-37953b6b22b8-021.gt.txt,13,خاوی,و اوستوریه امور خارجیه نظارتلرینه تبلیغات لازیمه بالاجرا الینان جوابلر صورتلرینك كوندریلدیكنی خاوی وارد اولان ایكی قطعه تحریراتك صورتلری لفا و اوراق متفرعه ایله
468,1c4a2080-987c-4e68-b9e3-3a94ee454ff9,1c4a2080-987c-4e68-b9e3-3a94ee454ff9-002.png,1c4a2080-987c-4e68-b9e3-3a94ee454ff9-002.gt.txt,3,نصفت,معدل نهار نصفت مكمل بهار شفقت ماه منیر سپهر بختیاری شاه سریر سروری و كامكاری متوسد جایكاه كیانی مستند چار بالش جهانبانی
469,fa1bd90d-5fca-4e1f-a032-754c82a44fae,fa1bd90d-5fca-4e1f-a032-754c82a44fae-003.png,fa1bd90d-5fca-4e1f-a032-754c82a44fae-003.gt.txt,3,موقفنك,سوزك برنجی موقفنك اخرندن الینمشدر۔
470,fa1bd90d-5fca-4e1f-a032-754c82a44fae,fa1bd90d-5fca-4e1f-a032-754c82a44fae-014.png,fa1bd90d-5fca-4e1f-a032-754c82a44fae-014.gt.txt,7,كورمز,اولان انسانه۔ كور اولاسی دینسز كوزی، كورمز اولدی یوزیمزی، هم ایشیتمز سوزیمزی، حق سویلهین ایتلرز بز۔
471,423004fa-5205-47a8-9713-37953b6b22b8,423004fa-5205-47a8-9713-37953b6b22b8-013.png,423004fa-5205-47a8-9713-37953b6b22b8-013.gt.txt,29,حاصل,مامور قیلینان افندیلردن ایكی اوچ نفری فرانسه تلغراف بولوكلرینه ویریلهرك برقاچ ماه استخدام قیلیندیغی ویاخود مكتبدن مخرج برقاچ ضابطان مذكور بولوكلره لاجل التعلیم مخصوصا كوندریلدیكی حالده اساس مطلب حاصل
472,fa1bd90d-5fca-4e1f-a032-754c82a44fae,fa1bd90d-5fca-4e1f-a032-754c82a44fae-014.png,fa1bd90d-5fca-4e1f-a032-754c82a44fae-014.gt.txt,6,كوزی,اولان انسانه۔ كور اولاسی دینسز كوزی، كورمز اولدی یوزیمزی، هم ایشیتمز سوزیمزی، حق سویلهین ایتلرز بز۔
473,675e3a55-9125-4502-8f60-b8a5ab6af227,675e3a55-9125-4502-8f60-b8a5ab6af227-007.png,675e3a55-9125-4502-8f60-b8a5ab6af227-007.gt.txt,15,شاید,ایدن اولور ایسه فرضا برینك مال و املاكنه تسلطی وقوعنده منع و دفع اولنوب شاید بر تقریب ایله ضبط ایتمش بولنور ایسه مضبوط اولان مال و املاك
474,2d16a812-a123-4f29-9d3d-34d3c0be1498,2d16a812-a123-4f29-9d3d-34d3c0be1498-005.png,2d16a812-a123-4f29-9d3d-34d3c0be1498-005.gt.txt,19,دخی,محروسهده اجرا ایتمك اوزره درعلیهیه عزیمت ایلهمك نیتنده اولدیغنی سفارتخانه سنیهیه كلوب افاده ایله برابر سلطنت سنیه طرفندن دخی ذكر اولونان التی اعمال و فروخت
475,54ec03e8-858e-4976-9e36-f4a1945e5130,54ec03e8-858e-4976-9e36-f4a1945e5130-009.png,54ec03e8-858e-4976-9e36-f4a1945e5130-009.gt.txt,1,كوپرو,كوپرو نام محلده اقامت و مرور و عبور ایدن ابنا سبیل و اولاقلره تسلیط ایلهدكلرینه بناء دیویلك
476,9b55f175-618f-4cf6-8ccf-8936d1cbff34,9b55f175-618f-4cf6-8ccf-8936d1cbff34-001.png,9b55f175-618f-4cf6-8ccf-8936d1cbff34-001.gt.txt,1,قات,قات اندر قات مكافات حسنهسنی كورر
477,423004fa-5205-47a8-9713-37953b6b22b8,423004fa-5205-47a8-9713-37953b6b22b8-015.png,423004fa-5205-47a8-9713-37953b6b22b8-015.gt.txt,14,صورتله,مضبطه مذكوره مندراجتی پك یولونده و بجا كورونمش ایسه ده اول امرده اول صورتله كرك پاریسده بولونان طلبهدن تعین قیلیندیغی و كرك بوراجه مكتبدن مخرج مقتدر ضابطاندن برقاچ نفری مخصوصان كوندریلدیكی
478,fa1bd90d-5fca-4e1f-a032-754c82a44fae,fa1bd90d-5fca-4e1f-a032-754c82a44fae-009.png,fa1bd90d-5fca-4e1f-a032-754c82a44fae-009.gt.txt,7,ایدن,بو سمانك عرضه باقان، جنته دقت ایدن بیڭلر مدقق كوزلرز بز۔ [حاشیه]
479,1c4a2080-987c-4e68-b9e3-3a94ee454ff9,1c4a2080-987c-4e68-b9e3-3a94ee454ff9-017.png,1c4a2080-987c-4e68-b9e3-3a94ee454ff9-017.gt.txt,3,كلینجه,حدود مسیلهسنه كلینجه رای منیر مشكل كشا و ضمیر مهر نظیر عالم ارالرینه روشنادر كه تبعه ایرانیهدن اولان اكراد ایله دیكر صونف اهالی بیننده
480,fa1bd90d-5fca-4e1f-a032-754c82a44fae,fa1bd90d-5fca-4e1f-a032-754c82a44fae-020.png,fa1bd90d-5fca-4e1f-a032-754c82a44fae-020.gt.txt,6,مشاهده,باقی بر صورتده جنتده دخی مشاهده ایدییورلر كبی، بر زمینه، بر جنته باقییورلر۔ یعنی او ایكی عالمه نظارتلری وار، دیمكدر۔
481,fa1bd90d-5fca-4e1f-a032-754c82a44fae,fa1bd90d-5fca-4e1f-a032-754c82a44fae-014.png,fa1bd90d-5fca-4e1f-a032-754c82a44fae-014.gt.txt,15,ایتلرز,اولان انسانه۔ كور اولاسی دینسز كوزی، كورمز اولدی یوزیمزی، هم ایشیتمز سوزیمزی، حق سویلهین ایتلرز بز۔
482,1c4a2080-987c-4e68-b9e3-3a94ee454ff9,1c4a2080-987c-4e68-b9e3-3a94ee454ff9-012.png,1c4a2080-987c-4e68-b9e3-3a94ee454ff9-012.gt.txt,9,دلیل,موضوع بحث اولان مدعای اخلاص و اختصاصه بر دلیل جدید كوسترلمشدر و بو كره اولجانب حقایق جالبه عودتنده بك دخی
483,ea15505d-d2a8-493f-99ea-6ea0e2615a09,ea15505d-d2a8-493f-99ea-6ea0e2615a09-003.png,ea15505d-d2a8-493f-99ea-6ea0e2615a09-003.gt.txt,13,بیك,متوفای مومیالیهن  مرجان جامع شریفی وقفی حاصلاتندن سالیه مخصص اولان یكرمی بش بیك غروشدن شعریه ایكی یوز
484,fa1bd90d-5fca-4e1f-a032-754c82a44fae,fa1bd90d-5fca-4e1f-a032-754c82a44fae-016.png,fa1bd90d-5fca-4e1f-a032-754c82a44fae-016.gt.txt,3,دیڭلهدم,دیدكلرینی خیالا دیڭلهدم۔
485,423004fa-5205-47a8-9713-37953b6b22b8,423004fa-5205-47a8-9713-37953b6b22b8-020.png,423004fa-5205-47a8-9713-37953b6b22b8-020.gt.txt,3,معالی,ایشبو تذكره معالی معلوم ثناوری اولارق موجبنجه نظارت جلیله خارجیهدن سفارتین مشارالیهمایه اشعار كیفیت ایتدیریلمش ایدی۔ بونك اوزرینه سفارتین مشارالیهما طرفلرندن فرانسه
486,1c4a2080-987c-4e68-b9e3-3a94ee454ff9,1c4a2080-987c-4e68-b9e3-3a94ee454ff9-017.png,1c4a2080-987c-4e68-b9e3-3a94ee454ff9-017.gt.txt,16,تبعه,حدود مسیلهسنه كلینجه رای منیر مشكل كشا و ضمیر مهر نظیر عالم ارالرینه روشنادر كه تبعه ایرانیهدن اولان اكراد ایله دیكر صونف اهالی بیننده
487,fa1bd90d-5fca-4e1f-a032-754c82a44fae,fa1bd90d-5fca-4e1f-a032-754c82a44fae-005.png,fa1bd90d-5fca-4e1f-a032-754c82a44fae-005.gt.txt,1,دیڭله,دیڭله ده ییلدیزلری، شو خطبه شیریننی، نامه نورینی حكمت باق نه تقریر ایلمیش۔
488,fa1bd90d-5fca-4e1f-a032-754c82a44fae,fa1bd90d-5fca-4e1f-a032-754c82a44fae-002.png,fa1bd90d-5fca-4e1f-a032-754c82a44fae-002.gt.txt,10,یازیلمش,شعر بیلمدیگم ایچون شعر قاعدهسنه كیرمدی۔ تخطر اولدیغی كبی یازیلمش۔ دردنجی مكتوب ایله اوتوز ایكنجی
489,1c4a2080-987c-4e68-b9e3-3a94ee454ff9,1c4a2080-987c-4e68-b9e3-3a94ee454ff9-012.png,1c4a2080-987c-4e68-b9e3-3a94ee454ff9-012.gt.txt,4,مدعای,موضوع بحث اولان مدعای اخلاص و اختصاصه بر دلیل جدید كوسترلمشدر و بو كره اولجانب حقایق جالبه عودتنده بك دخی
490,fa1bd90d-5fca-4e1f-a032-754c82a44fae,fa1bd90d-5fca-4e1f-a032-754c82a44fae-011.png,fa1bd90d-5fca-4e1f-a032-754c82a44fae-011.gt.txt,5,مسجد,شو سماوات اهلنه برر مسجد سیار، برر خانه دوار، برر علوی اشیانه، برر مصباح نوار، برر كمی جبار، برر طیارهلرز بز۔
491,ea15505d-d2a8-493f-99ea-6ea0e2615a09,ea15505d-d2a8-493f-99ea-6ea0e2615a09-015.png,ea15505d-d2a8-493f-99ea-6ea0e2615a09-015.gt.txt,1,همت,همت بیورولماسی سیاقنده تذكره
492,675e3a55-9125-4502-8f60-b8a5ab6af227,675e3a55-9125-4502-8f60-b8a5ab6af227-018.png,675e3a55-9125-4502-8f60-b8a5ab6af227-018.gt.txt,25,جزا,اولنان امتعه  و اشیا و الات و ادواتدن برینی عدم دقت و اهتمامدن ناشی تلف و ضایع ایتدیكی تحقق ایدر ایسه  اول اشیانك بهاسی جزا كندوسنه  تضمین
493,675e3a55-9125-4502-8f60-b8a5ab6af227,675e3a55-9125-4502-8f60-b8a5ab6af227-000.png,675e3a55-9125-4502-8f60-b8a5ab6af227-000.gt.txt,20,ماهه,یدنجی ماده الت جارحهدن معدود اولمیان شیلر ایله بربرلرینی ضربه جسارت ایدنلرك قباحتلری درجهسنه كوره اون بش كوندن اوج ماهه قدر حپس ایله
494,54ec03e8-858e-4976-9e36-f4a1945e5130,54ec03e8-858e-4976-9e36-f4a1945e5130-007.png,54ec03e8-858e-4976-9e36-f4a1945e5130-007.gt.txt,14,كیمهسنهیی,احراق بیك-نار ایلهیوب بیل-جمله اموال و اشیالر غارت و اهالی قریهدن ایكی نفر كیمهسنهیی بلا-جرم قتلن اعدام
495,2d16a812-a123-4f29-9d3d-34d3c0be1498,2d16a812-a123-4f29-9d3d-34d3c0be1498-007.png,2d16a812-a123-4f29-9d3d-34d3c0be1498-007.gt.txt,8,صرف,بونك ایچون اوستوریهده ایكی بیك غروش قدر صرف ایلمیش اولمسیله دولت عالیه طرفندن دخی برات مذكوره مقابل بر كونه ماصرف الیناجق اولور ایسه بوندن قاچینمهیهجغنی سویلهمش و الت
496,675e3a55-9125-4502-8f60-b8a5ab6af227,675e3a55-9125-4502-8f60-b8a5ab6af227-024.png,675e3a55-9125-4502-8f60-b8a5ab6af227-024.gt.txt,9,مجموع,دخی والی ایله مجلس احكام حامی قوسی اولهجغندن مجموع علما و امرا و مصالح میریهده قوللانیلان كافه مامورین و مستخدمین امور مامورهلرینه دایر
497,675e3a55-9125-4502-8f60-b8a5ab6af227,675e3a55-9125-4502-8f60-b8a5ab6af227-007.png,675e3a55-9125-4502-8f60-b8a5ab6af227-007.gt.txt,14,اولنوب,ایدن اولور ایسه فرضا برینك مال و املاكنه تسلطی وقوعنده منع و دفع اولنوب شاید بر تقریب ایله ضبط ایتمش بولنور ایسه مضبوط اولان مال و املاك
498,1c4a2080-987c-4e68-b9e3-3a94ee454ff9,1c4a2080-987c-4e68-b9e3-3a94ee454ff9-015.png,1c4a2080-987c-4e68-b9e3-3a94ee454ff9-015.gt.txt,5,نیات,دایر مودوع حافظهسی اولان نیات حسنه و افكار خالصانهمزی كوزلجه ایضاح و تفسیر ایدهجكندن تبلیغاتنه وثوق و اعتماد بیورلمسی و غب اتمام
499,88dc077b-d603-4af0-b3c1-0a6203f74ab2,88dc077b-d603-4af0-b3c1-0a6203f74ab2-002.png,88dc077b-d603-4af0-b3c1-0a6203f74ab2-002.gt.txt,18,منازعه,معلوم والالری بیورلدیغی و لفا ارسال قلنان ژورنالده محرر اولدیغی وجهله طاشجی اصنافندن بعضی عساكر شاهانه ایله منازعه ایدرك اویغونسزلغه
500,fa1bd90d-5fca-4e1f-a032-754c82a44fae,fa1bd90d-5fca-4e1f-a032-754c82a44fae-007.png,fa1bd90d-5fca-4e1f-a032-754c82a44fae-007.gt.txt,7,وحدته,برر برهان نورافشانز وجود صنیعه، هم وحدته، هم قدرته شاهدلرز بز۔
