osmanlica,transkripsiyon
!حبيله,Hubeyle!
آب صافى,Ab-ı Safi
آب كارون,Ab-ı Karun
آبادان,Abadan
آباران,Abaran
آبانه,Abana
آبرى,Abrı
آبرى و حراله,Abrı ve Harala
آبصافى,Ab-ı Safi
آبغاى,Abagay
آبقرون,Apokoron
آبكور,Abkur
آبيار,Abyar
آبُقُرون,Apokoron
آت,At
آت چكن,Atçeken
آتالانته,Atalanta
آتالانتى,Atalanti
آتجه,Atça
آتنه,Atina
آتنه كورفزى,Atina
آتوقو,Atoko
آتيكان,Atikan
آتينه,Atina
آتچه,Atça
آجارۀ سفلى,Acara-i Süfla
آجارۀ عليا,Acara-i Ulya
آجان,Acan
آجرى,Acari
آجق باش,Açıkbaş
آجه آباد,Eceabad
آجي صُويىِ,Acısuyu
آحسا,Ahsa
آحلاط,Ahlat
آخته پولى,Ahtapolu
آخلاط,Ahlat
آخى كريه,Ahikerye
آخى چلبى,Ahiçelebi
آخى گريه,Ahikerye (Ahigerye)
آخى گَرْيه,Ahikerye (Ahigerye)
آخي گريه,Ahikerye (Ahigerye)
آخير طاغلرى,Ahır Dağları
آخيولى,Ahyolu
آخْميم,Ahmim
آدالفى اطه لرى,Adelfi (Adalfi) Adaları
آدرياتيق,Adriyatik
آدلفا,Adelfa
آدلفوپولون,Adelfopolon
آدلفى,Adelfi
آدنه,Adana
آدنه مع يره كيل,Adana maa Yüreğir (Yüreğil)
آدنه مع يره گيل,Adana maa Yüreğir (Yüreğil)
آدنه مع يوره كيل,Adana maa Yüreğir (Yüreğil)
آدنه مع يوره گيل,Adana maa Yüreğir (Yüreğil)
آدولوقو,Adoluko
آراج,Araç
آراج اكدير,Araç İğdir
آراد,Arad
آراس,Aras
آرالق,Aralık
آربه,Arba
آرتق آباد مع گيرون و قنغال,Artukabad maa Gürün (Girün) ve Kangal
آرحوى مع ويچه,Arhavi maa Viçe
آرخانس,Arhanis
آرخوى,Arhavi
آردانوچ,Ardanuç
آردشان,Ardeşen
آردنوچ,Ardanuç
آرده شن,Ardeşen
آردوس,Ardos
آردوشن,Arduşin
آردوشين,Arduşin
آرزوشخو,Arzuşhav
آرسيدا,Arsida
آرشيپل اطه لرى,Arşipel Adaları
آرغد خانى,Argıdhanı
آرغيد خانى,Argıdhanı
آرغيرو قاسترو,Argirokastro
آرقصه,Arkasa
آرقه,Arga (Arka)
آرقودى,Arkudi
آركى,Arki
آركيرو,Argiro
آركيرپولى,Argiropoli
آرم,Arım
آرمنوس,Armenos
آرمودان,Armudan
آرمودايلى,Armudili
آرمودلى,Armudlu
آرمودن,Armudan
آرموره,Armura
آرميه,Armiye
آرميه مع قوقوش,Armiye maa Kokoş
آرناود بلغرادى,Arnavud Belgradı
آرناووتى,Arnavuti
آريم,Arım
آريم كرچلو,Arım-ı Kireçli
آرپاز,Arpaz
آرگرى مع دلوينه,Argirikasrı (Argiri) maa Delvine
آرگوش,Arguş
آزاق,Azak
آزاقپور,Azakpur
آزاپ,Azap
آزطواى,Azdavay
آزمير,Azmir
آزناور,Aznavur
آزورت,Azort
آزِينۀ اياثلوغ,Azine-i Ayasluğ
آش قلعه,Aşkale
آشتى,Aşti
آشودى,Aşudi
آشيد,Aşid
آشْمُون,Aşmun
آصوان,Asvan
آصى,Asi
آطاله,Adala
آطره نوس مع ناحيۀ جبل جديد,Atranos maa Nahiye-i Cebel-i Cedid
آطله,Adala
آطمه لو,Atmalı
آطنه,Adana
آطه,Ada
آطه بازاري مع صبانجه,Adapazarı maa Sapanca (Sabanca)
آطه كيده,Adagide
آطه لر,Adalar
آطه لر دكزى,Adalar Denizi
آطه پازارى,Adapazarı
آطه پازارى مع صبانجه,Adapazarı maa Sapanca (Sabanca)
آطه پازارى مع صبانجى,Adapazarı maa Sapanca (Sabancı)
آغاجلو,Ağaçlı
آغاكس,Ağakis
آغاچلو,Ağaçlı
آغجه قشله,Ağcakışla
آغرافه,Ağrafa
آغروس,Ağros
آغرى,Ağrı
آغرى كول,Ağrıgöl
آغريا,Ağriya
آغريبوز,Ağrıboz
آغريجان,Ağrıcan
آغريدوس,Ağrıdos
آغستوس,Ağustos
آغلاسون,Ağlasun
آغلاسون طاغلرى,Ağlasun Dağları
آغوانس,Ağvanis
آغوه,Ağva
آغين,Ağın
آفرقيه مع باجه,Afrikıye maa Bace
آفرقيه مع مطر,Afrikıye maa Matar
آفريقيّه مع باجه,Afrikıye maa Bace
آفرين,Afrin
آفشار,Afşar
آفلانئ طاطاى,Eflani-i Daday
آفيون قره حصارى,Afyonkarahisarı
آفْرِقِيّه مع باجه,Afrikıye maa Bace
آق آباد,Akabad
آق اوره ن,Akören
آق بابا,Akbaba
آق بلنقه,Akpalanka
آق جيجه لى,Akciceli
آق حصار,Akhisar
آق حصار صاروخان,Akhisar-ı Saruhan
آق حصار گيوه,Akhisar-ı Geyve
آق دره,Akdere
آق دكز,Akdeniz
آق زيارت,Akziyaret
آق شهر,Akşehir
آق شهراباد مع يقه جق,Akşehirabad maa Yakacık
آق صو,Aksu
آق طاش,Aktaş
آق طاغ,Akdağ
آق طاغ معدنى,Akdağmadeni
آق قيا,Akkaya
آق قيا مع چكلى,Akkaya maa Çanlı
آق كول,Akgöl
آق كوى,Akköy
آق كوى و پازار صويى,Akköy ve Pazarsuyu
آق كيسى,Akkisi
آق كپرى,Akköprü
آق كپرى مع قورى همايون,Akköprü maa Koru-yı Hümayun
آق لوم,Aklom
آق ويران,Akviran
آق يازى مع خندق,Akyazı maa Hendek
آق يورك,Akyörük
آق پيكار,Akpınar
آق چاى,Akçay
آق چاى مع ترمه,Akçay maa Terme
آقبيكار,Akpınar
آقجه قيونلو,Akçakoyunlu
آقحصار,Akhisar
آقحصار كيوه,Akhisar-ı Geyve
آقحصار گيوه,Akhisar-ı Geyve
آقرا,Akra
آقسراى,Aksaray
آقسكى,Akseki
آقسنى,Aksini
آقشهر,Akşehir
آقشهر مع طوغانحصار,Akşehir maa Doğanhisar
آقطاش,Aktaş
آقمسجد,Akmescid
آقوه,Akova
آقوه مع بهور,Akova maa Bihor
آقيازى,Akyazı
آقيز,Akız
آقينجيلر,Akıncılar
آقچان,Akçan
آقچه آباد,Akçaabad
آقچه اباد مع يمهوره,Akçaabad maa Yemhura
آقچه حصار,Akçahisar
آقچه شهر,Akçaşehir
آقچه شهر آيدين,Akçaşehir-i Aydın
آقچه شهر بولى,Akçaşehir-i Bolu
آقچه شهرآيدين,Akçaşehir-i Aydın
آقچه شهرايدين,Akçaşehir-i Aydın
آقچه طاغ,Akçadağ
آقچه قويونلى,Akçakoyunlu
آكينارا,Akinara
آلا شهر,Alaşehir
آلا طاغ,Aladağ
آلا كليسا,Alakilise
آلا كوز,Alagöz
آلا چاتى,Alaçatı
آلا چاطى,Alaçatı
آلا چام مع حصارجق,Alaçam maa Hisarcık
آلاتو,Alato
آلاجه,Alaca
آلاجه حصار,Alacahisar
آلاجه خان,Alacahan
آلاجه لى,Alacalı
آلاشهر,Alaşehir
آلاشهراينه كول,Alaşehir İnegöl
آلاصونيه,Alasonya
آلافونيزى,Alafonizi
آلان,Alan
آلان برغوش,Alanberaguş
آلان و سراوِ ميرآباد,Alan ve Serav-ı Mirabad
آلاپلى,Alaplı
آلاپلى مع صماقو,Alaplı maa Samakov
آلاچام,Alaçam
آلباق,Albak
آلتون اوزى,Altınözü
آلتون ايلى,Altınili
آلتون طاش,Altıntaş
آلتون كوپرى,Altınköprü
آلتون كوپرى و مَلْحه,Altınköprü ve Melha
آلطونطاش,Altıntaş
آلقسنچه مع اسفرلك,Aleksinçe maa İsferlik
آلقوش,Alkuş
آلماش,Almaş
آلمالو,Elmalı
آلموس,Almus
آلموص,Almus
آلنجه,Alınca
آلوجره,Alucra
آليان,Alyan
آليقور,Alikor
آمارى,Amari
آماسيه,Amasya
آماسيه ايدين,Amasya-i Aydın
آماسيه مع نواحى,Amasya maa Nevahi
آماسيۀ آيدين,Amasya-i Aydın
آماسيۀ ايدين,Amasya-i Aydın
آماصره,Amasra
آماصرى,Amasra
آمبلوزو,Ambelozo
آمد,Amid
آمناتو,Amnato
آمورا,Amura
آمورغوس,Amorgos
آموس,Amos
آموطقه,Amutka
آنا پوديارى,Anapodyari
آنافى,Anafi
آنامور,Anamur
آنانس,Ananis
آناپوليس,Anapolis
آنبلاكى,Anbelaki
آنتعفوس,Antufus
آنتورا,Antura
آنتى اپصاره,Antiıpsara
آنتى تيلو,Antitilo
آنتيل اطه لرى,Antil Adaları
آندره آص,Andreas
آندريا,Andreya
آندرين,Andırın
آنزغير,Anzağır
آنس,Anis
آنطاقيه,Antakya
آنطاكيه,Antakya
آنطاليه,Antalya
آنغسترى,Angistri
آنقره,Ankara
آنكه لو,Angelo
آنويا,Anoya
آنيدروس,Anidros
آوا نوس,Avanos
آوانوس,Avanos
آوروپاى عثمانى,Avrupa-yı Osmani
آوغا,Avga
آوغو,Avgo
آوغون,Avgon
آولاغى,Avlağı
آولونار,Avlonar
آولونيه,Avlonya
آولونيه مع طوپ آلتى,Avlonya maa Topaltı
آونيك,Avnik
آوه نوس,Avanos
آوياواتو,Avyavato
آوْرَشه,Evreşe
آي باصدى,Aybasdı
آي مريم اطه لرى,Ayimeryem Adaları
آيا كرياكى,Ayakiryaki
آيا نيقولا,Ayanikola
آياثلوغ,Ayasluğ
آيازمند,Ayazmend
آياستفانوس,Ayastefanos
آياش,Ayaş
آياش مع برندى,Ayas (Ayaş) maa Berendi
آياصو,Ayasu
آياطوما,Ayatoma
آياكوركيوس,Ayagorgiyos
آياماوره,Ayamavra
آياموره,Ayamavra
آيان دون,Ayandon
آياندون,Ayandon
آيانيقولا,Ayanikola
آيايوان,Ayayovan
آيايونيس,Ayayonis
آياپترا,Ayapetra
آيبصدى,Aybasdı
آيدنجق,Aydıncık
آيدوس,Aydos
آيدوس بالقانى,Aydos Balkanı
آيدونات,Aydonat
آيدين,Aydın
آيدين ايلى,Aydınili
آيدين مع دكزلى,Aydın maa Denizli
آينه روز,Aynaroz
آيو نيقولا,Ayonikola
آيو پنوماتوس,Ayopanomatos
آيواجق,Ayvacık
آيواسيل,Ayovasil
آيوالق,Ayvalık
آيوالق مع كافر آغيلى,Ayvalık maa Kafirağılı
آيوالى,Ayvalı
آيوس جوانيس,Ayoscovanis
آيوس جورجييوس,Ayoscorciyos
آيوس جورجييوس اطه سى,Ayoscorciyos
آيى ديمترى,Ayidimitri
آيى مريم,Ayimeryem
آيى وارواره,Ayivarvara
آيى يوركى,Ayiyorgi
آيى يوركى اطه لرى,Ayiyorgi Adaları
آيى پراسكى,Ayiparaski
آيي پراسكي,Ayiparaski
آپتره,Aptera
آپقرون,Apokoron
آپودولو,Apodolu
آپوستولى,Apostoli
آپيرى,Apiri
آچيپوپولو,Açipopolo
آیدین,Aydın
أجه آباد,Eceabad
أختيك,İhtik
أشن,Eşen
أكيل,Eğil
أنس,Enes
ئه ده,Ede
ئه له ئوس,Eleos
ئوليا,Uliya
اب صافى,Ab-ı Safi
اب صافي,Ab-ı Safi
اب پاره,Abpare
ابا الابياض,Eba el-Ebyaz
اباد,Abad
ابادان,Abadan
اباران,Abaran
ابازا,Abaza
ابازه,Abaza
ابانه,Abana
ابدال,Abdal
ابدانان,Abdanan
ابر,Eber
ابرائل,İbrail
ابرائيل,İbrail
ابرادى,İbradı
ابرادي,İbradı
ابراله,İbrala
ابراهيميه,İbrahimiye
ابره,İbre
ابروجۀ عتيق,Obrovçe-i Atik
ابرومان,Ebruman
ابرى,Abrı
ابريق تپه,İbriktepe
ابريم,İbrim
ابرينك,Abrink
ابسلى,İpsili
ابش,Ebeş
ابصافى,Ab-ı Safi
ابصاله,İpsala
ابصله,İpsala
ابغاى,Abagay
ابكور,Abkur
ابلاى,Iblay
ابنه,Abana
ابها,Abha
ابهر,Ebher
ابو القلوع,Ebulkalu
ابو تج,Ebutic
ابو جوارير,Ebucevarir
ابو جِرْجَه مع بَهْنَسا,Ebucirce maa Behnesa
ابو جِرْجَه مع بَهْنَسَا,Ebucirce maa Behnesa
ابو ردوع,Eburadu
ابو روبا,Eburuba
ابو سراى,Ebusaray
ابو سعفه,Ebusafe
ابو شجر,Ebuşecer
ابو شد,Ebuşedd
ابو شوق قيالرى,Ebuşevke (Ebuşevk) Kayaları
ابو شوقر,Ebuşukar
ابو شوكه,Ebuşevke
ابو صحين,Ebusahin
ابو طاهر,Ebutahir
ابو عريش,Ebuariş
ابو على,Ebuali
ابو عَرِيش,Ebuariş
ابو غربه,Ebugarbe
ابو غريب,Ebugureyb
ابو فرح عميش,Ebuferah Amiş
ابو قبيس,Ebukubeys
ابو قلقل,Ebukalkal
ابو كبير,Ebukebir
ابو كمال,Ebukemal
ابو كَلْتِك,Ebukeltik
ابو لاد,Ebulad
ابو لعد,Ebulad
ابو مردفه,Ebumirdefe
ابو مطاره,Ebumutara
ابو موتارا,Ebumutara
ابو مورينا,Ebumurina
ابو موسى,Ebumusa
ابوالحسر,Ebulhisar
ابوالحصيب,Ebulhasib
ابوالخصيب,Ebulhasib
ابوالخير,Ebulhayr
ابوط,Obot
ابى الححا,Ebilhaha
اتابك,Atabey
اتاق,Atak
اتاقا,Atak
اتاقى,İtaki
اتالانتى,Atalanti
اتاليا,İtalya
اتجه,Atça
اتراكيۀ بزرك,Etrakiye-i Büzürk
اتره (؟),Etre (?)
اتره بول,Etrepol
اتره پول,Etrepol
اتروپول,Etrepol
اترپول,Etrepol
اتن,Atin
اتنه,Atina
اتنه كيفسه و اتنه ماصويه,Atina Kifse ve Atina Hasiye (Masuye)
اتوغوشته,Onogoşta (Otogoşta)
اتوقو,Atoko
اتيكان,Atikan
اتين,Atin
اجاجى,Acacı
اجاره,Acara
اجارۀ سفلا,Acara-i Süfla
اجارۀ سفلى,Acara-i Süfla
اجارۀ عليا,Acara-i Ulya
اجره,Acara
اجره دره سى,Acaraderesi
اجرى,Acari
اجرۀ سفلا,Acara-i Süfla
اجرۀ سفلى,Acara-i Süfla
اجرۀ عليا,Acara-i Ulya
اجق باش,Açıkbaş
اجمده,Ecmede
اجنان تورك,Acnan-ı Türk
اجنان كارحانه,Acnan-ı Karhane
اجه آباد,Eceabad
اجه اباد,Eceabad
اجه اباد و مايدوس,Eceabad ve Maydos
احتما,İhtima
احتمان,İhtiman
احتمه,İhtima
احته جئ سفلا,Ahtacı-i Süfla
احته جئ عليا,Ahtacı-i Ulya
احتى,Ahti
احتيار,İhtiyar
احجرك,Ahçirik
احد,Ehad
احدلر,Ahadlar
احدلر كبير,Ahadlar-ı Kebir
احسا,Ahsa
احسن دره,Ahsendere
احلاط,Ahlat
احلطبا,Ahaltaba
احلكلك,Ahilkelek
احمد بك,Ahmedbey
احمدلى,Ahmedli
احينوز,Ahinoz
احيولى,Ahyolu
احچرك,Ahçirik
اخا,Aha
اخبصور,Ahbisor
اخترين,Ahterin
اختك,İhtik
اختمار,Ahtamar
اخته جى,Ahtacı
اخته پولى,Ahtapolu
اختى,Ahti
اختيار,İhtiyar
اخرى,Ohri
اخست آباد,Ahıstabad
اخست اباد,Ahıstabad
اخسقه,Ahıska
اخسن دره,Ahsendere
اخصتباد,Ahıstabad
اخطار مع قره كليسا,Ahtar maa Karakilise
اخطله,Ahtala
اخلاط,Ahlat
اخلاط و چقور,Ahlat ve Çukur
اخلكلك,Ahilkelek
اخميم,Ahmim
اخنجى,Ahıncı
اخى جلبى,Ahiçelebi
اخى چلبى,Ahiçelebi
اخيران,Ahiran
اداليه,Adalya
ادامانلو عشيرتى,Adamanlı Aşireti
ادانه,Adana
ادرميد,Edremid
ادرنه,Edirne
ادرنه مع جسر مصطفى پاشا,Edirne maa Cisr-i Mustafapaşa
ادرنه مع قرق كليسا,Edirne maa Kırkkilise
ادرنه مع نواحى,Edirne maa Nevahi
ادره ميد,Edremid
ادلب,İdlib
ادلفيا,Adelfiya
ادليب,İdlib
ادليب الصغرى مع معرّة المصرين,İdlib (İdlibüssuğra) maa Maarratülmısrin
ادنه,Adana
ادنَه,Adana
اده,Ada
اديحون,Adıhun
اديرناس,Adirnas
اذربيجان,Azerbaycan
اذميد,İzmid
اذينه,Ezine
اذينه بازارى,Ezinepazarı
اذينه پازارى,Ezinepazarı
ار طوشيان,Ertuşiyan Aşireti
ارآنئ جله برد,Arani-i Çelaberd
ارآنئ شمكور,Arani-i Şemkür
ارآنئ نهر حسن,Arani-i Nehr-i Hasan
ارآنيء انجه,Arani-i İnce
ارآنيء ديزآق,Arani-i Dizak
اراج,Araç
اراد,Arad
ارالق و اجوزى و بوزلان و قراقورقان وغره (؟),Aralık ve Acuzi ve Bozlan (?) ve Karakurkan ve Gara (?)
اراليجق,Aralıcak
اراليق,Aralık
ارامل,Eramil
ارانئ كنجه,Arani-i Gence
ارانئ كورك بصان,Arani-i Kürekbasan
ارانيء زكم,Arani-i Zegem
اراوانص,Aravans
اراچ,Araç
ارباز,Arpaz
ارباط,Arabat
اربد,İrbid
اربد و عجلون,İrbid ve Aclun
اربعه,Erbaa
اربل,Erbil
اربل مع تلعفر,Erbil maa Telafer
اربيد,İrbid
اربيل,Erbil
اربيل سلطانيه,Erbil Sultaniye
ارتق آباد,Artukabad
ارتق اباد,Artukabad
ارتق اباد و مشهد اباد مع سلس ازوى,Artukabad ve Meşhedabad maa Silisözü
ارتوشى,Artuşi
ارتوق آباد,Artukabad
ارتوق اباد,Artukabad
ارج,Erec
ارجار,Arçar
ارجش,Erciş
ارجه,Arca
ارجياس,Erciyes
ارجيش,Erciş
ارجيش حيدرانلى عشيرتى,Erciş Haydaranlı Aşireti
ارحانكلوس,Arhangelos
ارحب,Erhab
ارحمى,Erhami
ارحوس,Arhos
ارحوى,Arhavi
ارخاوى,Arhavi
ارخوس,Arhos
ارخوه مع ويجه,Arhavi (Arhova) maa Viçe
ارخوه مع ويچه,Arhavi (Arhova) maa Viçe
ارخوى,Arhavi
ارداسه,Ardasa
اردان,Ardan
اردبيل,Erdebil
اردك,Erdek
اردك مع قپو طاغى,Erdek maa Kapudağı
اردك و قپو طاغى,Erdek ve Kapudağı
اردل,Erdel
اردل ولايتي,Erdel Vilayeti
اردلان,Erdelan
اردن,Ürdün
اردنوج,Ardanuç
اردنوچ,Ardanuç
ارده باشى,Ardabaşı
ارده شن,Ardeşen
اردهان بزرك,Ardahan-ı Büzürk
اردهان كوچك,Ardahan-ı Küçük
اردو,Ordu
اردو مع بيراملو و بولانجق,Ordu maa Bayramlı ve Akköy (Bulancak)
اردواولو بك,Ordu Ulubey
اردود,Erdud
اردوس,Ardos
اردوى بيراملو,Ordu-yı Bayramlı
اردوى همايون,Ordu-yı Hümayun
ارزن,Erzen
ارزنجان,Erzincan
ارزنجان مع قورى چاى وكرجانس,Erzincan maa Kuruçay ve Gercanis
ارزنجان مع قوزاى ارزنجان,Erzincan maa Kuzeyerzincan
ارزنه,Erzine
ارزين,Erzin
ارزينه,Erzine
ارسبآر,Arasbar
ارسبار,Arasbar
ارسك,Ersek
ارسلان,Arslan
ارسلان اپا,Arslanapa
ارسوز,Arsuz
ارسيس,Ersis
ارش,Ereş
ارشوشين,Erşuşin
ارشوه,İrşova
ارض روم,Erzurum
ارض روم و بايبورد و كماخ,Erzurum ve Bayburd ve Kemah
ارضروم,Erzurum
ارضروم اووه جق,Erzurum Ovacık
ارطاش,Ertaş
ارغلاستى,Argalasti
ارغن,Argın
ارغنى,Ergani
ارغنى مع حساران,Ergani maa Hasaran
ارغنى مع قواجيلر سرملى حضران,"Ergani maa Kovacılar Sürmeli, Hasaran (Hazaran)"
ارغنى مع كبان معدنى,Ergani maa Kebanmadeni
ارغنى مع ناحيۀ خساران,Ergani maa Nahiye-i Hasaran
ارغنى مع نواحى و حضران,Ergani maa Nevahi ve Hasaran (Hazaran)
ارغنى معدنى,Erganimadeni
ارغني,Ergani
ارغو,Argo
ارغوان,Arguvan
ارغوست,Argust
ارغوما,Argoma
ارغيد خانى,Argıdhanı
ارغين,Argın
ارقاديه,Arkadya
ارقاكى,Arkaki
ارقالوخوريو,Arkalohoryo
ارقر,Hufra (Arkar (?))
ارقليه,Irakliya
ارقودى,Arkudi
ارقونيزى,Arkonizi
ارقى,Arki
اركرى قصرى,Argirikasrı
اركلئ آق دكز,Ereğli-i Akdeniz
اركلئ قره مان مع دربند بكدك و چيان,Konya Ereğli (Ereğli-i Karaman) maa Derbend-i Bekdik ve Çayan
اركلت,Erkilet
اركلى و اندوى و نيكده,Konya Ereğli (Ereğli) ve Anduğu ve Niğde
اركلي,Erikli
اركنس,Erkinis
اركنك,Erkenek
اركنيس,Erkinis
اركه,Erge
اركوب,Ürgüb
اركوپ,Ürgüp
اركى,Arki
اركى طاقم اطه لرى,Arki Takımadaları
اركيروپولي,Argiropoli
اركيرى قصرى,Argirikasrı
ارله,İrle
ارله مع ياويجه,İrle maa Yavice
ارم و اوكسه و ايواجق,Arım ve Ökse ve Ayvacık
ارماتيا,Armatiya
ارمتيا,Armatiya
ارملو,İremli
ارمناز,Armanaz
ارمناك,Ermenek
ارمناك مع نواحى,Ermenek maa Nevahi
ارمنى كوى,Ermeniköy
ارمنى پازارى,Ermenipazarı
ارمني بازاري,Ermenipazarı
ارمنيك,Ermenik
ارمنيه,Ermeniye
ارمود ايلى,Armudili
ارمودان,Armudan
ارمودايلى,Armudili
ارمودلو,Armudlu
ارمودلى,Armudlu
ارموى,Armavi
ارميشه,Ermişe
ارميه,Armiye
ارميه مع فوقوس,Armiye maa Kokoş (Kokos)
ارميه مع قوقوس,Armiye maa Kokoş (Kokos)
ارميه مع قوقوش,Armiye maa Kokoş
ارميه و ولستين و غلوس,Armiye ve Velestin ve Golos
ارن كوى,Erenköy
ارناود,Arnavud
ارناودلق,Arnavudluk
ارنكوى,Erenköy
ارنكوي,Erenköy
ارنود ايلى,Arnavudili
ارنودان,Arnavudan
ارنيج,Erniç
اره ليجق,Aralıcak
اره ليق,Aralık
ارواد,Arvad
اروالو و كوبيان,Arvalı ve Kübyan
اروانص,Aravans
اروانق,Arvanak
اروته,Ruta (Erruta (?))
ارود,Arud
اروش,Uruş
اروه,Eruh
اريحا,Eriha
اريحه,Eriha
اريحه / اريحا,Eriha
اريدوس,Aridos
اريسترى,Aristiri
اريسوس,Erisos
اريقلى,Arıklı
اريك,İrig
اريم,Arım
اريم كرچلو,Arım-ı Kireçli
اريم يراشلو,Arım-ı Yaraşlı
اريمونيسوس,Erimonisos
ارينيا,Eriniya
ارپاز,Arpaz
ارپالي,Arpalı
ارپه لو,Arpalı
ارچار,Erçar
ارچك,Erçek
ارچل,Erçel
ارگرى قصرى,Argirikasrı
ارگلئ قرمان مع بايبورد,Konya Ereğli (Ereğli-i Karaman) maa Bayburd
ارگلى,Ereğli
ازآق,Azak
ازاد جيران,Azadciran
ازاق,Azak
ازبدر,Ezbider
ازبيدر,Ezbider
ازدين,İzdin
ازرع,Ezra
ازطواى,Azdavay
ازطواى معدنجى,Azdavay-ı Madenci
ازطوى,Azdavay
ازغار,Izgar
ازغور,Azgur
ازلادى,İzladi
ازلرقه,İzlarika
ازمياني,İzmiyani
ازميد,İzmid
ازميد مع نواحئ اَيْواجق و باغچه جك و يگى كوى,İzmid maa nevahi-i Ayvacık ve Bağçecik ve Yeniköy
ازمير مع نواحئ جمعه آباد و برون آباد و تريانده و آيا سفيد نام ديكر كلزمان و اورله,İzmir maa nevahi-i Cumaabad ve Birunabad ve Tiryanda ve Ayasefid nam-ı diğer Kilizman ve Urla
ازمير مع نواحى,İzmir maa Nevahi
ازميرنيك,İzmirnik
ازميرنيك قره طاغى,İzmirnik Karadağı
ازمينه پوليه,İzminepolye
ازنارد,Eznard
ازنافير,Aznafir
ازناور,Aznavur
ازنه بازارى,Ezinepazarı
ازنيق,İznik
ازنيق و كورله,İznik ve Gürle
ازنيك,İznik
ازنيچه مع تراونيك,İzeniçe maa Travnik
ازنپول,İznepol
ازورنيق,İzvornik
ازون صقال,Uzunsakal
ازونى غراد,İzvenigrad
ازوورنيق,İzvornik
ازوچان,İzveçan
ازوچاى,İzveçay
ازوچن,İzveçan
ازى و اقكرمان,Özi ve Akkirman
ازيدين,Azidin
ازينه,Ezine
ازينه بازارى,Ezinepazarı
ازينه پازارى,Ezinepazarı
ازينۀ آياثلوغ,Ezine-i Ayasluğ
ازينۀ اياثلوغ,Ezine-i Ayasluğ
ازيچه,Öziçe
اسابعِ كربه,Esabi-i Kerbe
اساقجى,İsakcı
اسبارته,Isparta
اسبالاتونيس,İspalatonis
اسبر,İspir
اسبرونيسيا,Aspronisya
اسبوب,Esbub
استا نمقه,İstanimaka
استا نيمقه,İstanimaka
استاتيه,Ostatye
استار افلاق,İstar Eflak
استار برود,İstaribrod
استاره سله,İstarasile
استاره سله مع يانوه,İstarasile maa Yanova
استاره سيله,İstarasile
استاره شناوه,İstaraşinava
استاروه,İstarova
استارووه,İstarova
استارى غراد,İstarigrad
استارى معدن,İstarimaden
استاري غراد,İstarigrad
استاريه,İstarya
استارچسته,İstarçiste
استاكيدا,Astakida
استاكيده,Astakida
استاماتى,İstamati
استانبول,İstanbul
استانبول كوى,İstanbulköy
استانبول و غلطه,İstanbul ve Galata
استانديه,İstandiya
استاندييا,İstandiya
استانكوى,İstanköy
استانكوى سنجاغى,İstanköysancağı
استانكوي,İstanköy
استانكى,İstanki
استانمقه,İstanimaka
استانه,Asitane
استانوز و عشيرت مورطنه و كنيز و صارى كچيلو و ابدالان و تحته جيلو و مسكون انطاليه,İstanoz ve Aşiret-i Murtana ve Keniz ve Sarıkeçili ve Abdalan ve Tahtacılı ve Meskun-ı Antalya
استانوس,İstanos
استاورو,İstavro
استاورو منوس,İstavromenos
استاپوديا,İstapodya
استراجه,İstraca
استراكى,İstiraki
استرانجه,Istranca
استرانجيلو,İstrancilo
استراژمان,İstrajoman
استراژومان,İstrajoman
استرزوب,Ustrozob
استرشيجه,Ostroşiçe
استرغون,Estergon
استرمجه,Ustrumca
استرميچه,İstirmiçe
استره,İstre
استروشيجه,Ostroşiçe
استروغا,Ustruga
استروغه,Ustruga
استروما,Ustruma
استرومبولى,Istromboli
استرومجه,Ustrumca
استرومجه و طويران,Ustrumca ve Doyran
استرونجيل,İstroncil
استرونكلو,İstrongilo
استرونكلى,İstrongili
استرونكيلو,İstrongilo
استرونژيلونيسى,İstronjilonisi
استروه,Ostrova
استروپاليا,Ostropalya
استروپاليه,Ostropalya
استريوالى,İstrivali
استريچه,İstriçe
استرپاليا,Ostropalya
استفا,İstifa
استفان,İstefan
استفانيه,İstefanya
استفه,İstifa
استقولنه,Ustokolina
استلوش,İstiloş
استليل,İstilil
استنكوى,İstanköy
استنوز,İstenoz
استنيجه,İsteniçe
استنيماقه,İstanimaka
استنيچه,İsteniçe
استوبجانيجه,İstubçaniçe
استودنه,Ustudana
استورغون,Estergon
استورمجه,Ustrumca
استورومجه,Ustrumca
استوروه,Ostrova
استوق,İstok
استولاچ,İstolaç
استولنى بالغراد,İstolni Belgrad
استولنى بلغراد,İstolni Belgrad
استولني بلغراد,İstolni Belgrad
استولچه و غبله,İstolaç (İstolça) ve Gabele
استون,Ostun (?)
استيفه,İstifa
استيه,İstiye
استپاليه و كرينه,Ostropalya (Astipalye) ve Kerpe
استپان,İstepan
اسحاقلو,İshaklı
اسحاقلى,İshaklı
اسحقلو,İshaklı
اسحقلى,İshaklı
اسد اباد,Esedabad
اسداباد,Esedabad
اسرك,Esrik
اسريلجه (؟),İsrilçe (?)
اسطوقحولم,İstokholm
اسعرد,İsird
اسفاتى,Esfati
اسفاقس,İsfaks
اسفاكيا,İsfakiye
اسفاكيه,İsfakiye
اسفاچيا,İsfaçya
اسفاچيه,İsfaçya
اسفرلك,İsferlik
اسفرلك بانه سى,İsferlik Banası
اسفرليك,İsferlik
اسفنداباد,İsfendabad
اسفنيار,İsfinyar
اسفهان,Isfahan
اسقانبو,İskanbo
اسقانجه رو,İskancaro
اسقانديلى,İskandili
اسقانيا,Askaniya
اسقرا پار,Iskırapar
اسقرابار,Iskırapar
اسقرادين,Iskıradin
اسقراپار,Iskırapar
اسقره دين,Iskıradin
اسقره پار,Iskırapar
اسقريه,İskurya
اسقرپار,Iskırapar
اسقلا,Iskala
اسقلاونيه,Esklavonya
اسقنبو,İskanbo
اسقوبلۀ زير,Uskoble-i Zir
اسقوبيه,Uskupye
اسقوليه,İskoyla
اسقوينه,Uskupye (Uskovina)
اسقوپلوس,İskopelos
اسقوپيه,Uskupye
اسكئ بالا,Eski-i Bala
اسكاكوى (؟),İskakoy (?)
اسكجه,İskeçe
اسكدار,Üsküdar
اسكدار مع كوملجنه,Üsküdar maa Gümülcine
اسكدير,Eskidir
اسكره,Eskere
اسكفسر,İskefsir
اسكفسير,İskefsir
اسكفير و ميلاث و حبسمانه,İskefsir ve Milas ve Habsamana
اسكفيه,İskefiye
اسكلب,İskilib
اسكلب مع تحت الطريق,İskilib maa Tahtettarik
اسكلب مع تحت الطريق و قطر,İskilib maa Tahtettarik ve Katar
اسكلب مع نواحى و قطار,İskilib maa Nevahi ve Katar
اسكله,İskele
اسكلوح (؟),İskilib (İskiluh (?))
اسكليب,İskilib
اسكندربك,İskenderbey
اسكندرلى,İskenderli
اسكندروقف,İskendervakıf
اسكندرون,İskenderun
اسكندريه,İskenderiye
اسكندريّه,İskenderiye
اسكنوس,İskinos
اسكنيد,İskinid
اسكوب,Üsküb
اسكوب مع ناحيء قچانك,Üsküb maa Nahiye-i Kaçanik
اسكوب مع نواحى,Üsküb maa Nevahi
اسكوب مع نوكريچه,Üsküb maa Nogoriçe
اسكوبى,Üskübi
اسكوبي,Üskübi
اسكوتى,Üskütü
اسكودار,Üsküdar
اسكودر,Üsküdar
اسكى,Eski
اسكى ايل,Eskiil
اسكى ايل مع آقچه شهر و دربند خوطن,Eskiil maa Akçaşehir ve Derbend-i Hotamış (Derbend-i Hotan)
اسكى ايل مع قريش اوزى,Eskiil maa Kureyşözü
اسكى بوقه اطه لرى,Eskibuka Adaları
اسكى جمعه,Eskicuma
اسكى حصار,Eskihisar
اسكى حصارلق,Eskihisarlık
اسكى سوده,Eskisuda
اسكى شام,Eskişam
اسكى شهر,Eskişehir
اسكى شهر مع قرجه شهر,Eskişehir maa Karacaşehir
اسكى غرانبوسه,Eskigranbusa
اسكى قوچكرى,Eskikoçgiri
اسكى كلى,Eskikili
اسكى مكرى,Eskimekri
اسكى منداروس,Eskimendaros
اسكى مندروس,Eskimenderos
اسكى منده روس,Eskimenderos
اسكى موصل,Eskimusul
اسكى موصل مع حسن كيف,Eskimusul maa Hısn-ı Keyf
اسكى ناغوريچ,Eskinagoriç
اسكى پاره,Eskipara
اسكى پولوس,Eskipolos
اسكي ايل,Eskiil
اسكي موصل,Eskimusul
اسكيادس,İskiyados
اسكيادوس,İskiyados
اسكيحصار,Eskihisar
اسكيحصارلق,Eskihisarlık
اسكيروپولون,İskiropulon
اسكيشر مع اسكى ايل,Akçaşehir (Eskişer) maa Eskiil
اسكيشهر,Eskişehir
اسكيشهرمع قره جه شهر,Eskişehir maa Karacaşehir
اسكيفوس,Askifos
اسكيفى,İskifi
اسكينا,İskina
اسكينوس,İskinos
اسكچه,İskeçe
اسلاتنيك,Islatnik
اسلاطنه مع مويسلاوينه,Islatnik (İslatina) maa Movislavine
اسلاطنيك,Islatnik
اسلاملو,İslamlı
اسلانقمن,İslankamen
اسلاوشته,İslavişte
اسلاوقوفچه,Islavkofça
اسلميه,İslimye
اسله مز,Eslemez
اسليونه,İslivne
اسماعيل,İsmail
اسماعيليه,İsmailiye
اسمر,Esmer
اسمعيل,İsmail
اسموسقه,İsmoska
اسمولوك,İsmoluk
اسميلان,İsmilan
اسميلوه,İsmilova
اسنفجه,İsnefçe
اسوتى كوركه,İsvetigorge
اسوتى مقلوش,İsvetimikloş
اسوتى ولادساو,İsvetivladsav
اسوتي قتارينه,İsvetikatarine
اسوتي قيريش,İsvetikıriş
اسوتي كوركه,İsvetigorge
اسوتي مارتين,İsvetimartin
اسوتي ولادساو,İsvetivladsav
اسوكدار,Üsküdar
اسولنه,İsvilne
اسوچ ولايتي,İsveç Vilayeti
اسيا,Asya
اسياب,Asiyab
اسياى عثمانى,Asya-yı Osmani
اسُكُوب,Üsküb
اسْتيهَ,İstiye
اسپارته,Isparta
اسپارتى,Isparti
اسپارطه,Isparta
اسپاص,İspas
اسپالاترو اطه لرى,Ispalatro Adaları
اسپانوپول,İspanopol
اسپانيا,İspanya
اسپايرت,İspayrıt
اسپايرت مع خيزان,İspayrıt maa Hizan
اسپر,İspir
اسپرته,Isparta
اسپرلنقه,İspirlonka
اسپره چه,İspireçe
اسپرو,Aspiro
اسپروميسيا,Aspiro Misiya
اسپرونيزون,Aspronizon
اسپرونيس,Aspronis
اسپرونيسيا,Aspronisya
اسپلاترو,İspilatro
اسپلت,İsplit
اسپنزه,Aspinza
اسپورات,İsporat Adaları
اسپورات اطه لرى,İsporat Adaları
اسپورات شرقى اطه لرى,İsporat-ı Şarki Adaları
اسپوينانچه,İspoynaniçe
اسپير,İspir
اسپيه,Espiye
اشاغى,Aşağı
اشاغى اطمه,Aşağıatma
اشاغى بلاك,Aşağıbelen
اشاغى دندارلو,Aşağıdündarlı
اشاغى قلجلى,Aşağıkılıçlı
اشاغى كلر,Aşağıkeler
اشاغى كوى,Aşağıköy
اشباط,İşpat
اشبوزى مع پودغوريچه,İşpuzi maa Podgoriçe
اشتاغول,Aştagul
اشتاغول و مجيد اوزى,Aştagul ve Mecidözü
اشتاويچه,İştaviçe
اشتب,İştib
اشتر,İştir
اشتكين,İştikin
اشتى,Aşti
اشتي,Aşti
اشتيب,İştib
اشحان,İşhan
اشخان,İşhan
اشرف,Eşref
اشرفى اطه لرى,Eşrefi Adaları
اشغه بوجاق,Aşağıbucak
اشغى زغوريه,Aşağızagorye
اشقرل,İşkarel
اشقلر,Işıklar
اشقلعه,Aşkale
اشقلو مع كينلر,Işıklı maa Geyikler (Geyinler)
اشقودره,İşkodra
اشقودره مع قوايه,İşkodra maa Kavaya
اشك,Eşek
اشك اطه لرى,Eşek Adaları
اشكبولوز جزيره لرى,İşkoboloz Cezireleri
اشكرى,İşkeri
اشكلر,Eşekler!
اشكند,İşkinid
اشكيره,İşkire
اشمه,Eşme
اشمه كوره,Eşmegüre
اشمه مع اناى,Eşme maa İnay
اشمه مع سلندى و انار و سركه,Eşme maa Selendi ve Enar (İnay) ve Sirge
اشمونين,Aşmunin
اشمونين مع دلجا,Aşmunin maa Delca
اشن,Eşen
اشودى,Aşudi
اشيم,İşim
اشپات,İşpat
اشپاط,İşpat
اشپوزى,İşpuzi
اصفاقس,İsfaks
اصفقس مع كركنه,İsfaks maa Kerekene
اصفَقسْ مع كركنه,İsfaks maa Kerkene
اصلا حيه,Islahiye
اصلاحيه,Islahiye
اصمه,Asma
اصنو ايلى,Asnuili
اصوپوز,Asopoz
اصپرو سپتى,Aspirospiti
اصپروپوتام,Aspiropotam
اصپرپوتام,Aspiropotam
اضلادى,İzladi
اطاق,Atak
اطاله,Adala
اطاله مع منده حوريه,Adala maa Mendehorya
اطانه,Adana
اطراف شهر,Etraf-ı Şehir
اطراف شهري مدلّلى,Etraf-ı Şehr-i Midilli
اطرافشهر,Etraf-ı Şehir
اطرانوس,Atranos
اطرانوس مع ناحيۀ جبل جديد,Atranos maa Nahiye-i Cebel-i Cedid
اطرنوس,Atranos
اطرنوس / ادرنوس,Atranos
اطرنوس مع جبل جديد و عتيق,Atranos maa Cebel-i Cedid ve Atik
اطرنوس مع خرمنجق,Atranos maa Harmancık
اطرنوس مع خرمنجك,Atranos maa Harmancık
اطره نوس,Atranos
اطفهيه,Atfihiye
اطفيهيه,Atfihiye
اطله,Adala
اطمانلو,Atmanlı
اطملو,Atmalı
اطمه لو,Atmalı
اطنه,Adana
اطه,Ada
اطه بازارى,Adapazarı
اطه بازارى مع صبانجه,Adapazarı maa Sapanca (Sabanca)
اطه بورنكى,Adaburnuki (?)
اطه قلعه,Adakale
اطه قلعه سى,Adakalesi
اطه لر,Adalar
اطه هاء ملحقه,Adaha-i Mülhaka
اطه ويرن,Adaviran
اطه پازارى,Adapazarı
اطه پازارى مع صپانجه,Adapazarı maa Sapanca
اطۀ كبير,Ada-i Kebir
اعراز,Azaz
اعراز تركمن,Azaz-ı Türkmen
اعراز فلاح,Azaz-ı Fellah
اعزاز,Azaz
اعزاز و كليس,Azaz ve Kilis
اعظميه,Azamiye
اعلا,Ala
اعيوج,Uayvic
اغاتونيس,Ağatonis
اغاتونيسى,Ağatonis
اغاجرى,Ağaçeri
اغاجري,Ağaçeri
اغاجلى,Ağaçlı
اغادوه,Ağadeve
اغاكس,Ağakis
اغاكيس,Ağakis
اغاچ اغيل,Ağaçağıl
اغاچلى,Ağaçlı
اغجه,Ağca
اغجه بدي,Ağcabedi
اغجه قلعه,Ağcakale
اغجه لر,Ağcalar
اغرافه,Ağrafa
اغربوز,Ağrıboz
اغرجان,Ağrıcan
اغردس,Ağrıdos
اغردوس,Ağrıdos
اغرفه,Ağrafa
اغرلوسا,Ağralosa
اغروب,Ağrub
اغروس,Ağros
اغروس مع كچيبورلى,Ağros maa Keçiborlu
اغري,Ağrı
اغريبوز,Ağrıboz
اغريجان,Ağrıcan
اغريك,Ugarik
اغريلوس,Ağrilos
اغرييا,Ağriya
اغستوس,Ağustos
اغلاسون,Ağlasun
اغلاسون مع انجير بازارى,Ağlasun maa İncirpazarı
اغلاصون,Ağlasun
اغلسون,Ağlasun
اغلسون مع انجير بازرارى,Ağlasun maa İncirpazarı
اغلى,Ağlı
اغنصوص,Ağunsos
اغوانس,Ağvanis
اغوانيس,Ağvanis
اغوستوس,Ağustos
اغوللى,Ağullu
اغونصوص,Ağunsos
اغوه,Ağva
اغويران,Ağviran
اغين,Ağın
افاميه,Efamiye
افتانا اطه جقلرى,Eftana Adacıkları
افتخار,İftihar
افتنى,Efteni
افتني,Efteni
افرازفنارس,İfraz-ı Fenaris
افريقا,Afrika
افريقاى عثمانى,Afrika-yı Osmani
افسوس,Efsus
افشار,Afşar
افشار عشيرتى,Afşar Aşireti
افشار و بارله,Afşar ve Barla
افغان,Afgan
افكره,Efkere
افلاتار,Aflatar
افلاطار,Aflatar
افلاق,Eflak
افلاق بزرك,Eflak-ı Büzürk
افلاقان,Eflakan
افلاقان زوبچه,Eflakan-ı Zubçe
افلاقان موصتار,Eflakan-ı Mostar
افلاقان ولق ايلى,Eflakan-ı Vılkili
افلاقلر,Eflaklar
افلاك كوچك,Eflak-ı Küçük
افلانى,Eflani
افلانى بورلى,Eflani-i Borlu
افلانى طاطاى,Eflani-i Daday
افلَاقْ,Eflak
افيون قره حصارى,Afyonkarahisarı
اق اباد,Akabad
اق بولاق,Akbulak
اق جاى,Akçay
اق حصار دره سى,Akhisarderesi
اق حصار صاروخان,Akhisar-ı Saruhan
اق حصار كيوه,Akhisar-ı Geyve
اق دكز,Akdeniz
اق دكيز,Akdeniz
اق ساز,Aksaz
اق سكر,Aksenir
اق سكى,Akseki
اق سكي,Akseki
اق شهر,Akşehir
اق شهراباد,Akşehirabad
اق صچلي عشيرتي,Aksaçlı Aşireti
اق طاش,Aktaş
اق طاغ,Akdağ
اق قادينلر,Akkadınlar
اق قيا,Akkaya
اق كرمان,Akkirman
اق كرمن,Akkirman
اق كپرى,Akköprü
اق كچلو,Akkeçili
اق ليمان,Akliman
اق مسجد,Akmescid
اق ويران,Akviran
اق يازى,Akyazı
اق يازى مع خندق,Akyazı maa Hendek
اق يورك,Akyörük
اق يورك مع حاجى حمزه,Akyörük maa Hacıhamza
اقتار,Iktar
اقجه اباد,Akçaabad
اقجه حصار,Akçahisar
اقجه شهر ايدين,Akçaşehir-i Aydın
اقجه شهر بولى,Akçaşehir-i Bolu
اقجه طاغ,Akçadağ
اقجه قزانلق,Akçakızanlık
اقجه قلعه,Akçakale
اقجه مسجد,Akçamescid
اقحصار صاروخان,Akhisar-ı Saruhan
اقحصار كيوه,Akhisar-ı Geyve
اقرجه,Akarca
اقروطور,Akrotor
اقسراى,Aksaray
اقسراى مع ايوب ايلى,Aksaray maa Eyübili
اقسراي,Aksaray
اقسكى,Akseki
اقسكي,Akseki
اقشهر,Akşehir
اقشهر اباد,Akşehirabad
اقشهراباد,Akşehirabad
اقصاز,Aksaz
اقصالور,Aksalur
اقطاش,Aktaş
اقطاع ولايت طره پاي عرب,Ikta-ı vilayet-i Turabay-ı Arab
اقطاغ,Akdağ
اقكرمان,Akkirman
اقكرمن,Akkirman
اقكره,Akkere
اقكوى,Akköy
اقليم التفاح,İklimüttüffah
اقليم الدّاراني,İklimüddarani
اقليم الزبيب,İklimüzzebib
اقليم الزّبِيب,İklimüzzebib
اقليم بلان,İklim-i Bellan
اقليم بلاّن,İklim-i Bellan
اقليم تفاح,İklimüttüffah (İklim-i Tüffah)
اقليم خرنوب,İklim-i Harnub
اقليم سودان,İklim-i Sudan
اقليم شومر مع شقيف,Şumer (İklim-i Şumer) maa Şakif
اقمسجد,Akmescid
اقنجيان نيكبولى و سلستره,Akıncıyan-ı Niğbolu ve Silistre
اقوه,Akova
اقوه مع بهور,Akova maa Bihor
اقوه مع قمران,Akova maa Komaran
اقيازى,Akyazı
اقچار,Akçar
اقچان,Akçan
اقچاى,Akçay
اقچه,Akça
اقچه آباد,Akçaabad
اقچه اباد,Akçaabad
اقچه اباد مع پولادخانه,Akçaabad maa Poladhane
اقچه اباد مع پولاط[خا]نه,Akçaabad maa Polat[ha]ne
اقچه بيكلى,Akçabeyli
اقچه حصار,Akçahisar
اقچه شهر,Akçaşehir
اقچه شهر مع اسكي ايل,Akçaşehir maa Eskiil
اقچه طاغ,Akçadağ
اقچه قزانلق,Akçakızanlık
اقچه قلعه,Akçakale
اقچه كراز,Akçakiraz
اقچه كليسا,Akçakilise
اقچه كليسا مع قارلوه,Akçakilise maa Karlova
اكباز,Ekbaz
اكجك,Ekecik
اكدر,İğdir
اكدير,İğdir
اكدير مع قارديج,İğdir maa Kardiç
اكراد,Ekrad
اكراد لك,Ekrad-ı Lek
اكرادلك,Ekradlık
اكرتو,Ekretu (?)
اكرجلى,Eğercili
اكردر,Eğirdir
اكردير,Eğirdir
اكردير مع جزيرۀ نيس,Eğirdir maa Cezire-i Nis
اكرسك,Eğersek
اكرك,Ekrek
اكرنه,Ekrene
اكروار,Eğrivar
اكرى,Eğri
اكرى اوغلى,Eğrioğlu
اكرى بجاق,Eğribucak
اكرى بوجاق,Eğribucak
اكرى بوجق,Eğribucak
اكرى دره,Eğridere
اكرى طاغ,Eğridağ
اكرى كوز,Eğrigöz
اكرى كوز مع امد,Eğrigöz maa Emed
اكرى كوز مع قصبۀ امد,Eğrigöz maa Kasaba-i Emed
اكرى كوز و سماو,Eğrigöz ve Simav
اكرى پلانقه,Eğripalanka
اكري قپو,Eğrikapı
اكري و حطوان,Eğri ve Hatvan
اكريكوز,Eğrigöz
اكريلر,Eğriler
اكريوار,Eğrivar
اكسانوس,Eksanos
اكسرموره,İkseromora
اكل,Eğil
اكنجك,Ekincik
اكنه,Eğine
اكه جك,Ekecik
اكهازش بل,Eğihazeşbel
اكو,Aku
اكيردر,Eğirdir
اكيردير,Eğirdir
اكيل,Eğil
اكين,Eğin
اكين مع پشادى,Eğin maa Puşadı
اكينه,Eğine
الآجه حصار,Alacahisar
الآن,Alan
الا جام,Alaçam
الا جه خان,Alacahan
الا حتيان,Alahtiyan
الا ختيان,Alahtiyan
الا طاغ,Aladağ
الا كليسا,Alakilise
الا كوى,Alaköy
الا چام,Alaçam
الااغج,Alaağaç
الابنده,Alabanda
الاتا,Alata
الاتااطه سى,Alata
الاتو,Alato
الاجه,Alaca
الاجه حاجى,Alacahacı
الاجه حصار,Alacahisar
الاجه حصَار,Alacahisar
الاجه خان,Alacahan
الاجَه حصار,Alacahisar
الاحناس,Alahnas
الاحونيه,Alahonya
الاخونيه,Alahonya
الاديكاك,Aladinek
الاديكك,Aladinek
الاره,Alara
الازبرج,el-Uzeyric
الازبريج,el-Uzeyric
الازمرج,el-Uzeyric
الازيرج,el-Uzeyric
الازيريج,el-Uzeyric
الاش و قيى,Ulaş ve Kıyı
الاشهر,Alaşehir
الاصونيه,Alasonya
الاطه,Alata
الافو نيزى,Elafonizi
الافونيزى,Elafonizi
الاكوز,Alagöz
الامان,Alaman
الامان دكزى,Alaman Denizi
الان,Alan
الانسه,Alansa
الاپلى,Alaplı
الاچاطى,Alaçatı
الاچام,Alaçam
الاچطى,Alaçatı
الباق,Albak
البجه,Elebce
البدير,el-Budeyr
البستان,Elbistan
البستان مع افسوس,Elbistan maa Efsus
البصان,İlbasan
البق,Albak
البقيعه,el-Bukaya
البوثر,el-Buser
البوع,el-Bu
الت كندى,Altkendi
التون اوزى,Altınözü
التون ايلى,Altınili
التون ايلى مع ياقوه,Altınili maa Yakova
التون طاش,Altıntaş
التون قلعه,Altınkale
التون قلعه مع اُوسْتَقَه,Altınkale maa Osha (Osteka)
التون كوپرى,Altınköprü
التى كسه ك,Altıkesek
الجارم,el-Carim
الجريف,el-Cerif
الجقلر,Alçaklar
الجنينا,el-Cüneyna
الجى,Alcı
الحله,el-Hille
الحوار,el-Havar
الحوار و دوحة,el-Havar ve Davha
الدريكيش,ed-Duraykiş
الرياض,er-Riyad
السو ااندريك,Also Endrik
الشبوك,eş-Şubuk
الشكرد,Eleşkird
الضهاير,ez-Zahayir
الظفير,Ez-Zafir
العبشيره,el-Abşire
العرض,el-Araz
العماير,el-Amayir
العين,el-Ayn
الغشا,el-Gaşa
الغون و اسحاقلو,Ilgın (Ilgun) ve İshaklı
الغين,Ilgın
الفتار,Eleftar
الفزايه,el-Fezaye
الفزيه,el-Fezaye
الفيحا,el-Feyha
الفيحاء,el-Feyha
الفين,Elfin
القائره,el-Kaid (el-Kaira)
القاعد,el-Kaid
القرايين,el-Kurayin
القصر ام الامير,el-Kasru Ümmilemir
القصر شمير,el-Kasru Şemir
الكريملو خاس,Elkerimlühas
الكساندرو,Aleksandro
الكى,İleki
الماجق,Elmacık
الماش,Almaş
المالو,Elmalı
المالو و پير عزيز,Elmalı ve Piraziz
المالى,Elmalı
المالى دره,Elmalıdere
المالي,Elmalı
المبوس,Olimpos
المدين,Elmedin
المناظ,el-Minaz
المه لو,Elmalı
الموص,Almus
الناحشا,en-Nahşa
النجه,Alınca
النحوه,en-Nahve
الند,Aland
النفارى,en-Nefari
النه,Elene
اله شهر,Alaşehir
اله چام,Alaçam
الواحات,el-Vahat
الوان چلبى,Elvançelebi
الوانلو,Elvanlı
الوانلى,Elvanlı
الوانلى و قالكلو,Elvanlı ve Kalınlı
الوجارا و ثووزى,Alucra (Alucara) ve Süvizi
الوجارا و قواتا و كواسه,Alucra (Alucara) ve Kovata ve Kevasa
الوجره,Alucra
الوجلى,Aluçlu
الوجه,el-Vech
الوسس,Eloses
الوسيم,el-Vesim
الوكوئ اسكيلب,Uluköy-i İskilib
الويۀ ثلثه,Elviye-i Selase
الى اشتر,Elieşter
الياس بيك,İlyasbey
الياطلو,İlyatlu (?)
الياكى,İlyaki
اليجق,Alıcık
اليجۀ برغمه,Ilıca-i Bergama
اليجۀ كوستنديل,Ilıca-i Köstendil
اليزا,Eliza
اليصره,İlisıra
اليكان,Alikan
اليكه,Elige
اليمرتاريا,Alimertarya
اليميا,Alimiya
اليميه اطه سى,İlimye
الپاغود,Alpagud
الپاوت,Alpavut
الپوللى,Alpullu
الچاقلر,Alçaklar
ام ادريس,Ümm-i İdris
ام البعرور,Ümmülbarur
ام الحشب,Ümmülhaşeb
ام الحطب,Ümmülhatab
ام الحمايل,Ümmülhamayil
ام الذيبان,Ümmüzziban
ام الرماح,Ümmürrimah
ام الزعول,Ümmüzzaul
ام الطرحان,Ümmüttarhan
ام القروش,Ümmülkuruş
ام الكره,Ümmülküre
ام الكريب,Ümmülkerib
ام المرادم,Ümmülmeradim
ام المراديم,Ümmülmeradim
ام النخيلة,Ümm-i Nahile
ام الواشى,Ümmülvaşi (?)
ام رحا,Ümm-i Raha
ام سحار,Ümm-i Sihar
ام سمارى,Ümm-i Simari
ام سمروع,Ümm-i Semeru
ام سوق,Ümm-i Suk
ام شلغار,Ümm-i Şilgar
ام على,Ümm-i Ali
ام غازى,Ümm-i Gazi
ام قدقور,Ümm-i Kadkur
ام كولان (؟),Ümmülkevlan (?)
ام نحسان,Ümm-i Nahsan
اماد,Amad
امارى,Amari
اماسرى,Amasra
اماسيه,Amasya
اماسيه ايدين,Amasya-i Aydın
اماسيه مع كلدكلان,Amasya maa Geldiklan
اماسيه مع نواحى,Amasya maa Nevahi
اماسيه و كلدكلان,Amasya ve Geldiklan
اماسيّه,Amasya
اماصره,Amasra
اماصرى,Amasra
اماليپوليس,Emalipolis
امام دور,İmamdevr
امانيه,İmanya
امراكى,Amraki
امرالى,İmralı
امرلر,Emirler
امرود آباد,Emrudabad
امرود اباد,Emrudabad
امروز,İmroz
امريقا,Amerika
امريقاى جنوبى,Amerika-yı Cenubi
امريقاى شمالى,Amerika-yı Şimali
امساكيه,İmsakiye
امصرى,Amasra
املا,Emla
املاحور,İmlahor
املاك,Emlak
املج,Ümmülec
امور فقه,Umurfakih
امور فقيه,Umurfakih
اموربك,Umurbey
امورغو پولو,Amorgopulo
امورغوس,Amorgos
امورفو,Omorfo
اموريك,Umurik
اموك,Amuk
امول,Omol
امير,Emir
امير سعيد,Emirsaid
امير طاغى,Emirdağı
اميرحوى,İmirhavi
اميرحوي,İmirhavi
اميرخوى,İmirhavi
اميرلر,Emirler
امينه بالقانى,Emine Balkanı
اميون,Amyon
امّ العم,Ümmülamm
امّ الفيارين,Ümmülfeyyarin
امّ سلامه و بناتها,Ümm-i Selame ve Benatuha
انابولى,Anabolu
اناطولى,Anadolu
اناطولي,Anadolu
اناطُولي,Anadolu
انافى,Anafi
انامور,Anamur
انامور مع ناحيۀ زينه,Anamur maa Nahiye-i Zeyne
انانيس,Ananis
اناوارين,Anavarin
اناوارين جديد بيرون,Anavarin-i Cedid-i Birun
اناوارين عتيق,Anavarin-i Atik
اناوارين عتيق وجديد,Anavarin-i Atik ve Cedid
اناورزه,Anavarza
اناى,İnay
اناى پازارى,Anaypazarı
اناي,İnay
اناپا,Anapa
انبارجى,Anbarcı
انتروويتا,Antirovita
انتى ايپصاره,Antiıpsara
انتى پاروس,Antiparos
انجر,İncir
انجر پازارى,İncirpazarı
انجرلو,İncirli
انجرلى,İncirli
انجه جك,İncecik
انجه رود,İncerud
انجورلو,İncirli
انجوكز,İncüğez
انجير,İncir
انجير بازارى,İncirpazarı
انجير پازارى,İncirpazarı
انجيرلو,İncirli
انجيرلى,İncirli
اند باره,Andibare
اندال,Andal
اندرن,Andırın
اندره,Andre
اندروسه,Andrusa
اندرون بار,Enderun-ı Bar
اندرون قلعۀ قمنيچه,Enderun-ı Kale-i Kameniçe
اندرون قلعۀ مژي بوژى,Enderun-ı Kale-i Mejiboji
اندرون و جامستل و يكيجه قلعه,Andırın (Enderun) ve Camustil ve Yenicekale
اندرون يازلوفچه,Enderun-ı Yazlofça
اندرياس,Endiryas
اندريك,Endrik
اندرين,Andırın
اندلس,Endülüs
اندماهيه,Andomahya
اندو ماخيه,Andomahya
اندورنك,İndronik
اندوغى,Anduğu
اندوغى و شجاع الدين,Anduğu ve Ulukışla (Şücaeddin)
اندوماهيه,Andomahya
اندى باره,Andibare
انزاو,Anzav
انزل,Enzel
انس,Anis
انطاخ,Antah
انطاكيه,Antakya
انطاكيه مع ناحيۀ شغور,Antakya maa Nahiye-i Şugur
انطاليه,Antalya
انطاليه كمر,Antalya Kemer
انطاليه مع استانوس,Antalya maa Nahiye-i İstanos (İstanoz)
انطاليه مع ناحيۀ استانوز,Antalya maa Nahiye-i İstanoz
انفه,Enfe
انقره,Ankara
انقره مع نواحى,Ankara maa Nevahi
انقره مع يوزده جيان قوچحصار,Ankara maa Yüzdeciyan-ı Koçhisar
انقره و قصبه,Ankara ve Kasaba
انكرمان,İnkirman
انكروس,Üngürüs
انكلى قاصرى,Angelikasrı
انكلى قصرى,Angelikasrı
انكوجك,Engücek
انكيس,Engis
انكيسترى,Angistri
انماس,Anamas
انهم,Enhem
انيه,Aniye
انيوار,Anyavar
انَاطُولى,Anadolu
انچتى,Ençiti
انچه,İnçe
انگليز ولايتي,İngiliz Vilayeti
اهتمان,İhtiman
اهدن,İhdin
اهلونه,İhlivne
اهليونه,İhlivne
اواجق,Ovacık
اواجق اسپر,Ovacık-ı İspir
اواجوق,Ovacık
اواره,Avara
اوانوس,Avanos
اوبا بازارى,Obapazarı
اوبار,Opar
اوبروجه,Obrovçe
اوبروجۀ جديد,Obrovçe-i Cedid
اوبروجۀ جديد و عتيق,Obrovçe-i Cedid ve Atik
اوبروجۀ عتيق,Obrovçe-i Atik
اوبروجۀ عتيق وجديد,Obrovçe-i Atik ve Cedid
اوبروچه,Obrovçe
اوبروچۀ جديد,Obrovçe-i Cedid
اوبه بازارى,Obapazarı
اوبودوار,Obudavar
اوبودوواچ,Obudovaç
اوبورجان,Oborçan
اوبورچان,Oborçan
اوبياست,Obyast
اوبيست,Obyast
اوبچه,Obiçe
اوتلق,Otluk
اوتلق كوى,Otlukköy
اوته يقا,Öteyaka
اوتوقه,Otoka
اوتوك,Ütük
اوتوين,Utvin
اوج اطه لر,Üç Adalar
اوج قرداشلر اطه لرى,Üçkardaşlar Adaları
اوجان,Ucan
اوجله,Evcile
اوجله و جالو,Evcile ve Calu
اوجيلر,Evciler
اوحتورم,Ohtorum
اوحرى,Ohri
اوحري,Ohri
اوحى,Ohi
اوخرى,Ohri
اوخرى مع اسباط,Ohri maa İşpat (İsbat)
اوخري,Ohri
اوخريدا,Ohrida
اوخطاب,Ohtab
اوخى,Ohi
اودان,Avdan
اودم,Evdim
اوده,Ude
اوده مش,Ödemiş
اودوارد,Udvard
اودوك,Ödük
اودوينه,Udvine
اوديم,Evdim
اودِيمْ,Evdim
اوذانيتس,Avzanitis
اور,Or
اورا كير,Üreğir
اوراجه,İvraca
اوراحوه,Orahova
اوراحويجه,Orahoviçe
اوراحويچه,Orahoviçe
اوراشيه,Oraşye
اوراق اوغلى,Orakoğlu
اوراكه,Urake
اورامار,Oramar
اوران,Oran
اوراندق,İvranduk
اورانيه,Evrenye
اوراهويچه,Orahoviçe
اورتا شهرى,Ortaşehri (?)
اورتا قيه (؟),Ortakaya (?)
اورتا كوى,Ortaköy
اورتاسيه,Ortasiye
اورتاقجى,Ortakçı
اورتاقلر,Ortaklar
اورته,Orta
اورته اوز,Ortaöz
اورته ايل,Ortail
اورته جه,Ortaca
اورته طاغ,Ortadağ
اورته قريه,Ortaköy (Ortakarye)
اورته قول,Ortakol
اورته قيا,Ortakaya
اورته قيه,Ortaköy (Ortakaya)
اورته كرش,Ortakerş
اورته كوى,Ortaköy
اورته نيابت,Ortaniyabet
اورته پاره,Ortapare
اورجغان صغير,Oruçgan-ı Sagir
اورجغان كبير,Oruçgan-ı Kebir
اورحويجه,Orahoviçe
اورخانلر,Orhanlar
اورخانيه,Orhaniye
اوردباد,Ordubad
اوردو,Ordu
اوردوباد,Ordubad
اوردى,Ordu
اورش,Uruş
اورشه,Evreşe
اورغانلى,Urganlı
اورفانو,Orfano
اورفلله,Urfille
اورفله,Urfille
اورفلّه,Urfille
اورفه,Ruha (Urfa)
اورفه مع نواحى,Urfa maa Nevahi
اوركان,Organ (?)
اوركوب,Ürgüb
اوركوپ,Ürgüp
اورل,Orul
اورلا,Urla
اورلاوسقه,Orlaviska
اورلاوه,Orlava
اورله,Urla
اورمان دوسكى جلوى عليا و سفلا,"Oramar (Orman), Doski, Cilo-yı Ulya ve Süfla"
اورمانلق قائممقاملغى,Ormanlık Kaymakamlığı
اورمانه,Ormana
اورن,Ören
اورن دره سى,Evrenderesi
اورندى,İvrindi
اورنيه,Evrenye
اوره شه,Evreşe
اوره و,Orav
اوروز,Oroz
اوروزلر,Uruzlar
اوروش,Oroş
اورول,Orul
اوروي,Orovi
اوروپا,Avrupa
اوروپاى عثمانى,Avrupa-yı Osmani
اورى,Evri
اوريه اونيس,Evriyeonis
اورچول,Orçul
اوز,Uz
اوز مساخور,Uzmesahor
اوزبيك,Özbey
اوزدينه,Ozdine
اوزرايلى,Özerili
اوزره,Ozora
اوزرين,Ozrin
اوزمدل,Üzümdil
اوزملو,Üzümlü
اوزملى,Üzümlü
اوزمى,Üzümi
اوزنجه آباد خاصكوى,Uzuncaabad-ı Hasköy
اوزنجه اباد خاصكوى,Uzuncaabad-ı Hasköy
اوزوره,Ozora
اوزوملى,Üzümlü
اوزون,Uzun
اوزون اطه,Uzunada
اوزون تارله,Uzuntarla
اوزون كوبرى,Uzunköprü
اوزون كوپرى,Uzunköprü
اوزون كپرى,Uzunköprü
اوزونجه اباد خاصكوى,Uzuncaabad-ı Hasköy
اوزونجه اباد خاصكويى,Uzuncaabad-ı Hasköy
اوزونلى,Uzunlu
اوزى,Özi
اوزى صوى,Özi Suyu
اوزى قواغى,Özükavağı
اوزي,Özi
اوزي صويي,Özi Suyu
اوزيجه,Öziçe
اوزيچه,Öziçe
اوسانيچه,Osaniçe
اوسانچه,Osaniçe
اوستاتيه,Ostatye
اوستراليا,Avustralya
اوسترباليا,Ostropalya
اوسترغون,Estergon
اوسترمجه,Ustrumca
اوستروا,Ostrova
اوستروباليا,Ostropalya
اوستروغه,Ustruga
اوسترومجه,Ustrumca
اوستروه,Ostrova
اوسترووه,Ostrova
اوسترويجه,Ostroviçe
اوسترويجه مع استريه اوسترويجه,Ostroviçe maa İsterye Ostroviçe
اوسترويچه,Ostroviçe
اوسترويچه مع وقف خسرو بك,Ostroviçe maa Vakf-ı Hüsrevbey
اوسترويچۀ جديد,Ostroviçe-i Cedid
اوسترويچۀ عتيق,Ostroviçe-i Atik
اوستروپاليا,Ostropalya
اوسترپاليا,Ostropalya
اوستكران,Üstükran
اوستودنه,Ustudana
اوستوده نيچه,Ustudaniçe
اوستون,Ostun (?)
اوستيقه,Ostika
اوسحه,Osha
اوسخه,Osha
اوسقوپيه,Uskupye
اوسك,Ösek
اوسكبى,Üskübi
اوسكنه,Üsküne
اوسكوب,Üsküb
اوسكودار,Üsküdar
اوسلان,Oslan
اوسوره,Usora
اوسيه چانى,Osyeçani
اوشربقه,Oşarobka
اوشناق,Oşnak
اوشنى,Uşni
اوشون,Oşun
اوشين سفلى,Avşin-i Süfla
اوصاد,Osad
اوصقره,Oskara
اوصلان,Oslan
اوصما,Osma
اوطاغ طره بلوس,Otağ-ı Trablus
اوطاو,Otav
اوغادى,Avgadı
اوغلاق,Oğlak
اوغنوط,Oğnut
اوغنويد,Oğnavid
اوغو,Avgo
اوغود,Ugod
اوغوز,Oğuz
اوف,Of
اوفاجقلى,Ufacıklı
اوفجقلى,Ufacıklı
اوفريس,Ofris
اوفه جقلى,Ufacıklı
اوفچه,Ofça
اوقاف,Evkaf
اوقام,Okam
اوقان,Ukan
اوقبانت,Okbanet
اوقتونيا,Oktonya
اوقسا,Oksa
اوقسيا,Oksiya
اوقطونيا,Oktonya
اوقيانوس,Okyanus
اوقچى ايلى,Okçuili
اوكدم,Öğdem
اوكز,Üğüz
اوكسه,Ökse
اوكسون,Öksün
اوكمجه مع كوسه لى,Üğümce maa Köseli
اوكندره,Okendira
اوكوز,Üğüz
اوكوست,Ogüst
اولا,Ula
اولا پرت,Ulapert
اولاح شپش,Ulahşepiş
اولادِ محمود,Evlad-ı Mahmud
اولاش,Ulaş
اولاش مع نمرون,Ulaş maa Namrun
اولاش و نمرون,Ulaş ve Namrun
اولاغو,Avlağı
اولاغى,Avlağı
اولاق,Ulak
اولان الى,Ulaneli
اولانوف,Ulanof
اولاه شبش,Ulahşepiş
اولاه شپش,Ulahşepiş
اولبو,Ulbo
اولتانيچه,Oltaniçe
اولتو,Olto
اولتى,Oltu
اولتى مع مباورى,Oltu maa Mapavri
اولتي,Oltu
اولطى,Oltu
اولقانه,Ulkana
اولكاي مكري,Ülke-yi Megeri
اولكون,Ülgün
اولكونبار,Ülgünbar
اولندرك,Ülündürük
اوله,Ula
اولو اباد,Uluabad
اولو بورلو,Uluborlu
اولو بورلى,Uluborlu
اولو شيران,Uluşiran
اولو قشلا,Ulukışla
اولو قشله,Ulukışla
اولو قلعه,Ulukale
اولو كوبك,Ulugöbek
اولوباد,Ulubad
اولوبورلو,Uluborlu
اولوبورلى,Uluborlu
اولوس,Ulus
اولوس مع اماسري,Ulus maa Amasra
اولوغ,Ulog
اولوقشله,Ulukışla
اولوقيشله,Ulukışla
اولون,Avlun
اولونار,Avlonar
اولوندرك,Ülündürük
اولونيا,Avlonya
اولونيه,Avlonya
اولوه,Olova
اولوه مع برچه,Olova maa Birçe
اولوه و كنزين و برچه,Olova ve Knezin ve Birçe
اولوپتري,Olopetri
اوليا,Uliya
اوليبورلى,Uluborlu
اوليمپوس,Olimpos
اوليور,Olivir
اولپر,Olpar
اولگون,Ülgün
اومورفه,Omorfo
اومورفو,Omorfo
اومول,Omol
اون اكى ديوان مع يدى ديوان,Bartın (Onikidivan) maa Yedidivan
اون ايكى ديوان,Onikidivan
اونا,Una
اونسه,Unise
اونه,Una
اونود,Onod
اونوس,Onos
اونيك,Avnik
اونيه مع نواحى,Ünye maa Nevahi
اونيه و جويز دره و جوره كل و فنارس و افراز,Ünye ve Cevizdere ve Çöreği (Çöreğil) ve Fenaris ve İfraz
اونچه,Unçe
اوه,Ova
اوه جق,Ovacık
اوه جك,Ovacık
اوه دوزى,Ovadüzü
اوه رك,Everek
اوه يوزى,Ovayüzü
اوهود,Ohod
اووا جق,Ovacık
اوواطه جغى,Ovo Adacığı
اووقات حاجى كوى,Avukathacıköy
اوونيه,Avuniye
اووه جق,Ovacık
اووه كوى,Ovaköy
اووه يقه,Ovayaka
اووه يوزى,Ovayüzü
اوى بارش,Uybarş
اوى واروش,Uyvaroş
اوي بارش,Uybarş
اويانو,İvyano
اويتو,Oyto
اويشين,Avişin
اويم آغاج,Oyumağaç
اويم اغاج,Oyumağaç
اويناش,Oynaş
اوينه,Avuniye
اويوآر,Uyvar
اويوار,Uyvar
اويوجك,Öyücek
اويوك,Öyük
اويوكلو,Öyüklü
اوُخْرى,Ohri
اوُرْفِلَه,Urfille
اوپار,Opar
اوپاروپترمژاك,Opar ve Petremjak
اوپر,Opar
اوپوليه,Opolye
اوچ آطه لر,Üç Adalar
اوچ اطه لر,Üç Adalar
اوچ حصار,Uçhisar
اوچ طاش,Üçtaş
اوچ كوى,Üçköy
اوچاق,Ovçak
اوچكان,Uçikan
اوگز,Üğüz
اى يانى,Ayiyani
ايا ديمترى,Ayadimitri
ايا روملى,Ayarumeli
ايا سرانده,Ayasaranda
ايا طودورى,Ayatodori
ايا كيرياكي,Ayakiryaki
ايا نيقوله,Ayanikola
ايازمند,Ayazmend
ايازمند [مع] ناحيۀ چاندارلى و امرود اباد,Ayazmend [maa] Nahiye-i Çandarlı ve Emrudabad
ايازمند و بغاز حصار,Ayazmend ve Boğazhisar
ايازمه,Ayazma
اياس,Ayas
اياس مع برندى,Ayas maa Berendi
اياسراندا,Ayasaranda
اياسفيد,Ayasefid
اياسلوغ,Ayasluğ
اياسلوغ مع اذينه,Ayasluğ maa Ezine-i Ayasluğ (Ezine)
اياصو,Ayasu
اياغورغور,Ayagorgor
اياقنى,Ayakını
اياكرياكي,Ayakiryaki
اياكوركيوس,Ayagorgiyos
اياكيؤركيوس,Ayagiorgiyos
اياماوره,Ayamavra
اياماورو,Ayamavra (Ayamavro)
اياموره,Ayamavra
ايانجا,Ayanca
ايانجق,Ayancık
اياندون,Ayandon
ايايانى مناسترى,Ayayanimanastırı
ايايانيس,Ayayanis
ايايوركى,Ayayorgi
اياپتروس,Ayapetros
اياژورژى,Ayajorji
ايبا صدى,Aybasdı
ايباسدى,Aybasdı
ايباصدى,Aybasdı
ايبراله,İbrala
ايبريق تپه,İbriktepe
ايبصاله,İpsala
ايبصدى,Aybasdı
ايبصله,İpsala
ايبك,İpek
ايبك مع احرام,İpek maa Hram (İhram)
ايتاكى,İtaki
ايتمان و توابعى,İtman (?) ve Tevabii
ايج ايل,İçel
ايجانيس,İcanis
ايجرود,İcrud
ايجكي,İçki
ايختيما,İhtima
ايدا,İda
ايدرى,İdri
ايدنجق,Aydıncık
ايدورشته,İdvorişte
ايدوس,Aydos
ايدونات,Aydonat
ايدين,Aydın
ايرديك,İrdig
ايرسك,İresik
ايرشوه,İrşova
ايرك,İrig
ايركمنصور,İrgemansur
ايرله,İrle
ايرله مع ياوجه,İrle maa Yavice
ايرله مع ياويجه,İrle maa Yavice
ايرله مع يويجه,İrle maa Yaviçe
ايرمني,İrmini
ايرنكل,İringil
ايره سك,İresik
ايريك,İrig
ايرينكيل,İringil
ايرژانه,İrjana
ايزبرنچه,İzbirinçe
ايزدنجى,İzdenci
ايزدين,İzdin
ايزغورد,İzgord
ايزلادى,İzladi
ايزمير,İzmir
ايزمينه پوليه,İzminepolye
ايزنبول,İznepol
ايزنجه,İzeniçe
ايزنيجه,İzeniçe
ايزنيق,İznik
ايزنيچه,İzeniçe
ايزنپول,İznepol
ايزنچه,İzeniçe
ايزوانچه,İzvaniçe
ايزورنيق,İzvornik
ايزولى,İzoli
ايزولى خشك,İzoli Huşuk
ايزونى غراد,İzvenigrad
ايزوني غراد,İzvenigrad
ايزونيغراد,İzvenigrad
ايزوه جان,İzveçan
ايزوور,İzvor
ايزوورنيق,İzvornik
ايزوويك,İzvovik
ايزويژده,İzvijde
ايساقجى,İsakcı
ايسقر,İskar
ايسقروپيدى,İskropidi
ايسقورپيو,İskorpiyo
ايسقوپلوس,İskopelos
ايسقوپه لوس,İskopelos
ايسكيادوس,İskiyados
ايسكييادوس,İskiyados
ايسميل,İsmil
ايشق طاغى,Işıkdağı
ايشم,İşim
ايشيق طاغى,Işıkdağı
ايشيقلر,Işıklar
ايشيم,İşim
ايغال,Igal
ايغدير,Iğdır
ايغناوت,İğnavut
ايغنوت,İğnavut
ايقاريا,İkarya
ايقوش,İkoş
ايكده لى,İğdeli
ايكدير,İğdir
ايكنه آطه,İğneada
ايكنه اطه,İğneada
ايكى قارداش,İkikardeş
ايكى قبولى,İkikapılı
ايكى قبُّولى,İkikapılı
ايكى قپولى,İkikapılı
ايكيزلر,İkizler
ايل باشى,İlbaşı
ايل بصان,İlbasan
ايل بكلو,İlbeyli
ايل بكلى,İlbeyli
ايل بكى,İlbeyi
ايل بيكى,İlbeyi
ايل بگلى,İlbeyli
ايلادييه,İladiye
ايلباشى,İlbaşı
ايلبصان,İlbasan
ايلبكلو,İlbeyli
ايلبكلى,İlbeyli
ايلبنوز,İlbinoz
ايلبگلو,İlbeyli
ايلدير,İldir
ايلغاز,Ilgaz
ايلغواره,İlgavara
ايلغين,Ilgın
ايلفوو مع بكرش,İlfov maa Bükreş
ايلق,İlok
ايلميس,İlmis
ايلنچه,İlinçe
ايلوات,İlvat
ايلوغ,İlok
ايلوق,İlok
ايلى صو,Ilısu
ايلياكى,İlyaki
ايليان,İlyan
ايليجه,Ilıca
ايليجه برغمه,Ilıca-i Bergama
ايليجه صارو خان,Ilıca-i Saruhan
ايليجۀ برغمه,Ilıca-i Bergama
ايليجۀ صاروخان,Ilıca-i Saruhan
ايليجۀايدوس,Ilıca-i Aydos
ايليه,İliye
ايمر,Eymir
ايمرالى,İmralı
ايمروز,İmroz
ايمروز اطه سى,İmroz Adası
ايموجقه,İmoçka
ايموچقه,İmoçka
ايموچقه و ناحيۀ ژوپه,İmoçka ve Nahiye-i Korskajupe (Jupe)
ايمير,Eymir
اين,İn
اين اوكى,İnönü
اين اوكي,İnönü
اين اوى,İnevi
اين حصار,İnhisar
اين صويى,İnsuyu
اين كرمان,İnkirman
اين كرمن,İnkirman
اينابولي,İnebolu
ايناللوباللو,İnallıballı
ايناللى باللى,İnallıballı
ايناى,İnay
اينتيلى,İntilli
اينجرلى,İncirli
اينجك,İnecik
اينجه آغز,İnceağız
اينجه باير,İncebayır
اينجه صو,İncesu
اينجه قره صو,İncekarasu
اينجوكز,İncüğez
اينجيرلى,İncirli
اينده سيل,İndesil
ايندون,Ayandon
ايندون مع اق قيا,Ayandon maa Akkaya
اينقوروناتا,İnkoronata
اينكرمان,İnkirman
اينه بحتى,İnebahtı
اينه بحتي,İnebahtı
اينه بختى,İnebahtı
اينه بختي,İnebahtı
اينه بولى,İnebolu
اينه جك,İnecik
اينه روز,Aynaroz
اينه روز جزيره سى,Aynarozceziresi
اينه سيل,Eynesil
اينه غوشته,İnegoşta
اينه قوللر,İnekollar
اينه كول,İnegöl
اينه كول ايدين,İnegöl-i Aydın
اينه كول بروسا,İnegöl-i Bursa
اينه كول بروسه,İnegöl-i Bursa
اينه پازارى,İnepazarı
اينه گول آيدين,İnegöl-i Aydın
اينه گول بروسه,İnegöl-i Bursa
اينوار,Anyavar
اينوز,İnöz
اينوس,İnös
اينَه بَحتي,İnebahtı
ايو اليه,Ayoilya
ايو سوزو,Ayosuzo
ايو لندى,Ayolenidi
ايو نيقولا,Ayonikola
ايو نيقوله,Ayonikola
ايو يانى,Ayoyani
ايو يوركى,Ayoyorgi
ايو پاولوس,Ayopavlos
ايوات,Ayvat
ايواجق,Ayvacık
ايوار,Uyvar
ايواصل,Ayovasil
ايوالق,Ayvalık
ايوالق مع كافر اغيلى,Ayvalık maa Kafirağılı
ايوالو,Ayvalı
ايوالى,Ayvalı
ايوان,Eyvan
ايوانزيو,Ayoanzeyo
ايوانقوه,İvankova
ايوانقوه بلاطه,İvankova Blata
ايوب انصارى,Eyyüb-i Ensari
ايوب ايلى,Eyübili
ايوراجه,İvraca
ايورانه,İvrana
ايورانيه,İvranya
ايورانيه مع پراشوه,İvranya maa Praşova
ايوراژه غرنچه,İvraje Gırniçe
ايورندى,İvrindi
ايورندى مع گيره سون,İvrindi maa Giresun
ايوس ساراندا,Ayossaranda
ايولوحو,İvloho
ايولوخو,İvloho
ايوم اغاج,Oyumağaç
ايونيزى,Ayunizi
ايوه لق,Ayvalık
ايوواصل,Ayovasil
ايوواصيل,Ayovasil
ايويانى,Ayoyani
ايويقا,İvika
ايى سرانده,Ayasaranda
ايى وارواره,Ayivarvara
ايى يوركى مناسترى,Ayiyorgimanastırı
ايي ياني,Ayiyani
ايّوب ايلى,Eyübili
ايپسله,İpsile
ايپسيلى,İpsili
ايپصارا,Ipsara
ايپصاره,Ipsara
ايپصاله,İpsala
ايپك,İpek
ايچ,İç
ايچ ال,İçil
ايچكى,İçki
ايچمه,İçme
ايژديرل,İjdiril
اَتاق,Atak
اَتَاقْ,Atak
اَدفو,Edfu
اَدْفُو مع اِبْرِم,Edfu maa İbrim
اَرضْ رُومْ,Erzurum
اَرْجيش,Erciş
اَرْدنوچ,Ardanuç
اَرْدَكْ,Erdek
اَرْغنى,Ergani
اَشْمُون,Aşmun
اَكِيلْ,Eğil
اَلَنَه,Elene
اَلْبَه,Elbe
اَندرسْ,Endiris
اَندره,Andre
اَنْدرَه,Andre
اَولُونْيه,Avlonya
اَيْدُوناتْ,Aydonat
اَيْنه پازارى,İnepazarı (Eynepazarı)
اَيْنَه پازارى,İnepazarı (Eynepazarı)
اُرول,Orul
اُموُرْفو,Omorfo
اِرَمْلو,İremli
اِرْلاَنْدهَ,İrlanda
اِسْتِيه,İstiye
اِسْتِيَه,İstiye
اِسْفاكْيَه,İsfakiye
اِصْفَقسْ مع كَرْكَنَه,İsfaks maa Kerekene
اِلْياكى,İlyaki
اِهْتِمانْ,İhtiman
اِيپْصاله,İpsala
اِپْصاره,Ipsara
اِپْصارى,Ipsara
اپانو,Epano
اپتچار,İptiçar
اپساله,İpsala
اپساله وكشان,İpsala ve Keşan
اپسلى,İpsili
اپسيلى,İpsili
اپشنه,İpşine
اپصارا,Ipsara
اپصاره,Ipsara
اپصاله,İpsala
اپقرون,Apokoron
اپلاطانو,İplatano
اپلاقوه,İplakova
اپوقرون,Apokoron
اپوقرى,Apokri
اپوقورون,Apokoron
اپوليه,Opolye
اپوليوند,Apolyond
اپون,Apon
اچاجى و اوزى قواغى,Acacı (Açacı) ve Özükavağı
اچتاحيه,İçtahiye
اچق باش,Açıkbaş
اچمياذك,Eçmiyazin
اچوتوشه,İçvituşa
اژدرل,İjdiril
اڭردر,Eğirdir
اڭري قپو,Eğrikapı
اگدر,İğdir
اگدر مع قارديج,İğdir maa Kardiç
اگردر,Eğirdir
اگرى بوجاق مع قوژانى,Eğribucak maa Kozana (Kojani)
اگرى كوز,Eğrigöz
اگيل,Eğil
اگين,Eğin
بآرانيه,Baranya
بئر السبع,Birüsseba
بئرة الجرد,Biretülcürd
بئرة الفرات,Biretülfırat
با لقان طاغلرى,Balkan Dağları
با لقان طاغلري,Balkan Dağları
با ليكسرى,Balıkesri
باب,Bab
باب المندب,Babülmendeb
باب جبول,Bab [ve] Cebbul
باب طوپ,Bab-ı Top
باب مع جبول,Bab maa Cebbul
باب و جبول,Bab ve Cebbul
بابا,Baba
بابا اسكسى,Babaeski (Babaeskisi)
بابا طاغى,Babadağı
بابا پلاوى,Baba Pilavi
بابااسكى,Babaeski
بابااطه سى,Baba
بابارون,Babarun
بابان,Baban
بابانقاش,Babanakkaş
بابرچ,Babarç
بابصو,Babsu
بابنا,Babinna
بابيانى,Babyani
بابيلان,Babilan
باترون,Batrun
باتنوس,Patnos
باته,Bata
باتوم,Batum
باج,Baç
باجركه,Bacirge
باجل,Bacil
باجوان,Bacıvan
باجى,Bacı
باخال,Barhal
باخمس,Bahmis
بادجوان,Badicvan
بادرا جق,Badracık
بادره جق,Badracık
بادكان,Badikan
بادللو,Badıllı
بادميه,Bademiye
بادميّه,Bademiye
باده,Bada
باديجوان,Badicvan
بادينه,Badine
باديه,Badiye
باديه و شيح,Badiye ve Şeyh
بار,Bar
بار موساء كبير,Barmusa-i Kebir
باراق,Baraklı (Barak (?))
باربادا,Barbada
بارباروس,Barbaros
بارح,Barah
بارحال,Barhal
باردوينه,Bardovine
بارديز,Bardız
بارديز و كوب,Bardız ve Kop (Kob)
باردیز,Bardız
بارسيى بيت,Parsibit
بارش,Barş
بارشه,Barişa
بارطن,Bartın
بارطين,Bartın
بارغه,Parga
باركري,Bargiri
باركيرعن اولكاء چمشكيزك,Bargir an-ülka-i Çemişgizek
باركيرى,Bargiri
باركيرى مع عشاير,Bargiri maa Aşair
باركيري,Bargiri
بارلا,Barla
بارله,Barla
بارله مع اغروس,Barla maa Ağros
بارمانه,Barmana
بارمقسز,Parmaksız
بارنج,Barınc
باره,Bare
باروطين,Barutin
باريشا,Barişa
باريكصور,Bariksor
بارين,Barin
بارينج,Barınc
باريچ,Bariç
بارچ,Barç
بارچنلو,Barçınlı
بارچنلى,Barçınlı
باز,Baz
بازار بورويجه,Pazar-ı Boroviçe
بازار بويك واروش يونس پاشا,Tutik (Pazar-ı Boyik-i Varoş-ı Yunuspaşa)
بازار خواج,Pazar-ı Hovaç
بازار ساس,Pazar-ı Sas
بازار صويى,Pazarsuyu
بازار قاقنه,Pazar-ı Kakane
بازار كوركواج,Pazar-ı Gurgevaç
بازار كوى,Pazarköy
بازار كويى,Pazarköyü
بازار كيركواج,Pazar-ı Kirkovaç
بازار پتريچه,Pazar-ı Petriçe
بازار چايى,Pazarçayı
بازاركاه,Pazargah
بازاركوى,Pazarköy
بازارلو,Pazarlı
بازه وير,Bazevir (?)
بازيان,Bazyan
بازيان مع چمچال و نوره و عشيرت هموند,Bazyan maa Cemcemal (Çemçal) ve Nure ve Aşiret-i Hemevend
بازيكى,Baziki
باستار,Bastar
باسكل,Baskil
باش اغرى,Başağrı
باش قشله,Başkışla
باش كديكلر,Başgedikler
باش كردك,Başgirdek
باش كول,Başgöl
باش كوى,Başköy
باش كيردك,Başgirdek
باش وارتنك,Başvartanik
باش چفتلك,Başçiftlik
باشا ليمانى,Paşalimanı
باشتوه,Baştova
باشوارتنك,Başvartanik
باشيقه,Başika
باصبرين,Basbirin
باط,Bat
باطه,Bata
باطه شك,Bataşek
باطوركسوى,Batorkösöy
باطوم,Batum
باغ آراسى,Bağarası
باغ اراسى,Bağarası
باغ اواسى,Bağovası
باغ اوه سى,Bağovası
باغجه سراى,Bağçesaray
باغدره,Bağdere
باغزق,Bağzık
باغلان,Bağlan
باغه بيرد,Bağabird
باغوبيت,Bagobit
باغوس,Bagos
باغين,Bağın
باغچه,Bağçe
باغچه جك,Bağçecik
باغچه سراى,Bağçesaray
باف,Baf
باف قوقله,Baf [maa] Kukla
باف مع قوقله,Baf maa Kukla
بافره,Bafra
بافره و آلاچام,Bafra ve Alaçam
بافى,Bafa
بافى مع چتريا,Baf (Bafi) maa Çiterya
بافى مع چِيٍترْيا,Baf (Bafi) maa Çiterya
بافي مع چيتريا,Baf (Bafi) maa Çiterya
باقر,Bakır
باقر طاغى,Bakırdağı
باقره,Pakra
باقرچايى,Bakırçayı
باقس,Baks
باقص,Baks
باقو,Bako
باكئو,Bakao
باكو,Bakü
بال طورنه,Baltorna (?)
بالا,Bala
بالاطوق,Balatok
بالانبولى,Balyanbolu
بالاى نيل,Bala-yı Nil
بالتى,Baltı
بالجق,Balçık
بالجى,Balcı
بالس,Balis
بالق,Balık
بالقان,Balkan
بالقلى كول,Balıklıgöl
بالقوار,Balkovar
بالك,Balik
باللو,Ballı
باللى,Ballı
بالنه,Baline
بالنوش,Balnuş
بالو مع شوره,Palu maa Şure
بالوقلو,Balıklı
بالوپولو,Balopulo
بالى بك,Balibey
بالى كسرى,Balıkesri
باليا,Balya
باليان,Balyan
باليان بولى,Balyanbolu
باليانبولى,Balyanbolu
باليس,Balis
باليسان,Balisan
باليقان,Balikan
باليكسر,Balıkesri
باليكسرى,Balıkesri
باليه,Balya
باليه بادره,Balyabadra
بالچق,Balçık
بالچيق,Balçık
بانا,Bana
بانارلى,Banarlı
باناز,Banaz
بانداليغوسه,Pandaligosa
باندرمه,Bandırma
بانديرمه,Bandırma
بانسقه,Banska
بانه,Bana
بانه رودنه,Banarudine
بانه رودينه,Banarudine
بانه لوقه,Banaluka
بانوشتره,Banoştore
بانياس,Banyas
بانيه,Banya
بانيچۀ جديد,Baniçe-i Cedid (?)
بانچ,Baniç
باهو,Baho
باولى مع نواحى,Pavlu (Bavlı) maa Nevahi
باى وديك,Bayvodik
بايا,Baya
بايات,Bayat
بايبرد,Bayburd
بايبورد,Bayburd
بايبورد اوه رك,Bayburd Everek
بايبورد قرمان,Bayburd-ı Karaman
بايدار,Baydar
بايذيد,Bayezid
باير,Bayır
باير بوجاق,Bayırbucak
بايراميج,Bayramiç
بايزيد,Bayezid
بايمزو,Baymezö
بايندر,Bayındır
بايندير,Bayındır
بايه,Baya
بايوم,Bayom
باچ,Baç
باچقه,Baçka
ببروه,Bebrova
ببه جك,Bebecik
ببيان,Bubiyan
بترون,Batrun
بترون اسكله سى,Batruniskelesi
بترون عليا,Batrun-ı Ulya
بتريج,Petriç
بتريل مع رادوويز,Petril maa Radoviz
بتريچ,Petriç
بتليس,Bitlis
بتيل,Butil
بثينه,Buseyne
بجا,Beca
بجاق,Bucak
بجكرك,Beçkerek
بجنى,Bicni
بجوان,Bacıvan
بجوره,Bucura
بجوى,Peçuy
بحار,Bihar
بحر الغزال,Bahrülgazal
بحر صووق,Bahr-i Sovuk
بحر عمان,Bahr-i Umman
بحر محيط اطلاسى,Bahr-i Muhit-i Atlasi
بحر محيط كبير,Bahr-i Muhit-i Kebir
بحر محيط منجمد جنوبى,Bahr-i Muhit-i Müncemid-i Cenubi
بحر محيط هندى,Bahr-i Muhit-i Hindi
بحراحمر,Bahr-i Ahmer
بحرالابيض,Bahrülebyad
بحرالغزل,Bahrülgazal
بحرانى,Bahrani
بحرين,Bahreyn
بحرين اطه لرى,Bahreyn Adaları
بحور,Bihor
بحورينه,Bihorine
بحيرة الببان,Buhayratülbiban
بحيرةالبالا,Buhayratülbala
بحيره,Buhayra
بحيرۀ حجانيه,Buhayra-i Hıcaniye
بحيرۀ عتيبه,Buhayra-i Uteybe
بخشش,Bahşeş
بخيره,Buhayra
بداقلو,Budaklı
بداما,Badama
بدرشين,Bedrişin
بدرلى,Bedirli
بدرمه,Bedreme
بدره,Bedre
بدره و بنى لام,Bedre ve Benilam
بدعه,Bida
بدليس,Bitlis
بدوستان,Bedustan
بدون,Budin
بدون و پشته,Budin (Budun) ve Peşte
بدوى,Bidevi
برائيل,İbrail
برات,Berat
برات مع آولونيه,Berat maa Avlonya
برات مع مزاكيه و ملقسه,Berat maa Mujake (Mujakiye) ve Malakastra (Malakasa)
براتسا,Bratsa
براحوه,Brahova
برادز,Baradız
براده,Berada
برادوست,Beradost
براديز,Baradız
برازكيرد,Berazgird
براستك,Birastik
براصدم,Brasadim
براطلى,Baratlı
براعصه,Beraisa
براقلى جمعه,Baraklıcuma
برامبيل,Berambil
بران,Beran
برانه,Berane
برانيجوه,Braniçeva
برانيچوه,Braniçeva
برانچوه,Braniçeva
براوشته,Pravişte
بربود,Pripod
برتز,Bertiz
برتك,Pertek
برتك عن اولكاء چمشكيزك,Pertek (Bertek) an-ülke-i Çemişgizek
برتكرك,Pertekrek
برتويك,Britvik
برتيز,Bertiz
برج,Burç
برجقا,Bırçka
برجقه,Bırçka
برجه,Birçe
برجه مع كنزين,Birçe maa Knezin
برخو,Berho
برداروه,Bardarova
برداقجى,Bardakçı
بردع,Berda
بردعه,Berda
بردنچ,Berdeniç
بردونه,Berdone
برديك,Berdik
برزاوه,Bırzava
برزرين,Prizrin
برزرين مع صهريقه,Prizrin maa Suhorika
برزلوق,Berezluk
برزنجه,Berzence
برزنه,Brezne
برزنيق,Breznik
برزنيك,Breznik
برزنچه,Brezniçe
برزوه,Bırzava
برزويچه,Brezoviçe
برزيقه,Brezika
برزيه,Birziye
برسبه,Prespa
برسجان,Presiçan
برسنيچه,Bresniçe
برسه,Bursa
برسيس,Bersis
برشتنه,Priştine
برطان,Beritan
برع,Bura
برغاز جديد,Burgaz-ı Cedid
برغازجديد,Burgaz-ı Cedid
برغمه,Bergama
برغوس صغير,Bergos-ı Sagir
برغوس كبير,Bergos-ı Kebir
برغومه,Birgoma
برق بسرمن,Berekbösörmen
برقاس,Berkas
برقه,Berka
برقوفجه,Berkofça
برقوفچه,Berkofça
بركان,Berkan
بركت اوغلى,Bereketoğlu
بركتلو,Bereketli
بركتلى,Bereketli
بركجى,Bergici
بركشاط,Bergüşat
بركه,Bereke
بركى,Birgi
برلبه مع مورجوه,Pirlepe maa Morihova (Moriçova)
برلوشجه,Broloşce
برلوغنده,Pirlavganda
برمانه,Burumana
برمقسز,Parmaksız
برناز,Pırnaz
برندى,Berendi
برندى و اياس,Berendi ve Ayas
برندي,Berendi
برنه,Berne
برنوار,Berenvar
بره,Bare
بره جك,Birecik
بره ده,Berada
بره زن,Berezen
بره زنجه,Berezenice
بره زنيجه,Berezenice
بره زنچه,Berezenice
بره زه بانا (؟),Brezebana (?)
بره زوه پوله,Brezovapole
بره زويچه,Brezoviçe
بره سيمين,Beresimin
بره كتلو,Bereketli
بره كتلو مع چام اردى,Bereketli maa Çamardı
بره مدى,Premedi
بره من,Beremen
بره وادى,Prevadi
برهان,Burhan
برهانيه,Burhaniye
برواراوه,Bırvarava
بروارى ژورى مع بروارى زيرى,Pervari-i Juri maa Pervari-i Jiri
بروانيك,Bırvenik
بروجرد,Burucerd
برود,Brod
برود و اسرم چرنيك (؟),Bosna Brodu (Brod) ve İsrem-i Çernik (?)
برودار,Brodar
بروزه,Beruze
بروسا,Bursa
بروسه يكيجه,Bursa Yenice
برولوشجه,Broloşce
برونيك,Bırvenik
بروه نيك,Bırvenik
بري,Berri
بريبود,Pripod
بريد و الوت,Berid (?) ve Alut
بريقه,Büreyka
بريقه [و] جدابيه,Büreyka [ve] Cidabiye
بريوتيچه,Piryotiçe
برييك,Priyeg (Briyeg)
برييه,Beriye
بريپوى,Priboy
برّشامى,Berr-i Şami
برچقه,Bırçka
برچه,Birçe
برچه مع كنزين,Birçe maa Kenzin
برچين,Berçin
بزخلفان,Bezahlefan
بزرى,Bizeri
بزم الغربى,Bezmülgarbi
بزنيك,Bezenik
بزور اوق,Bozok
بزينه رود,Bizinerud
بسارابيا,Besarabya
بسارابيه,Besarabya
بستريچه,Bistriçe
بستيه ادالرى,Sapiyanza Adaları
بسرمان,Bösörman
بسرمن,Bösörman
بسقبو,Piskopi
بسقوبو,Piskopi
بسقوبى,Piskopi
بسكنتا,Biskinta
بسميل,Bismil
بسيط,Basit
بسپريم,Besprim
بش آطه لر,Beş Adalar
بش اطه لر,Beş Adalar
بش ديوان,Beşdivan
بش قباق,Beşkabak
بش قوناق,Beşkonak
بش پارمق,Beşparmak
بشتريچه,Biştriçe
بشخابور,Bişhabur
بشديوان,Beşdivan
بشراى,Bişerri
بشروم,Büşürüm
بشقوناق,Beşkonak
بشكطاش,Beşiktaş
بشورم,Büşürüm
بشير,Beşir
بشيرى,Beşiri
بشيرى مع نواحى,Beşiri maa Nevahi
بصرالحرير,Busrulharir
بصره دكزى,Basra Denizi
بصره و لحسا,Basra ve Lahsa
بصود,Bosud
بصيره,Busayra
بطح,Bıttıh
بطحا,Batha
بطحه,Batha
بطرون,Batrun
بطمان,Batman
بطيحه,Butayha
بعبدا,Baabda
بعس,Baas
بعشيقه,Başika
بعقلين,Baaklin
بعقوبه,Bakuba
بعلبك,Baalbek
بعلبك مع كركنوح عليه السلام,Baalbek maa Kerek-i Nuh Aleyhisselam
بغارينه,Bogarine
بغاز حصار,Boğazhisar
بغداد,Bağdad
بغداد اصلاحيه,Bağdad Islahiye
بغداد رشاديه,Bağdad Reşadiye
بغداد عزيزيه,Bağdad Aziziye
بغداد مع شهر زور,Bağdad maa Şehr-i Zor
بغدان,Boğdan
بغدان رپه,Boğdanripe
بغدانوس,Boğdanos
بغدين كبير,Bağdın-ı Kebir
بغلاى,Baglay
بغلوان,Bağlevan
بغچه جك,Bağçecik
بقاع,Bika
بقاع العزيز معلقه,Bikaülaziz-i Muallaka
بقاع شرقى,Bika-i Şarki
بقاع غربى,Bika-i Garbi
بقراص,Bakras
بقرى,Bakrı
بقعه (؟),Buka (?)
بقل اب باريك,Bakal Ab-ı Barik
بقلاك,Baklan
بقلان,Baklan
بقلاڭ,Baklan
بقيه نوه مع دربند كبير,Nova (Bakiye-i Nova) maa Derbend-i Kebir
بقيۀ قوستلنجه,Kostayniçe (Bakiye-i Kostalinçe)
بك,Bey
بك اوغلى,Beyoğlu
بك بازارى,Beypazarı
بك شهرى,Beyşehri
بك طاغلرى,Bey Dağları
بك طاغى,Beydağı
بك پازارى,Beypazarı
بك پيكارى,Beypınarı
بكان,Began
بكبازارى,Beypazarı
بكتاش,Bektaş
بكجه,Beyce
بكدك دربندى,Bekdik Derbendi
بكر,Bekir
بكرش,Bükreş
بكسا,Beksa
بكسماد,Peksimad
بكشهرى,Beyşehri
بكشهرى مع چمن,Beyşehri maa vilayet-i Çimen
بكشهرى و سيدى شهرى,Beyşehri ve Seydişehri
بكشهري,Beyşehri
بكطاغى,Beydağı
بكقوز,Beykoz
بكلين,Peklin
بكه,Bege
بكور دلن,Böğürdelen
بكيش,Bekiş
بكپازارى,Beypazarı
بكپنارى,Beypınarı
بل,Bel
بل ويران,Belviran
بلا استنه,Belaistene
بلااستنه,Belaistene
بلابان,Balaban
بلابانجه,Balabanca
بلابرده,Belabırda
بلابنلى,Balabanlı
بلاتنه,Platine
بلاته,Blata
بلاتى,Plati
بلاج,Blac
بلاجك,Bilecik
بلاخور,Balahor
بلاد البربر,Biladülberber
بلاد البستان,Biladülbostan
بلاد الرؤس,Biladürruus
بلاد الرؤس و بنى بهلول,Biladürruus ve Benibehlül
بلاد بنى بشارا,Bilad-ı Benibeşara
بلاد ثلاثه,Bilad-ı Selase
بلاد خمسه,Bilad-ı Hamse
بلاد سباء,Bilad-ı Seba
بلاد همدان,Bilad-ı Hemdan
بلاس,Palas
بلاسنجه,Belasniçe
بلاسيق,Blasık
بلاط,Balat
بلاط مع بافى,Balat maa Bafa
بلاط مع كبسود,Balat maa Kepsud
بلاط مع ناحيۀ بافى,Balat maa Nahiye-i Bafa
بلاطمنه,Platimana
بلاطنس,Belatnis
بلاطون,Balaton
بلاغاى,Blagay
بلاغاي,Blagay
بلاقا,Plaka
بلاقلوه,Balaklava
بلان,Belen
بلاوى,Bilavi
بلاى بلاغاى,Blayblagay
بلاى بونيك,Blaybunik
بلاىه,Dragonizi (Blana (?))
بلاي بارلته,Blaybarlete
بلاي بلاغاي,Blayblagay
بلاچ,Blac
بلاژوى بازار,Blajuypazar
بلباس عشيرتى,Belbas Aşireti
بلبل جك,Bülbülcük
بلبلجك,Bülbülcük
بلبلجه,Bülbülce
بلجك,Bilecik
بلجنه مارى طاغى,Belcene Mari Dağı
بلد الدوالى,Beledüddevali
بلد روز,Beledruz
بلدالعناب,Beledülannab
بلدروز,Beledruz
بلده,Belde
بلغار,Bulgar
بلغارستان,Bulgaristan
بلغارستان امارتى,Bulgaristan Emareti
بلغاى,Blagay
بلغراد الانغروس,Belgrad-ı Üngürüs (Belgradülüngürüs)
بلغراد انگروس,Belgrad-ı Üngürüs
بلغراد اونكروس,Belgrad-ı Üngürüs
بلغراد دلاموج,Belgrad-ı Dalamuç
بلغراد دلاموچ,Belgrad-ı Dalamuç
بلغراد مع حصارجق,Belgrad-ı Üngürüs (Belgrad) maa Hisarcık
بلغرادجق,Belgradcık
بلغرادچق,Belgradcık
بلقا,Belka
بلقا مع سلط,Belka maa Salt
بلقاجى,Balkacı
بلقاص,Belkas
بلقاع,Belka
بلك,Belen
بلكۀ جبل و عشيرت خيرويللى و قره بوجيلى و بخشش و قره حاجيلى,Bölge-i Cebel ve Aşiret-i Hayrilli ve Karaböcülü ve Bahşeş ve Karahacılı
بللسمر,Billesmer
بللوط پيكارى,Bellutpınarı
بلن,Belen
بلنجه (؟),Beleniçe (?)
بلنوش,Balnuş
بله,Bile
بله ترنيك,Bleternik
بله جك,Bilecik
بلهوه,Bolhova
بلو ركنارسو (؟),Beloriknarso (?)
بلو قصرى,Palokasrı
بلوران,Belviran
بلوك باشى,Bölükbaşı
بلوكباشى,Bölükbaşı
بلونه,Plevne
بلوه,Pileva
بلووا,Belova
بلويران,Belviran
بلوپاوليك,Belopavlik
بلوپولو,Belopulo
بليان,Balyan
بليانبولى,Balyanbolu
بليجان,Bilican
بليخ,Balıh
بليده,Bilida
بنا لوقه,Banaluka
بنابروزه,Benaberuze
بناجو,Benacu
بنادوس,Banados
بناز,Banaz
بنالسخو,Benalesho (?)
بنالوقه,Banaluka
بنان,Banan
بنانى,Benani
بنت اصنوع,Bint-i Usnu
بنت الذل,Bintüzzel
بنت عقفش,Bint-i Akfeş
بنت قاطوف,Bint-i Katuf
بنجار,Pincar
بند ارگلى,Bendereğli
بند بالا كريوه,Bend-i Bala Gerive
بند ماهى,Bendimahi
بندر,Bender
بندر و ايوانشتى,Bender ve İvaneşti
بندراركلى / بندركلى,Bendereğli
بندركلى,Bendereğli
بنده,Bende
بنده اركلى,Bendereğli
بنديه,Bendiye
بنشيه,Binşiye
بنغازى,Bingazi
بنفشه,Benefşe
بنقويك,Benkovik
بنك مع مامرمان,Penek maa Mamervan
بنكدره,Binküdre
بنكدره و طائفۀ باجلان و محلان,Binküdre ve Bacıvan (Taife-i Bacilan) ve Mahlan
بنه,Buna
بنها العسال,Benha el-Asal
بنى اسد,Beniesed
بنى الاعسر,Benilaser
بنى العوام,Benilavvam
بنى بهلول,Benibehlül
بنى تيم,Beniteym
بنى جحمه,Benicehme
بنى جهمه,Benicehme
بنى حارث,Beniharis
بنى حارث القبلا و الشمال,Beniharisülkıbela ve eş-Şimala
بنى حارث و بنى حبش,Beniharis ve Benihaşiş (Benihabeş)
بنى حارث و بنى حسين,Beniharis ve Benihaşiş (Benihüseyin)
بنى حارث و بنى حشيش,Beniharis ve Benihaşiş
بنى حبير,Benihabir
بنى حرام,Beniharam
بنى حسن,Benihasan
بنى حشيش,Benihaşiş
بنى ربيعه,Benirebia
بنى زرد,Benizerd
بنى زيد,Benizeyd
بنى سعيد,Benisaid
بنى سويف,Benisüveyf
بنى سُوَيف,Benisüveyf
بنى سُوَيفْ,Benisüveyf
بنى سُوَيْف,Benisüveyf
بنى شهر,Benişehr
بنى صرما,Benisarma
بنى صرمه,Benisarma
بنى صعب,Benisaab
بنى عاتكه,Beniatike
بنى عاتكه و كفارات,Beniatike ve Kefarat
بنى عبدلله,Beniabdullah
بنى عصبه,Beniusbe
بنى علوان,Benialvan
بنى على,Beniali
بنى عمر,Beniömer
بنى عوام,Beniavam
بنى قيس,Benikays
بنى كلاب,Benikilab
بنى كنانه,Benikinane
بنى لام,Benilam
بنى مالك,Benimalik
بنى مالك الصدير,Benimaliküssadir
بنى مره وبنى سالم,Benimürre ve Benisalim
بنى مقلد,Benimuklid
بنى منصور,Benimansur
بنى مَظَرْ,Benimazar
بنى نشيه,Beninişye
بنى هلال,Benihilal
بني منصور,Benimansur
بنيان,Bünyan
بنگله,Bengale
بهادر,Bahadır
بهار,Bihar
بهاراوزى,Baharözü
بهارلى,Baharlı
بهتان,Bohtan
بهرام كوى,Behramköy
بهرام كويى,Behramköyü
بهرامكى,Behramki
بهرامگى,Behramki
بهرماز,Behrimaz
بهرينه و قورپنه,Bihorine ve Krupine (Kurpine)
بهسنى,Behisni
بهسنى مع عشائر,Behisni maa Aşayir
بهسنى و حصنمنصور,Behisni ve Hısn-ı Mansur
بهسنى وسورك,Behisni ve Siverek
بهسني,Behisni
بهكه,Bihke
بهلشته,Bihlişte
بهلوليه,Behlüliye
بهلوليّه,Behlüliye
بهمرد,Behmerd
بهور,Bihor
بهورنه,Bihorine
بهورينه,Bihorine
بو تينى,Butina
بو قشاشيه,Bukuşaşiye
بوارد,Bavarid
بوبان,Boban
بوبر,Büber
بوبكان,Bubikan
بوبوجي,Popovci
بوبوفجه,Bobofça
بوبوفچه,Bobofça
بوبيان,Bubiyan
بوترنتو,Butrinto
بوتما,Butma
بوتنيك,Putnik
بوجاق,Bucak
بوجاق مع عشائر,Bucak maa Aşair
بوجتل,Poçitel
بوحاق,Bucak
بوداق,Budak
بوداق اوزى,Budaközü
بودبوجيه,Podbuçye
بودرم,Bodrum
بودروم,Bodrum
بودغوراچ,Podgoraç
بودغوريجه مع قره طاغ,Podgoriçe maa Karadağ
بودمله,Budimle
بودمله مع بلاو,Budimle maa Plav
بوده (؟),Bode (?)
بودورم,Bodrum
بودوق,Bodok
بودى,Budi
بوديمله,Budimle
بودين,Budin
بودييه,Bodiye
بور,Bor
بور مع قاف,Bor maa Kayı (Kaf)
بور مع قانى,Bor maa Kayı (Kani)
بور مع قايى,Bor maa Kayı
بوراج,Boraç
بوراواج,Boravac
بوراچ,Boraç
بوربوچقو,Borboçko
بوردر,Burdur
بوردور,Burdur
بوردور و اورله,Burdur ve İrle (Urla)
بوردير,Burdur
بورسقوفچه,Boriskofça
بورسلنوفقه,Bruslinofka
بورسه,Bursa
بورغاز,Burgaz
بورغاس,Burgas
بورغى,Burgu
بورلات,Burlat
بورلجه,Burulca
بورلو,Borlu
بورلوس,Burulus
بورلى,Borlu
بورناز,Burnaz
بورنك,Pürnek
بورهان,Burhan
بورهوه,Borohova
بوري كول,Burugöl
بوريه,Borye
بوريچوچه,Boriçeviçe
بورچقه,Borçka
بورچه,Porçe
بورچو,Borçov
بوز آباد,Bozabad
بوز ابآد,Bozabad
بوز اباد,Bozabad
بوز اوق,Bozok
بوز اووا,Bozova
بوز اويك مع اين اوڭى,Bozöyük maa İnönü
بوز اويوك,Bozöyük
بوز بابا,Bozbaba
بوز برون,Bozburun
بوز بورن,Bozburun
بوز قير,Bozkır
بوزآغاج,Bozağaç
بوزا,Boza
بوزات,Bozat
بوزاتلو,Bozatlı
بوزاطه,Bozada
بوزاغاج,Bozağaç
بوزاغاج بولكه سيله كلنار,Bozağaç bölgesiyle Gülnar
بوزانطى,Pozantı
بوزاوق,Bozok
بوزاوق صورقونى,Bozok Sorkunu
بوزاولوس,Bozulus
بوزاووه,Bozova
بوزاويوك,Bozöyük
بوزبابا,Bozbaba
بوزبرون,Bozburun
بوزجه آطه,Bozcaada
بوزجه اده,Bozcaada
بوزجه اطه,Bozcaada
بوزدوغان,Bozdoğan
بوزروفجه,Pozarofça
بوزطاغى,Bozdağı
بوزطغان,Bozdoğan
بوزطغان بالا,Bozdoğan-ı Bala
بوزطغان مع ناحيۀ قواق,Bozdoğan maa Nahiye-i Kavak
بوزغوش,Bozguş
بوزقير,Bozkır
بوزقير و بكشهر,Bozkır ve Beyşehir
بوزلق,Bozluk
بوزلق و تودرغه و الپى و عشرلو يوزى,Bozluk ve Todurga ve Alpı ve Öşürlüyüzü
بوزلى,Bozlu
بوزمرت,Buzmeret
بوزوق,Bozok
بوزووار,Bozovar
بوزويچه,Bozoviçe
بوزى,Buzi
بوزياقه,Bozyaka
بوزين,Bozin
بوزيير مع قوريجق,Bozyer maa Kurucak
بوسان,Busan
بوستا,Busta
بوسنه,Bosna
بوسنه برودى,Bosna Brodu
بوسنه شامچه,Bosna Şamiçe
بوسنه طاغلرى,Bosna Dağları
بوسنه و هرسك,Bosna ve Hersek
بوسه,Bosna
بوشاد,Boşad
بوشادى,Puşadı
بوشاط,Buşat
بوشقه بلانه,Boşkaplana
بوشقه پلانه,Boşkaplana
بوشير,Buşeyr
بوصود,Bosud
بوصولجه,Busolca
بوط,But
بوطوچانى,Botuçani
بوغا,Boğa
بوغارينه,Bogarine
بوغاز,Boğaz
بوغاز حصار,Boğazhisar
بوغاز زير,Boğaz-ı Zir
بوغاز كبير,Boğaz-ı Kebir
بوغاز كويى,Boğazköyü
بوغازليان,Boğazlıyan
بوغدان,Boğdan
بوغرادچ,Pogradeç
بوغزليان,Boğazlıyan
بوغزي يومرى,Boğazıyumru
بوغناريت,Boğnarit
بوغه,Boğa
بوغوروديچه,Bogorodiçe
بوغوميل,Bogomil
بوغوينه,Bugoyna
بوغچه,Boğça
بوقا واتباله مع مرديتا,Puka ve İtbala maa Mirdita
بوقه مع اقباله,Puka maa İtbala (İkbale)
بوقوفچه مع اسلاتنيك,Bukofça maa Islatnik
بوقوويك,Bukovik
بوقويك,Bukvik
بوقويچه,Bukoviçe
بوك,Bük
بوكان,Bukan
بوكده,Bukede
بوكور دلن,Böğürdelen
بوكور ده لن,Böğürdelen
بولا جه لى,Bulacalı
بولاجالى,Bulacalı
بولاجلو,Bulacalı
بولاجلو و كشلو و تاتار عشيرتى,Bulacalı ve Keşli ve Tatar Aşireti
بولاق,Bulak
بولام,Bulam
بولامان,Bolaman
بولاماچ,Bolamaç
بولانق,Bulanık
بولانيق,Bulanık
بولاوادين,Bolavadin
بولاير,Bolayır
بولدان,Buldan
بولدق,Bulduk
بولرنو,Bolerno
بولغار,Polgar
بولغار مملكتي,Bulgar Memleketi
بولغناق,Bulganak
بولماج,Bulamaç
بولمان,Bolaman
بولمان و جماش,Bolaman ve Çamaş
بولميه,Polomiye
بولميه مع قره لوم,Polomiye maa Lom (Karalom)
بوله جلى,Bulacalı
بولوان,Bolvan
بولولى,Bolulu
بولى,Bolu
بولى قاندرى,Polikandri
بولى مع اركلى,Bolu maa Bendereğli (Ereğli)
بولى مع نواحى,Bolu maa Nevahi
بولي,Bolu
بوليجان,Bolucan
بوليقندري,Polikandri
بومبا,Bumba
بومبورى,Bombori
بونديغوسه,Pondigosa
بونيغيا,Bunigiya
بوهتان,Bohtan
بوى آباد,Boyabad
بوى اباد,Boyabad
بوى اباد مع يورتان,Boyabad maa Yortan
بوياق,Buyak
بويالق,Boyalık
بويالو,Boyalı
بويالى,Boyalı
بويان,Boyan (?)
بويانه,Boyana
بويانوفچه,Buyanofça
بويدى اطه جغى,Bovidi Adacığı
بوير,Buveyr
بويك قره صو,Büyükkarasu
بويميه,Boyimiye
بويناق,Boynak
بوينى يوغنلى,Boynuyoğunlu
بوپاقچه,Bopakça
بوچ وديك,Boçvodik
بوچالا,Boçala
بوچاچ,Boçaç
بوژور,Bujor
بوژيم,Bujim
بوگر دلن,Böğürdelen
بي سوچنه,Bisoçna
بيا نچه,Piyaniçe
بيات,Bayat
بيات اوزى,Bayatözü
بياد,Bayad
بياس,Payas
بياض اطه,Beyazada
بياض صو,Beyazsu
بياض قيا,Beyazkaya
بياض كوى,Beyazköy
بيالميك,Beyalemik
بيان,Beyan
بياو,Biyav
بيبول,Bibol
بيت ابو علوانه و توابعى,Beyt-i Ebuulvane ve Tevabii
بيت اعطاب,Beyt-i Itab
بيت الدين,Beytüddin
بيت الشباب,Beytüşşebab
بيت الشباب مع كويان سندى و كولملى,Beytüşşebab maa Goyan-ı Sindi ve Gölmeli (?)
بيت الشلف,Beytüşşilif
بيت الفقيه,Beytülfakih
بيت اللحم,Beytüllahm
بيت جبرين,Beyt-i Cibrin
بيتوش,Bituş
بيجاد,Bicad
بيجور مع منوف,Bicur maa Menuf
بيجُور مع منوف,Bicur maa Menuf
بيحاج,Bihac
بيحار,Bihar
بيدلف اطه لرى,Bidelf Adaları
بيده وى,Bidevi
بيرا وجبل قدس,Bira ve Cebel-i Kudüs
بيرام,Bayram
بيرام اوغلى,Bayramoğlu
بيرام پاشا قلعسي,Bayrampaşakalesi
بيرام پاشا پلنقه سى,Bayrampaşapalankası
بيرامج,Bayramiç
بيراملو,Bayramlı
بيراملو و قراجه قيونلى,Bayramlı ve Karacakoyunlu
بيراميج,Bayramiç
بيراميچ,Bayramiç
بيرامچ,Bayramiç
بيرة الجرد,Biretülcürd
بيرغو,Pirgo
بيرغومه,Birgoma
بيرغومه و يواش الى,Birgoma ve Yavaşili
بيرغى,Pirgı
بيركى,Birgi
بيركي,Birgi
بيرمانه,Birmana
بيره جك,Birecik
بيره جك تلكوران,Birecik-i Tilgören
بيره جك قائممقاملغى,Birecik Kaymakamlığı
بيره و كهيد,Bire ve Gühid (?)
بيروت رشاديه,Beyrut Reşadiye
بيروت و صيدا,Beyrut ve Sayda
بيروش عشيرتى,Biroş Aşireti
بيرون آباد,Birunabad
بيرون باب روس,Birun-ı Bab-ı Rus
بيرون باب له,Birun-ı Bab-ı Leh
بيرون يازلوفچه,Birun-ı Yazlofça
بيرونئ سيواس,Biruni-i Sivas
بيرين,Bireyn
بيرين مع جبل بارشه,Bireyn maa Cebel-i Barişa
بيرين مع ناحيۀ بارشه,Bireyn maa Nahiye-i Barişa
بيرين مع ناحيۀ جبل بارشه,Bireyn maa Nahiye-i Cebel-i Barişa
بيرچه,Birçe
بيزرطه,Bizerta
بيزه رى,Bizeri
بيسان,Bisan
بيسان مع جنين,Bisan maa Cenin
بيشه,Bişe
بيغا,Biga
بيغادج,Bigadiç
بيغاديج,Bigadiç
بيغاديچ,Bigadiç
بيغالو,Bigalı
بيغالى,Bigalı
بيك,Bey
بيك بوغا,Binboğa
بيك شهرى,Beyşehri
بيك كول,Bingöl
بيكار حصار,Pınarhisar
بيكار حصارى,Pınarhisar
بيكارى ايلى,Bikariili
بيكجگز,Beyceğiz
بيكلك (؟),Beylek (?)
بيل قواق,Belkavak
بيل ويران,Belviran
بيلا,Biyela
بيلاتى,Plati
بيلان كوى,Belenköy (Bilanköy)
بيلان مع بقراس نام ديكر تلك و ناحيۀ اسكندرون,Belen (Bilan) maa Bakras nam-ı diğer Tilek ve Nahiye-i İskenderun
بيلان مع بقراص,Belen (Bilan) maa Bakras
بيلاي بلاغاي,Blayblagay
بيلاي بيلاغاي,Blayblagay
بيلجك,Bilecik
بيلجه,Bilice
بيلكه,Bileke
بيله جك,Bilecik
بيله كه,Bileke
بيلوران,Belviran
بيلويران,Belviran
بيهور,Bihor
بيوك آطه,Büyükada
بيوك اسماعيلجه,Büyükismailce
بيوك اطه,Büyükada
بيوك غالانيس,Büyükgalanis
بيوك فنطه,Büyükfanta
بيوك قارشديران,Büyükkarışdıran
بيوك قره قارلى,Büyükkarakarlı
بيوك قره قرلى,Büyükkarakarlı
بيوك ليمان,Büyükliman
بيوك مركب,Büyükmerkeb
بيوك مندرس,Büyükmenderes
بيوك وديك,Büyükvodik
بيوك چكمجه,Büyükçekmece
بَبْرُوَه,Bebrova
بَخْشَشْ,Bahşeş
بَدْرِشين,Bedrişin
بَدْرِشِينْ,Bedrişin
بَرُمّانه,Berummane
بَرُمّانَه و رأس و شبانِيّه و قالوغَو و مُتَيْن و قَرْنائِل,Berummane ve Ras ve Şebaniye ve Kaluga ve Müteyn ve Karnail (Kamail)
بَرْديس,Berdis
بَرْدِيسْ,Berdis
بَرْقه,Berka
بَرْقُوفچَه,Berkofça
بَصْره,Basra
بَغدَاد,Bağdad
بَندَر,Bender
بَهْنَسَا,Behnesa
بُحَيْره,Buhayra
بُحَيْرَه,Buhayra
بُدين,Budin
بُغدَان,Boğdan
بُقاع العزيز,Bikaülaziz
بِلبيس,Bilbeys
بِلْبَيس,Bilbeys
بچ,Beç
بچ اولكه سي,Beç ülkesi
بچقه,Baçka
بچقوفجه,Biçkofça
بچكرك,Beçkerek
بچوره,Bucura
بچوى,Peçuy
بچي,Peci
بگشهرى,Beyşehri
بگطاغى,Beydağı
بگقوز,Beykoz
بگپازارى,Beypazarı
تؤدور,Teodor
تئودور,Teodor
تائيه,Taiye
تابان,Taban
تاتار,Tatar
تاتار احمد,Tatarahmed
تاتاربازارى,Tatarpazarı
تاتاربازارى مع اوه,Tatarpazarı maa Ova
تاتاربازارى مع نواحى,Tatarpazarı maa Nevahi
تاتاربكارى,Tatarpınarı
تاتارستان,Tataristan
تاتارلر,Tatarlar
تاتارلى,Tatarlı
تاتارپازارى,Tatarpazarı
تاتوان,Tatvan
تاتيك,Tatik
تاجورا,Tacura
تاجوره,Tacura
تارحاله,Tarhala
تارحاله مع صومه,Tarhala maa Soma
تارحانيات,Tarhanyat
تارحله,Tarhala
تارخاله,Tarhala
تارخان,Tarhan
تارخله,Tarhala
تارل (؟),Tereli (Tarıl (?))
تاره,Tara
تاروت,Tarut
تارون (؟),Tarun (?)
تارْخُونَه,Tarhuna
تازه خورماتو,Tazehurmatı
تازه خورماتى,Tazehurmatı
تاطليلر,Tatlılar (?)
تالين,Talin
تاماديه,Tamadya
تانا,Tana
تاورغه,Tavurga
تاَروُتْ,Tarut
تبارقه,Tabarka
تباها,Tebaha
تبريز,Tebriz
تبلوح,Tebluh
تبنين,Tibnin
تبنين و ساحل معركه,Tibnin ve Sahil-i Mareke
تبنين و شقيف,Tibnin ve Şakif
تبوك,Tebük
تبوچانى,Toboçani
تتل,Titel
تتنك,Titinik
تتون,Teteven
تجرلو,Tecirli
تحت الطريق,Tahtettarik
تحت الطّريق,Tahtettarik
تحتالو,Tahtalı
تحتلى,Tahtalı
تحته كوپرى,Tahtaköprü
تحته لى,Tahtalı
تخت,Tuht
تخمانس,Tahmanis
تدقر,Tedkar
تدمر,Tedmür
ترابوئين,Traboin
ترابين,Terabin
ترات,Turat
ترازيا,Teraziya
تراغوسا,Tragusa
تراغونيس,Tragonis
تراكيا,Trakiya
ترامبه تو,Trambeto
تران,Tiran
ترانيسى,Teranisi
تراونيق,Travnik
تراونيق مع كليس,Travnik maa Klis
تراونيك,Travnik
تربة القحم,Türbetülkahm
تربت القحم,Türbetülkahm
تربجه,Trebçe
تربستوه,Tribistova
تربنه,Trebine
تربه,Türbe
تربه دره,Türbedere
تربوه,Trebova
تربچه,Trebçe
ترجان,Tercan
ترجان سفلا,Tercan-ı Süfla
ترجان سُفْلَا,Tercan-ı Süfla
ترجان عليا,Tercan-ı Ulya
ترجيل,Tercil
ترحاله,Tırhala
ترحاله مع غلوس,Tırhala maa Golos
ترحاله مع نواحئ آروان و غارجان و بولانيه و قره جوه و خاصلر و اسپروپوتام,Tırhala maa nevahi-i Ardan (Arvan) ve Gariçan ve Polaniye ve Kraçova ve Haslar ve Aspiropotam
ترحاله مع نواحى,Tırhala maa Nevahi
ترحناس,Tarhanas
ترحونه,Tarhuna
ترخال,Turhal
ترخان,Tarhan
ترخانيات,Tarhanyat
ترخو,Terhu (?)
ترزى دره,Terzidere
ترزي ويران,Terziviran
ترساق,Tursak
ترسانه,Tersane
ترسته نيك,Tristenik
ترسون سفلالا,Tersun-ı Süfla
ترسيه,Tersiye
ترشمك,Türüşmek
ترشيحا,Terşiha
ترغوشته,Tirgovişte
ترغوشته مع نواحى,Tirgovişte maa nevahi
ترغووشته,Tirgovişte
ترغوويشته,Tirgovişte
ترغويشته,Tirgovişte
ترقوس,Terkos
ترقوشته,Tirgovişte
ترك,Terek
ترك اوغلى,Türkoğlu
تركانلو,Türkanlı
تركش,Tirkeş
تركمان,Türkmen
تركمان بوز اولوس,Türkmen-i Bozulus
تركمان حلب,Türkmen-i Haleb
تركمان و الاجه حان دربندى,Türkmen ve Alacahan Derbendi
تركمانان سلورى,Türkmenan-ı Selluriye
تركمانان سلوريه,Türkmenan-ı Selluriye
تركمش,Terkemiş (Türkemiş)
تركمش خاصى,Terkemişhassı
تركمن جلابى,Türkmencülabı
تركور,Tergever
تركَوَرْ,Tergever
ترلغان,Terilgan
ترليس,Terlis
ترليه,Tirilye
ترمشى,Termişi
ترمه مع آقچاى,Terme maa Akçay
ترمه مع ايواجق,Terme maa Ayvacık
ترمه و اقچاى,Terme ve Akçay
ترميه,Termiye
تره بتين,Trebetin
تره بيشته,Trebişte
تره بين,Trebin
تره پوليچه,Trepoliçe
ترهونه,Tarhuna
تروبوشتيچه,Troboştiçe
ترودوس,Trodos
تريا ماوراودنا,Triya Mavravodina
تريا ماورومنا,Triya Mavravodina (Triya Mavromina)
تريا نيسيا,Triyanisiya
ترياليد,Tiryalid
تريانده,Tiryanda
تريسونيا,Trisonya
تريغراد,Trigrad
تريكان,Terikan
تريكه رى,Trikeri
ترينس,Tirins
ترييا ماوراودنا,Triya Mavravodina
ترييانيزا,Tiriyaniza
ترييانيسيا,Triyanisiya
ترييو,Triyo
ترپتنسى,Tripitinisi
تزنه دره سى,Tezenederesi
تساليان اطه اطه لرى,Teselyan Adaları
تستور,Testur
تسيق,Tasık
تشنه,Teşene
تشنه مع زنجيه,Teşene maa Jepçe (Zenciye)
تشنه مع زيچه,Teşene maa Jepçe (Ziçe)
تشنه مع قصبۀ زبجه,Teşene maa Kasaba-i Jepçe (Zebçe)
تشوار,Tişuvar
تعز,Taiz
تفريش,Tefriş
تفل,Tefel
تفلح,Tüflah
تفلس,Tiflis
تفليس,Tiflis
تفن مع سيروز,Tefenni maa Siroz
تفنى,Tefenni
تفنى مع سيروز,Tefenni maa Siroz
تقورى,Takuri
تكاك,Teğek
تكرى ويرمش,Tanrıvermiş
تكريت,Tikrit
تكفور طاغى,Tekfurdağı
تكفور طاغى مع ويزه,Tekfurdağı maa Vize
تكفور گولى,Tekfurgölü
تكفورصيان,Tekfursayan
تكفورطاغى,Tekfurdağı
تكفوركولى,Tekfurgölü
تكمان,Tekman
تكه لو,Tekeli
تكه لو مع كولك,Tekeli maa Gülek
تكه لو مع گولك,Tekeli maa Gülek
تكه لى,Tekeli
تكه مع علائيه,Teke maa Alaiye
تكه مع قاش,Teke maa Kaş
تكه وانطاليه,Teke ve Antalya
تكوج,Tekuc
تكورطاغى,Tekfurdağı
تكوش,Tikveş
تكوه ش,Tikveş
تكير طاغى,Tekfurdağı
تكيرطاغى,Tekfurdağı (Tekirdağı)
تكيه,Tekye
تل كلخ,Telkelah
تلاح صغير,Tallah-ı Sagir
تلاح كبير,Tallah-ı Kebir
تلاس,Talas
تلاص,Talas
تلبسم,Telbesim
تلبشار,Tilbeşar
تلعفر,Telafer
تلغراف,Telgraf
تلمسان,Tilemsan
تلمو,Tilmo
تلندوس,Telendos
تله پولى,Telepoli
تلين,Telin
تلچاق,Telçak
تمان,Taman
تمد,Temed
تمرزلر,Temrezler
تمرزلر و حيدرلر,Temrezler ve Haydarlar
تمرك,Temrük
تمزره,Tamzara
تمنار,Temnar
تمنس,Temenos
تمنوس,Temenos
تمنين تحتا,Temnin-i Tahta
تمور حصار,Timurhisar
تمورجى بازارى,Demircipazarı
تمورحصار,Timurhisar
تمورينچه,Timurinçe
تموق,Timok
تموك و اقچه قلعه و يره مدكى و پازارجق و طاش بولاق (؟),Tümük ve Akçakale ve Yeremudki (?) ve Pazarcık ve Taşbulak
تموم,Temum
تمونشته,Tomonişte
تميناكى,Teminaki
تن دره,Tendere
تندره,Tendere
تندوس,Tenedos
تنس,Tunus
تنكين,Tengin
تنوره,Tenure
تنورين,Tennurin
تنوس,Tonus
تنومه,Tenume
ته بوربا,Teburba
ته ته ون,Teteven
تهميه,Tehmiye (?)
تهومير,Tihomir
تهون,Tihon
تواتل و مخوب,Tevatil ve Mahub
توت واردى,Totvaradi
توترقان,Tutrakan
توتروقان,Tutrakan
توتنچه,Tutniçe
توتيك,Tutik
توحت,Tuht
توحما,Tuhma
توخت,Tuht
توراكلو,Tozanlı
توران,Turan
تورانلى,Turanlı
تورتم,Tortum
تورتوم,Tortum
تورجان,Turcan
تورحال,Turhal
تورخال,Turhal
تورخال مع قاز اباد,Turhal maa Kazabad
تورش,Turuş
تورغود,Turgud (?)
تورك طغانجه,Türkdoğanca
توركنلر,Türkenler
توركنلر مع زكم عليا,Türkenler maa Zegem-i Ulya
تورنك,Türnük
تورنوك,Türnük
تورنيك,Türnük
توروش,Turuş
توروشقه,Toroşka
توريچانى,Toriçani
توزاكلو,Tozanlı
توزاكلى,Tozanlı
توزانلو,Tozanlı
توزاڭلى,Tozanlı
توزلق,Tuzluk
توطاش,Tutaş
توغلر,Tuğlar
توفير (؟),Tufir (?)
توفيقيه,Tevfikiye
توقات,Tokat
توقاد,Tokat (Tokad)
توقاد مع توزاكلى,Tokat (Tokad) maa Tozanlı
توقاد مع دونكسه اباد ومجيداوزى,Tokat (Tokad) maa Dönekseabad ve Mecidözü
توقاد مع ناحيۀ قومنات و كافرنى و توزاكلى,Tokat (Tokad) maa Nahiye-i Komenat ve Kafirni ve Tozanlı
توقاد و سيواس,Tokad ve Sivas
توقار چاى,Tokarçay
توقاريس,Tokaris
توقاى,Tokay
توقيع,Tevki
توكوچه (؟),Tüküçe (?)
تولجه,Tulca
تولنه,Tolna
تولون,Tolon
تومانس,Tomanis
تومك,Tümük
توند,Tond
توى,Toy
توي,Toy
تويردوش,Tıvırdoş
توپولنيچه,Topolniçe
توپولنچه,Topolniçe
توپولونيك,Topolovnik
توپوليانى,Topolyani
تيتل,Titel
تيران,Tiran
تيران مع اقحصار,Tiran maa Akhisar
تيران مع اقچه حصار,Tiran maa Akçahisar
تيرك,Tirek
تيره,Tire
تيره بولى,Tirebolu
تيره بولى مع كورتون,Tirebolu maa Kürtün
تيره بين,Trebin
تيزمند,Tizmend
تيزيوزو,Tizivuzu
تيسه,Tisa
تيسه ويرشان,Tisevirşan
تيكريت,Tikrit
تيكوش,Tikveş
تيل طاوى,Nil (Tiltavi (?))
تيلاوه,Tilava
تيلج,Tilic (?)
تيلو,Tilos (Tilo)
تيليا,Tilya
تيما,Tima
تيمار,Timar
تيمار صرچه لى,Timar-ı Sırçalı
تيموجي حسنلو,Demircihasanlı
تيمور حصار,Timurhisar
تيمور شير,Timurşir
تيموران,Timuran
تيمورجئ صاروخان,Demirci-i Saruhan (Timurci-i Saruhan)
تيمورجه ويرن,Demirceviran
تيمورجى,Timurci
تيمورجيلى و اقچه قيونلى,Demircili (Timurculu) ve Akçakoyunlu
تيمورحصار,Timurhisar
تيمورطاش,Demirtaş
تيمورقپو,Demirkapı
تيمورنجه,Timurinçe
تيمورنچه,Timurinçe
تيمورينچه,Timurinçe
تيموق,Timok
تينه,Tinah
تينوس,Tinos
تيونس,Tiyonis
تَارْخوُنَه,Tarhuna
تَاوُرْغَه,Tavurga
تَدمُرْ,Tedmür
تَرجان عُلْيَا,Tercan-ı Ulya
تَرْجيل,Tercil
تَرْهُونه,Tarhuna
تَرْهُونَه,Tarhuna
تَمَنوس,Temenos
تُورْتُومْ,Tortum
تُونُس,Tunus
تِرْحَالَه,Tırhala
تپه,Tepe
تپه خان,Tepehan
تپه دلن,Tepedelen
تپه سى دلك,Tepesidelik
تپولنچه,Topolniçe
ثابت,Sabit
ثلث عكار,Sülüs-i Akkar
ثلث كوره,Sülüs-i Küre
ثلثان كوره,Sülüsan-ı Küre
ثور,Sevr
ثيغانى,Sigani
ثيلمو,Tilmo
جاجقه,Çaçaka
جاجوينه,Çaçvine
جارسنجاق,Çarsancak
جاروه,Carva
جاسم,Casim
جاف عشائرى,Caf Aşairi
جافاتين,Cafatin
جاك,Çan
جال,Çal
جالو,Calu
جاليجه,Çalıca
جامستل,Camustil
جامع ابراهم پاشا,Cami-i İbrahimpaşa
جامع اياصوفيه,Cami-i Ayasofya
جامع داود پاشا,Cami-i Davudpaşa
جامع سلطان بايزيد خان,Cami-i Sultanbayezidhan
جامع سلطان سليم خان,Cami-i Sultanselimhan
جامع سلطان محمد خان,Cami-i Sultanmehmedhan
جامع على پاشا,Cami-i Alipaşa
جاملجه لر,Çamlıcalar
جاملى بل,Çamlıbel
جامليجه,Çamlıca
جاموستل,Camustil
جاموستل مع بولانق و شكر اوبه سى,Camustil maa Bulanık ve Şekerobası
جاموستيل,Camustil
جان فدا,Canfeda
جانب الصرت و قصر,Canibüssırt ve Kasr
جانب الصِرتْ و قَصْر,Canibüssırt ve Kasr
جانب شهر,Canib-i Şehr
جانب عربان شرق,Canib-i Urban-ı Şark
جانب عربان غرب,Canib-i Urban-ı Garb
جانباز,Canbaz
جانجكه,Canciğe
جانجه,Canca
جاندارلو,Çandarlı
جاندارلى,Çandarlı
جانلى,Çanlı
جانوس,Canus
جانيك,Canik
جانيك قواق,Canik Kavak
جانيك كول,Canik-i Göl
جانيك مع نظارت كندز,Canik maa Nezaret-i Gündüz
جاى,Çay
جاى حصار,Çayhisar
جاى قيو,Çaykuyu
جايم,Cayim
جاينجه,Çayniçe
جب آبّلات,Cübb-i Abbelat
جبارات,Cebbarat
جبارى,Cibari
جباع,Ciba
جباقجور,Çapakçur
جباقچور,Çapakçur
جبال,Cubal
جبال تير,Cebel-i Teyr
جبانس,Cabanis
جبة العسال,Cübbetülassal
جبرشن,Ceberşin
جبره,Cibre
جبرين,Cebrin
جبقجور,Çapakçur
جبل,Cebel
جبل احمر,Cebel-i Ahmer
جبل ادهميه,Cebel-i Edhemiye
جبل اربعه,Cebel-i Erbaa
جبل ارجيس,Cebel-i Erciyes
جبل اعلا,Cebel-i Ala
جبل اقراع,Cebel-i Akra
جبل اقرع,Cebel-i Akra
جبل اكراد,Cebel-i Ekrad
جبل الشيخ,Cebelüşşeyh
جبل باريشه مع خلقه لر,Barişa (Cebel-i Barişa) maa Halkalar
جبل بركت,Cebel-i Bereket
جبل بكر,Cebel-i Buker
جبل بنى عليم,Cebel-i Benialim
جبل بو كر,Cebel-i Buker
جبل تير,Cebel-i Teyr
جبل جرد,Cebel-i Cürd
جبل جسر,Cebel-i Cisr
جبل جن,Cebel-i Cin
جبل حبش,Cebel-i Habeş
جبل حفاش,Cebel-i Hufaş
جبل حفش,Cebel-i Hufaş
جبل حمرين,Cebel-i Hamrin
جبل حميده,Cebel-i Hamide
جبل حميص,Cebel-i Hamis
جبل حوران,Cebel-i Havran
جبل حوله,Cebel-i Hula
جبل خوت,Cebel-i Hot
جبل درزى,Cebel-i Dürzi
جبل دمعراض,Cebel-i Demaraz
جبل ريحان,Cebel-i Reyhan
جبل ريمه,Cebel-i Reyme
جبل زوكور,Cebel-i Zukur
جبل سانين,Cebel-i Sannin
جبل سماق,Cebel-i Summak
جبل سمعان,Cebel-i Seman
جبل سمعان حانطومان,Cebel-i Seman
جبل سمّاق,Cebel-i Summak
جبل شامى,Cebel-i Şami
جبل شرقى,Cebel-i Şarki
جبل شمعان مع شروانلو,Cebel-i Seman (Şeman) maa Şirvanlı
جبل صبيار,Cebel-i Sabyar
جبل طور,Cebel-i Tur
جبل عامله,Cebel-i Amile
جبل عبد العزيز,Cebel-i Abdülaziz
جبل عتيق,Cebel-i Atik
جبل على,Cebel-i Ali
جبل غربيه,Cebel-i Garbiye
جبل قبلى,Cebel-i Kıbli
جبل قدس,Cebel-i Kudüs
جبل قصير,Cebel-i Kusayr
جبل قطه,Cebel-i Kuta
جبل قلمون,Cebel-i Kalemun
جبل قوزان,Cebel-i Kozan
جبل كسروان,Cebel-i Kisrevan
جبل كسروان و الجردين,Cebel-i Kisrevan ve'l-Cürdeyn
جبل كسروانين و الحرادين,Cebel-i Kisrevaneyn ve'l-Harradin
جبل كلبيه,Cebel-i Kelbiye
جبل لبنان,Cebel-i Lübnan
جبل محمد,Cebel-i Muhammed
جبل محمل,Cebel-i Muhammel
جبل مريس,Cebel-i Murays
جبل مع عشيرت بوله جلى,Cebel maa Aşiret-i Bulacalı
جبل ملحان,Cebel-i Milhan
جبل موسى,Cebel-i Musa
جبل نصارا,Cebel-i Nasara
جبل نصيرى,Cebel-i Nusayri
جبل و الوس,Cübbe (Cebel) ve Alus
جبل و ترسيحا,Cebel ve Terşiha
جبل و ترشيحا,Cebel ve Terşiha
جبله,Cebele
جبلى,Cebeli
جبلِ غربيه,Cebel-i Garbiye
جبن,Cübün
جبه,Cübbe
جبه الوس,Cübbe [ve] Alus
جبه و الوس,Cübbe ve Alus
جبه والوس,Cübbe ve Alus
جبهة على,Cebhetü Ali
جبور و ابو سليمان و حديدى و گرگرى,Cebur ve Ebusüleyman ve Hadidi ve Gergeri
جبول,Cebbul
جبول و باب و منبج,Cebbul ve Bab ve Menbic
جبيل,Cübeyl
جبيل اسكله سى,Cübeyliskelesi
جبيل عليا,Cübeyl-i Ulya
جبيله,Cübeyle
جبّة البشرى مع توابع,Cübbetülbeşera maa tevabi
جبّه,Cübbe
جتال برغوس,Çatalbergos
جتالجه,Çatalca
جترليك,Çetirlik
ججرك,Çeçerek
ججك طاغى,Çiçekdağı
جدابيه,Cidabiye
جدري,Cederi
جديد,Cedid
جديد اندرونئ سيواس,Cedid Enderuni-i Sivas (?)
جديده,Cedide
جدّه,Cidde
جرءالعلفه,Cerrilalife
جراب,Cürab
جرباز,Cirbaz
جربان,Çırpan
جربه,Cerbe
جربو عيه,Cerbuiye
جربوعيه,Cerbuiye
جرجا,Circa
جرجر,Cercer
جرجه,Circa
جرد,Cürd
جرد جنوبى,Cürd-i Cenubi
جرد شمالى,Cürd-i Şimali
جرد كسروان,Cürd-i Kisrevan
جرش,Cereş
جركش,Çerkeş
جرم الكوع,Cermülku
جرمك,Çermik
جرمن,Çirmen
جرمياذو,Çermiyazo
جرميك,Çermik
جرنه رقه,Çernereka
جرنوى,Çernovi
جرنيك,Çernik
جره,Cerre (?)
جره ويك,Çerevik
جرونه,Cerovina
جزآير,Cezayir
جزائر بحر سفيد,Cezayir-i Bahr-i Sefid
جزائراثنا عشر,Cezayir-i İsna Aşer
جزائراثنى عشر,Cezayir-i İsna Aşer
جزائرسبعه,Cezayir-i Seba
جزان,Cizan
جزان و فرسان,Cizan ve Ferasan
جزاير,Cezayir
جزاير بحر سفيد,Cezayir-i Bahr-i Sefid
جزاير بوّارين و مصطفاعيه و لافيه و العين,Cezayir-i Bevvarin ve Mustafaiye ve Lafiye ve el-Ayn
جزاير جديد,Cezayir-i Cedid
جزاير غرب,Cezayir-i Garb
جزاير و قپودانلق دريا,Cezayir ve Kapudanlık-ı Derya
جزايربحرسفيد,Cezayir-i Bahr-i Sefid
جزره,Cizre
جزيره,Cezire
جزيرۀ عليا,Cezire-i Ulya
جزيرۀ قاتوقصري,Cezire-i Katokasrı
جزيرۀ كسندره و معدن سيدروقافسى,Kesendire (Cezire-i Kesendire) ve Maden-i Sidrekapsi (Maden-i Sidirokafsi)
جزيرۀ كوچك,Cezire-i Küçük
جزيرۀكبير,Cezire-i Kebir
جزين,Cezzin
جزيين,Cezzin
جسان,Cessan
جسان و بدره,Cessan ve Bedre
جسر,Cisr
جسر شغور مع ناحيۀ دركوش و اردو,Şugur (Cisr-i Şugur) maa Nahiye-i Derkuş ve Ordu
جسر چاشنيگير,Cisr-i Çaşnigir
جسرصاحب,Cisr-i Sahib
جسّان,Cessan
جشمه,Çeşme
جصان,Cessan
جعفري,Caferi
جعفريه,Caferiye
جغا,Çağa
جغلايق مع صارى جاير,Çağlayık maa Sarışaban (Sarıçayır)
جفاتين,Cafatin
جفاره,Cifare
جفته,Çifte
جفتين,Cafatin
جفر,Cefr
جقورجاق,Çukurcak
جكده,Ceğde
جكر دلن,Ciğerdelen
جكلنه,Çiğlene
جكمجه صغير,Çekmece-i Sagir
جكمجه كبير,Çekmece-i Kebir
جكمجۀ صغير,Çekmece-i Sagir
جكمجۀ كبير,Çekmece-i Kebir
جلاب,Cülab
جلاره,Cilara
جلالى,Celali
جلالى و خيدرانلو و زيلانلو,Celali ve Haydaranlı ve Zilanlı
جلانكر,Cilanger
جلاير,Celayir
جلبرد,Çelaberd
جلبلى,Celebli
جلبوغاز,Çilboğaz
جلبى بازارى,Çelebipazarı
جلبيلر,Çelebiler
جله برد,Çelaberd
جلوۀ عليا جلوۀ سفلا,Cilo-i Ulya Cilo-i Süfla
جليكانلى,Çelikanlı
جليما,Cilima
جم,Çem
جم جمال,Cemcemal
جمادانلى,Cemadanlı
جماسه,Cemmase
جماسيه,Cemmase
جماش,Çamaş
جماعت شهدلو,Cemaat-i Şehidli
جماعين,Cemmain
جماعين اول,Cemmain-i Evvel
جماعين ثانى,Cemmain-i Sani
جماعين ناحيتى,Cemmainnahiyeti
جماله,Cemale
جمجمال,Cemcemal
جمرنيك,Çemernik
جمشكزك,Çemişgezek
جمعه,Cuma
جمعه آباد,Cumaabad
جمعه اباد,Cumaabad
جمعه لو,Cumalı
جمعه لى,Cumalı
جمعه چاى,Cumaçay
جمعۀ بالا,Cuma-i Bala
جمماسه,Cemmase
جميل بك,Cemilbey
جمين,Cimin
جمّاسه,Cemmase
جمّاسَه,Cemmase
جمّاعين,Cemmain
جنابة,Cennabe
جناد,Çanad
جنان,Canan
جنبى,Cinbi
جنت آباد,Cennetabad
جنجفه,Cincife
جنجكه,Cenciğe
جنداوغلى,Çendoğlu
جنس,Cinis
جنكانه,Çingane
جنكرلى,Çengerli
جنكه,Çinge
جنكوش,Çüngüş
جنكوله,Cengula
جنوب,Cenub
جنويز ولايتي,Ceneviz Vilayeti
جنيس,Cinis
جنين,Cenin
جنين عطا قولنه,Cenin Atakulna (?)
جنينه,Cüneyne
جنيه,Cünye
جهارشنبه,Çarşamba
جهان بك,Cihanbey
جهان بكلى,Cihanbeyli
جهانبكلى,Cihanbeyli
جهانبگلو,Cihanbeyli
جهران,Cehran
جهرين,Çehrin
جهود قلعه سى,Cuhudkalesi
جواد,Cevad
جوارق,Civarık
جوارى,Cevari
جوازر,Cevazir
جوازير,Cevazir
جوازير و اشتفه طرۀ ال حناح وقصر حور ومحمر فرد بطن (؟),Cevazir ve İştifa ve Turra-i Al-i Cenah ve Kasr-ı Hur ve Muhammer ve Rubatın (Ferd-i Batın)
جوازير و اشفه طره ال حناح وقصر حور ومحمر و روبطن (؟),Cevazir ve İştifa (İşfa) [ve] Turra-i Al-i Cenah ve Kasr-ı Hur ve Muhammer ve Rubatın
جوانرود,Cevanrud
جوباس,Cubas
جوبال,Cubal
جودى,Cudi
جورجيو,Corciyo
جورس,Coras
جورلى,Çorlu
جورم,Çorum
جورم كوردى,Çorumkürdü
جوره,Cora
جوره كى,Çöreği
جوز دره سى,Cevizderesi
جوزلك,Cevizlik
جوستان,Custan
جوف,Cuf
جوكه,Çöke
جولاب,Cülab
جوم,Cum
جومه ثلثِ عكّار,Cume [maa] Sülüs-i Akkar
جون,Cun
جوندورون,Condoron
جونكش,Çüngüş
جونيه,Cünye
جويز دره سى,Cevizderesi
جويز دره سى و فنارس و افراز و اونيه و چوره كى,Cevizderesi ve Fenaris ve İfraz ve Ünye ve Çöreği
جويزلك,Cevizlik
جويزلى,Cevizli (?)
جيحان,Ceyhan
جيده,Cide
جيده در اسكلۀ كيدوس,Cide der-İskele-i Kidos
جيرقان,Çırkan
جيرود,Ceyrud
جيزان,Cizan
جيزه,Cize
جيزه و طبريه,Cize-i Safed (Cize) ve Taberiye
جيزۀ صفد,Cize-i Safed
جيلوانا,Cilvana
جيمين,Cimin
جَرْبَه,Cerbe
جَعْفَرِيّه,Caferiye
جَغاوَه,Cağave
جُدَيده,Cüdeyde
جِرِيدْ,Cerid
جِزَه,Cize
جِفَارَه,Cifare
حابور,Habur
حاجلر,Hacılar
حاجى احمدلو,Hacıahmedli
حاجى الياس,Hacıilyas
حاجى اوغلى بازارى,Hacıoğlupazarı
حاجى بكتاش,Hacıbektaş
حاجى بكتاش مع مجور,Hacıbektaş maa Mucur
حاجى بكتاش مع يوزده جيان,Hacıbektaş maa Yüzdeciyan
حاجى بكطاش,Hacıbektaş
حاجى بهرام,Hacıbehram
حاجى بهرام مع نواحى,Hacıbehram maa Nevahi
حاجى حمزه,Hacıhamza
حاجى خليل,Hacıhalil
حاجى شيخ,Hacışeyh
حاجى عمر بك,Hacıömerbey
حاجى فياض,Hacıfeyyaz
حاجى قره,Hacıkara
حاجى لى,Hacılı
حاجى يوزغاد,Hacıyozgad
حاجي شيخ,Hacışeyh
حاجيلر,Hacılar
حاجيلر و توابعى,Hacılar ve Tevabii
حاجيلو,Hacılı
حاجين,Haçin
حارثه,Harise
حارس,Haris
حارشان,Harşan
حارشد,Harşid
حارف,Harif
حارم,Harim
حارمل,Harmil
حارون,Harun
حاريم,Harim
حاريم و خلقه,Harim ve Halaka
حاسكى,Hasiki
حاسه,Hassa
حاسه مع درسه,Hassa maa Durse
حاسيا,Hasiye
حاص,Has
حاصبيا,Hasbeyya
حاصلرمع قرجوه,Haslar maa Kraçova
حاصْبَيا,Hasbeyya
حاطهاز,Hathaz
حافصه,Havsa (Hafsa)
حافك,Hafik
حافيق,Hafik
حافيك,Hafik
حاكيف,Hakif
حاكپونيزيا,Hakiponiziya
حالة المبرز,Haletülmüberriz
حالة دلمه,Halet Dalma
حالت دلمه,Halet Dalma
حالد,Halid
حالقونيسى,Halkonisi
حالول,Halul
حالون ته سوس,Halontasos
حامو,Hamo
حامور,Hamur
حانطومان,Hantuman
حانمرود,Hanımrud
حانند بيل,Hanendebil
حاننده بيل,Hanendebil
حانيه,Hanya
حاويك,Havik
حايمانه,Haymana
حاچين,Haçin
حباب,Habab
حبر,Hiber
حبرون,Habrun
حبزبنى,Habezbeni
حبزبينى,Habezbeni
حبسمانه,Habsamana
حبسمانه مع بولمان,Habsamana maa Bolaman
حبسمانه و ايباصدى,Habsamana ve Aybasdı
حبش,Habeş
حبش و حجاز,Habeş ve Hicaz
حبش و لواء جده و شيخ الحرملك مكّۀ مكرّمه,Habeş ve Liva-i Cidde ve Şeyhülharemlik-i Mekke-i Mükerreme
حبصمانه,Habsamana
حبوبات,Hububat
حبيش,Hubeyş
حته و نسبته,Hatta ve Nisbete (?)
حجاز,Hicaz
حجريه,Haceriye
حجله,Hacele
حجه,Hacce
حجور,Hucur
حجيله,Huceyle
حد برع,Hadd-i Bera
حداره,Haddare
حداوندكار,Hüdavendigar
حده,Hada
حديثه,Hadise
حديده,Hudeyde
حذاق,Hazak
حذور,Hazzur
حرآم,Hram
حرا,Hira
حرات,Harat
حراز,Haraz
حراز و اشتفه طره ال حناح وقصر حور ومحمر و رو بطن,Cevazir (Haraz) ve İştifa [ve] Turra-i Al-i Cenah ve Kasr-ı Hur ve Muhammer ve Rubatın
حراسنو,Hrasno
حراشتان,Hraştan
حراله,Harala
حرام,Hram
حرام عتيق,Hram-ı Atik
حرامى,Harami
حران,Harran
حران و چاى قيو,Harran ve Çaykuyu
حران و چاي قيو,Harran ve Çaykuyu
حربنده لى مع دكزلى,Harbendeli maa Denizli
حربى,Harbi
حربيه,Harbiye
حرتار,Hırtar
حرتوس,Hartvis
حردان مع قريۀ فاصلۀ اولادِ يوسف,Hardan maa Karye-i Fasıla-i Evlad-ı Yusuf
حرزه,Harze
حرسوفى,Hırsofi
حرسوه,Hırsova
حرصوه,Hırsova
حرض,Harad
حركه,Herke
حرم,Harem
حرم اباد,Hürremabad
حرمان,Hurman
حرمل,Harmil
حرمنلى,Harmanlı
حرمين شريفين و يوركان كيره سون,Haremeyn-i Şerifeyn ve Giresun (Yörükan-ı Giresun)
حرمين عشيرتى و پرنك و توفاللو,Haremeyn Aşireti ve Pernek ve Tofallı (?)
حرنيش,Harniş
حروات,Hırvat
حروت,Harut
حرير,Harir
حرير و دوني,Harir ve Düvini
حرپوت,Harput
حزان,Hizan
حزو,Hazzo
حزور,Hazzur
حزّو,Hazzo
حسانى,Hasani
حسبك,Hasbek
حسراس,Hasras
حسن آباد,Hasanabad
حسن اباد,Hasanabad
حسن الا كراد,Hısnülekrad
حسن اووه,Hasanova
حسن بادريك,Hasanbadrık
حسن زبان (؟),Hasanzeban (?)
حسن شيخ,Hasanşeyh
حسن صويى,Hasansuyu
حسن طاغى,Hasandağı
حسن قلعه,Hasankale
حسن كريشى,Hasangerişi
حسن كيف,Hısn-ı Keyf
حسن منصور,Hısn-ı Mansur
حسن چلبى,Hasançelebi
حسنكهف,Hısn-ı Keyf
حسنكيف,Hısn-ı Keyf
حسنلر,Hasanlar
حسين آباد,Hüseyinabad
حسين آباد و ممالو,Hüseyinabad ve Mamalı
حسين اباد,Hüseyinabad
حسينى,Hüseyni
حسينيه,Hüseyniye
حسيّه,Hisya (Hasiyye)
حسيچه,Hasiçe
حشا,Haşa
حشا مع عماره,Haşa maa Amare
حصار,Hisar
حصار اوكى,Hisarönü
حصار اوڭى,Hisarönü
حصار روم ايلى,Hisar-ı Rumili
حصاران,Hisaran
حصارجق,Hisarcık
حصارلق,Hisarlık
حصر و كبش و ام الرباب,Hasr ve Kebş ve Ümmürrebab
حصران,Hasaran
حصن الا كراد,Hısnülekrad
حصن الاكراد,Hısnülekrad
حصن زياد,Hısn-ı Ziyad
حصن كيف,Hısn-ı Keyf
حصن منصور,Hısn-ı Mansur
حصن منصور مع كاخته,Hısn-ı Mansur maa Kahta
حصنمنصور,Hısn-ı Mansur
حصنمنصور و صمصاد و بزه كى,Hısn-ı Mansur ve Samsad ve Biziki (Bizeki (?))
حصنى كيف,Hısn-ı Keyf
حضرو,Hazro
حضرو و بهرامنى,Hazro ve Mihrani (Behramni)
حضرون,Hazrun
حطاى,Hıtay
حطبلئ صغير,Hatablı-yı Sagir
حطبلئ كبير,Hatablı-yı Kebir
حطوان,Hatvan
حطون,Hatvan
حظو,Hazzo
حفار,Haffar
حفاش,Hufaş
حفرا,Hufra
حفره,Hufra
حفره و شرقيه,Hufra ve Şarkiye
حفير,Hafir
حفّار,Haffar
حق على,Hakk-ı Ali
حقبان,Hakban
حقله,Hakala
حكارى,Hakkari
حكارى چال,Hakkari Çal
حكرى,Hakeri
حكري,Hakeri
حكمه,Hekme
حكومت شهران,Hükümet-i Şehran
حكومت شهريان,Hükümet-i Şehriyan
حكيم خان,Hekimhan
حكّارى,Hakkari
حلانيّه,Halaniye
حلب,Haleb
حلبه,Halba
حلقه,Halaka
حلقى حولى,Halkahavlu
حلقۀ خاص,Halka-i Has
حللقى,Hallaki
حله,Hille
حلومج,Hulumiç
حلوميج,Hulumiç
حلونك,Hulvenk
حلى,Hali
حليب,Halib
حليلان,Halilan
حليميه,Halimiye
حلّه,Hille
حما,Hama
حما م خمص,Hama ve Humus
حما و حمص,Hama ve Humus
حما و معرة النعمان,Hama ve Maarratünnuman
حمار,Hammar
حماران,Hımaran
حمام,Hamam
حمام اوزى,Hamamözü
حمام على,Hammam-ı Ali
حمامات,Hammamet
حمامه,Hammame
حمدانيّه و سيحان,Hemdaniye ve Seyhan
حمر,Humar
حمرار,Hamrar
حمريك,Hümrik
حمزه,Hamza
حمزه چمني,Hamzaçimeni
حمزيكان,Hamzikan
حمس,Humus
حمص,Humus
حمنه,Hamine
حمو,Hamo
حميد,Hamid
حميد آباد,Hamidabad
حميد ايلى مع قضاهاء تركمش,Hamid (Hamidili) maa Kazaha-i Terkemiş
حميد مع بوردر,Hamid maa Burdur
حميديه,Hamidiye
حميديه قريه سى,Hamidiye karyesi
حميص,Hamis
حمّار,Hammar
حناجره,Hanacire
حندرس,Handırıs
حندق,Hendek
حندق مع اقيازى,Hendek maa Akyazı
حندك,Hendek
حندوف,Hondof
حنس,Hınıs
حنس و تكمان,Hınıs ve Tekman
حنس و حاندرس,Hınıs ve Handırıs
حنكان,Hinkan
حنود,Hunud
حنوس مع تكمان و عشائر زريقى,Hınıs (Hınus) maa Tekman ve Aşair-i Ziriki
حو نكره,Höngüre
حوابى,Havabi
حوار,Havar
حواشب,Havaşib
حواصور,Havasor
حواطب كبير,Havatıb-ı Kebir
حواطي,Huvati
حواقل,Hovakil
حواله,Havale
حوالى حطوب,Havali-yi Hutub
حوالى شررا,Havali-yi Şürra
حوان,Havan
حوبان,Huban
حوبانسقى,Hobanskı
حوتاليج,Hotaliç
حوتاليچ,Hotaliç
حوتانيچه,Hotaniçe
حوتون,Hoton
حوجوان,Hoçuvan
حودى دده,Hodidede
حورا,Hora
حورالله,Havrullah
حوران,Havran
حوران و جبل دروز و رضوان الحاقليه عجلون,"Havran ve Cebel-i Düruz ve Rıdvanülhakileyye, Aclun"
حوران و جيدور,Havran ve Cidur
حوراه,Havrullah
حورتاچ,Hortaç
حورحون,Horhon
حورمان,Hurman
حورمووه,Hormova
حورودق بدرحو,Horodok Bederho
حوريده,Huride (?)
حورپشته,Hurpeşte
حوزات,Hozat
حوساطين,Husatin
حوسته,Hosta
حوش الاى,Hoşalay
حوش اووا,Hoşova
حوش عرب,Havşarab
حوصه,Havsa
حوض,Havz
حوضه,Havza
حوطاشلى,Hotaşlı
حوطمش,Hotamış
حوقو,Hoko
حوكاد,Hokad
حولا,Hula
حولان,Havlan
حوله,Hula
حوله و شعرا,Hula ve Şara
حوما,Homa
حوما و كيكلر,Homa ve Geyikler
حومه,Homa
حوناز,Honaz
حوناز و تموق,Honaz ve Temuk
حوند,Hond
حوواكل,Hovakil
حوي,Hoy
حويت,Huyut
حويدر,Hoyder
حويران,Hoyran
حويزه,Huride (?) (Huveyza (?))
حويض,Haviz
حوپه,Hopa
حى نعمة الله,Hay Nimetullah
حياتى,Hayati
حيدران,Haydaran
حيدرلر,Haydarlar
حيدرى,Haydari
حيرانلى,Hayranlı
حيرسز اطه لر,Hayırsız Adalar
حيره بولى,Hayrabolu
حيرون,Hiron
حيزان,Hizan
حيزان و نمران و مروانان,Hizan ve Namran ve Mervanan
حيس,Hays
حيطان,Haytan (Hoytan (?))
حيفا,Hayfa
حيكوك,Haykok
حيلودوروميه,Hilodoromiye
حيلون,Hilvan
حيمانتين,Haymanateyn
حيمانتين مع عشيرت موزاتلو و چاليش و طوباقلو,Haymanateyn maa Aşiret-i Mozatlı ve Çalış ve Topaklı
حيمانه,Haymana
حيمانه كبير,Haymana-i Kebir
حيمانۀ صغير,Haymana-i Sagir
حَابُور,Habur
حَبَشْ,Habeş
حَزّو,Hazzo
حَصْره,Hasra
حَطْوَانْ,Hatvan
حَمص,Humus
حَمص مع تَدمُر,Humus maa Tedmür
حِلّه,Hille
خا تون سراى,Hatunsaray
خا تونسراى,Hatunsaray
خا ندوش,Handuş
خابس مانه,Habsamana
خابور,Habur
خاتون,Hatun
خاتون ايلى,Hatunili
خاتون ويران,Hatunviran
خاجيلو و كوركجيلو و صارى جام,Hacılı ve Kürkçülü ve Sarıçam
خاخو,Haho
خادم,Hadim
خادم كوى,Hadımköy
خارات,Harat
خاراقا,Haraka
خارت,Hart
خارديش,Hardiş
خارشيد,Harşid
خارق,Hark
خارقوس,Harkus
خارپوط,Harput
خازى,Hazi
خاص,Has
خاص بوغا,Hasboğa
خاص بيك,Hasbey
خاص كوى,Hasköy
خاصبوغه,Hasboğa
خاصكوى,Hasköy
خاصلر,Haslar
خاصلرمع قرچوه,Haslar maa Kraçova
خاصلرمع قيرچوه,Haslar maa Kraçova
خاصه,Hassa
خاصهاء استانبول,Hasha-i İstanbul
خاصهاء معادن يانوه,Hasha-i Maadin-i Yanova
خاصّهاء ارنود,Hasha-i Arnavud
خاطون ايلى,Hatunili
خاكس,Hakis
خاكف,Hakif
خاكيف,Hakif
خالخال,Halhal
خالص,Halis
خالق قريم و قالغالق قريم,Kırım Hanlığı ve Kalgaylık-ı Kırım
خامور,Hamur
خان,Han
خان بارچين,Hanbarçın
خان كندى,Hankendi
خان كوى,Hanköy
خان يونس,Hanyunus
خانبارجين,Hanbarçın
خانبارچين,Hanbarçın
خاندرا,Handra
خاندريس,Handırıs
خانقاه,Hankah
خانقين,Hanekin
خانلى,Hanlı
خانمرود,Hanımrud
خانيه,Hanya
خاو,Hav
خاوه,Have
خايمانه,Haymana
خاچوك,Haçük
خاچين,Haçin
خبان,Kulb
خبوس,Hupus
خداثى,Hadasi
خداوندكار,Hüdavendigar
خداوندگار,Hüdavendigar
خذيّه,Haziyye
خرابه,Harabe
خرابه مع صاتو قلعه,Harabe maa Satukale
خرابه و تخرين,Harabe ve Temzin (Tahrin)
خرابه و تمزين,Harabe ve Temzin
خراله,Harala
خرام,Hram
خربة حذور,Hırbet-i Hazzur
خربة حزور,Hırbet-i Hazzur
خربروت مع ملاطيه,Harput (Harburut) maa Malatya
خربوت,Harput
خربۀ حذور,Hırbet-i Hazzur
خرتوس,Hartvis
خردال,Hardal
خردل,Hardal
خرستيانى,Hristiyani
خرسز,Hırsız
خرسوفى,Hırsofi
خرسوه,Hırsova
خرشدلر,Hurşidler
خرصوه,Hırsova
خرطلب,Hartlab
خرطوم,Hartum
خرقه,Hırka
خركون,Hargün
خرمانجق,Harmancık
خرمنجق,Harmancık
خرمنجك,Harmancık
خرمنلى,Harmanlı
خرناباد,Harnabad
خروات مملكتي,Hırvat Memleketi
خروس,Horos
خروش رستم,Horuşrüstem
خرومناستر,Hromanastır
خرّوب نصارا,Harrub-ı Nasara
خرپوت,Harput
خرپوط,Harput
خزان,Hizan
خزانه,Hazane
خزل,Hazel
خساران,Hasaran
خساني,Hasani
خسره ويران,Hösreviran
خسرو,Hüsrev
خسرو پاشا,Hüsrevpaşa
خشورنى,Hoşorni
خضر,Hazar
خضر بك ايلى مع دورك و چهارشنبه,Çaycuma (Hızırbeyili) maa Devrek ve Çarşamba
خضر دراجى,Hızırdürraci
خطوان,Hatvan
خلازومن,Halazomen
خلت مع فاتر,Hallet maa Fatir
خلخلان,Halhalan
خلخنه,Hılhına
خلفتى,Halfeti
خلقلو,Halkalı
خلقه,Halaka
خلقه خاص,Halka-i Has
خلكان مع حضران,Halkan maa Hadran
خللقى,Hallaki
خلومج,Hulumiç
خلونيك,Holavnik
خليفه,Halife (?)
خليل الرحمن,Halilürrahman
خليل بگلى,Halilbeyli
خليل پاشا يوردى,Halilpaşayurdu
خليل چاوش,Halilçavuş
خمارجى,Hımarcı
خماره,Hımara
خمر,Hamir
خمس ساحل سيلين,Hums ve Sahil-i Silin
خمسه,Hamise
خمص,Humus
خميس,Hamis
خميسه,Hamise
خميسيه,Hamisiye
خناق,Hanak
خندرس,Handırıs
خندق,Hendek
خندق مع آق يازى,Hendek maa Akyazı
خندق مع اق يازى,Hendek maa Akyazı
خندك,Hendek
خنزورى,Hınzori
خنزيره,Hınzıra
خنزيرى,Hınzırı
خنزيري,Hınzırı
خنس,Hınıs
خنس و تكمان,Hınıs ve Tekman
خنيس,Hınıs
خوابى,Havabi
خوابي,Havabi
خواجه بك,Hocabey
خواجه لر,Hocalar
خوارزم و سراجلو,Horzum ve Siraclı
خواسور,Havasor
خواص,Havas
خواص محمود پاشا,Havass-ı Mahmudpaşa
خواصور,Havasor
خوبانسقى,Hobanskı
خوبه,Hopa
خوتاليج,Hotaliç
خوتاليچ,Hotaliç
خوتون,Hoton
خوتين,Hotin
خوجوان,Hoçuvan
خوخ,Hoh
خوخ عليا,Hoh-ı Ulya
خود,Hod
خوديجور,Hodiçor
خوديچور,Hodiçor
خور علي,Hur Ali
خورا,Hora
خوراسان,Horasan
خوران,Havran
خوربشته,Hurpeşte
خورتاج,Hortaç
خورخوره,Horhora
خورسونلى,Horsunlu
خورماتو,Hurmatu
خورمان,Hurman
خورنوويل,Hornovil
خوره,Hora
خورپشته,Hurpeşte
خوزنس,Hozanis
خوس آلاى,Hoşalay
خوش آلاى,Hoşalay
خوش الاى,Hoşalay
خوش عرب,Havşarab
خوشاب,Hoşab
خوشكار,Hoşkar
خوشناو,Hoşnav
خوطاشلى,Hotaşlı
خوطامش,Hotamış
خوطمش,Hotamış
خوفتي (؟),Hufiti (?)
خولا,Hola
خولان,Havlan
خولخول,Holhol
خوله,Hola
خوم ايلى,Humili
خومارو,Homaro
خومرياقو,Homeryako
خومه,Homa
خوناز,Honaz
خوى,Hoy
خوى كوچك,Hoy-ı Küçük (?)
خويت,Huyut
خويران,Hoyran
خويرج,Hüveyric
خويوط,Huyut
خوپه,Hopa
خوچاش,Hoçaş
خوچه,Hoça
خوچوان,Hoçuvan
خيان,Hiyan
خيان و پيچار و قلب,Hiyan ve Piçar ve Kulb
خيبر,Hayber
خيراللو,Hayrilli
خيرايللو,Hayrilli
خيرسز آطه لر,Hayırsız Adalar
خيرسز اطه,Hayırsızada
خيرسز اطه لر,Hayırsız Adalar
خيره بولى,Hayrabolu
خيزان,Hizan
خيزوب,Hizub
خيمارا,Hımara
خيماره,Hımara
خيمانه,Haymana
خيمانۀ اقسراى,Haymane-i Aksaray
خيوط,Huyut
خَطوَانْ,Hatvan
خَلتْ مع فَاتِرْ,Hallet maa Fatir
خَمس,Hums
خُداوَنْدكار,Hüdavendigar
خِيزَانْ,Hizan
دابرى,Dabri
دابري,Dabri
داحوق كركوك,Dakuk (Dahuk ve) Kerkük
داخراب,Dahrab
داخل مع سليمان,Dahil maa Süleyman
داده,Dada
داديان,Dadyan
داديه,Dadya
دارا,Dara
دارابى,Darabi
دارزاسيه,Darzasye
دارفور,Darfur
دارقوش,Darkuş
دارمابا,Darmaba
دارنده,Darende
دارى دره,Darıdere
داريجه,Darıca
داريدره,Darıdere
داس,Das
داسقاليا,Daskalya
داسقاليو,Daskalyo
داسقوليو,Daskolyo
داسنى,Dasni
داسني,Dasni
داضلينه,Dazline
داقوق,Dakuk
دال,Dal
دالاق,Dalak
دالامان,Dalaman
داللوجه,Dallıca
دالليجه,Dallıca
دالماجيا طاغلرى,Dalmaçya Dağları
دالمان,Dalaman
دالمه,Dalma
داليان,Dalyan
دامال,Damal
دامباسلر,Dambaslar
دانا,Dana
دانده قبا,Dandakaba
دانزك,Danzik
دانزيق,Danzik
دانزيك,Danzik
دانشمند,Danişmend
دانشمند اسكسى,Danişmendeskisi
دانشمندلو,Danişmendli
دانشمندلو مع كيكلر,Danişmend maa Geyikler
دانشمندلوى صغير,Danişmendli-yi Sagir
دانشمندلوى كبير,Danişmendli-yi Kebir
دانشمندلى,Danişmendli
دانقى,Dankı
دانوفجه,Danofça
دانوفچه,Danofça
دانيمارقه,Danimarka
داوات,Davat
داود,Davud
داودان,Davudan
داودلر,Davudlar
داوده,Davuda
داوديه,Davudiye
داوودلر,Davudlar
داير,Dayir
داَسْنى,Dasni
دباره,Dubare
دبرئ بالاوزيرورقۀ بالاوزير,Debre-i (Debri-i) Bala ve Zir ve Raka-i Bala ve Zir
دبرشته,Debrişte
دبره,Debre
دبره بالا,Debre-i Bala
دبره جين,Debreçin
دبره زير,Debre-i Zir
دبره چين,Debreçin
دبرى,Debri
دبرى مع ناحيۀ رقۀ بالا و زير مع چرمنقه,Debri maa Nahiye-i Raka-i Bala ve Zir maa Çirmenika
دبريشته,Debrişte
دبريچه,Debriçe
دبرچان,Dobriçan
دبرچه,Debriçe
دبرۀ بالا,Debre-i Bala
دبرۀ بالا و زير,Debre-i Bala ve Zir
دبرۀ زير,Debre-i Zir
دبرۀبالاوزيرورقه,Debre-i Bala ve Zir ve Raka
دبوى,Doboy
دبى,Debi
دبير,Debir
دبير مع كلادره,Debir maa Gladra
دبيل,Dibil
دبيلعى,Dibil'i
دجله,Dicle
دجه,Decce
دجيل,Düceyl
دحراب,Duhrab
دخوك,Duhuk
ددك,Dedek
دده آغاج,Dedeağaç
دده اغاج,Dedeağaç
دده قرقن,Dedekarkın
دده كوى,Dedeköy
دده لى,Dedeli
در,Der
دراج,Drac
دراريان,Derariyan
دراغوتين,Dragotin
دراغوطين,Dragotin
دراغونارا,Dragonara
دراغونره,Dragonara
دراغونه را اطه لرى,Dragonara Adaları
دراغونه ره,Dragonara
دراغونيزى,Dragonizi
دراقيه,Drakiya
دراما,Durama
درامتين,Drametin
درامه,Drama
درانه,Drana
دراوه,Drava
دراي اله كز و درو,Dera-yı Alagez ve Dero (?)
دراپانو,Drapano
دراپى,Drapi
دراچ,Drac
دراچويچه,Draçeviçe
دراژنچه,Drajniçe
درب,Derb
درب الحوت,Derbülhut
درب الشط,Derbüşşat
دربساك,Derbisak
دربند,Derbend
دربند كبير,Derbend-i Kebir
درة جرع,Dirret-i Cirra
درت يول,Dörtyol
درتنك,Dertenk
درتنك صاهره (؟),Dertenk-i Sahire (?)
درتنك كلهر مندليجين,"Dertenk, Gülhur, Mendeli (Mendelicin)"
درجكى,Derecki
درزى دره,Terzidere
درزيلر,Derziler
درزين,Derzin
درسم,Dersim
درسم مع خوزاث,Dersim maa Hozat
درسه,Durse
درسيم,Dersim
درشيفى,Derşifi
درعا,Dera
درغوس,Dragos
درغومشته,Dragomeşte
درك,Derik
دركزين,Dergüzin
دركل,Dregel
دركله,Dergele
دركنه,Dirgine
دركوش,Derkuş
درنده,Darende
درنه,Derne
درنه مع درتك,Derne maa Dertenk (Dertek)
درنوه,Drenova
درنيش,Dirniş
دره,Dere
دره الاكس,Derealakes
دره ايلى,Dereili
دره ججك,Dereçiçek
دره شام,Dereşam
دره شاهبوز,Dereşahbuz
دره صاغى,Deresağı
دره غونه را اطه لرى,Dragonara Adaları
دره لو,Dereli
دره لى,Dereli
دره متين,Drametin
دره منيك,Dremenik
دره نوركوت,Derenürgüt
دره نوفچه,Drenofça
دره نيچه,Dreniçe
دره پانو,Drapano
دره پولى,Drepoli
دره چچك,Dereçiçek
دروبناقلر,Drobnaklar
درونيك,Dervenik
درويش بالقانى,Derviş Balkanı
درى,Deri
درياز,Deryaz
دريب,Düreyb
دريب ثلث عكار,Düreyb [maa] Sülüs-i Akkar
دريجان,Dirican
دريما,Drima
درين,Drin
درّ فرامان,Dürr-i Feraman
درگنه مع سكز ديوان,Dirgine maa Sekizdivan
درۀ ايواجق,Dere-i Ayvacık
درۀ جديد,Dere-i Cedid
دزاق,Dizak
دزمار,Dizmar
دزى,Dizzi
دستك,Destek
دسنه,Desne
دسپوتكى,Despotiki
دشتكور,Deştigur
دشقاط,Dışkat
دشمن ايلى,Düşmanili
دعرش,Duriş
دغاره,Degara
دفتران,Defteran
دفنان,Difnan
دقهليه,Dekahliye
دقورى,Dekori
دقوق,Dakuk
دقوق و كركوك,Dakuk ve Kerkük
دكرمان اوزى,Değirmenözü
دكرمان برونى,Değirmenburnu
دكرمانلك,Değirmenlik
دكرمن اوزى,Değirmenözü
دكرمن دره,Değirmendere
دكرمن دره سى,Değirmenderesi
دكرمن چايرى,Değirmençayırı
دكرمنجك,Değirmencik
دكرمنلك,Değirmenlik
دكرمنلك و سنطورين,Değirmenlik ve Santorin
دكرمنلك و صنطورى,Değirmenlik ve Santorin (Santori)
دكرمنلك و مسنطورى,Değirmenlik ve Santorin (Mesantori)
دكرنصور,Diğrensor
دكزاوبه,Denizoba
دكزلى,Denizli
دكك كسكين,Dinekkeskin
دكلس,Diklis
دكنلو,Diğinli
دكنلى,Diğinli
دكيزلى,Denizli
دكّه,Dekke
دلبوچيچه,Delboçiçe
دلبوچچه,Delboçiçe
دلجه,Delca
دلغوبرده,Dılgobırda
دلكانلو,Delikanlı
دلكانلى,Delikanlı
دلكانى,Delikani
دللى عباس,Delliabbas
دلو اورمان,Deliorman
دلوجه اوزى,Deliceözü
دلوس,Delos
دلونه,Delvine
دلويناكى,Delvinaki
دلوينه,Delvine
دلوينه مع ايدونات,Delvine maa Aydonat
دلوينه مع برغوز,Delvine maa Bergoz
دلوينه مع رزه و قوردلن و قروه لش,Delvine maa Reze ve Kurdelen ve Kurveleş
دلى الياس,Deliilyas
دلى اورمان,Deliorman
دلى اورمان مع طورنو,Deliorman maa Turnu
دليجه,Delice
دليك طاش,Deliktaş
دليكانلو,Delikanlı
دليكطاش,Deliktaş
دليم,Düleym
دماله,Demala
دمام,Demmam
دمرجى,Demirci
دمره,Demre
دمنحور,Demenhur
دمنهور,Demenhur
دمور جيلى,Demircili
دمورجى,Demirci
دمورجى بازارى,Demircipazarı
دمورقپو,Demirkapı
دميات,Dimyat
دمياد مع رشيد,Dimyat (Dimyad) maa Reşid
دمياط,Dimyat
دمياط مع رشيد,Dimyat maa Reşid
دمياط و رشيد,Dimyat ve Reşid
دمير طاش,Demirtaş
دميرجى,Demirci
دميرجى قولى,Demircikolu
دميركان,Demirkan
دميرلى,Demirli
دنادى,Denadi
دندارلو,Dündarlı
دنك معدن,Dinekmaden
ده بالا,Dih-i Bala
ده ده آغاج,Dedeağaç
ده ده اغاج,Dedeağaç
ده سو,Deso
ده فوليزا,Defoliza
ده قونيزا,Dekoniza
ده لوس,Delos
ده موتو,Demuto
ده ولن,Devlen
ده وه جر,Deveçer
دهحوارقان,Dihharkan
دهخوارقان,Dihharkan
دهراب,Duhrab
دهلو,Dehlü
دهلوم,Dehlum
دهنة,Dehne
دهوك,Duhuk
دهوك و كركوك,Dakuk (Dahuk) ve Kerkük
دهول,Duhul
دو جر,Deveçer
دواسر,Devasir
دواسله,Devasile
دواوان,Duavan
دوب,Dub
دوبجه,Dubiçe
دوبراوه,Dubrava
دوبره,Dobra
دوبره نيوه,Dobraniva
دوبره وه,Dubrava
دوبره وير,Dobravir
دوبروجه,Dobruca
دوبروغراد,Dobrograd
دوبروقوكا,Dobrokuka
دوبروكس,Döbrökes
دوبرون,Dobrun
دوبرونيك,Dubrovnik
دوبريجان,Dobriçan
دوبريجه,Dobrice (?)
دوبريچان,Dobriçan
دوبنجه,Dubniçe
دوبنيجه,Dubniçe
دوبنيجه مع جمعه,Dubniçe maa Cuma-i Bala (Cuma)
دوبنيجه مع جمعه پازارى,Dubniçe maa Cumapazarı
دوبنيچه,Dubniçe
دوبوجاج,Duboçaç
دوبوجاج عتيق,Duboçaç-ı Atik
دوبور,Dobor
دوبوقه,Doboka
دوبوى,Doboy
دوبوچاج,Duboçaç
دوبوچاچ,Duboçaç
دوبوچاچ عتيق,Duboçaç-ı Atik
دوبيجه,Dubiçe
دوبيچه,Dubiçe
دوحارا اطه جقلرى,Duhara Adacıkları
دوحول,Duhul
دوخرات آبيد,Duhrat Abid
دودرغه,Dodurga
دودوللى,Dudullu
دور غان,Durağan
دوراسو,Duraso
دوربناك,Drobnak (Durobnak)
دوردول,Durdul
دورسنه,Dorosina
دورغه,Doroga
دورق,Durak
دورقة البحر,Durkatülbahr
دوركانى,Devrekani
دوركى,Divriği
دورمروان,Dümervan (Durmervan)
دوره غان,Durağan
دوره كانى,Devrekani
دوره كانى و كورۀ معموره,Devrekani ve İnebolu (Küre-i Mamure)
دوره كاني و اياندون,Devrekani ve Ayandon
دوروق,Dorok
دورِ ملك,Devr-i Melik
دوزجه,Düzce
دوزجه مع اقچه شهر,Düzce maa Akçaşehir
دوزجه مع قوكرپا,Düzce maa Konrapa
دوزجه پازارى,Düzcepazarı
دوزيق,Duzik
دوسكى,Doski
دوسنه,Dosene
دوسپاط,Dospat
دوش قيا,Döşkaya
دوش قيا و تبريز ميشه سي و يدي حلب وقرض,Döşkaya ve Tebrizmişesi ve Yedikilise (Yedihaleb) ve Karz
دوشتيچه,Duştiçe
دوشتچه,Duştiçe
دوشك خانه,Döşekhane
دوشنبه,Düşenbe
دوشنبه مع سكر,Düşenbe maa Senir
دوغان بك,Doğanbey
دوقه كين,Dukakin
دوكر,Döğer
دوكر مع اغروس,Döğer maa Ağros
دوكرلو,Döğerli
دوكرلى,Döğerli
دوكنجى ايلى,Düğüncüili
دوكوويران,Düğüviran
دول قران,Dulkıran
دول كوهى,Devolkuhu
دولاشدير,Dolaşdır
دولاوشته,Dolavişte
دولت قلعه,Devletkale
دولجه,Dolçe
دولجى مع قرايوه,Dolci maa Krayova
دولغا اطه جغى,Dolga Adacığı
دولن,Devlen
دولنجي,Dolenci
دولنه دراچه ويچه,Dolnadraçeviçe
دولنه دوبره كيور,Dolnadobragyör
دولنه رودينه,Dolnarudine
دولنه موراچه,Dolnamoraça
دوله,Dula
دوليجه,Dolice
دولچه,Dolçe
دولگه,Dolge
دوما,Duma
دوما نيچ,Domaniç
دومام,Dumam
دومانيج,Domaniç
دومبو,Dombo
دومرك,Dümrek
دومروان,Dümervan
دومكه,Dömeke
دومنجه (؟),Dömenice (?)
دومنك,Dömenik
دومنه,Dumine
دومنه مع نرتوم,Dumine maa Neretva (Nertum)
دومنوك,Dömenvik
دومنيك,Dömenik
دومنيك و نفس دومنك,Dömenik ve Dömenik merkez
دومه نيك,Dömenik
دوموشتيجه,Dumoştiçe
دوموشتيچه,Dumoştiçe
دوموقلت,Domoklat
دومينه,Dumine
دوندار,Dündar
دوندارلو,Dündarlı
دوندارلو و بلغارلو,Dündarlı ve Bulgarlı
دونغله,Dungula
دونكسه اباد,Dönekseabad
دونكللى,Döngelli
دوننماى همايون,Donanma-yı Hümayun
دونيه,Dunye
دوه جر,Deveçer
دوه جى,Deveci
دوه كچيدى,Devegeçidi
دوه لو,Develi
دوه لى,Develi
دوه چر,Deveçer
دويريج,Düveyric
دوگر,Döğer
دوگرلى و اويوم آغاج,Döğerli ve Oyumağaç
ديادين,Diyadin
ديار بكْر,Diyarbekir
دياربكر,Diyarbekir
ديارْبكر,Diyarbekir
دياقوه,Diyakova
دياقوپو,Dyakopo
دياله,Diyale
دياوته س,Diyavatas
دياپاروس,Diyaparos
دياپر,Diyapor
دياپلو,Dyapolo
ديب تارخان,Diptarhan
ديب قرپاس,Dipkarpas
ديب كرش,Dipkerş
ديباكى,Dibaki
ديباكى قريه سى,Dibaki Karyesi
ديباكي,Dibaki
ديبان,Diban
ديبسز كول,Dipsizgöl
ديبكرش,Dipkerş
ديدقوفچه,Didkofça
ديدوش,Didoş
دير,Deyr
دير الاحمر,Deyrulahmer
دير القمر,Deyrulkamer
دير القمر قائممقاملغى,Deyrulkamer Kaymakamlığı
دير سلمان,Deyr-i Selman
دير شميل,Deyr-i Şumeyl
دير فور,Deyrfur
دير و رحبه,Deyr ve Rahbe
دير و رهبه,Deyr ve Rahbe
دير و شرش,Deyr ve Şeriş
دير و نشوه,Deyr ve Neşve
دير ويرى,Deyrviri (?)
ديرازنيا,Dirazniya
ديراغان,Diragan
ديراغوتين,Dragotin
ديراغوطين,Dragotin
ديرالقمر,Deyrulkamer
ديرامه,Drama
ديرانوه,Dranova
ديراوه,Drava
ديرزور,Deyr-i Zor
ديرسلمان,Deyr-i Selman
ديركلى,Direkli
ديركول,Dirgül
ديرممان,Dirmeman
ديرممكان,Dirmemikan
ديرميل,Dirmil
ديرنيش,Dirniş
ديره,Dire
ديره تنيجه,Diretniçe
ديره كل,Dregel
ديره كلى,Direkli
ديره نوفجه,Drenofça
ديره نوفچه,Drenofça
ديروت,Deyrut
ديرون,Diron
ديرُوت,Dayrut
ديرگول,Dirgül
ديزآق,Dizak
ديزاق,Dizak
ديزه جرود,Dizecrud
ديزي,Dizi
ديسان,Disan
ديشقاط,Dışkat
ديشلق,Dışlık
ديغور,Digor
ديفنان,Difnan
ديكر پساتونيسى,Psatonis-i diğer (Diğer Psatonisi)
ديكرنصور,Diğrensor
ديكلى,Dikili
ديكنلو,Diğinli
ديكيلى,Dikili
ديل,Dil
ديليصوص,Dilisos
ديم دره سى,Dimderesi
ديم صويى,Dimsuyu
ديمبوويچه,Dimboviçe
ديمترفچه,Dimitrofça
ديمتروفجه,Dimitrofça
ديمتروفچه,Dimitrofça
ديمترى,Dimitri
ديمترى كونمه,Dimitrigonime
ديمتوقه,Dimetoka
ديمه توقه,Dimetoka
ديمورطه,Dimorta
ديميناقى,Diminaki
دينار,Dinar
ديناور,Dinaver
دينحوراد,Dinhorad
دينسر,Dinser (Dinsez (?))
دينك,Dinek
دينك كسكون,Dinekkeskin
دينلى,Dinli
دينه,Deyyine
دينور,Dinver
دينوسه,Dinosa
دينوسيادس اطه لرى,Dinosyadis Adaları
ديوان قوغا,Divan-ı Koğa
ديوانه اورمان و ايورانه,Deliorman (Divaneorman) ve İvrana
ديوانيه,Divaniye
ديوانيّه مع قبيلۀ خُزاعِل شاميّه,Divaniye maa Kabile-i Hazail ve Şamiye
ديوركى,Divriği
ديوركى و درنده,Divriği ve Darende
ديوركي,Divriği
ديوريكى,Divriği
ديوريكى مع اشدى,Divriği maa Nahiye-i Aşudi
ديوريكي,Divriği
ديوريگى مع نواحى,Divriği maa Nevahi
ديوزناو (؟),Deyuznav (?)
ديوله,Divle
ديوله مع قريش,Divle maa Kureyş
ديويركي و درنده,Divriği (Diviriği) ve Darende
ديوين,Divin
ديپ پويراز,Dippoyraz
ديپ چونغار,Dipçongar
ديپلى,Dipli
ديچمه,Diçme
ديچمه و كليس,Diçme ve Klis
دَاخِلْ مع سُلَيْمَانْ,Dahil maa Süleyman
دَرْنَه,Derne
دَلوْ,Delev
دَليم,Düleym
دَلِيم مع قلعة الرَّمادى,Düleym (Delim) maa Kaletürramadi
دَمَنْهور,Demenhur
دَمَنْهُور,Demenhur
دَوْرِمَلِك,Devr-i Melik
دُجيل,Düceyl
دُرَيب ثلثِ عكّار,Düreyb [maa] Sülüs-i Akkar
دُعَيْجى,Duayci
دُعَيْجى مع بور,Duayci maa Bur
دُوقه كين,Dukakin
دِمِشق,Dımışk
دپه دلن,Tepedelen
دچانى,Deçani
دڭزلى,Denizli
دڭك كسكين,Dinekkeskin
دگرمنلك,Değirmenlik
ذات عراق,Zat-ı Irak
ذافنس,Zafnis
ذالنون اباد,Zünnunabad
ذاماستا,Zamasta
ذرذنه,Zerzene
ذغنوس,Zağnos
ذلحوه,Zilehova
ذلخدير,Zalhadir
ذلخوه,Zilehova
ذمار,Zamar
ذمون,Zemun
ذنقو,Zinkov
ذنك آباد,Zengabad
ذو النون آباد,Zünnunabad
ذو النون اباد,Zünnunabad
ذو النّون آباد,Zünnunabad
ذوالقدريه,Zülkadriye
ذوالنون اباد,Zünnunabad
ذيخك,Zihik
ذيخنه,Zihne
ذيرمانيه استريه,Zirmanya İsterye
ذيشراق,Zişarak
ذيلان,Zilan
رأس العين,Resülayn
رأس مسندم,Res-i Müsendem
را نسته,Raniste
رابطه,Rabıta
رابغ,Rabiğ
رابه,Raba
راتوناس,Ratonas
راحوفچه,Rahofça
راحونيك,Rahovnik
راحوه,Rahova
راحوه مع جبره,Rahova maa Cibre
راحووا,Rahova
راحويجه,Rahoviçe
راحويجۀ زير و بالا,Rahoviçe-i Zir ve Bala
راحويل,Rahovil (?)
راحيك,Rahik
راخوفچه,Rahofça
رادنه,Radna
رادوشته,Radovişte
رادومير,Radomir
رادومير مع سرشك,Radomir maa Sirişnik (Sirşik)
رادونه,Radovine
رادوهنه,Radohine
رادوويز,Radoviz
رادويز,Radoviz
رادويشته,Radovişte
رادوينه,Radovine
رادويچقا,Radoviçka
رادوپوليه,Radopolye
رادى,Radi
رازلق,Razlık
راس,Ras
راس السير,Resüsseyr
راس العين,Resülayn
راس رواعي,Res-i Revai
راس قسم,Res-i Kusum
راسوه,Rasova
راشديه,Raşidiye
راشيّا,Raşeyya
راغوز,Rogoz
رافتى,Rafti
راقتنه,Rakitine
راقتنچه,Rakitniçe
راقه,Rakka
راكوينه,Ragevine
رام الله,Ramallah
رامشكان,Rameşkan
رامه,Rama
رانيه,Raniye
راوندان,Ravendan
راونه,Ravna
راونه ريقا,Ravnarika
راونه ريقه,Ravnarika
راونيچه,Ravaniçe
راپشه,Rapşe
راچه,Raça
رباط,Ribat
ربض عليقه,Rabaz-ı Ulleyka
ربط,Rabat
ربنق,Ribnik
رثمو,Resmo
رج,Reç
رجال المع,Ricalülma
رجومه,Racuma
رحاليه,Rehhaliye
رحبه,Rahbe
رحمانيه,Rahmaniye
رحوه,Rahova
رداع,Rada
ردوان,Rıdvan
ردوس,Rodos
ردوس جزيره سى قلعه سى,Rodos Ceziresi Kalesi
ردوس كهنه,Rodos-ı Köhne
ردوسجق,Rodoscuk
ردُوسْ,Rodos
رزازه,Rezaze
رزى,Rezi
رسان,Risan
رساوه,Resava
رستما,Restema
رستما و عين و مشيم بيت ابو علوان و توابعه (؟),Restema ve Ayn ve Meşim Beyt-i Ebuulvane ve tevabiihi
رستوميت,Rastomit
رسلج,Reselec
رسمو,Resmo
رسمو جزيره سى,Resmo Ceziresi
رسنه,Resne
رسوه,Resava
رسيجه,Rasice
رسيمو,Resmo
رشاديه,Reşadiye
رشكوتان,Reşkotan
رشمل,Rişmil
رشنگان,Reşkotan (Reşengan (?))
رشوانى عشيرتى,Rişvani Aşireti
رشى,Reşi
رشيد,Reşid
رشيد مع بورلوس,Reşid maa Burulus
رضائيه,Rızaiye
رضوان,Rıdvan
رضوانيه,Rıdvaniye
رغام,Rogam
رغدان,Rağdan
رفيعات,Refiat
رق الحاجى,Rukkulhacı
رقاش,Rikaş
رقه لر,Rakalar
رقّه,Rakka
ركا,Rika
ركج,Regec
ركينه,Rekine
رماحيه,Rumahiye
رمادى,Ramadi
رماهيه,Rumahiye
رمته,Remte
رمشت,Remeşt
رمصلى,Ramaslı
رمضان,Ramazan
رمله,Remle
رمنيق مع فوقشان,Rimnik maa Fokşan
رمين,Rumeyn
رندسته,Rindiste
رندسيه,Rendesye
رندينه,Rendine
رنى,Rini
ره اونيون,Reuniyon
ره نسته,Raniste
ره پى,Repi
رها,Ruha
رهباط,Rehbat
رهبه,Rahbe
روان,Revan
روان سر,Revanser
رواندز,Revandiz
روانديز,Revandiz
رواندِز,Revandiz
روانيچه,Ravaniçe
رواى واديء خوبان,Reva-yı Vadi-i Huban
روبجوز,Rupçoz
روبچوز,Rupçoz
روج,Ruc
روج الشرقى,Rucüşşarki
روج الغربى,Rucülgarbi
روحه,Ruha
روحيه,Ruhiye
رودبار,Rudbar
رودخانه مع دربند,Rudhane maa Derbend
رودقات,Rudikat
رودنه,Rudine
رودنيك,Rudnik
روده,Rude
روده بانه,Rudebana
رودوس,Rodos
رودوس كهنه,Rodos-ı Köhne
رودينه,Rudine
روس قصرى,Rusikasrı
روس مملكتي,Rus Memleketi
روست,Rust
روستاو,Rustav
روستيقه,Rustika
روسجق,Ruscuk
روسجق مع نواحى,Ruscuk maa Nevahi
روسى قسرى,Rusikasrı
روسى قصرى,Rusikasrı
روسي قصري,Rusikasrı
روسيقصرى,Rusikasrı
روشدن,Roşden
روشقو پوليه,Roşkopolye
روطان,Rutan
روغ,Rog
روغاتجه / چلبى بازار,"Rogatiçe, Çelebipazar"
روغاتيچه,Rogatice
روغاتيچه / چلبى بازارى,"Rogatiçe, Çelebipazarı"
روغام,Rogam
روغوز,Rogoz
روغوه,Rugova
روفالو,Rufalo
روفوسا,Rofusa
روفوسه,Rofusa
روفچه,Rofça
روقاقه,Rokaka
روم,Rum
روم ايلئ شرقى,Rumeli-i Şarki
روم ايلى,Rumeli
روم ايلى فنارى,Rumelifeneri
روم ايلي,Rumeli
روم حديث,Rum-ı Hadis
روم قديم,Rum-ı Kadim
روم قلعه,Rumkale
روم قلعه قائممقاملغى,Rumkale
روماهيه,Rumahiye
رومناچى,Rumnaçi
رومه,Ruma
رومى,Rumi
رومى و اشنو,Rumi ve Uşni
رومي,Rumi
روميه,Rumiye
رومْ,Rum
روندك,Revanduk
روندى,Rundi
روندي بالا,Rundi-i Bala
روها,Ruha
روينه,Rovine
روپوز,Ropoz
رياقه,Rayyaka
ريحا و زاويه و روج,Riha ve Zaviye ve Ruc
ريحانيه,Reyhaniye
ريحانيّه,Reyhaniye
ريده,Reyde
ريزان,Rizan
ريزه,Rize
ريزه مع مپاورى و باطرى و قراى و آندرى,Rize maa Mapavri ve Batırı ve Kura-yı Seba (Kuray) ve Andrı
ريزه و ماپا ورى,Rize ve Mapavri
ريزو,Rizo
ريزو مع منوفاج,Rizo ve Monofaç
ريزو و منوفاچ,Rizo ve Monofaç
ريشه,Rişe
ريقاش,Rikaş
ريم سج,Rimesec
ريم صونباط,Rimesonbat
ريمه صونباط,Rimesonbat
ريناسا,Rinasa
ريناسه,Rinasa
ريوه,Riva
رييول,Riyol
ريچ,Riç
رَشيد,Reşid
رَشِيد مع بُرلُوس,Reşid maa Burulus
رَنْدينَه,Rendine
رَوَا,Reva
رُومِيَّه,Rumiye
رُومْ ايلى,Rumeli
رُوهَا,Ruha
رِيزو,Rizo
رچ مع لوهه,Reç maa Luhe
رچيچه,Reçiçe
ز يارت,Ziyaret
زاب اسفل,Zab-ı Esfel
زاب الاعلا,Zabülala
زابرديه,Zabırdiye
زابوت,Zabut
زابويانه,Zaboyana
زاجسنه,Zaçesne
زاجو,Zaho
زاحو,Zaho
زاخو,Zaho
زادريمه,Zadrime
زادريمه مع رغام,Zadrime maa Rogam
زار,Zar
زارده مع لش,Zadrime (Zarde) maa Leş
زارزبيل,Zarzebil
زارشاد,Zaruşad
زارق,Zarak
زارناته,Zarnata
زاره عمرانيه,Zara İmraniye
زارو,Zaro
زاروشاد,Zaruşad
زارى,Zarı
زارّس,Zarris
زاز,Zaz
زاطنوس,Zatnos
زاغرلاته,Zagırlata
زاغرلته,Zagırlata
زاغه,Zaga
زاغور,Zagor
زاغوره,Zagora
زاغورى,Zagori
زاغوزد,Zagozd
زاقان,Zakan
زاقه,Zaka
زاقوس,Zakos
زاله,Zelle
زاله جو,Zallecev
زانته,Zanta
زانزور,Zanzur
زانطه,Zanta
زانطور,Zanzur
زانغى,Zangı
زاورش,Zavireş
زاورشه,Zavirşa
زاوه كوه مع ميلان دره سى,Zavakuh maa Milan Deresi
زاوية الباره,Zaviyetülbare
زاويرش,Zavireş
زاويه,Zaviye
زاويه شيه چاكر,Zaviye-i Şeyhçaker
زاويه غربيه,Zaviye-i Garbiye
زايجار,Zayeçar
زاپلانه,Zaplana
زاچسنه,Zaçesne
زباره,Zubara
زبدانى,Zebedani
زبداني و وادى برده,Zebedani ve Vadi-i Berada
زبيد وعدن,Zebid ve Aden
زبير,Zübeyr
زبيل,Zebil
زته,Zeta
زج,Zec
زحله,Zahle
زخل,Zahle
زخله,Zahle
زخنه,Zihne
زخنونيه,Zahnuniye
زراع تراس,Zira Teras
زراوكان,Zeravikan
زرداباد,Zerdabad
زردى,Zerdi
زرزان,Zerzan
زرزنه,Zerzene
زرقه,Zirkuh
زرقى,Ziriki
زركان,Zirikan
زركوز,Zirkuz
زركوه,Zirkuh
زرنه,Zerna
زروكان,Zeravikan
زريقى,Ziriki
زريقي,Ziriki
زريقي مع كردكان,Ziriki maa Kürdigan
زرين,Zirin
زشتوى,Ziştovi
زعفران بولى,Zağferanbolu
زغره جديد,Zağra-i Cedid
زغره عتيق,Zağra-i Atik
زغرۀ جديد,Zağra-i Cedid
زغرۀ عتيق,Zağra-i Atik
زغرۀ غتيق,Zağra-i Atik
زغرۀجديد,Zağra-i Cedid
زغفران بورلى,Zağferanborlu
زغفران بولى,Zağferanbolu
زغنوس پاشا,Zağanospaşa
زغوريه,Zagorye
زفته,Zifte
زفيرى,Zefiri
زقازيق,Zekazık
زقاق,Zukak
زكتى,Zikti
زكرياكوى,Zekeriyaköy
زكم,Zegem
زكم سفلا,Zegem-i Süfla
زكم عليا,Zegem-i Ulya
زكيه,Zekiye
زكيّه,Zekiye
زلزنه معدن,Jelezine Maden
زلزنو مكوريچقى,Zelezno Megoriçka
زلفيف,Zelfif
زلنيقوه,Zelenikova
زله,Zelle
زلژنه مكورچقي,Zelejne Megoriçka
زمار,Zamar
زمر,Zimer
زمرين,Zimrin
زملين,Zemlin
زمون,Zemun
زمون مع قرغوريفچه,Zemun maa Gırgorofça (Kırgorifçe)
زمينا,Zimina
زنبش,Zenebiş
زنتان,Zentan
زنجان,Zencan
زنجير,Zencir
زنسكى,Ziniski
زنظور,Zanzur
زنك اباد,Zengabad
زنكباد,Zengabad
زنكجك,Zengicek
زنكنه,Zengene
زنكه زور,Zengezur
زنكوان,Zengavan
زنكيجك,Zengicek
زنكيل,Zengil
زنوز,Zunuz
زنگاباد,Zengabad
زه تيز قيالرى,Zetiz Kayaları
زهران,Zehran
زهره,Zühre
زواره,Zuvara
زوبچه,Zubçe
زوخا,Zuha
زوخنونيه,Zuhnuniye
زور,Zor
زوغار,Zugar
زوغريا,Zoğriya
زوغرياكى,Zoğriyaki
زوكر,Zevker
زوملق,Zumlak (?)
زونغولداق,Zonguldak
زونقولداق,Zonguldak
زونوز,Zunuz
زوى الجوارى,Zevilcevari
زوين,Zivin
زياديه,Ziyadiye
زيارت,Ziyaret
زياچه,Ziyaçe
زيبار,Zibar
زيتون,Zeytun
زيتون و فيرنوس,Zeytun ve Fırnıs (Firnos)
زيتون و قوجه قياسى,Zeytun ve Kocakayası
زيتونلى,Zeytunlu
زيتونلى اطه,Zeytunluada
زيحنه,Zihne
زيخارى,Zihari
زيخك,Zıhık
زيخنه,Zihne
زيخنۀ عتيق,Zihne-i Atik
زيدان,Zeydan
زيديه,Zeydiye
زير,Zir
زير و بالا,Zir ve Bala
زيرد,Zird
زيرقوه,Zirkuh
زيرمانيه,Zirmanya
زيرمانيه و پوپنه,Zirmanya ve Popine
زيرمك,Zirmek
زيرنانيچه,Zirnaniçe
زيسوجقو,Zisoçko
زيشتوى,Ziştovi
زيقو,Ziko
زيل,Zil
زيلان,Zilan
زيلان مع دركول,Zilan maa Dirgül
زيلانلو عشيرتى,Zilanlı Aşireti
زيلع,Zeyla
زيله,Zile
زيله مع اورته پاره,Zile maa Ortapare
زيله مع يوركان و عشائر مع اورته پاره,Zile maa Yörükan ve Aşair maa Ortapare
زيله و مشهد اباد,Zile ve Meşhedabad
زيلى,Zile
زينه,Zeyne
زيوه لو,Zeyveli
زيوه و بارجكان,Zive ve Parçikan
زَتْنه,Zetne
زَفْته,Zifte
زَلَه,Zelle
زَلَّه,Zelle
زَيْنه,Zeyne
زُبيد,Zübeyd
زپلانا,Zaplana
زچوه,Zeçeva
سابوسنه و غفات و منصور و باطنه,Sabusne ve Gaffat ve Mansur ve Batıne (?)
ساحل,Sahil
ساحل بيروت,Sahil-i Beyrut
ساحل حامِت و سَبْلِين,Sahil-i Hamit ve Silin (Seblin)
ساحل عثليث الغربى,Sahil-i Aslisülgarbi
ساحل عكا,Sahil-i Akka
ساحل عكّه,Sahil-i Akka
ساحل مع سوسه و لجم و مهديه,Sahil maa Suse ve Lecem ve Mehdiye
ساحل مع سوسه و لجم و مَهْدُيّه,Sahil maa Suse ve Lecem ve Mehdiye
ساحل مع سوسَهْ و لجم و مهديه,Sahil maa Suse (Suseh) ve Lecem ve Mehdiye
ساحل معركه,Sahil-i Mareke
ساداب,Sadab (?)
سارات,Sarat
سارسو,Sarso
ساروز,Saroz
ساروس,Saros
سارويز,Sarviz
ساريا,Sariya
ساريز,Sarız
ساريزك,Sarızeg
ساريه,Sariya
سارييا,Sariya
سارييه,Sariya
سارپتاق,Sarpatak
سارپطاق,Sarpatak
ساز,Saz
ساز باشى,Sazbaşı
سازاق,Sazak
سازان,Sazan
سازباشى,Sazbaşı
سازلى دره,Sazlıdere
سازن,Sazin
سازه نو,Sazano
سازين,Sazin
ساس,Sas
ساسون,Sason
ساغجى مع بادلو,Sağıcı (?) maa Badıllı
ساغوار,Sagvar
سافونيدى,Safonidi
ساقز,Sakız
ساقز مع قراى مصطكى,Sakız maa Kura-yı Mastaki
ساقيز,Sakız
ساقيۀ موسى,Sakiyye-i Musa
ساقِيّۀ موسى,Sakiyye-i Musa
ساكاويجه,Segaviçe
سالامين,Salamin
سالحوره,Salahora
سالمانلر,Salmanlar
سالينه,Salina
سامرا,Samarra
سامره,Samarra
سامسون,Samsun
ساموتراكى,Samotraki
ساميوپولا,Samiyopula
سان,San
سانتاماورا,Santamavra
سانتورين,Santorin
ساندومينو,Sandomino
سانسغو,Sansigo
سانسقى موست,Sanskimost
سانسكى موست,Sanskimost
سانطه,Santa
سانطورين,Santorin
ساننيقولو,Sannikolo
سانه,Sana
سانيچه,Saniçe
ساوجى صنقور,Savcısunkur
ساوسيغ,Savsig
ساير مواضع,Sayir Mevazi
ساپيانزا,Sapiyanza
سبانجه مع آطه پازارى,Sapanca maa Adapazarı
سبحان,Sübhan
سبحه,Sebha
سبرجت,Sebercet
سبره,Sibre
سبقحانلو,Sabakhanlı (?)
سبلاق,Siplak
سبلبن,Sebellebin
سبللبين,Sebellebin
سبهه,Sebhe
سبهه و سمنو,Sebhe ve Semnu
سبوتنجه,Subotinçe
سبودسقه,Subodiska
سبوچقه,Suboçka
سبيا و زنجير,Sebiya ve Zencir
سبياك,Sibyak
ستاوق,Sitavuk
سترك,Setrek
سترك سفلا,Setrek-i Süfla
سترونكيلو,Strongilo
ستروويلو,Strovilo
ستسقه,Suteska
ستفانو,Stefano
ستفانوس,Stefano (Stefanos)
ستنچه,Steniçe
ستورا,Situra
ستورينه,Sturine
سجليه,Sicilya
سجيليه,Sicilya
سحاب,Sihab
سحوغرله,Suhogırla
سحوم,Sohum
سختلو,Sehatlı (?)
سخنه,Suhne
سخوغرله,Suhogırla
سخوم,Sohum
سد البحر,Seddülbahir
سدره,Sedra
سدره قاپسى,Sidrekapsi
سدره قبسى,Sidrekapsi
سدره قپسى,Sidrekapsi
سدرو,Sedro
سده,Side
سدوان,Saduvan
سدّ اسلام,Sedd-i İslam
سر فيروز اباد,Serfiruzabad
سر قالو,Serkalo (?)
سر چنار,Serçınar
سرا برنيچه,Srebreniçe
سرا دره سى,Seraderesi
سراب,Serab
سراباد,Serabad
سرابرنيچه,Srebreniçe
سراة,Serat
سراجلى,Saraçlı
سراجو,Seracu
سراطع,Suratu
سراكنه,Serakine
سراكينو,Sarakino
سراولوس,Sravalos
سراى اوزى,Sarayözü
سراى بوسنه,Saraybosna
سراى بوسنه مع نواحى,Saraybosna maa Nevahi
سراى كوى,Sarayköy
سراى كويى,Sarayköyü
سراى ويزه,Saray-ı Vize
سرايجق,Saraycık
سرايكوى,Sarayköy
سرب,Sırb
سربرنيجه,Srebreniçe
سربرنيق,Srebrenik
سربرنيچه,Srebreniçe
سربرنچه,Srebreniçe
سربند,Serbend
سرت,Sirt
سرتاج,Sertaç
سردج,Serdic
سردرود,Serdrud
سردصحرا,Serdsahra
سرده,Serde
سرده هل,Serdehel
سردوصحرا,Serdsahra
سرستاد,Siristad
سرسك,Seresek
سرشنيك,Sirişnik
سرشنيك مع كورنه قيرايشته,Sirişnik maa Gornakrayişte
سرطاش,Surdaş
سرعين,Serraayn
سرغايا,Sirgaya
سرفوس,Serifos
سرفيجه,Serfiçe
سرفيچه,Serfiçe
سرفيچه جمعه سى,Serfiçe Cuması
سرفيچه مع اكرى بجاق,Serfiçe maa Eğribucak
سرفچه,Serfiçe
سرقنطئ بالا,Sırkıntı-i Bala
سرقنطى,Sırkıntı
سرقنطيء بالا,Sırkıntı-i Bala
سركس,Serkis
سركش,Serkeş
سركن,Sergen
سركه,Sirge
سركيس,Serkis
سرم,Sirem
سرماسادارس و سانه,Sermasadaris ve Sana (?)
سرمين,Sermin
سرنديب,Serendib
سره برنيق,Srebrenik
سرو,Serv
سروج,Suruç
سروج جك,Sürüccük
سروجك,Sürüccük
سروجوك,Sürüccük
سروز و كمر,Siroz ve Kemer
سرولوس,Sravalos
سروى,Servi
سرويّه,Serviye
سروچ مع عشيرت برازى,Suruç maa Aşiret-i Berazi
سروچك,Sürüccük
سروچك و قزلجه مع طراطور و چَفتان و پَنْجُويَن,Sürüccük ve Kızılca maa Taratur ve Çeftan ve Pençvin
سريج,Seric
سريغو,Serigo
سريفوس,Serifos
سرينا,Sirina
سرپرنچه,Srebreniçe
سرچمه,Serçeme
سرچنار شرق,Serçınar-ı Şarki (Şark)
سرچنار شرقى,Serçınar-ı Şarki
سرچنار غرب,Serçınar-ı Garbi (Garb)
سرچنار غربى,Serçınar-ı Garbi
سرچنار و قوپسى (؟),Serçınar ve Kopsi (?)
سرچيان,Serçeyan
سزاق,Sazak
سزانوس,Sazanos
سسقيلى,Seskılı
سعال,Sial
سعد آباد,Saidabad
سعد اباد,Saidabad
سعدآباد مع صاريز مغاره سى,Sadabad maa Sarız Mağarası
سعران,Saaran
سعرد,Siird
سعرد و حصنمنصور,Siird ve Hısn-ı Mansur
سعل بديره,Sail Bedire
سعل صيح,Sail Sih
سعل عدر,Sail Ader
سعل عدر الكبير,Sail Aderilkebir
سعل عربى,Sail Arabi
سعل عنبر,Sail Anber
سعل كتاب,Sail Küttab
سعول,Suul
سعيد اباد,Saidabad
سعيد ايلى,Saidili
سعيد ايلى مع دربند قادين خانى,Saidili maa Derbend-i Kadınhanı
سعيد ايلى مع يوركان لادق,Saidili maa Yörükan-ı Ladik
سعيرد,Siird
سغارلا,Segarla
سفاجر,Sefacir
سفاجه,Saface
سفريحصار,Seferihisar
سفريحصار چشمه مع ناحيۀ هركه,Seferihisar-ı Çeşme maa Nahiye-i Hereke
سفريحصار چشمه مع ناحيۀ هَرَكَه و قلعۀ صيغجق,Seferihisar (Sifrihisar-ı Çeşme) maa Nahiye-i Hereke ve Kale-i Sığacık
سفلئ مدللّو,Süfla-i Midilli
سفلا,Süfla (Zaruşad'da)
سفنوس,Sifnos
سفنوه,Sifnos (Sifnova (?))
سقاريا,Sakarya
سقاريه,Sakarya
سقال,Sakal
سقريه,Sakarya
سقطرى,Sukutra
سقلاويه,Saklaviye
سكاويچه,Segaviçe
سكت,Siget
سكتان,Sektan
سكتوار,Sigetvar
سكتوار و پچوي,Sigetvar ve Peçuy
سكجوي,Sekçuy
سكديك,Segedik
سكدين,Segedin
سكر كند,Senirkend
سكر مع دوشنبه,Senir maa Düşenbe
سكركسن,Senirkesen
سكركند,Senirkend
سكرمه,Sekirme
سكروفچه,Sekirofça
سكريان,Sekeryan
سكسار,Seksar
سكسار مع مهاچ,Seksar maa Mohaç
سكلانى,Seklani
سكلاني,Seklani
سكلهد,Sekelihid
سكمان اباد,Sökmenabad
سكمن اباد,Sökmenabad
سكوت,Söğüt
سكوت اباد,Söğütabad
سكود,Söğüd
سكود اوزى,Söğüdözü
سكود و پازار صويى,Söğüd ve Pazarsuyu
سكودلى,Söğüdlü
سكچوى,Sekçuy
سكچوي,Sekçuy
سكژد,Segejd
سلاح,Silah
سلالى,Selali
سلام,Slam (?)
سلامتلى,Selametli
سلامه,Selame
سلانيق,Selanik
سلانيك,Selanik
سلانيك مع نواحى,Selanik maa Nevahi
سلانيك و قواله,Selanik ve Kavala
سلانيك وسدره قپسى,Selanik ve Sidrekapsi
سلبوكن,Selbüken
سلتانمود,Sultanmud
سلحد,Salhad
سلدوز,Süldüz
سلستره,Silistre
سلستره مع طولچى,Silistre maa Tulca
سلستره مع نواحى,Silistre maa Nevahi
سلطان,Sultan
سلطان اوكى,Sultanönü
سلطان اوكي,Sultanönü
سلطان حصار,Sultanhisar
سلطان حصارى,Sultanhisarı
سلطان خانى,Sultanhanı
سلطان طاغلرى,Sultan Dağları
سلطان يرى,Sultanyeri
سلطانحصار,Sultanhisar
سلطانمود,Sultanmud
سلطانيرى,Sultanyeri
سلطانيه,Sultaniye
سلفكه,Silifke
سلفكه مع اوقاف و بلكۀ جبل,Silifke maa Evkaf ve Bölge-i Cebel
سلفيه,Selefiye
سلقه,Salaka
سلقين,Selkin
سللس,Sülles
سلماس,Selmas
سلمان پاك,Selmanpak
سلمانلر,Selmanlar
سلمانلو,Selmanlı
سلمانلو و قراء ممالو,Selmanlı ve Kura-i Mamalı (Mamalu)
سلمانلوى صغير,Selmanlı-yı Sagir
سلمانلوى كبير,Selmanlı-yı Kebir
سلمانلى,Selmanlı
سلمنك,Selmenik
سلمنلر,Sülmenler
سلمى,Selmi
سلميه,Selemiye
سلميه و ديررحبه,Selemiye ve Deyr ve Rahbe (Deyr-Rahbe)
سلنتى مع بلكۀ پازارجق وبلكۀ اينجه آغز,Selinti maa bölge-i Pazarcık ve bölge-i İnceağız
سلنتى مع نواحى,Selinti maa Nevahi
سلندى,Selendi
سلندى بازارجق بولكه سى,Selinti (Selindi) Pazarcık bölgesi
سلندي,Selendi
سلنو,Selino
سلنچه,Seleniçe
سله,Sille
سله پور,Selepur
سلوان,Silvan
سلوبى,Silopi
سلودى (؟),Seludi (?)
سلورى,Silivri
سلوش,Söllöş
سلوك,Sülük
سلووه,Sulova
سلوى,Selvi
سلوپى,Silopi
سليس اوزي,Silisözü
سليم,Selim
سليمان,Süleyman
سليمان سراى,Süleymansaray
سليمانلو,Süleymanlı
سليمانلو صغير,Süleymanlı-yı Sagir
سليمانلو مع آوجيلر,Süleymanlı maa Evciler
سليمانلوى كبير,Süleymanlı-yı Kebir
سليمانلوى كوچك,Süleymanlı-yı Küçük
سليمانلى,Süleymanlı
سليمانلى و بوغازليان و سلمانلى,Süleymanlı ve Boğazlıyan ve Selmanlı
سليمانيه,Süleymaniye
سليمانيّه,Süleymaniye
سليمانيّه مع سر چنار و عشيرت مَنْدُمى,Süleymaniye maa Serçınar ve Aşiret-i Mendümi
سليورى,Silivri
سلچه,Seliçe
سما درك,Semadirek
سما ديرك,Semadirek
سمادرك,Semadirek
سماق,Summak
سماو,Simav
سماوه,Semave
سمباكى,Sömbeki
سمت قبلى,Semt-i Kıbli
سمحال,Semihal
سمدرك,Semadirek
سمراوزى,Semerözü
سمره,Simre
سمره طاشان,Simre-i Taşan
سمن,Semen
سمندره,Semendire
سمندره اوصادى,Semendire Osadı
سمنو,Semnu
سمنو و سبهه,Semnu ve Sebhe
سمودور,Somodor
سموكين,Somogin
سمَندرَه,Semendire
سن لازار,Senlazar
سن لورينچ,Senlörinç
سن مارتين,Senmartin
سن موريس,Senmoris
سن و آگو و خوشناو,Sin ve Agu ve Hoşnav
سن پتره,Senpetre
سناك,Senak
سنامنلو,Senemenli
سنان,Sinan
سنان پاشا,Sinanpaşa
سنانلو,Sinanlı
سنانلى,Sinanlı
سنباس,Sunbas
سنبللوين,Senbellavin
سنبو,Senebu
سنبول,Seynol (?)
سنت آنغريقو,Sentangeriko
سنت استاد,Sentestad
سنت اندريه,Sentandreye
سنت جورج,Sentcorc
سنت جورجيواطه سى,Sentcorciyo
سنت جون,Sentcon
سنت جونس,Sentcons
سنت مور,Sentmor
سنت نيقولا,Sentnikola
سنت نيقولو,Sentnikolo
سنت پليوس اطه جغى,Sentpiliyos Adacığı
سنجار,Sincar
سنجاسولى,Sancasulu (?)
سنجاق,Sancak
سنجان,Sincan
سنجان مع كرماستى,Sincan maa Kirmasti
سنجان مع ميخاليج,Sincan maa Mihaliç
سنجانلو,Sincanlı
سنجانلى,Sincanlı
سنجبد,Sencbed
سنجك,Sincik
سنجه,Seniçe
سنجيك,Sincik
سنحان,Senhan
سندى,Sindi
سندى كللى,Sindigüllü
سنديان,Sindiyan
سنطورين,Santorin
سنغودهار,Sengodhar
سنغورلى,Sungurlu
سنقور,Sunkur
سنقور اباد,Sunkurabad
سنقورلو,Sungurlu
سنقورلى,Sungurlu
سنك سلفكه,Seng-i Silifke
سنكاو,Sengav
سنكرود,Sengrod
سنكل,Singel
سنكلت,Sengelet
سنكوب,Sengob
سنكورك,Sengorg
سنلورنج,Senlörinç
سنلورنچ,Senlörinç
سنلورينچ,Senlörinç
سنمارتين,Senmartin
سنمقلوش,Senmikloş
سنمنلى,Senemenli
سنور,Sünür
سنى,Sini
سنيچه,Seniçe
سنّه,Sünne
سنگرود,Sengrod
سه روى,Servi
سه فاجر,Sefacir
سهره ورث,Suhrevers
سواديه,Sevadiye
سوارقيه,Suvarkıya
سواكن,Sevakin
سوتسقه,Suteska
سوتين,Sotin
سودان مصرى,Sudan-ı Mısri
سودين,Svodin
سوراتو,Suratu
سورجى,Surci
سوردك,Sürdük
سوردوك,Sürdük
سورطاش,Surdaş
سورك,Siverek
سورك و صمعاد,Siverek ve Samsad (Samad)
سوركى,Sürgü
سورملو,Sürmeli
سورملى,Sürmeli
سورملي,Sürmeli
سورمنه,Sürmene
سوروجوك,Sürüccük
سوروه,Süruh
سورى اطه,Sivriada
سوريجه حصار,Sivricehisar
سوريه,Suriye
سوريه مركز,Suriye merkez
سوزه بولى,Süzebolu
سوستى,Sosti
سوسد,Sused
سوسن,Susan (?)
سوسه,Suse
سوش,Suş
سوطين,Sotin
سوفرانو,Sofrano
سوق الشيوخ,Sukuşşuyuh
سوكنه,Sükne
سوكه,Söke
سوكه آق كوى,Söke Akköy
سوكوتجك,Söğütcük
سوكيلى جلتك,Sökülüçeltik (?)
سوكْنَه,Sükne
سولطه,Solta
سوللى,Süllü
سوله,Süle
سولوش,Söllöş
سولوكلى,Sülüklü
سولوه,Sulova
سومبكى,Sömbeki
سومبكي,Sömbeki
سومه,Soma
سوننه,Sünne
سوهى ميحال,Suhimihal
سوى,Sivi
سويده,Süveyde
سويديه,Süveydiye
سويش,Süveyş
سويلمز,Söylemez
سويله مز,Söylemez
سوَه رَكْ,Siverek
سوپتار,Supetar
سوپيه,Supiye
سوچى,Soçi
سوچيچه,Suçiçe
سوگتلو,Söğütlü
سى ذرون,Sizeron
سيأل,Sial
سيئال,Sial
سيئل,Sial
سيال,Sial
سياه كوه,Siyahkuh
سيبريچه,Sibriçe
سيترونغيلو,Strongilo
سيحات,Seyhat
سيحون,Seyhun
سيخ خليل تكه سى,Şeyhhaliltekkesi
سيد بابا,Seyyidbaba
سيد غازى,Seyyidgazi
سيد غازي,Seyyidgazi
سيدكان,Seydikan
سيدلر,Seyyidler
سيده رى اوه,Sideriova
سيدوسسا,Sidussa
سيدى بن عباس,Seydi bin Abbas
سيدى شهرى,Seydişehri
سيدى شهري,Seydişehri
سيدى قواقى,Seydikavağı
سيدى كوى,Seydiköy
سيديكوى,Seydiköy
سير,Sir
سير ابو شيه,Sir Ebuşiye
سير بنى ياس,Sir Beniyas
سيرب,Sırb
سيرجه,Siraçe
سيركه,Sirge
سيرم,Sirem
سيرنا,Sirina
سيرنيك,Sirinik
سيرنيچه,Sirniçe
سيره برنيچه,Srebreniçe
سيروز,Siroz
سيروز مع اردوى همايون,Siroz maa Ordu-yı Hümayun
سيروز مع تفنّى,Siroz maa Tefenni
سيروز مع درامه,Siroz maa Drama
سيريا,Sirya
سيرينا,Sirina
سيس,Sis
سيس اورته,Sisorta
سيس اورته مع نائبلو,Sisorta maa Naibli
سيسام,Sisam
سيسام اطه سى,Sisam Adası
سيسام امارتى,Sisam Emareti
سيسيان,Sisyan
سيسيى,Sisi
سيعان,Sayan (Seyan (?))
سيفنوس,Sifnos
سيقلاد,Siklad Adaları
سيقلاد آطه لر,Siklad Adaları
سيقلاد اطه لرى,Siklad Adaları
سيكى,Siği
سيكى يا,Sikiya
سيل,Sin (Sil (?))
سيل كبير,Seyl-i Kebir
سيلاح,Silah
سيلاخور,Silahur
سيلس اوزى,Silisözü
سيلفانى,Silifani
سيلفكه,Silifke
سيلوان,Silvan
سيلورى,Silivri
سيليس اوزى,Silisözü
سيليورى,Silivri
سيماو,Simav
سيموش,Simoş
سيمى,Simi
سيمين رود,Siminrud
سين,Sin
سين و چتنه,Sin ve Çetine
سينافير,Sinafir
سينه,Sinne
سينوب,Sinob
سينوب مع نواحى,Sinob maa Nevahi
سيوآس,Sivas
سيواس,Sivas
سيواس ايلى,Sivasili
سيواس عزيزيه,Sivas Aziziye
سيواس مع سيواس ايلى,Sivas maa Sivasili
سيواس مع ناحيۀ حافيك,Sivas maa Nahiye-i Hafik
سيواسلى,Sivaslı
سيوان,Sivan
سيورك,Siverek
سيوروحصار,Sivrihisar
سيورى,Sivri
سيورى آطه,Sivriada
سيورى اطه,Sivriada
سيورى كيسه,Sivrikese
سيوريحصار,Sivrihisar
سيوريطاش مع نواحى,Sivritaş maa Nevahi
سيوط,Suyut
سيوط مع ابو تيج,Suyut maa Ebutic
سيوط مع اَبُو تِيجْ,Suyut maa Ebutic
سيوه رك,Siverek
سيوه رك قره جه طاغ,Siverek Karacadağ
سيووطه,Sivota
سيوير,Sivir
سيِسْ,Sis
سيّد,Seyyid
سيپلاق,Siplak
سيچان,Sıçan
سَاحِلِ حَامِتْ,Sahil-i Hamit
سَاقز,Sakız
سَبْلِينْ,Seblin
سَبْهه,Sebhe
سَبْهَه,Sebhe
سَرْوِيّه,Serviye
سَقلاوه,Şaklava
سَكَدِينْ,Segedin
سَكْسَار,Seksar
سَكْسَارْ,Seksar
سَكْچُويْ,Sekçuy
سَمْنُو,Semnu
سَنْبَلْلُوِين,Senbellavin
سُنَّه,Sünne
سُورَان,Soran
سُيُوطْ,Suyut
سُيُوطْ مع ابو تيج,Suyut maa Ebutic
سِراجيه,Siraciye
سِرت,Sirt
سِرتْ,Sirt
سِرْتْ,Sirt
سِلِسترَه,Silistre
سِيرت,Sirt
سِيسْ,Sis
سپتجى,Sepetci
سپتلى,Sepetli
سپته,Septe
سپتوروس,Siptoros
سپذييا,Speziya
سپصقه,Sipsaka
سپكى,Sepki
سپلاق,Siplak
سپليا,Spilya
سپنديك,Sepenedik
سپنى لونغه,Spinilonga
سپوت,Sopot
سپورن,Süpüren
سپيرا,Spira
سپيليا,Spilya
سچشته,Seçişte
سچن,Seçen
سڭر مع دوشنبه,Senir maa Düşenbe
سگدين,Segedin
سگود,Söğüd
شاب,Şab
شاب ابو فنده را,Şab-ı Ebufindira
شاب الكبير,Şabülkebir
شاب على,Şab-ı Ali
شاب محمود,Şab-ı Mahmud
شاب موسايق,Şab-ı Musayık
شادوان,Şadvan
شادي اباد,Şadiabad
شارحوراد,Şarhorad
شارقاد,Şarkad
شاركوى,Şarköy
شارلد,Şarlod
شارلى,Şarlı
شارو,Şaro
شاروار,Şarvar
شاروى,Şarvi
شاروى مع افلطار,Şarvi maa Aflatar
شارويز,Şarviz
شاطى,Şatı
شاعب و فرموده,Şayibli (Şaib) ve Fermude
شاغ,Şağ
شاغور,Şagur
شاغوينه,Şagovine
شاقبن,Şakban
شالغو,Şalgo
شاله شوش,Şaleşoş
شام,Şam
شام بيادى,Şambayadı
شام شريف مع تركمانان,Şam (Şam-ı Şerif) maa Türkmanan
شامبيادى,Şambayadı
شاملى,Şamlı
شامليجه,Şamlıca
شاميه,Şamiye
شانوش هزه,Şanoşheze
شاه باغى,Şahbağı
شاه يول,Şahyol
شاها,Şaha
شاهان,Şahan
شاهرود,Şahrud
شاهمه,Şahme
شاهنلر,Şahinler
شاهويك,Şahovik
شاهين,Şahin
شاهينلر,Şahinler
شاور,Şavur
شاوشاد,Şavşad
شاوشيد,Şavşad (Şavşid)
شايبلو,Şayibli
شاپ,Şap
شاپچه,Şapça
شبام,Şibam
شبخانه,Şabhane
شبرخيت,Şübrehit
شبسات,Şebsat
شبش مع لغوش,Şebiş maa Lugoş
شبش و لوغوش,Şebiş ve Lugoş
شبقه,Şıbka
شبه نك,Şibenik
شبين القُمْ,Şibinülkum
شبين قره حصار,Şebinkarahisar
شتاق,Şatak
شتر بصان,Şütürbasan
شترى,Şeteri
شتريان,Şitriyan
شتق (؟),Şatak (?)
شتوار,Şetvar
شجر,Şecer
شحار,Şahar
شحنه چمنى,Şahneçimeni
شداده,Şeddade
شرابخانه,Şarabhane
شراه,Şarah
شربان,Şerban
شربتين,Şerbetin
شربين,Şirbin
شرره,Şirare
شرش و بنى منصور,Şeriş ve Benimansur
شرعب,Şerab
شرفان,Şerefan (?)
شرفصنقور,Şerefsunkur
شرفيه,Şerefiye
شرق,Şark
شرق جانبى عربانى,Şark Canibi Urbanı
شرقئ امد,Şarki-i Amid
شرقى باره,Şarkipare
شرقى پاره,Şarkipare
شرقيه,Şarkiye
شرقيّه,Şarkiye
شرقيپاره,Şarkipare
شرقپاره,Şarkipare
شرلوت,Şorlut
شرناق,Şırnak
شروان,Şirvan
شرور,Şerur
شروقه,Şiroka
شروى,Şirvi
شروي,Şirvi
شريان مع الشكرد,Şiryan maa Eleşkird
شرين,Şirin
شرّا,Şerra
شستان,Şestan
ششان,Şişan
شط الادهم,Şattüledhem
شط العرب,Şattülarab
شط العطشان,Şattülatşan
شط المكار,Şattülmekar
شط طويل,Şatt-ı Tavil
شطرة العماره,Şatratülamare
شطرة المنتفك,Şatratülmüntefik
شطك,Şetek
شطى,Şatı
شطيۀ جزاير,Şattıye-i Cezayir
شطّ العرب,Şattülarab
شطّ جارور,Şatt-ı Carur
شطّ طويل,Şatt-ı Tavil
شعاره,Şaara
شعان,Şuan
شعب ابو فندراع,Şab-ı Ebufindira
شعب الصبار,Şabüssabbar
شعب الصغير,Şabüssagir
شعب العبيط,Şabülabit
شعب القرمه,Şabülkarme
شعب الكبير,Şabülkebir
شعب بعركوت,Şab-ı Baarkut
شعب خمسة,Şab-ı Hamse
شعب ذلو,Şab-ı Zelu
شعب شجر,Şab-ı Şecer
شعب شيبه,Şab-ı Şeybe
شعب صبح,Şab-ı Subh
شعب طويل,Şab-ı Tavil
شعب عربيد,Şab-ı Arbid
شعب عمر,Şab-ı Ömer
شعب عنبر,Şab-ı Anber
شعب قصير,Şab-ı Kasir
شعب قميري,Şab-ı Kumeyri
شعب لوكا,Şab-ı Luka
شعب مبيت,Şab-ı Mebit
شعب معراس,Şab-ı Miras
شعب ناصر,Şab-ı Nasır
شعبان,Şaban
شعبان اوزى,Şabanözü
شعبان اوزى مع قورى جاى,Şabanözü maa Kuruçay
شعرا,Şara
شعراويه,Şaraviye
شعراويه شرقيه,Şaraviye-i Şarkiye
شعراويه غربيه مع بنى صعب,Şaraviye-i Garbiye maa Benisaab
شعراويه غربيّه,Şaraviye-i Garbiye
شعراويّه,Şaraviye
شعراويۀ شرقيه,Şaraviye-i Şarkiye
شعراويۀ غربيه,Şaraviye-i Garbiye
شغر,Şugur
شغور,Şugur
شغين,Şogayn
شفا الشمالى,Şifaüşşimali
شفا الغربى,Şifaülgarbi
شفا قبلى,Şifa Kıbli
شفا وغور,Şifa ve Gur
شفاتيه,Şifatiye
شفادره,Şifadere
شفاشفاعمرو,Şifaamr
شفاعمر,Şifaamr
شفاعمرو,Şifaamr
شفى عمر,Şifaamr
شقادره,Şakadıra
شقاغى,Şikaği
شقاقلى,Şikaklı
شقلاوه,Şaklava
شقلوش,Şikloş
شقيف,Şakif
شقيق,Şukayk
شكر,Şeker
شكر اوبه,Şekeroba
شكرحاني,Şekerhanı
شكرلى,Şekerli
شكفتى,Şikefti
شكوفتى مع صور و طاق,Şikefti (Şikufti) maa Sur ve Tak (?)
شكى,Şeki
شكيو,Şekuyo
شلندره,Şilindire
شلنديره,Şilindire
شلنمون,Şelenmun (?)
شلوه,Şelve
شليكان,Şilikan
شلين,Şelin
شلّلى,Şelli
شمائل,Şemail
شماخى,Şemahı
شماخي,Şemahı
شمال,Şimal
شمامك,Şemamek
شماندره,Şimandra
شمدينان,Şemdinan
شمدينان مع كوارى و هريكى,Şemdinan maa Gerdi (Gevari) ve Heriki
شمر,Şummar
شمس الدين,Şemseddin
شمس الدّين,Şemseddin
شمسطار,Şimistar
شمسيات,Şemsiyat
شمشكى عشيرتى,Şemişki Aşireti
شمك,Şümeg
شمكان,Şemkan
شمكور بصان,Şemkürbasan
شمنطورنه,Şimontorna
شمنى,Şumnu
شمنى مع نواحى,Şumnu maa Nevahi
شموشقه,Şomoşka
شموكوار,Şomogivar
شمون طورنه,Şimontorna
شمونطورنه,Şimontorna
شمونطورنه و ازور,Şimontorna ve Ozora (Ozor)
شموُنْطورنه,Şimontorna
شميران,Şemiran
شميران مع شيخ ميدان و عشيرت چاقير,Şemiran maa Şeyhmeydan ve Aşiret-i Çakır
شميطيه,Şumaytiye
شنافيه,Şinafiye
شنكرك,Şingerk
شنكين,Şengin
شنوثانتى,Şenusanti (?)
شنون,Şunun
شه ربا,Şerba
شها,Şaha
شهاب الدين,Şihabüddin
شهبا,Şehba
شهر بازار,Şehirpazar
شهر بهسنى,Şehr-i Behisni
شهر زور,Şehr-i Zor
شهر قشله,Şehirkışla
شهر قيشله,Şehirkışla
شهر ملاطيه,Şehr-i Malatya
شهر پازار,Şehirpazar
شهر پازار مع قره چولان و برگوه,Şehirpazar maa Karaçulan ve Berguh
شهراباد,Şehrabad
شهرامانتى,Şehremaneti
شهران,Şehran
شهران مع حرير,Şehran maa Harir
شهرباد,Şehrabad
شهربان,Şehriban
شهربانى,Şehribani
شهرزور,Şehr-i Zor
شهرقشله,Şehirkışla
شهركوى,Şehirköy
شهركوي,Şehirköy
شهركويى,Şehirköy
شهرلو,Şehirli
شهرويران,Şehirviran
شهود,Şuhud
شهودلو,Şuhudlu
شو آن,Şuan
شواطيه,Şuvatiye
شواق,Şavak
شوان,Şivan
شوبك,Şubek
شوبيك,Şubin
شوبين,Şubin
شوتك,Şotik
شوتيك,Şotik
شوحه مليحه,Şuha Meliha
شوران,Şuran
شوربا,Şorba
شوربا مع سَمَرْ اوزى,Şorba maa Semerözü
شورح,Şurah
شورلوط,Şorlut
شوره,Şure
شوره كل,Şüregel
شوره مع بوجاق,Şure maa Bucak
شوره گيل,Şüregel
شوريط,Şevarit
شوش,Şuş
شوشاد,Şavşad
شوشار,Şuşar
شوغاين,Şogayn
شوف,Şuf
شوف ابن معن,Şuf İbn-i Maan
شوف ابن معن و شوف الحيطى و شوف الشويحانى,Şuf İbn-i Maan ve Şufülhayti ve Şuf-i Şüveyhani
شوف ابن معن و شوف الحيطى و شوف شويزانى,Şuf İbn-i Maan ve Şufülhayti ve Şuf-i Şüveyhani (Şuf-i Şüveyzani)
شوف ابن معن وششوف الحيطى و شوف شويزانى,Şuf İbn-i Maan ve Şufülhayti ve Şuf-i Şüveyhani (Şuf-i Şüveyzani)
شوف ابن معن وشوف الخيطى و شوف شويحانى,Şuf İbn-i Maan ve Şufülhayti ve Şuf-i Şüveyhani
شوف البياض,Şufülbeyaz
شوف الحرادين,Şufülharradin
شوف الخرادين,Şufülharradin
شوف الخرّادين,Şufülharradin
شوفين,Şufeyn
شولموش,Şolimoş
شومار,Şummar
شومر,Şumer
شوملو,Şömlö
شومنى,Şumnu
شومني,Şumnu
شونلى,Şevenli
شووانوس,Şuvanos
شوير,Şuveyr
شوپديه,Şupdiye
شياق,Şiyak
شيبارا,Şeybara
شيبره,Şeybara
شيبه,Şibe
شيخ,Şeyh
شيخ ابو شعيب,Şeyhebuşuayb
شيخ اسماعيل طائفه سى,Şeyhismailtaifesi
شيخ الاسلاملق,Şeyhülislamlık
شيخ الحديد,Şeyhülhadid
شيخ الحديد مع كوندزلووعميق,Şeyhülhadid maa Gündüzlü ve Amik
شيخ الحديد و كوندزلو وعميق,Şeyhülhadid ve Gündüzlü ve Amik
شيخ الحرملك,Şeyhülharemlik
شيخ الى,Şeyhili
شيخ ايلى,Şeyhili
شيخ بزنلى,Şeyhbizinli
شيخ تيمارى,Şeyhtimarı
شيخ جمعه,Şeyhcuma
شيخ حاجى,Şeyhhacı
شيخ سرا,Şeyhsera
شيخ سعيد,Şeyhsaid
شيخ شعيب,Şeyhşuayb
شيخ طابه,Şeyhtabe
شيخ عدوم,Şeyhadum
شيخ عشاقي,Şeyhuşşaki
شيخ على كاسون,Şeyhalikasun
شيخ مربط,Şeyhmirbat
شيخ مسكين,Şeyhmiskin
شيخ مصطفى,Şeyhmustafa
شيخ مع عميق و تزين,Şeyhülhadid (Şeyh) maa Amik ve Tizin
شيخان,Şeyhan
شيخان مع سركند,Şeyhan maa Serkend
شيخانلو,Şeyhanlı
شيخبزنلى,Şeyhbizinli
شيخدودان,Şeyhdodan
شيخلر مع شقاقى,Şeyhler maa Şikaki
شيخلر مع ناحيۀ كيكلر,Şeyhli (Şeyhler) maa Geyikli
شيخلو,Şeyhli
شيخلى,Şeyhli
شيرا,Şira
شيران,Şiran
شيران و كركرك و اولتى,Şiran ve Gergerek (?) ve Oltu
شيرن,Şirin
شيره,Şira
شيروان,Şirvan
شيروانلى عشيرتى,Şirvanlı Aşireti
شيروقه,Şiroka
شيروى,Şirvi
شيريا ن,Şiryan
شيرين,Şirin
شيرينچ,Şirinç
شيزار,Şeyzer
شيزر,Şeyzer
شيزر و مصياف,Şeyzer ve Masyaf
شيشان,Şişan
شيك,Şiyik (?)
شيلازا,Şilaza
شيله,Şile
شيلى,Şile
شينجه,Şince
شينك و قلاله مع ماوِت و سُيول,Şinek ve Kalale maa Mavit ve Süyul
شيهل اوغلي (؟),Şehiloğlu (?)
شيوان,Şivan
شيوبايصان,Şiyobaysan
شيوه لان,Şivelan
شيوه له,Şivelan (Şivele)
شَبِين القُم,Şibinülkum
شَبْسات,Şebsat
شَبْسَاتْ,Şebsat
شَعْرا,Şara
شَقِيف,Şakif
شُروكْ,Şürük
شُرُوك,Şürük
شُرُوكْ,Şürük
شِيبَه,Şibe
شِيلَه,Şile
صا رى چيچك,Sarıçiçek
صابوج,Saboc (?)
صابورلى,Saburlu
صابوشلو,Saboşlu
صاتلمش و بيراملو,Satılmış ve Bayramlı
صاتليل,Satlil
صاتليل و مرخو,Satlil ve İmirhavi (Mirhav)
صاحب,Sahib
صاد,Sad
صاد وديك,Sadvodik
صادوديك,Sadvodik
صاراته,Sarata
صارت,Sart
صارت مع صالحلر,Sart maa Salihli (Salihler)
صارت مع صالحلو,Sart maa Salihli
صاردنيا,Sardunya
صارصاب,Sarsab
صارصب,Sarsab
صارمساقلى,Sarımsaklı
صارنج,Sarnıç
صاره ده,Sarada
صارو قامش,Sarıkamış
صارواشقو,Sarvaşkö
صارواشكو,Sarvaşkö
صاروحان,Saruhan
صاروحان بكلو,Saruhanbeyli
صاروخان,Saruhan
صاروقورغان,Sarukurgan
صارى آلاڭ,Sarıalan
صارى اوغلان,Sarıoğlan
صارى بل,Sarıbel
صارى بورون,Sarıburun
صارى جاير,Sarıçayır
صارى حضر,Sarıhızır
صارى شعبان,Sarışaban
صارى صو,Sarısu
صارى طاش,Sarıtaş (?)
صارى طوغان,Sarıdoğan
صارى غازى,Sarıgazi
صارى قاميش,Sarıkamış
صارى قواق,Sarıkavak
صارى قواق مع زينى,Sarıkavak maa Zeyne (Zeyni)
صارى كجيلو,Sarıkeçili
صارى كوزل,Sarıgüzel
صارى كول,Sarıgöl
صارى كوى,Sarıköy
صارى كچيلو,Sarıkeçili
صارى چام,Sarıçam
صارى چام و عشيرت حاجيلو و كوركجيلو,Sarıçam
صارى چام وعشيرت حاجيلو و كوركجيلو,Sarıçam ve Aşiret-i Hacılı ve Kürkçülü
صارى چاير,Sarıçayır
صارى چيچك,Sarıçiçek
صارى گول,Sarıgöl
صاري جاير,Sarıçayır
صاري يار,Sarıyar
صاري چام,Sarıçam
صاري چام مع قره قشله,Sarıçam maa Karakışla
صاريجه,Sarıca
صاريجه على,Sarıcaali
صاريخانلر,Sarıhanlar
صاريز,Sarız
صاريشعبان,Sarışaban
صاريقواق,Sarıkavak
صارينى,Sarını
صاريچاير,Sarıçayır
صاز,Saz
صازلق,Sazlık
صاسون,Sason
صاصون,Sason
صاطانوه,Satanova
صاغ قول,Sağkol
صافتا,Safita
صافيتا,Safita
صاقج,Sakç
صاقز,Sakız
صاقچ,Sakç
صالانته,Salanta
صالاوار,Salavar
صالتق,Saltık
صالحلو,Salihli
صالحلى,Salihli
صالحيه,Salihiye
صالغر,Salgır
صالق,Salık
صالنجه,Salniçe
صالنه,Salina
صالور,Salur
صامسون,Samsun
صامسون و معدن كابى,Samsun ve Maden-i Kabi
صامصاد,Samsad
صانتورين,Santorin
صاندقلو,Sandıklı
صاندومير,Sandomir
صانطورين,Santorin
صانه,Sana
صاوا,Sava
صاور,Savur
صاورون,Savrun
صاوه,Sava
صاوور,Savur
صاپنه,Sapna
صاچى قرالو مع اسبارته,Saçıkaralı maa Isparta
صبانجه مع بش ديوان,Sapanca (?) maa Beşdivan
صبانجى مع آطه بازارى,Sapanca (Sabancı) maa Adapazarı
صبوتنچه,Subotinçe
صبيا,Sabya
صبيه,Sabiye
صحرا,Sahra
صحراء قيصريه,Sahra-i Kayseriye
صحراى قراقوش,Sahra-yı Karakuş
صحراى قونيه,Sahra-yı Konya
صحره اباد,Sahraabad
صحريقه,Suhorika
صحنه,Sahna
صحنه و طيّبه,Sahna ve Tayyibe
صحنه وطيبه,Sahna ve Tayyibe
صحودوليه,Suhodolye
صحورقه,Suhorika
صحوريقه,Suhorika
صخوم,Sohum
صداق,Sadak
صدر دار,Sadr-ı Dar
صدر سويب,Sadr-ı Suveyb
صدرالعشار,Sadrulaşşar
صدرك,Saderek
صدف,Sedef
صدمرّه,Sadmerre
صدوان,Saduvan
صدوكين,Sadukin
صراته,Sarata
صرانده,Sarande
صراولوس,Sravalos
صرب,Sırb
صرب صنديغى,Sırpsındığı
صرب ولايتي,Sırb Vilayeti
صرت مع اكدير,Sırt maa İğdir
صرته,Sarata
صرخان,Saruhan
صرط,Sart
صرمتا,Saramita
صره برنيچه,Srebreniçe
صغر,Sığır
صغرى,Sığrı
صغله,Suğla
صغمان,Sağman
صغناق,Sığnak
صغوداق,Soğudak
صغير,Sığır
صفا,Safa
صفد,Safed
صفد مع عكا و كفر كنه,Safed maa Akka ve Kefrkenne
صفد و جبل,Safed ve Cebel
صفد و صيدا و بيروت,Safed ve Sayda ve Beyrut
صفد و صَيْدَا و بيروت,Safed ve Sayda ve Beyrut
صفدمع عكا وكفركنه,Safed maa Akka ve Kefrkenne
صفوى,Safva
صفَد,Safed
صقارقيا,Sakarkaya
صقال,Sakal
صقان,Sakan
صقل,Sakal
صقلاويه,Saklaviye
صقمار,Sakmar
صقول,Sokol
صقول بزرك,Sokol-ı Büzürk
صقول كوجك,Sokol-ı Küçük
صقول كوچك,Sokol-ı Küçük
صقولويچى,Sokoloviçi
صلاجور,Salaçor
صلاحيه,Salahiye
صلاحيّه,Salahiye
صلاقه,Salaka
صلاقوز,Salakuz
صلاوار,Salavar
صلاچور,Salaçor
صلت,Salt
صلت عجلون,Salt-Aclun
صلت عجلون مع كرك و شوبك,Salt-Aclun maa Kerek ve Şubek (Şevbek)
صلحد,Salhad
صلخد,Salhad
صلنق,Solnok
صلوار,Salavar
صلوجلر,Sulucalar
صليب,Suleyb
صليما,Salima
صمابور,Samapor
صمارجق,Samarcık
صمارينه,Samarina
صماقو,Samakov
صماقو آلاپلى,Samakov-ı Alaplı
صماقو الاپلى,Samakov-ı Alaplı
صماقوجق,Samakovcuk
صمان,Saman (?)
صمانجى,Samancı
صماى,Sumay
صماپور,Samapor
صمرجق,Samarcık
صمصاد,Samsad
صناحين,Sanahin
صنار,Sannar
صنامير,Sanamir
صندارون,Sandaron (?)
صنداللو,Sandallı
صندرغى,Sındırgı
صندرغى چوروم,Sındırgı Çorum
صندقلو,Sandıklı
صندقلى,Sandıklı
صندللى,Sandallı
صندوقلى,Sandıklı
صنعا,Sana
صنغور,Sungur
صنغورلى,Sungurlu
صهاج,Suhac
صهيون,Sahyun
صهيون وجبل اكراد,Sahyun ve Cebel-i Ekrad
صو درمى,Sudirhemi
صو درهمى,Sudirhemi
صو شهرى,Suşehri
صو شهري,Suşehri
صو صغرلغى,Susığırlık (Susığırlığı)
صو يولى,Suyolu
صو چاتى,Suçatı
صوالق,Sovalak
صوان مجابره,Suvan-ı Mecabire
صوبا,Savba
صوبادره,Subadra
صوباشى,Subaşı
صوبر,Suber
صوبصلو,Soboslo
صوبوتقه,Subotika
صوبوتنچه,Subotinçe
صوبيجه,Sobuca
صوبيچه,Sobuca
صوتسقه,Suteska
صوحوم,Sohum
صوخته,Suhte (?)
صور مع رأس,Sur maa Res
صور مع ولعس,Sur maa Velas (?)
صوردى طوب اطالرى,Sordıtob Adaları
صورغن قسطمونى,Sorgun-ı Kastamonu
صورغون,Sorgun
صورويج,Soroviç
صوسز,Susuz
صوسزمسلم,Susuzmüsellem
صوسه,Suse
صوصغيرى,Susığırlık (Susığırı)
صوصكرد,Sosgerd
صوصورلى,Susurlu
صوصيغرلق,Susığırlık
صوغان,Soğan
صوغانلى,Soğanlı
صوغداق,Soğudak
صوغله,Suğla
صوغوداق,Soğudak
صوغوق پيكار,Soğukpınar
صوفرانو,Sofrano
صوفيلر,Sofular
صوفيلو,Sofulu
صوفيلى,Sofulu
صوفيه,Sofya
صوق بلآق,Sovukbulak
صوق بلاق,Sovukbulak
صوقول,Sokol
صوقوينى مع بوقو,Sokavini maa Buko
صول قول,Solkol
صولنق,Solnok
صولنه (؟),Sulina (?)
صولنوق,Solnok
صولوجه,Suluca
صولى سراى,Sulusaray
صولين,Solin
صوما,Soma
صوما ق,Sumak
صوماته,Sumata
صوماق,Sumak
صومحرط,Somhurt
صومخيط,Sumhayt
صومطر,Sumatar
صومه,Soma
صومه [مع] ترحاله,Soma [maa] Tarhala
صومه مع تارحاله,Soma maa Tarhala
صومه مع تارخاله و قرق اغاچ,Soma maa Tarhala ve Kırkağaç
صوناقور,Sunakur
صونبور,Sonbor
صونده,Sonda
صونسه,Sonisa
صونغورلى,Sungurlu
صونيسا,Sonisa
صونيسا مع نيكسار,Sonisa maa Niksar
صونيسا و نيكسار,Sonisa ve Niksar
صونيسه,Sonisa
صوه,Sava
صوور,Suvar
صوولاق,Sovalak
صوپوت,Sopot
صوپيه,Sopye
صوچاتى,Suçatı
صوچوه,Suçova
صيادا,Sayada
صيدا,Sayda
صيدا و بيروت,Sayda ve Beyrut
صيداوبيروت,Sayda ve Beyrut
صير ابو نعير,Sayr Ebunuayr
صير بنى ياس,Sir Beniyas
صيرچه اباد,Sırçaabad
صيعان,Sayan
صيغرى,Sığrı
صيغه جق,Sığacık
صيغه حق,Sığacak
صيچان,Sıçan
صَارُوخَان,Saruhan
صَغمَانْ,Sağman
صَلاَوار,Salavar
صَنْعا,Sana
صَهيون,Sahyun
صُمايْ,Sumay
صپانجا,Sapanca
صپانجه,Sapanca
صچان,Sıçan
ضحى,Dahi
ضمانتو,Zamantı
ضمانتى,Zamantı
ضمانطى,Zamantı
ضنيه,Zıniye
ضنيه مع طرابلس شام,Zıniye maa Trablusşam
ضهرالغربى,Zahrulgarbi
ضهران,Zahran
ضهرة,Zahret
ضهرة ابو مصلح,Zahret Ebumuslih
ضهرة ام الطرحان,Zahret Ümmüttarhan
ضهرة جعفري,Zahret Caferi
ضهرة دجيلة,Zahret Düceyle
ضهرة سقاره,Dahra-i Sekare
ضهرة سمر,Zahret Simer
ضهرة مرعي,Zahret Mera
ضهره,Duhara
ضواريق,Zıvarık
ضُوير,Duvayr
ضُويَرْ,Duvayr
ضُوَيرْ,Duvayr
ضِغاره,Dıgara
طا لنده,Talanda
طائف,Taif
طابطاب,Tabtab
طابور,Tabur
طابيه,Tabiye
طادوس,Tados
طارا,Tara
طاراطه,Darada
طارجال,Tarcal
طارجالي قرستور,Tarcalikarestur
طارناق,Tarnak
طاره,Tara
طارو اوزى,Darıözü
طارى ويران,Darıviran
طاريا,Taraya
طازقرى,Dazkırı
طازقيرى,Dazkırı
طازقيري,Dazkırı
طاسقرى مع دانشمندلو كيكلر,Dazkırı (Daskırı) maa Danişmendli-yi Geyikler
طاسونيس,Tasonis
طاش آغيل,Taşağıl
طاش اباد,Taşabad
طاش اغلى,Taşağılı
طاش اوجى,Taşucu
طاش اوز,Taşöz
طاش اوزاداسى,Taşöz
طاش اولوق,Taşoluk
طاش ايل,Taşil
طاش ايلى,Taşili
طاش ايلى كاويسى,Taşili gavisi
طاش رومى,Taşrumi
طاش قصبه سى,Taşkasabası
طاش كبرى,Taşköprü
طاش كوپرى,Taşköprü
طاش كوپرى و طولاب مير حسين,Taşköprü ve Dolab-ı Mirhüseyin
طاش كپرى,Taşköprü
طاشكبرى,Taşköprü
طاشكسان,Taşkesen
طاشكوپرى,Taşköprü
طاشكپرى,Taşköprü
طاشلق اوتلوغى,Taşlıkotluğu
طاشلوجه,Taşlıca
طاشلى,Taşlı
طاشلى بلغه,Taşlıbulga
طاشلى دره,Taşlıdere
طاشلى چاى,Taşlıçay
طاشليجه,Taşlıca
طاشليچه,Taşlıca
طاشوز,Taşöz
طاشير,Taşir
طاطاى,Daday
طاطوى,Tatoy
طاطيه,Dadya
طاغ,Dağ
طاغ آردى,Dağardı
طاغ اردى,Dağardı
طاغ اردى و دارى دره واغريجان,Sultanyeri (Dağardı) ve Darıdere ve Ağrican
طاغ ايلى,Dağili
طاغ باشى,Dağbaşı
طاغ كنارى,Dağkenarı
طاغ مرمره,Dağmarmara
طاغستان انجه,Dağistan-ı İnce
طاغستان جله برد,Dağistan-ı Çelaberd
طاغستان ديزاق,Dağistan-ı Dizak
طاغستان زكم,Dağistan-ı Zegem
طاغستان سنقور اباد,Dağistan-ı Sunkurabad
طاغستان شمكور,Dağistan-ı Şemkür
طاغستان كنجه,Dağistan-ı Gence
طاغستان كورك,Dağistan-ı Kürek
طاغلو,Dağlı
طاغلى,Dağlı
طاق وسطان,Tak-ı Vostan
طاقماق,Takmak
طاقه,Taka
طاقوق,Dakuk
طالنده,Talanda
طاليش و كلستان,Talış ve Gülistan
طامزاره,Tamzara
طانيل,Tanil
طاهر,Tahir
طاورغه,Tavurga
طاوس,Tavus
طاوسكر,Tavusker
طاوسكر مع بيكرك,Tavusker maa Pertekrek (Pikrek)
طاوسى,Tavsı
طاوشان,Tavşan
طاوشان آطه لرى,Tavşan Adaları
طاوشان اطه لرى,Tavşan Adaları
طاوشانلو,Tavşanlı
طاوشانلى,Tavşanlı
طاوشنلو,Tavşanlı
طاوغانه,Davgana
طاوق,Tavuk
طاولا,Tavla
طاولسون,Tavlasun
طبارقه,Tabarka
طبان,Taban
طبانلو,Tabanlı
طبانلو و بوز اولوس,Tabanlı ve Bozulus
طبانلى,Tabanlı
طبرستان,Taberistan
طبرسوق,Tabersuk
طبرق,Tobruk
طبرقه,Tabarka
طبريه,Taberiye
طبريّه مع نواحى,Taberiye maa Nevahi
طرا بلوس شام,Trablusşam
طرابزون,Trabzon
طرابلس,Trablus
طرابلس غرب,Trablusgarb
طرابلس غرب و بنغازى,Trablusgarb ve Bingazi
طرابلس مع مَرابَطين,Trablusgarb (Trablus) maa Murabıtayn
طرابلسغرب,Trablusgarb
طرابلوس شام,Trablusşam
طرابلوس غرب,Trablusgarb
طراحيه,Tırahiye
طراقسو,Taraksu
طراقلو بورلو,Taraklıborlu
طراقلو بورلى,Taraklıborlu
طراقلى,Taraklı
طراقلى بورلو,Taraklıborlu
طراقلى بورلى,Taraklıborlu
طرانداكيا,Tarandakiya
طراونه,Travna
طربزون,Trabzon
طربلس شام,Trablusşam
طربلوس شام,Trablusşam
طربلوس غرب,Trablusgarb
طربلوس غَرب,Trablusgarb
طرسوس,Tarsus
طرطوس,Tartus
طرقلو بورلى,Taraklıborlu
طرليس,Tırlis
طرنواچ,Tırnovaç
طرنوه,Tırnova
طرنوه جق,Tırnovacık
طرنووه,Tırnova
طرنوى,Tırnova
طرنوى مع نواحى,Tırnova maa Nevahi
طرنويجق,Tırnovacık
طره باى,Turabay
طره بزون,Trabzon
طره بلس شام,Trablusşam
طره بلوس غرب,Trablusgarb
طره پلوجه,Trepoliçe
طره پليجه,Trepoliçe
طره پوليچه,Trepoliçe
طرول,Torul
طرييو,Triyo
طسوج,Tasuc
طغان كچدى,Doğangeçidi
طغان كچيدى,Doğangeçidi
طغانجيلر اوتلوغى,Doğancılarotluğu
طفره,Tafra
طفيله,Tafile
طقوزپاره كوى,Dokuzpareköy
طقوزپاره كوي,Dokuzpareköy
طلاس,Talas
طلامان,Dalaman
طلانده,Talanda
طلحاى ملك,Talha-yı Melik (?)
طلمان,Dalaman
طلنده,Talanda
طلوار,Talvar
طماشوان سكت,Tameşvan Siget
طماشين,Tamaşin
طماق,Tamak
طمان,Taman
طمان اطه سى,Taman
طمراش,Tamraş
طمش,Tımış
طمشوار,Tımışvar
طمشْوآر,Tımışvar
طنطا,Tanta
طنطوره,Tantura
طها,Taha
طهران,Tahran
طهطا,Tahta
طهطهاء منشيه,Tahtaha-i Münşiye
طهماسيّه,Tahmasiye
طو نه,Tuna
طوابِين,Tavabin
طواس,Tavas
طواس مع وقفلر,Tavas maa Vakıflar
طوب حصار,Tophisar
طوباقلى,Topaklı
طوبجى,Topçu
طوبرالى,Torbalı (Tobralı)
طوبرق,Tobruk
طوبره لى,Torbalı (Tobralı)
طوبريج,Tuveyric
طوبنيجه,Toponiçe
طوت,Tut
طوتاق,Tutak
طوترقان,Tutrakan
طوتره قان,Tutrakan
طوتلى,Dutlu
طوتوه مع قلاص,Totova maa Kalas
طوخمه,Tohma
طودرغه,Dodurga
طودرغى,Dodurga
طودورغه,Dodurga
طور,Tur
طور سينا,Tur-ı Sina
طور يان,Toryan
طوراج اوغلي,Turaçoğlu
طوراسى,Turası
طوراغان,Durağan
طوراچلى,Duraçalı
طوربا لو,Torbalı
طوربالى,Torbalı
طوربالى مع تريانده,Torbalı maa Tiryanda
طوربه لى,Torbalı
طورتونلى,Tortunlu
طورحال,Turhal
طورحال مع عشائر,Turhal maa Aşair
طورطوم,Tortum
طورغان,Durağan
طورغود,Turgud
طورغود تركمان بوز اولوس,Turgud Türkmen-i Bozulus
طورغود مع جهانبكلى,Turgud maa Cihanbeyli
طورغود و بايبرد,Turgud ve Bayburd
طورغود و بوز اولوس,Turgud ve Bozulus
طورغودلو,Turgudlu
طورغودلى,Turgudlu
طورغودلى ايليجه,Turgudlu Ilıca
طورل,Torul
طورلوطي,Turloti
طورنا,Turna
طورنالى,Turnalı
طوره غان,Durağan
طوروغوى,Dorogoy
طورول,Torul
طوريان,Toryan
طوز,Tuz
طوز حصار,Tuzhisar
طوز خورماتو,Tuzhurmatu
طوز خورماتى,Tuzhurmatu
طوزاق,Tuzak
طوزاق مع دوشملر,Tuzak maa Döşemeler (?)
طوزبرون,Tuzburun
طوزجيان,Tuzcuyan
طوزسز,Tuzsuz
طوزلق,Tuzluk
طوزله,Tuzla
طوزله كوزى,Tuzlagözü
طوزلۀ بالا,Tuzla-i Bala
طوزلۀ زير,Tuzla-i Zir
طوزلۀ زير و بالا,Tuzla-i Zir ve Bala
طوسكر,Tavusker
طوسيه,Tosya
طوشان,Tavşan
طوشان اطه لرى,Tavşan Adaları
طوشانلو,Tavşanlı
طوشانلى,Tavşanlı
طوشنلو,Tavşanlı
طوطاق,Tutak
طوطى,Dudu
طوطيلو,Totilo
طوغان بك,Doğanbey
طوغان حصار,Doğanhisar
طوغان حصار مع دربند قادين خانى,Doğanhisar maa Derbend-i Argıdhanı (Derbend-i Kadınhanı)
طوغان حصارى,Doğanhisarı
طوغانحصار,Doğanhisar
طوغانحصارى مع دربند ارغيد خانى,Doğanhisar (Doğanhisarı) maa Derbend-i Argıdhanı
طوغانكوى,Doğanköy
طوغله,Doğla
طوغنحصار,Doğanhisar
طوغوت,Tuğut
طوق الله,Tavkullah
طوقاى,Tokay
طوقاي,Tokay
طوقليان,Tokluyan
طوقماق آطه لرى,Tokmak Adaları
طوقمق اطه لرى,Tokmak Adaları
طوكدرمه,Dondurma
طوكنر,Tavginer
طولاب مير حسين,Dolab-ı Mir Hüseyin
طولجى,Tulca
طولميتا,Tulemeyta
طولنه,Tolna
طوماتجه,Domatca
طومارزه,Tomarza
طوماش هيد,Tomaşhid
طوماشى,Tomaşi
طوماشين,Tomaşin
طومانيج,Domaniç
طومانيس,Tomanis
طوملوجه,Dumluca
طومليجه,Dumluca
طونجه,Tunca
طونس,Tunus
طونه,Tuna
طونيه,Tonya
طونيه مع وقف كبير,Tonya maa Vakf-ı Kebir
طونيه و وقف كبير,Tonya ve Vakf-ı Kebir
طويان,Toyan (?)
طويران,Doyran
طويريج,Düveyric
طويل,Tavil
طويل رقدان,Tavil Rukdan
طويله,Tavile
طويلى مع عثمان ايلى,Toylu (?) maa Osmaneli
طوپجى,Topçu
طوپحصار,Tophisar
طوپراق آطه,Toprakada
طوپراق قلعه,Toprakkale
طوپچى,Topçu
طى غانى,Taygani (?)
طيار,Tayyar
طيبنه,Tibne
طيبه,Tayyibe
طيبه الملا,Tayyibe el-Molla
طير,Tayr
طيفور,Tayfur
طَنْطا,Tanta
طَنْظُور مع ماتِيّه ورشوان,Zanzur (Tanzur) maa Matiye ve Rişvan
طَها,Taha
طَهْطا,Tahta
طَهْطَا,Tahta
طُبرُوقْ,Tobruk
طُوتْره قان,Tutrakan
طُورْيان,Toryan
طُونه,Tuna
طِرَاوْنَه,Travna
طپان,Tapan
ظارزيس,Zarzis
ظالف,Zalif
ظالم,Zalim
ظانظور,Zanzur
ظرزيس,Zarzis
ظفير,Zafir
ظليتن,Ziliten
ظمانتى,Zamantı
ظنظور,Zanzur
ظنظور مع مَاتِيّه و رِشْوَانْ,Zanzur maa Matiye ve Rişvan
ظنيه,Zıniye
ظهر الغربى,Zahrulgarbi
ظهرآن,Zahran
ظهرالغربى و قدموس و جرد العليقه,Zahrulgarbi ve Kadmus ve Cürdülulleyka
ظهران,Zahran
ظواره,Zuvara
ظواريق,Zıvarık
ظور,Zor
ظورباتيه,Zurbatiye
ظوَارَه,Zuvara
ظَارْزِيسْ,Zarzis
ظَواره,Zuvara
عادالجواز,Adilcevaz
عادل,Adil
عادلجواز,Adilcevaz
عادلجواز مع بليس,Adilcevaz maa Bitlis (Bilis)
عادى الجواز,Adilcevaz
عاشق,Aşık
عاصى,Asi
عاصى ميخاليج,Asimihaliç
عاقو,Aku
عاليشار,Alişar
عاليقان,Alikan
عاموده,Amuda
عانه,Ana
عاهره,Ahire
عاهم,Ahim
عاوليس,Avlis
عبادان,Abadan
عباس,Abbas
عبانه,Abana
عبد الحليم,Abdulhalim
عبد الدره,Abduddürre
عبد الرحمن بك اوبه سى,Abdurrahmanbeyobası
عبد الرحمن غازى,Abdurrahmangazi
عبد الغاب,Abdulgab
عبد الغالي,Abdulgali
عبد الفادى,Abdulfadi
عبد القاف,Abdulkaf
عبد الله ديه,Abdullahdiye
عبدالان,Abdalan
عبدالله,Abdullah
عبدالله قروص,Abdullahkurus
عبدى اولان,Abdiulan
عبس,Abs
عبش,Abeş
عبوس,Abus
عبوين,Abveyn
عبيد,Ubeyd
عبّاس,Abbas
عتاره مرج,Attaremerc
عتبات,Atabat
عتمه,Utma
عتويد,Atvid
عثمان بازارى,Osmanpazarı
عثمان پازارى,Osmanpazarı
عثمان پازارى_x001C_,Osmanpazarı
عثمان پاشالر,Osmanpaşalar
عثمان پشه لر,Osmanpaşalar
عثمانجق,Osmancık
عثمانلى,Osmanlı
عثمانلى مع الكسى,Osmanlı maa Aleksi (?)
عثمانلي ولايتي,Osmanlı Vilayeti
عثمانيه,Osmaniye
عجار,Acar
عجلون,Aclun
عجلون كوره,Aclun Küre
عجلون مع توابع,Aclun maa Tevabi
عجلون و بنى وهدان,Aclun ve Benivehdan
عجم بابا,Acembaba
عجمستان,Acemistan
عجمى,Acemi
عجوز,Acuz
عجوز و زاخوم,Acuz ve Zahom
عجوزه,Acuze
عجوه,Acve
عجيلات,Uceylat
عدليه,Adliye
عدن,Aden
عديد,Udeyd
عدين,Udeyn
عرابلر,Arablar
عراق,Irak
عراق عرب,Irak-ı Arab
عرب,Arab
عرب كندى,Arabkendi
عربستان,Arabistan
عربسون,Arabsun
عربكر,Arabgir
عربكير,Arabgir
عربلر,Arablar
عربى,Arabi
عربيا,Arabiya
عربگير,Arabgir
عرجه,Arca
عرد,Arad
عرفات,Arafat
عرفوش,Arfuş
عرفيه,Örfiye
عرق قورب,Irk-ı Kurab
عرقا,Arka
عرقوب,Arkub
عرقوب اعلا,Arkub-ı Ala
عرقوب تحتانى,Arkub-ı Tahtani
عرقوب جنوبى,Arkub-ı Cenubi
عرقوب شمالى,Arkub-ı Şimali
عرقوب فوقانى,Arkub-ı Fevkani
عرقوب فوقانى و تحتانى,Arkub-ı Fevkani ve Tahtani
عرمان,Urman
عرناس,Arnas
عرنون,Arnun
عره,Ara
عروه,Arva
عريش,Ariş
عزازمه,Azazime
عزالدين,İzzeddin
عزه ورمله ومجدل,Gazze ve Remle ve Mecdel
عزير,Üzeyr
عزير اعرابى,Azir Arabı
عزير مع بقراص و قنق,Özerili (Üzeyr) maa Bakras ve Kınık
عزير مع قنق,Özerili (Üzeyr) maa Kınık
عزير و بالس,Özerili (Üzeyr) ve Balis
عزيز,Aziz
عزيزى,Azizi
عزيزيه,Aziziye
عزيزيه ويران شهر,Aziziye Viranşehir
عزيزيّه,Aziziye
عزيزيۀ بالا,Aziziye-i Bala
عزيزيۀ زير,Aziziye-i Zir
عزيه,İzziye
عسعس,Asas
عسقلان,Askalan
عسكر,Asker
عسير,Asir
عشا ق,Uşak
عشائر سبعه,Aşair-i Seba
عشائر عربان,Aşair-i Urban
عشائر كتگانلو و بنى قيس و ميللو و شيخانلو,Ketekanlı ve Benikays ve Milli ve Şeyhanlı
عشائرسبعه,Aşair-i Seba
عشار,Aşşar
عشاره,Aşara
عشاق,Uşak
عشاق مع بناز,Uşak maa Banaz
عشاق مع ناحيۀ اولو كوبك,Uşak maa Nahiye-i Ulugöbek
عشاير الوس,Aşayir-i Ulus
عشاير مسكون جبل امير و چفتلكات چفته لر و موصليجه و بوز اولوس,Aşayir-i Meskun-ı Cebel-i Emir ve Çiftlikat-ı Çifteler ve Musluca ve Bozulus
عشاير مع محمودى,Aşair maa Mahmudi
عشقلر,Işıklar
عشيرت رشوان,Rişvan
عشيرت كورد,Kürdaşireti (Aşiret-i Kürt)
عشيق,Aşık
عصيمان,Usayman
عطاق,Atak
عفار,Affar
عفك,Afak
عقبان,Ukban
عقبه,Akabe
عقره,Akra
عقيق,Akik
عك,Akke
عكا,Akka
عكار,Akkar
عكاظ,Ukaz
عكان,Ukan
عكه,Akka
علا,Ula
علائيه,Alaiye
علائيه مع قره لر,Alaiye maa Karalar
علائيه مع قريه لر,Alaiye maa Karalar (Karyeler)
علائيه مع نواحى,Alaiye maa Nevahi
علائيه واقسكى,Alaiye ve Akseki
علائيّه,Alaiye
علاج,Alac
علان,Allan
علان حما,Allan-ı Hama
علاونه,Alavna
علبه,Alba
علفلى,Alefli
علميا,Alimiya
علوط,Alut
علوم,Ulum
علوى,Alevi
على آغا چيفتلكى,Aliağaçiftliği
على اغا چفتلكى,Aliağaçiftliği
على الشرق,Ali eş-Şarki
على الشرقى,Ali eş-Şarki
على الغربى,Ali el-Garbi
على بكه جه,Alibeyece
عليا,Ulya (Zaruşad'da)
علياباد,Aliabad (?)
عليشار,Alişar
عليقه,Ulleyka
عليقى,Aliki
عليكانلى,Alikanlı
عم ليله,Amm-i Leyle
عماديه,İmadiye
عماديّه,İmadiye
عماره,Amare
عمامر,Amamer
عمان,Amman
عمر,Ömer
عمران,Amran
عمران مع عيال بني يزيد,Amran maa Iyal-i Beni Yezid
عمرانلى,İmranlı
عمرانيه,İmraniye
عمرانيه و حرْبتينِيه,Ümraniye ve Harbetiniye
عمركان,Ömerkan
عمرلى,Ömerli
عمق,Amik
عمقى,Amiki
عمكى,Amiki
عمه,Amme
عموطقه,Amutka
عميق,Amik
عميق اباد,Amikabad
عميكى,Amiki
عنا,Ana
عنا وهيت,Ana ve Hit
عنانور,Ananur
عنتاب,Antab
عنزه,Aneze
عنس,Anis
عنطاليه,Antalya
عنق,Ank
عنك,Anek
عنه,Ana
عواكير,Avakir
عوحه,Avha
عورت آلان,Avratalan
عورت الان,Avratalan
عورت حصارى,Avrathisarı
عورت حصارى مع ناحيۀ كولرلى,Avrathisarı maa Nahiye-i Köleli (Gülerli)
عورت حصارى مع ناحيۀ كُولَرْلى,Avrathisarı maa Nahiye-i Köleli (Gülerli)
عورتحصارى,Avrathisarı
عولاق,Ulak
عونيه,Avniye
عوينه,Avine
عياش,Ayaş
عيال سريح,Iyal-i Sureyh
عيان كولى,Ayangölü
عيانجق,Ayancık
عيسا الوريه,İsa el-Verye
عيسى بكلى,İsabeyli
عيسى بگلى,İsabeyli
عيش,Abeş
عين العروس,Aynülarus
عين الكروم,Aynülkürüm
عين ترازو,Ayn-ı Terazu
عين تقفش,Ayn-ı Takfeş
عين صدر,Aynsadr
عين عيسى,Ayn-ı İsa
عينتاب و تلبشار,Ayntab ve Tilbeşar
عيون,Uyun
عَدْلِيَه,Adliye
عَقَرْقوف,Akarkuf
عَلاج,Alac
عُرْبانِ جانب الشرق,Urban-ı Canibüşşark
عُرْبانِ جانب الغرب,Urban-ı Canibülgarb
عُلَّيْقه,Ulleyka
عُلَّيْقَه,Ulleyka
عُوَينه,Uveyne
غابرووه,Gabrova
غابس,Gabis
غابله,Gabele
غات,Gat
غاجقه,Gaçka
غاجه,Gaça
غاربين,Garbin
غارديجقو,Gardiçko
غارديك,Gardik
غارن (؟),Garan (?)
غازورونيس,Gazoronis
غازى كرمان,Gazikirman
غازيلر اوا جغى,Gazilerovacığı
غاسقا,Gaska
غاغرى,Gagri
غالغوفجه,Galgofça
غالغوفچه,Galgofça
غامد,Gamid
غانوس,Ganos
غاواثى,Gavasi
غاواليانى,Gavalyani
غاودو,Gavdo
غاودوپلو,Gavdopulo
غاودوپولو,Gavdopulo
غاوريون,Gavriyon
غايدارو,Gaydaro
غايدارونيس,Gaydaronis
غايدرونيزى,Gaydaronizi
غايذارو,Gayzaro
غاچقه,Gaçka
غاچه,Gaça
غباغب,Gabagıb
غبان,Gobban
غبروه,Gabrova
غبله,Gabele
غبّان,Gobban
غجه قلعه,Ağcakale
غدامس,Gadamis
غدوه,Gadduva
غرا,Gra
غراداجاج,Gradaçaç
غراداجاچ,Gradaçaç
غراداچچ,Gradaçaç
غرادجانيجه,Gradçaniçe
غرادشته,Gradişte
غرادشقه,Gradişka
غرادشقي,Gradişka
غراديشته,Gradişte
غراديشقه,Gradişka
غرادچاج,Gradçaç
غرادچانيچه,Gradçaniçe
غرادچانيچه مع غرادچاچ,Gradçaniçe maa Gradçaç
غرادچانچه,Gradçaniçe
غرارو,Gararo
غرازو,Garazo
غراف,Garraf
غراف و رسله و صافيه,Garraf (Garrak) ve Resle ve Safiye
غراق و رسله و صافيه,Garraf (Garrak) ve Resle ve Safiye
غراماتك,Gramatik
غراماتيك,Gramatik
غرامتيك,Gramatik
غرامسا,Gramisa
غرامش,Gramiş
غرانبوسه,Granbusa
غراندس,Grandes
غرانيوس,Graniyos
غرانيچه,Graniçe
غرانچه,Graniçe
غراهوه,Grahova
غراووزا,Gravuza
غرب,Garb
غرب ابي عسي,Garb-ı Ebi İsa
غرب اعلا,Garb-ı Ala
غرب اقصى,Garb-ı Aksa
غرب تحتانى,Garb-ı Tahtani
غرب جانبى عربانى,Garb Canibi Urbanı
غرب شمالى,Garb-ı Şimali
غرب فوقانى,Garb-ı Fevkani
غرب ميون,Garb-ı Miyun
غرب و عمركان,Garb ve Ömerkan
غربئ امد,Garbi-i Amid
غرباوه,Gırbava
غرباوچه,Gırbavçe
غربلان,Gırbelan
غربه و رحبه,Garbe ve Rahbe
غربى طوشان,Garbitavşan
غربى لبنان,Garbi Lübnan
غربيه,Garbiye
غرجان,Gariçan (Garican)
غرزان,Garzan
غرزان مع حصن كيف,Garzan maa Hısn-ı Keyf
غرغر,Gargar
غرغرم,Gurgurum
غرغروفچه,Gırgorofça
غرغورفچه,Gırgorofça
غرغوروفچه,Gırgorofça
غره بنه,Grebene
غره بونه,Grabuna
غره ونا,Grevena
غروچقه,Groçka
غريان,Garyan
غريلوسسا,Grilussa
غرّاف,Garraf
غرچيقه,Groçka (Groçika)
غرژغال,Garajgal
غزه,Gazze
غزه مع خانِ يونس,Gazze maa Hanyunus
غزه و رمله و مجدل,Gazze ve Remle ve Mecdel
غزه ورمله ومجدل,Gazze ve Remle ve Mecdel
غزّه,Gazze
غزّه و رمله,Gazze ve Remle
غستوار,Gostivar
غسطا,Gusta
غسطون,Gastun
غطايى,Gatayi
غفاره (؟),Gıfara (?)
غفرياد,Gaferyad
غلارو,Glaro
غلارونيسى,Glaronisi
غلاسينچه,Glasinçe
غلاطه,Galata
غلام,Gulam
غلاما,Glama
غلامه,Glama
غلاموج,Glamoç
غلاموچ,Glamoç
غلاواش,Glavaş
غلطه,Galata
غلوحاويچه,Gluhaviçe
غلوس,Golos
غلوس مع ارغلاستى,Golos maa Argalasti
غلوسا,Glosa
غلوغوسقه,Glogoska
غلوغوفچه,Glogofça
غلوهاويجه,Gluhaviçe
غلوچاويجه,Gluçaviçe
غليته,Galite
غلُوصْ,Golos
غماس,Gammas
غنجه ايدين,Goncaaydın
غنم,Ganem
غنوينانجه,Gnoynaniçe
غواثى,Gavasi
غوبن,Guben
غوت البونا,Gutalbünna
غوتا جيدان,Guta Cidan
غودارو,Godaro
غودوميليه,Godomilye
غور,Gavr
غوراب,Gurab
غورانجه,Gorance
غوراژده,Gorajde
غورغشفجه,Gorgoşofça
غوره,Gora
غوره مه,Gorama
غورونا,Guruna
غوريان,Goryan
غوريشده,Gorişde
غوريچه,Goriçe
غورچى,Gorçi
غورژده,Gorajde
غوزدانسقى,Gvozdanski
غوستل,Gostil
غوستنجقه,Gostençka
غوستنچقه,Gostençka
غوستيل,Gostil
غوسطا,Gusta
غوسينه,Gusine
غوسينه مع ناحيۀ دربناق,Gusine maa Nahiye-i Drobnak (?)
غوشته,Goşta
غوشقواق,Koşukavak (Goşukavak)
غوشمانچه,Goşmaniçe
غوطه,Guta
غوطه و المرج,Guta ve'l-Merc
غوغوه,Gugova
غولاق,Golak
غولاق بالا,Golak-ı Bala
غولاق زير,Golak-ı Zir
غولباره,Golubara
غولت,Gulet
غولو,Golo
غومارا,Gumara
غوماره,Gumara
غونچه آيدين مع صارى شيخ,Goncaaydın maa Sarışeyh
غويساليچه,Goysaliçe
غَبْرُوَه,Gabrova
غَدَامِس,Gadamis
غَدْوه,Gadduva
غَرٌبِيّه,Garbiye
غُرْيان,Garyan
فات,Fatsa (Fat)
فاتر,Fatir
فاتسه,Fatsa
فاتسه مع صاتلمش,Fatsa maa Satılmış
فاتسه و سركش و كش دره سى و ميدان,Fatsa ve Serkis (Serkeş) ve Keşderesi ve Meydan
فاجت,Facet
فارسكه,Fariske
فارسى,Farisi
فارماكوزا,Farmakoza
فاره,Fare
فاس,Fas
فاش,Faş
فاشر,Faşir
فاصللر,Fasıllar
فاصللو,Fasıllar (Fasıllı)
فاضللر,Fasıllar (Fazıllı)
فاكيه,Fakiye
فالقونرا,Falkonera
فالوجه,Faluce
فالوه,Falva
فالچي مع هوش,Falçi maa Huş
فانو,Fano
فانى,Fani
فاو,Fav
فاوانيانا,Favanyana
فتح اسلام,Feth-i İslam
فتحيه,Fethiye
فتوح,Fütuh
فحران,Fahran
فخرى,Fahri
فرات,Fırat
فراتيه,Fıratiye
فرار,Ferar
فراشارى,Fraşari
فراغوستن,Fragostin
فراغوستين,Fragostin
فراغونيس,Faragonis
فرافر,Ferafer
فراقين,Ferrakin
فرانسز,Fransız
فرانقونيس,Frankonis
فرانچه ولايتي,Françe Vilayeti
فراوار,Feravar
فرت,Fırt
فرتك,Fertek
فرح,Ferruh
فرحكرمان,Or
فردنه,Firdena
فرسان,Ferasan
فرسان صغير,Ferasan-ı Sagir
فرسان كبير,Ferasan-ı Kebir
فرشارى,Fraşari
فرشوط,Ferşut
فرط,Fırt
فرط مع شامى,Fırt maa Şami
فرقى,Fırkı
فرمة عده,Furme Udde
فرموده,Fermude
فرموده و ابو الخير مع بوجاق,Fermude ve Ebulhayr maa Bucak
فرنس,Fırnıs
فرنك حصارى,Frenkhisarı
فرنك قستلى,Frenkkasteli
فرنيس,Fırnıs
فره,Fire
فره جك,Ferecik
فرور,Ferur
فريزويك,Firizovik
فزان,Fizan
فساطو,Fessatu
فسرك,Fisirik
فسريك,Fisirik
فسطو,Fessatu
فسلكا و كرمه,Feslikan (Fesleka) ve Gereme
فسلكان,Feslikan
فسول,Fasul (?)
فسيرك,Fisirik
فشت العديد,Feştüladid
فشت ام جناح,Feşt-i Ümm-i Cinah
فشط,Faşt
فشنه,Feşne
فضللر,Fasıllar (Fazıllar)
فطيسه,Futayse
فقاز,Fakaz
فقه,Fakih
فقى دره سى,Fakıderesi
فكله مع اوسكودر,Fikle maa Üsküdar
فكه,Feke
فكورنيك,Fegivernik
فل نميت,Felnemit
فلات,Filat
فلبه,Filibe
فلبه مع ناحيۀ كوپسى,Filibe maa Nahiye-i Küpsi
فلبه مع نواحى,Filibe maa Nevahi
فلتوت,Feltot
فلجه تين,Felcetin
فلشمارت,Felşömart
فلشو صولنق,Felşösolnok
فلشوح,Felşöç (Felşöh (?))
فلك,Filek
فلكه,Felege
فلمنك ولايتي,Felemenk Vilayeti
فلناق,Felnak
فلنبل,Felenbel
فله,File
فلوجه,Felluce
فلوردين,Flordin
فلورنه,Florina
فلورينه,Florina
فلوميئا,Filomia
فليقور,Filikor
فليوس,Filyos
فليپ,Filip
فليپ ويل,Filipvil
فليپين اطه لرى,Filipin Adaları
فنار,Fener
فنار مع پارغه,Fener maa Parga
فنار و قرديجه,Fener ve Kardiçe
فنارس,Fenaris
فنارس مع افراز,Fenaris maa İfraz
فنارلك,Fenerlik
فناريس,Fenaris
فندقلى,Fındıklı
فندك,Findik
فنديك,Findik
فنغارى,Fengari
فنك,Fenk
فنكه,Finike
فنكه مع اكدير و قارديج,Finike maa İğdir ve Kardiç
فنكه و اكردير و قارديچ,Finike ve İğdir (Eğirdir) ve Kardiç
فنوقس پنائييا,Fenokas Panayiya
فنيكه,Finike
فهرطو,Feherto
فوباس,Fubas
فوتيانيسى اطه جغى,Fotiyanisi Adacığı
فوجتين,Foçateyn
فوجه,Foça
فوجه مع الوغ,Foça maa Ulog
فودوار,Födvar
فورمنترا,Formentera
فورميكوله,Formikula
فورنوز,Furnoz
فورنى,Furni
فورنى طاقم اطه لرى,Furni Takımadaları
فورنيس,Furnis
فورور,Forur
فوشتان,Fuştan
فوطه,Fota
فوق الطّريق,Fevkattarik
فوقونس,Fokonis
فوكارد,Fogarad
فول,Fol
فوناى (؟),Kostayniçe (Fonay?)
فونود,Fonod
فونيا,Foniya
فونيه,Foniya
فوه,Füve
فوون,Foven
فويرسات,Füveyrisat
فوينيچه,Foyniçe
فوينچه,Foyniçe
فوچتين,Foçateyn
فوچه,Foça
فوچه تين,Foçateyn
فوچه جديد,Foça-i Cedid
فوچه عتيق,Foça-i Atik
فوچه مع الوغ,Foça maa Ulog
فوچه مع وينوغان,Foça maa Voynugan
فوچۀ جديد,Foça-i Cedid
فوچۀ عتيق,Foça-i Atik
فيتنى,Fitena
فيدوز,Fidoz
فيدونيسى,Fidonisi
فير,Fiyer
فيرزويك,Firizovik
فيروز,Firuz
فيروزلى,Firuzlu
فيزان,Fizan
فيلات,Filat
فيلم,Feylem
فيلنوس,Filnos
فيلورينه,Florina
فيليوس,Filyos
فيمناكى,Fiminaki
فينقوس,Finikos
فينكه,Finike
فينيقوس,Finikos
فيوم,Feyyum
فيّوم,Feyyum
فَره جِك,Ferecik
فَرْشُوطْ,Ferşut
فَساطو,Fessatu
فَشْنَه,Feşne
فَيُّوم,Feyyum
فُوباس,Fubas
فُوه,Füve
فِنِكَه,Finike
قا مچيق,Kamçik
قائدى,Kaidi
قائم,Kaim
قابتول,Kaptol
قابررا,Kabrera
قابره را,Kabrera
قابلجوز,Kabilcuz
قاتاوولو,Katavolo
قاترامونيزى,Katramonizi
قاترو,Katro
قاتوخوريو,Katohoryo
قاتوخى,Katohi
قاتوش,Katoş
قاتوقفونيزى,Katokufonizi
قاتومه,Katuma
قاجاغانى,Kaçagani
قاجاغره لى,Kaçağralı
قاحطان,Kahtan
قاددو,Kaddu
قاديرغه,Kadırga
قادين خانى,Kadınhanı
قارا,Kara
قاراووله,Karavola
قاراوى,Karavi
قارباس,Karpas
قاربوزلى,Karpuzlu
قارتاس,Kartas
قارتال,Kartal
قارتال مع آيدوس,Kartal maa Aydos
قارتل مع آيدوس,Kartal maa Aydos
قارتنه,Karitena
قارته لى,Karteli
قارجكان,Karçikan
قارداميله,Kardamile
قارده ميله,Kardamile
قارديج,Kardiç
قارديوتيرا,Kardiyotira
قارديچ,Kardiç
قارديچه,Kardiçe
قارش,Karaş
قارشديران,Karışdıran
قارشلئ كبير,Karşılı-i Kebir
قارشلى,Karşılı
قارشولئ صغير,Karşılı-i Sagir
قارشيلى,Karşılı
قارص ذوالقدريه,Kars-ı Zülkadriye
قارص مرعش,Kars-ı Maraş
قارص مع اندرين,Kars-ı Maraş (Kars) maa Andırın
قارص مع اندرين و ناحيۀ گوكسون,Kars-ı Maraş (Kars) maa Andırın ve Nahiye-i Göksun
قارصندى,Karsandı
قارصيندى,Karsandı
قارطوز مع كسمه,Kartoz maa Kesme
قارغان,Kargan
قارغولق,Kargılık
قارغوليق,Kargılık
قارغى,Kargı
قارغين,Kargın
قارفى,Kafirni
قارقار,Karkar
قارلوفچه,Karlofça
قارلوه,Karlova
قارلى,Karlı
قارلى ايلى,Karlıili
قارلىِ ايلىِ,Karlıili
قارلي ايلى,Karlıili
قارلي ايلي,Karlıili
قارمارى,Karmarı
قاره,Kara
قاره كوى,Karaköy
قارو,Karu
قاروس,Karos
قاروونا,Karvuna
قارى بازارى,Karıpazarı
قارى بازارى مع نعللو,Karıpazarı maa Nallı
قارى پازارى,Karıpazarı
قاريالى,Karyalı
قاريتنه,Karitena
قاريتين,Karyeteyn
قاريجق,Karıcık
قاريس,Karyes
قاريم,Karım
قاريمش,Karımış
قارين,Karin
قاريه پولى,Karyapoli
قاريوت,Karyot
قاريوط,Karyot
قارپاس,Karpas
قارپاص,Karpas
قارپوزلو,Karpuzlu
قارپوزلى,Karpuzlu
قارچقان,Karçikan
قارچكان,Karçikan
قارچيكان,Karçikan
قاز,Kaz
قاز طاغى اردى,Kazdağıardı
قازآباد,Kazabad
قازاباد,Kazabad
قازاباد مع عشائر,Kazabad maa Aşair
قازانلى,Kazanlı
قازطاغ پازارى,Kazdağpazarı
قازطاغى,Kazdağı
قازلى كول,Kazlıgöl
قازيقلى,Kazıklı
قاسترسيانقه,Kastrisyanika
قاسترو,Kastro
قاستوريا,Kastorya
قاستوس,Kastos
قاسم اوغلى,Kasımoğlu
قاسونيزى,Kasonizi
قاسيدى,Kasidi
قاش,Kaş
قاش مع عشائر,Kaş maa Aşair
قاش يكيجه,Kaşyenice
قاشتل,Kaştel
قاشقلى,Kaşaklı
قاشنيت,Kaşnit
قاشوت,Kaşot
قاشوط,Kaşot
قاشيك,Kaşik
قاضى,Kadı
قاضى شهرى,Kadışehri
قاضى كوى,Kadıköy
قاضى ويران,Kadıviran
قاضي كويى,Kadıköyü
قاضي لى,Kadılı
قاضيكوى,Kadıköy
قاطاويا,Katavya
قاطاويه,Katavya
قاطع,Katı
قاطع بيت الشباب و قاطع بَكْفِيَه,Katı-ı Beytişşebab ve Katı-ı Bekfiye
قاطيه,Katya
قاغزمان,Kağızman
قاغوش,Kagoş
قاف,Kınık (Kaf (?))
قافقانه,Kafkana
قاقوتراقو,Kakotrako
قاقوسى,Kakosi
قاقون,Kakun
قاكيراه,Kakirah
قالامباقه,Kalambaka
قالاموتى,Kalamoti
قالاموس,Kalamos
قالان دره,Kalandere
قالانه سيه اطه لرى,Kalanasya Adaları
قالاورا,Kalavra
قالاپودى,Kalapodi
قالغه سلطان,Kalgasultan
قالقان دلان,Kalkandelen
قالقان دلن,Kalkandelen
قالقاندلن,Kalkandelen
قالقانلو,Kalkanlı
قالقانلى,Kalkanlı
قالقونيزى,Kalkonizi
قالكلو,Kalınlı
قالكلو مع الوانلى,Kalınlı maa Elvanlı
قالمانچه,Kalmaniçe
قالمت,Kalmet
قالمنوس,Kalimnos
قالو فر,Kalofer
قالوفاناس,Kalofanas
قالوكرو,Kalogero
قالولمنى,Kalolimni
قالوليمنو,Kalolimno
قالوليمونيه اطه لرى,Kalolimoniye Adaları
قالونيا,Kaloniye
قالونيه,Kaloniye
قالونْيه,Kaloniye
قالوولو,Kalovolo
قالويان,Kaloyan
قالويرى اطه لرى,Kaloyiri Adaları
قالويريس,Kaloyeris
قالي براولي,Kalibravulu
قاليا,Kaliya
قاليس,Kalis
قاليقراطى,Kalikrati
قاليك ويران,Kalınviran
قاليمنوس,Kalimnos
قالين ويران,Kalınviran
قالين ويران مع كومش,Kalınviran maa Gümüş
قالينويق,Kalinovik
قالييا,Kaliya
قاليچكان,Kaliçkan (?)
قالِمْنوس,Kalimnos
قاماموقو,Kamamoko
قامانسقه,Kamaniska
قامبرو,Kambro
قامبو,Kampo
قامجاق,Kamiçak
قاممنى,Kammeni
قامنسقه,Kameniska
قاميشلى,Kamışlı
قاميلا,Kamila
قامينلاكى,Kaminlaki
قامپو,Kampo
قامپوفورميو,Kampoformiyo
قانا,Kana
قاندره,Kandıra
قاندرى,Kandıra
قانديليوسه,Kandilyosa
قانلى اطه,Kanlıada
قانلى اطه لر,Kanlı Adalar
قاننه,Kanine
قانو (؟),Kanu
قاهره,Kahire
قاهره مع اطفيهيه,Kahire maa Atfihiye
قاوالوس,Kavalos
قاورسپاثا,Gavorsipasa
قاورلوى,Kaverluy
قاولير,Kavaliyer
قايدارونيزى,Kaydaronizi
قايدارى,Kaydari
قايدرونيزون,Kaydaronizon
قايغولي,Kaygılı
قايى,Kayı
قاييلر و فناريس,Kayılar ve Fenaris
قاپتول,Kaptol
قاپروار,Kaprivar
قاپروجه,Kapruça
قاپرونى,Kaproni
قاپروچه,Kapruça
قاپريوار,Kaprivar
قاپريور,Kaprivar
قاپطول,Kaptol
قاپوتا,Kapota
قاپولنه,Kapolna
قاچا,Kaça
قاچاغانى,Kaçagani
قاچاغره لى,Kaçağralı
قاچالا,Kaçala
قاچنيك (؟),Kaçanik (?)
قاچى,Kaçi
قبا آغاج,Kabaağaç
قبا حيدر,Kabahaydar
قبا صقال,Kabasakal
قبا قوز,Kabakoz
قبائل,Kabail
قبائل عربان بريه,Kabail-i Urban-ı Berriye
قبائل نوغاى,Kabail-i Nogay
قباخور,Kabahor
قباصقال,Kabasakal
قباق,Kabak
قباله,Kabala
قبالى,Kabalı
قبان,Kaban
قبانو,Kabano
قبانى,Kubani
قباو,Kabav
قبجاق,Kıbçak
قبر صغير,Kabr-i Sagir
قبر كبير,Kabr-i Kebir
قبرس,Kıbrıs
قبرسجق,Kıbrıscık
قبريس,Kıbrıs
قبريسجق,Kıbrıscık
قبطيان,Kıbtiyan
قبله,Kıble
قبه,Kubbe
قبو طاغى,Kapudağı
قبيطه,Kubeyta
قبيلة الظفير,Kabiletüzzafir
قبيلۀ العبيد,Kabile-i el-Abid
قبيلۀ اورومبت اوغلى,Kabile-i Urumbetoğlu
قبيلۀ اولاد شبل,Kabile-i Evlad-ı Şibl
قبيلۀ اولادِ احمد,Kabile-i Evlad-ı Ahmed
قبيلۀ اولادِ يتزان,Kabile-i Evlad-ı Yetzan
قبيلۀ باغرغان,Kabile-i Bağırgan
قبيلۀ بنى حكيم,Kabile-i Benihakim
قبيلۀ بنى لام,Kabile-i Benilam
قبيلۀ بني ربيعه,Kabile-i Benirebia
قبيلۀ خلايق,Kabile-i Halayık (?)
قبيلۀ ربانيّه,Kabile-i Ribaniye
قبيلۀ رجبان,Kabile-i Receban
قبيلۀ زنتان,Kabile-i Zintan
قبيلۀ طباش سباع,Kabile-i Tabaş Siba
قبيلۀ طى,Kabile-i Tay
قبيلۀ نصرة الحاج,Kabile-i Nusretülhac
قبيلۀ وارنه,Kabile-i Varna (?)
قترين,Katerin
قترين مع بلاطمنه,Katerin maa Platimana
قترين مع پلاطمنه,Katerin maa Platimana
قترينه,Katerine
قتورسقه,Kotorska
قتيف,Katif
قثله,Ksele
قحطان,Kahtan
قخطان,Kahtan
قدانو,Kadano
قدرينچه,Kudrinçe
قدس,Kudüs
قدس اريحا,Kudüs Eriha
قدس شريف وغزه,Kudüs (Kuds-i Şerif) ve Gazze
قدم الصغير,Kademüssagir
قدم الكبير,Kademülkebir
قدموس,Kadmus
قدو,Kaddu
قر جه شهر,Karacaşehir
قرا جه شهر,Karacaşehir
قرا حصار دولو,Karahisar-ı Develi
قرا قورت,Karakurt
قراآطه,Karaada
قراته,Karata
قراجه اواسي,Karacaovası
قراجه اوحد,Karacaevhad
قراجه اوغلى,Karacaoğlu
قرادل,Karadil
قرادى نيسى اطه جغى,Karadinisi Adacığı
قراسته,Karasta
قراش,Karaş
قراشوه مع بطلنيك,Kraşova maa Vitinlik (Bitilnik)
قراشوه مع ويطينليك,Kraşova maa Vitinlik
قراطه,Karata
قراطوه مع معدن,Kratova maa Maden
قراغويفچه,Kraguyofça
قراغيلر,Kırağılar
قراغيوجه,Kraguyofça
قراغيوفجه,Kraguyofça
قراقو,Krakov
قرال,Kral
قرامبوزا,Karamboza
قران,Karan
قران شبش,Karanşebeş
قراندا,Karanda
قرانيا,Kranya
قرانيه,Krayna (Kranya)
قرانيه مع نواحى,Krayna (Kranya) maa Nevahi
قراوارى,Kravari
قراوى,Karavi
قراويا,Karaviya
قراى جديد,Kura-yı Cedid
قراى سبعه,Kura-yı Seba
قرايلى,Kırili
قراينه,Krayna
قراينه مع نواحى,Krayna maa Nevahi
قراپلر,Kraplar
قراچوه,Kraçova
قرباس,Karpas
قربانس,Karbanis
قرباوه,Kırbava
قربيه,Karbiye
قرتال,Kartal
قرتال مع اطه لر,Kartal maa Adalar
قرتنه,Karitena
قرجه صو,Karacasu
قرجه على,Kırcaali
قرجه لر,Karacalar
قرجوه,Kırçova
قرداحه,Kardaha
قرداحه و سمت قبلى و بني على,Kardaha ve Semt-i Kıbli ve Beniali
قرداشلر,Kardaşlar
قرداشلر اطه لرى,Kardaşlar Adaları
قرداميله,Kardamile
قردشلر اطه لرى,Kardaşlar Adaları
قرديچه,Kardiçe
قرزولارى,Kurzolari
قرستواچ,Kristovaç
قرستوش,Karastoş
قرستوشيه,Kristoşiye
قرستوشييه,Kristoşiye
قرسنه,Krasne
قرشهرى,Kırşehri
قرشوه,Kruşova
قرطبه,Kurtuba
قرطوه,Kratova
قرغالى,Kırgalı
قرق آغاج,Kırkağaç
قرق آغاچ,Kırkağaç
قرق اغاج,Kırkağaç
قرق اغاچ,Kırkağaç
قرق بولاق,Kırkbulak
قرق ديليم,Kırkdilim
قرق كليسا,Kırkkilise
قرقه,Kırka
قرقير,Kırkyer
قرم ام سمروع,Karam Ümm-i Semeru
قرمان,Karaman
قرمانلو,Karamanlı
قرمق,Karamık
قرمق مع شفيق,Karamık maa Şefik
قرميط,Kırmıt
قرن,Karn
قرن آباد,Karinabad
قرندوس,Korindos
قرنه و صدر سويب,Kurna ve Sadr-ı Suveyb
قرنين,Karneyn
قره آبدال,Karaabdal
قره آدا,Karaada
قره آطه,Karaada
قره آغاج يلواج,Karaağaç-ı Yalvaç
قره آغاج گول حصار,Karaağaç-ı Gölhisar
قره ارض,Karaarz
قره اطه,Karaada
قره اغاج,Karaağaç
قره اغاج كولحصار,Karaağaç-ı Gölhisar
قره اغاج كولحصارى,Karaağaç-ı Gölhisar
قره اغاج مع افشار,Karaağaç-ı Yalvaç (Karaağaç) maa Afşar
قره اغاج يلواج,Karaağaç-ı Yalvaç
قره اغاج گولحصار,Karaağaç-ı Gölhisar
قره اغاچ,Karaağaç
قره اغاچ يلواچ,Karaağaç-ı Yalvaç
قره اورغان,Karaurgan
قره اوز,Karaöz
قره اولوس,Karaulus
قره اوه,Karaova
قره باصتى,Karabastı
قره باغ,Karabağ
قره باغلر اطه لرى,Karabağlar Adaları
قره باغچه,Karabahçe
قره برك,Karaberk
قره برون,Karaburun
قره بك,Karabey
قره بكان,Karabegan
قره بل,Karabel
قره بوجيلو,Karaböcülü
قره بورك,Karabörk
قره بورن,Karaburun
قره بورون,Karaburun
قره بوغاز,Karaboğaz
قره بوه صوىي,Krabova Suyu
قره بيغا,Karabiga
قره بيقلو,Karabıyıklı
قره بيقلى,Karabıyıklı
قره بيكار,Karapınar
قره بيل,Karabel
قره بيل مع بكطاغى,Karabel maa Beydağı
قره بيل مع عشيرت گينلى و زاره و باليجابلى و جهانبگلى,Karabel maa Aşiret-i Ginili ve Zara ve Balıcablı (?) ve Cihanbeyli
قره تكه,Karahisar-ı Teke (Karateke)
قره تل حمدون,Karatilhamdun
قره تنوس,Karatonus
قره تيمورخان,Karatimurhan
قره تپه,Karatepe
قره جالر,Karacalar
قره جلر,Karacalar
قره جه,Karaca
قره جه آباد,Karacaabad
قره جه اباد,Karacaabad
قره جه اغاج,Karacaağaç
قره جه اوغلان,Karacaoğlan
قره جه اوغلان مع سكى,Karacaoğlan maa Seki
قره جه حصار,Karacahisar
قره جه خليل,Karacahalil
قره جه شهر,Karacaşehir
قره جه صالح,Karacasalih
قره جه صو,Karacasu
قره جه طاغلو,Karacadağlı
قره جه قيونلو,Karacakoyunlu
قره جه كوى,Karacaköy
قره جه لر,Karacalar
قره جه لر خانه لري,Karacalar Haneleri
قره جه لو,Karacalı
قره جه لى,Karacalı
قره جه ويران,Karacaviran
قره جورون,Karacurun
قره جيجه لى مع قلعه جك,Karaciceli maa Kalecik
قره حاجيلو,Karahacılı
قره حاللو,Karahallı
قره حاللى,Karahallı
قره حايط,Karahayıt
قره حرمن,Karaharman
قره حسن,Karahasan
قره حصار بهرام شاه,Karahisar-ı Behramşah
قره حصار بهرام شاه مع قبيلۀ چينى واحسان خانه لرى,Karahisar-ı Behramşah maa Çepni (Kabile-i Çini) ve İhsanhaneleri
قره حصار بهرامشاه,Karahisar-ı Behramşah
قره حصار بهرم شاه,Karahisar-ı Behramşah
قره حصار بيغا,Karahisar-ı Biga
قره حصار تكه,Karahisar-ı Teke
قره حصار تكه مع ناحيۀ بشقوناق,Karahisar-ı Teke maa Nahiye-i Beşkonak
قره حصار تيمورلى,Karahisar-ı Demirli
قره حصار دمورلو,Karahisar-ı Demirli
قره حصار دوه لو,Karahisar-ı Develi
قره حصار شرقى,Karahisar-ı Şarki
قره حصار شرقى مع نواحى,Karahisar-ı Şarki maa nevahi
قره حصار شرقي,Karahisar-ı Şarki
قره حصار شرقی,Karahisar-ı Şarki
قره حصار مع قير حصار,Karahisar-ı Sahib (Karahisar) maa Kırhisar
قره حصار نعللو,Karahisar-ı Nallı
قره حصار و اغجه قلعه,Karahisar ve Ağcakale
قره حصارتكه,Karahisar-ı Teke
قره حصارتيمورجى,Karahisar-ı Demirli (Karahisar-ı Timurci)
قره حصاردمورلو,Karahisar-ı Demirli
قره حصاردمورلو و بوداق اوزى,Karahisar-ı Demirli ve Budaközü
قره حصاردمورلى,Karahisar-ı Demirli
قره حصارشرقى,Karahisar-ı Şarki
قره حصارلو,Karahisarlı
قره حصارو يحيالو,Karahisar-ı Develi (Karahisar) ve Yahyalı
قره حليل,Karahalil
قره حوض,Kırahvaz
قره حيط,Karahayıt
قره خاللو,Karahallı
قره خليل,Karahalil
قره دره,Karadere
قره دكز,Karadeniz
قره دكز بغازي,Karadeniz Boğazı
قره دكز ساحلى,Karadeniz Sahili
قره دكن,Karadiken
قره دكيز,Karadeniz
قره ديكين,Karadiğin
قره سى,Karesi
قره سي,Karesi
قره شار,Karaşar
قره صو,Karasu
قره صو بازارى,Karasupazarı
قره صو تماق,Karasutamak
قره صو سفلا,Karasu-yı Süfla
قره صو طماق,Karasutamak
قره طاش,Karataş
قره طاش كوى,Karataşköy
قره طاش مع آرغادى,Karataş maa Avgadı (Argadı)
قره طاش مع ارغادى,Karataş maa Avgadı (Argadı)
قره طاش و اوغادى,Karataş ve Avgadı
قره طاغ,Karadağ
قره طاغ اوزى,Karadağözü
قره طروق,Karadoruk
قره طغان,Karadoğan
قره طوت,Karatut
قره طوره,Karatura
قره طوروق,Karadoruk
قره طوكه,Karadona
قره طونلو,Karadonlu
قره طوه,Kratova
قره طووا,Kratova
قره طوپراق,Karatoprak
قره على,Karaali
قره عمر,Karaömer
قره عيسالو,Karaisalı
قره عيسالو مع عشيرت منمنجى,Karaisalı ve Aşiret-i Menemenci
قره عيسالو مع عشيرت مَنَمَنْجى,Karaisalı ve Aşiret-i Menemenci
قره عيسى لو,Karaisalı
قره عيسى لو مع حاجيلو,Karaisalı maa Hacılı
قره غان,Karagan
قره غويفچه,Kraguyofça
قره فريه,Karaferye
قره قشلا,Karakışla
قره قشله,Karakışla
قره قلقان و شانشى,Karakalkan ve Şanşi
قره قو اطه جغى,Krako Adacığı
قره قورت,Karakurt
قره قوش,Karakuş
قره قوشلو,Karakuşlu
قره قوشلى,Karakuşlu
قره قولاق,Karakulak
قره قونيچه,Karakoniçe
قره قيا,Karakaya
قره قيالى,Karakayalı
قره قيه لو و قوش تمر,Karakayalı ve Kuştemur
قره كلسا,Karakilise
قره كليسا,Karakilise
قره كوز,Karagöz
قره كول,Karagöl
قره كوللى,Karagöllü
قره كوى,Karaköy
قره كوى اوتلغى,Karaköyotlağı
قره كيجى,Karakeçi
قره كچى,Karakeçi
قره لر,Karalar
قره لوم,Karalom
قره لوم مع بولميه,Karalom maa Polomiye
قره مان,Karaman
قره مانلو يقاسى,Karamanlıyakası
قره مرسل,Karamürsel
قره مغاره,Karamağara
قره مق,Karamık
قره مق مع جاى,Karamık maa Çay
قره مورط,Karamurt
قره مُرْسَل,Karamürsel
قره همشين,Karahemşin
قره وادى,Karavadi
قره وار,Karavar
قره وارى,Kravari
قره وقرجه طاغ,Kara ve Karacadağ
قره وليلر,Karaveliler
قره ويا,Karaviya
قره ويران,Karaviran
قره يازى,Karayazı
قره يازي,Karayazı
قره يقه,Karayaka
قره يقه مع طاش آباد,Karayaka maa Taşabad
قره يكيد,Karayiğid
قره يوك,Karayün
قره پرچك صغير,Karapürçek-i Sagir
قره پرچك كبير,Karapürçek-i Kebir
قره پكار,Karapınar
قره پيكار,Karapınar
قره پيڭار,Karapınar
قره پيڭار مع سلطانيّه,Karapınar maa Sultaniye
قره چالى,Karaçalı
قره چاير,Karaçayır
قره چوبان,Karaçoban
قره چور,Karaçor
قره چوق,Karaçok
قرو دوش قيا,Kurudöşkaya
قروشوه,Kruşova
قروصونا,Krosona
قرولش,Kurveleş
قرون,Koron
قروه لش,Kurveleş
قرووچه,Karavuça
قرويه,Kruya
قرويچه,Kriviçe
قروپا,Krupa
قروپنه,Krupine
قروپه,Krupa
قرى بازارى,Karıpazarı
قرى طاش,Karataş
قرى يايا,Karıyaya
قريتين,Karyeteyn
قريذي,Karizi
قريش,Kureyş
قريش اوزى,Kureyşözü
قريش مع برندى,Kureyş maa Berendi
قريش مع ديوله,Kureyş maa Divle
قريق,Kırık
قريقلى,Karıklı (?)
قريم,Kırım
قريم جزيره سى,Kırım Ceziresi
قريم عتيق,Kırım-ı Atik
قرين,Kurayn
قرين آباد,Karinabad
قرين آباد مع يانبولى,Karinabad maa Yanbolu
قرين اباد,Karinabad
قرينا,Karina (?)
قريوط,Karyot
قريوه رقه مع كريلوه,Krivarika maa Krileva
قريوه ريقه,Krivarika
قريچا,Kriça
قريچوه,Kriçova
قرپاس,Karpas
قز اوجان,Kızuçan
قزاق,Kazak
قزاق ولايتي,Kazak Vilayeti
قزان,Kazan
قزانجق,Kazancık
قزانيه,Kazaniye
قزاي الا پرت,Kuzeyulapert
قزق,Kızık
قزل آغاج مع خاتون ايلى,Yenice-i Kızılağaç (Kızılağaç) maa Hatunili
قزل اطه,Kızılada
قزل اطه لر,Kızıl Adalar
قزل اغاج,Kızılağaç
قزل اوز,Kızılöz
قزل اوه,Kızılova
قزل اين,Kızılin
قزل بل,Kızılbel
قزل بيل,Kızılbel
قزل حصار,Kızılhisar
قزل حصار كبير,Kızılhisar-ı Kebir
قزل رباط,Kızılribat
قزل رُباط مع قولاى,Kızılribat maa Kolay
قزل سراى,Kızılsaray
قزل صولرى,Kızılsuları
قزل قوجه,Kızılkoca
قزل قيا,Kızılkaya
قزل قيه,Kızılkaya
قزل قپو,Kızılkapı
قزل كليسا,Kızılkilise
قزل كنبد,Kızılkünbed
قزل كول,Kızılgöl
قزل كوپرى,Kızılköprü
قزل يارلى,Kızılyarlı
قزلجه,Kızılca
قزلجه حمام,Kızılcahamam
قزلجه طاغ,Kızılcadağ
قزلجه طوزله,Kızılcatuzla
قزلجه على,Kızılcaali
قزلجه قشلاجق,Kızılcakışlacık
قزلجه قلعه,Kızılcakale
قزلجه مسَلّم,Kılızcamüsellem
قزلحسار,Kızılhisar
قزلحصار,Kızılhisar
قزلحصارِ كبير,Kızılhisar-ı Kebir
قزلرباط,Kızılribat
قزلطاش,Kızıltaş
قزلقوجه,Kızılkoca
قزلقيا,Kızılkaya
قزلقيه,Kızılkaya
قزلكليسا,Kızılkilise
قزنيك,Koznik
قزيق,Kızık
قزيل آغاج,Kızılağaç
قزيل اطه,Kızılada
قزيل اطه لر,Kızıl Adalar
قزيل اغاج,Kızılağaç
قزيل اين,Kızılin
قزيل بل,Kızılbel
قزيل بيكلى,Kızılbeyli
قزيل بيل,Kızılbel
قزيل حصار,Kızılhisar
قزيل رباط,Kızılribat
قزيل سراى,Kızılsaray
قزيل طاش,Kızıltaş
قزيل طاغ,Kızıldağ
قزيل قوجه,Kızılkoca
قزيل قيا,Kızılkaya
قزيل كليسا,Kızılkilise
قزيل كونبد,Kızılkünbed
قزيل مع قورى قواق,Kızıl maa Kurukavak
قزيل ويران,Kızılviran
قزيلجه قلعه,Kızılcakale
قزيلچاقچاق,Kızılçakçak
قسبروفچه,Kasperofça
قستان,Kastan
قستل,Kastel
قستل افرنج,Kastel-i Efrenç
قستل بحريه,Kastel-i Bahriye
قستللوز,Kastelloz
قسطل,Kastel
قسطمنو و كول,Kastamonu ve Göl
قسطمونى,Kastamonu
قسطمونى مع ناحيۀ آق قيا,Kastamonu maa Nahiye-i Akkaya
قسطمونى مع نواحى,Kastamonu maa Nevahi
قسطموني,Kastamonu
قسطنطين,Kostantin
قسطنطين اوه,Kostantinova
قسوط,Kaşot (Kasot)
قشران,Kışran
قشلاغات,Kışlağat
قشوط,Kaşot
قصاب,Kasab
قصبۀ خندق مع بالقلى,Hendek (Kasaba-i Hendek) maa Balıklı
قصر جبل,Kasr-ı Cebel
قصر شيرين,Kasr-ı Şirin
قصر عنتر (؟),Kasr-ı Anter (?)
قصطراط,Kastırat
قصون,Kusun
قصون مع كولك,Kusun maa Gülek
قصون مع گولك,Kusun maa Gülek
قصون مع گولك و تكه لو,Kusun maa Gülek ve Tekeli
قصون مع گُولَكْ,Kusun maa Gülek
قصون و كولك و تكلو,Kusun ve Gülek ve Tekeli
قصير,Kusayr
قصير مع قره موط,Cebel-i Kusayr (Kusayr) maa Karamut
قصيمه,Kusayma
قضاء ثلثه,Kaza-i Selase
قضالي,Kazalı (?)
قضيكوى,Kadıköy
قطاع الطريق,Kuttauttarik
قطافيه,Katafiye
قطامه,Kutama
قطب جنوبى,Kutb-ı Cenubi
قطب شمالى,Kutb-ı Şimali
قطة ابو تفاح,Kıta Ebutüffah
قطر,Katar
قطران,Katran
قطرانجى آطه لرى,Katrancı Adaları
قطرانچه,Katraniçe
قطرسراى,Katarsaray
قطرون,Katrun
قطنا,Katana
قطنه,Kutna
قطه ترمبه,Kıta Terumba
قطيف,Katif
قطيفه,Kutayfe
قعطبه,Kataba
قغانس,Koğans
قغزمان,Kağızman
قفاعى,Kıfai
قفر بري,Kafr Berri
قفره,Kufra
قفصه,Kafsa
قفقنا,Kafkana
ققات,Kakat
قلادندره,Kaladendra
قلادنه,Kladine
قلادوه,Kladova
قلادينه,Kladine
قلادينه مع الوه,Kladine maa Olova
قلادينه مع اولوه,Kladine maa Olova
قلاروس,Kalaros
قلاص,Kalas
قلاع الدعوه,Kılaüddava
قلاع دوحوك و مناخو و راخو,Kıla-ı Duhuk ve Manaho ve Zaho
قلاع دوهوك و مناخو و زاخو,Kıla-ı Duhuk ve Manaho ve Zaho
قلاع عقره و كلى دير,Akra (Kıla-ı Akra) ve Killideyr
قلاع عقره وكل دير,Akra (Kıla-ı Akra) ve Killideyr
قلاع عقره وكلّى دير,Akra (Kıla-ı Akra) ve Killideyr
قلاع پير احمد اوغلي,Kıla-ı Pirahmedoğlu
قلاغوز,Kulağuz
قلاماته,Kalamata
قلاماشيه,Kalamaşye
قلاماكى,Kalamaki
قلامته,Kalamata
قلامو,Kalamo
قلاموتى,Kalamoti
قلاموس,Kalamos
قلاموطى,Kalamoti
قلاموپولو,Kalamopolo
قلاوانى اطه لرى,Kalavani Adaları
قلاورته,Kalavrita
قلاورته مع ووستنجه,Kalavrita maa Voştiçe (Vostinçe)
قلاورته و باليه بادره,Kalavrita ve Balyabadra
قلاپودى,Kalapodi
قلاچه,Kalaça
قلب,Kulb
قلبرن,Kılburun
قلبرون,Kılburun
قلعة الرماد,Kaletürramad
قلعة الشمر,Kaletüşşemer
قلعة النجم,Kalatünnecm
قلعه,Kale
قلعه جق,Kalecik
قلعه جك,Kalecik
قلعه ديز,Kalediz
قلعه غازي خضرى,Kale-i Gazi Hadra
قلعه كوى,Kaleköy
قلعه نما دره سى,Kalenimaderesi
قلعۀ آغجه قلعه,Kale-i Ağcakale
قلعۀ اذكان و قلعۀ ارغيف و توتوس دمسغار (؟),Kale-i Ezgan (?) ve Kale-i Argif (?) ve Totosdimisgar (?)
قلعۀ ارزين,Kale-i Erzin
قلعۀ اسكنيد,İskinid (Kale-i İskinid)
قلعۀ اودونه مع واروش,Udvine (Kale-i Udvine) maa Varoş
قلعۀ اچو,Kale-i Açu
قلعۀ جديد,Kale-i Cedid
قلعۀ جديد سيواس,Kale-i Cedid-i Sivas
قلعۀ حصبان (؟),Kale-i Hasaban
قلعۀ حكل,Kale-i Hakl
قلعۀ ديزه,Kale-i Dize
قلعۀ رودينه,Kale-i Rudine
قلعۀ زير,Kale-i Zir
قلعۀ سكر,Kale-i Sükker
قلعۀ سلطا نيه,Kale-i Sultaniye
قلعۀ سلطا نيّه,Kale-i Sultaniye
قلعۀ سلطانيه,Kale-i Sultaniye
قلعۀ سيواله,Kale-i Sivke (Sivale)
قلعۀ سيوكه,Kale-i Sivke
قلعۀ شرش,Kale-i Şeriş
قلعۀ عبدالله,Kale-i Abdullah
قلعۀ عجل,Kale-i Acel
قلعۀ عزور (؟),Kale-i Azur (?)
قلعۀ كمحنص وبناك وبريك وپشكير وبوسنك,Kale-i Kemhıs (Kemhınıs) ve Penek ve Berik (?) ve Penesker (Peşkir) ve Posik (Bosnik)
قلعۀ لنتي,Kale-i Lenti
قلعۀ لوانه باش قپان واشكفتوز ورجيك,Livane (Kale-i Livane Başkapan) ve İşkeftoz ve Recik (?)
قلعۀ مشوه,Kale-i Maşova (?)
قلعۀ موداع,Kale-i Muda
قلعۀ هيتون,Kale-i Heytun
قلعۀ واره دين,Varadin Kalesi
قلعۀ وسريه (؟),Kale-i Vesirye (?)
قلعۀ ويران شمكور,Kale-i Viranşemkür
قلعۀ يكيجه,Kale-i Yenice
قلعۀ پسك (؟),Kale-i Pesek (?)
قلعۀ چمنتو,Kale-i Çiminto
قلقان مع قاش,Kalkanlı (Kalkan) maa Kaş
قلقاندلان,Kalkandelen
قلقاندلن,Kalkandelen
قلقانلو,Kalkanlı
قلقانلى,Kalkanlı
قلقش,Kılkış
قلقيش,Kılkış
قلمانيچه,Kalmaniçe
قلمانچه,Kalmaniçe
قلمون,Kalemun
قلنوز,Klinoz
قلنيه,Klenye
قله لى برغوس,Kulelibergos
قلو فر,Kalofer
قلوبق,Klobuk
قلوبوق,Klobuk
قلوج,Kluç
قلومبه,Kolomba
قلونيه,Kaloniye
قلوپتنك,Klopotnik
قلوپوتنك,Klopotnik
قلوپوتنيك,Klopotnik
قلوچ,Kluç
قليبيه,Kalibiya
قليجلو,Kılıçlı
قليسوره,Klisura
قليسووه اطه لرى,Kılisova Adaları
قليعه,Kuleya
قليمنوس,Kalimnos
قلينه,Kaline
قليوبيه,Kalyubiye
قليون كاويسى,Kalyun gavisi
قليچلو,Kılıçlı
قليچلى,Kılıçlı
قلّتين جديدتين,Kuleteyn-i Cedideteyn
قلپودى,Kalapodi
قلۀ كوپرى اغريبوز,Kule-i Köprü-i Ağrıboz
قماح,Kummah
قمارى,Kamari
قماريانى,Kamaryani
قماريك,Kamarik
قماعره,Kamaira
قمان,Kaman
قمانچشتۀ كوچك,Kamançişte-i Küçük
قمران و اقوه,Komaran ve Akova
قمن العروس مع زاويه,Kımenülarus maa Zaviye
قمنجه,Kameniçe
قمنغراد,Kamengrad
قمنيس,Kaminis
قمنيچه,Kameniçe
قمنچه,Kameniçe
قمه,Kummah
قموتين,Komotin
قمولوس,Kimolos
قنات,Kanat
قناريا اطه لرى,Kanarya Adaları
قناسيه,Kanasiye
قناق بالا,Kanak-ı Bala
قناق زير,Kanak-ı Zir
قنالو اطه,Kınalıada
قنبرلر بالا,Kanberler-i Bala
قنجلو,Kancalı
قنجلى,Kıncılı
قندره,Kandıra
قندره مع گنجلو,Kandıra maa Genceli
قندرى,Kandıra
قندرى مع كنجلو,Kandıra maa Genceli
قندله,Kandila
قندهار,Kandahar
قندوره مع گنجلو,Kandıra maa Genceli
قنديرى مع كنجلى,Kandıra maa Genceli
قنديرى مع كنجيلى,Kandıra maa Genceli (Gencili)
قنديغى,Kındığı
قنديه,Kandiye
قنطره بوغزي,Kantara Boğazı
قنطره و نعيم,Kuneytıra (Kantara) ve Naim
قنغال,Kangal
قنفده,Kunfuda
قنق,Kınık
قنقده,Kunfuda
قنلى اطه,Kınalıada
قنه,Kına
قنه لى اطه,Kınalıada
قنه مع قصير,Kına maa Kusayr
قنوبا,Kunupa
قنوش,Konuş
قنوپا,Kunupa
قنيزه,Kanije
قنيطره,Kuneytıra
قنيطره / القنيطره,Kuneytıra
قنيژه,Kanije
قنژه,Kanije
قو,Ko
قواته,Kovata
قواج,Kovaç
قوارنه,Kavarna
قوارونيسى اطه لرى,Kavoronisi Adaları
قواس,Kovas
قواسنچ,Kovasinç
قواق,Kavak
قواقلى,Kavaklı
قواقلى دره,Kavaklıdere
قواله,Kavala
قوالوس,Kavalos
قوالَه,Kavala
قوايا,Kavaya
قوايه,Kavaya
قوايه مع ديراج,Kavaya maa Draç
قوبا,Kuba
قوباش,Kobaş
قوبر,Kubber
قوبيل دول,Kobildol
قوتار,Kotar
قوتامه,Kutama
قوتلو دكين,Kutludiğin
قوتلوفجه,Kutlofça
قوتلونيس,Kotolonis
قوتلى دره,Kutludere
قوتهوه,Kutiheva
قوتورسقا,Kotorska
قوج,Kuç
قوجاجق,Kocacık
قوجاق,Koçak
قوجاينه,Kuçayna
قوجحصار,Koçhisar
قوجقدر,Kocokdor
قوجقماز,Koçakmaz
قوجكيرى,Koçgiri
قوجه,Koca
قوجه اوزى,Kocaözü
قوجه ايلى,Kocaeli
قوجه ايلي,Kocaeli
قوجه باش,Kocabaş
قوجه على,Kocaali
قوجه قياسى,Kocakayası
قوجه چاى,Kocaçay
قوجوه و نيقوديم,Kuçeva ve Nikodim
قوجَه ايلى,Kocaeli
قودا,Kuda
قوراقو,Korako
قوراكى,Koraki
قوراكي,Kuraki
قوراماز,Kuramaz
قورباغى,Kurbağı
قوربن,Kurbin
قوربنه,Korpana
قوربين,Kurbin
قورتى,Korti
قورجق (؟),Bertiz (Kurucak (?))
قورد,Kurd
قورد اوكزى,Kurdöküzü
قورد اوكوزى,Kurdöküzü
قورد قلعه سى,Kurdkalesi
قوردوفان,Kurdufan
قوردومت,Kurdumit
قورزاف,Korzaf
قورسقه ژوپه,Korskajupe
قورسيقا,Korsika
قورسيقه,Korsika
قورشته,Koreşta
قورشنلو,Kurşunlu
قورشه دول,Kurşedol
قورشونلو,Kurşunlu
قورشونلو كليسا,Kurşunlukilise
قورشونلى,Kurşunlu
قورشونه,Kuruşuna
قورشوه,Kruşova
قورفو,Korfu
قورقماز,Korkmaz
قورماكيتي,Kormakiti
قورنا,Kurna
قورناكى اطه لرى,Kurnaki Adaları
قورناكيا,Kurnakiya
قورندوس,Korindos
قورنه,Kurna
قوره,Kura
قوره ماز,Kuramaz
قوره نيك,Kurenik
قورو بازارى,Korupazarı
قورو دوش قيا,Kurudöşkaya
قورو چاى,Kuruçay
قوروجه شيله,Kurucaşile
قورودوش قيا,Kurudöşkaya
قورولش,Kurveleş
قوروم,Korum
قورون,Koron
قورونى,Koroni
قوروه لش,Kurveleş
قوروى همايون,Koru-yı Hümayun
قورى بازارى,Korupazarı
قورى بيكار,Kurupınar
قورى جاى,Kuruçay
قورى دوش قيا,Kurudöşkaya
قورى قواق,Kurukavak
قورى پازار,Korupazarı
قورى پازار مع نعللوخان,Korupazarı (Korupazar) maa Nalluhan
قورى پازارى,Korupazarı
قورى چاى,Kuruçay
قوريانيك,Kuryanik
قوريتوس,Koritos
قوريجه شيله,Kurucaşile
قوريجه ويران,Kurucaviran
قوريجى,Korucu
قوريقواق,Kurukavak
قوريلوچه,Kurilovça
قوريه وصدرصويت ومحمل,Kurna (Kurye) ve Sadr-ı Suveyb (Sadr-ı Suveyt) ve Muhmel
قوريچاى,Kuruçay
قورپنه,Korpana
قورچولا,Kurçola
قورچوله,Kurçola
قوز,Koz
قوز اباد,Kuzabad
قوز ايل,Kuzil
قوز قشله,Kuzkışla
قوز كويى,Kuzköyü
قوز يقه,Kuzyaka
قوزارجه,Kozarçe
قوزارچه,Kozarçe
قوزاق,Kozak
قوزاق مع فسلكه,Kozak maa Fesleğe
قوزان,Kozan
قوزان ساحل,Kozan Sahil
قوزان شرقى,Kozan-ı Şarki
قوزان غربى,Kozan-ı Garbi
قوزانلو,Kozanlı
قوزانه,Kozana
قوزاى ارزنجان,Kuzeyerzincan
قوزاى كماح,Kuzeykemah
قوزاى كماخ,Kuzeykemah
قوزاى پاسين,Kuzeypasin
قوزاي,Kuzey (Ardahan-ı Küçük)
قوزاي اولتى,Kuzeyoltu
قوزاي پنبك,Kuzeypenbek
قوزجغاز,Kozcuğaz
قوزجه,Kuzca
قوزغون,Kuzgun
قوزقشله,Kuzkışla
قوزقيا,Kozkaya
قوزقيشله,Kuzkışla
قوزكولجك,Kuzgölcük
قوزلق,Kozluk
قوزلو,Kozlu
قوزلى,Kozlu
قوزليجه,Kozluca
قوزنيق,Koznik
قوزنيك,Koznik
قوزى كودنلى,Kuzugüdenli
قوزى كودنلى عشيرتى,Kuzugüdenli Aşireti
قوزى كودنلى مع صارى اوغلان ضمانتى,"Kuzugüdenli maa Sarıoğlan, Zamantı"
قوزيب صولنق,Kozibsolnok
قوزيجان,Kızuçan
قوزيقا,Kuzyaka
قوزيقه,Kuzyaka
قوزيچان,Kızuçan (Kuziçan)
قوستانيچه,Kostayniçe (Kostaniçe)
قوستاينجه,Kostayniçe
قوستاينيچه,Kostayniçe
قوستاينچه,Kostayniçe
قوستنيچه,Kostayniçe (Kostaniçe)
قوسوه,Kosova
قوش,Kuş
قوش آطه سى,Kuşadası
قوش اطه سى,Kuşadası
قوش اطه سي,Kuşadası
قوش اطه لرى,Kuş Adaları
قوش اووا,Kuşova
قوش تپه,Kuştepe
قوش طاش,Kuştaş
قوش طاغى,Kuşdağı
قوشتمر,Kuştemur
قوشتمر و قره قيالو,Kuştemur ve Karakayalı
قوشتمور,Kuştemur
قوشطاش,Kuştaş
قوشقه,Koşka
قوشقه مع نيونه,Koşka maa Niyona
قوشقواق,Koşukavak
قوشلات,Kuşlat
قوشلى عشيرتى,Kuşlu Aşireti
قوشمشاد,Koşmuşad
قوشوطيچه,Koşutiçe
قوشيقواق,Koşukavak
قوصور,Kosor
قوصوه,Kosova
قوطار,Kotar
قوطقوفجى,Kutkofci
قوطو دره سى,Kutuderesi
قوطى دره سى,Kotideresi
قوغه جايرى,Koğaçayırı
قوفجغاز,Kofcuğaz
قوفه,Kufa
قوفونيزى,Kofonizi
قوفيدى,Kofidi
قوقالى,Kukali
قوقله,Kukla
قوقنوفچه,Kokinofça
قوقوش,Kokoş
قوقينوفچه,Kokinofça
قوكر,Konur
قوكر مع جسر چاشنكير,Konur maa Cisr-i Çaşnigir
قوكور,Konur
قول اطه,Kulada
قول اوغلى,Kuloğlu
قول اوغلى باش اغالغى,Kuloğlu
قول بكى,Kolbeyi
قول محمود,Kulmahmud
قولا,Kula
قولات,Kolat
قولاشين,Kolaşin
قولاغوز,Kulağuz
قولب,Kulb
قولتك,Koltik
قولتيك,Koltik
قولجق,Kolçak
قولحضراوغلى,Kulhızıroğlu
قولقواچ,Kulokovaç
قولن وقف,Kulenvakıf
قولن وقفى,Kulenvakfı
قولندان,Kolendan
قوله,Kula
قوله قوه ادالرى,Kulakova Adaları
قوله لى برغوس,Kulelibergos
قوله مع چاقرجه,Kula maa Çakırca
قوله وقزل ارباط وزنكى اباد,Kula ve Kızılribat (Kızılirbat) ve Zengiabad
قولورانسيا,Koloranisia
قولورانيسا,Koloranisia
قولورانيسيا,Koloranisia
قولوس,Kolos
قولوكتييا,Kolokitiya
قولونيا,Kolonya
قولونيه,Kolonya
قوليورى,Koliviri
قولپاق و عراقلو,Kulpak ve Araklı
قولۀ بالاى غلطه,Kule-i Bala-yı Galata
قوم,Kum
قوم اطه لرى,Kum Adaları
قوم قلعه,Kumkale
قوماح,Kummah
قومار,Komar
قوماران,Komaran
قوماراوزى و مناخوس,Kumarözü ve Manahos
قومارن,Komaran
قومارنچه,Komarniçe
قوماريد,Kumarid
قومانوا,Kumanova
قومانوه,Kumanova
قومران,Komaran
قومرى,Kumru
قومصور,Komsor
قومليجه,Kumluca
قومنات,Komenat
قومنات و جنجفه,Komenat ve Cincife
قومنات و كافرنى,Komenat ve Kafirni
قومه صور,Komasor
قوموثى,Kumusi
قومى,Kumi
قومياد,Komyad
قون,Kovin
قوناج پوليه,Konaçpolye
قوناغى,Konağı
قوناق پيكار,Konakpınarı
قوناقلى,Konaklı
قوندو مخو,Kondomiho
قوندوس,Kondos
قونديه,Kondiye
قونطونيس,Kontonis
قونلونيسى,Konlonisi
قونملات,Konomlat
قونوپه,Kunupa
قونيجه,Koniçe
قونيجه مع ناحيۀ لسقويق,Koniçe maa Nahiye-i Leskovik
قونيه,Konya
قونيه اركلى,Konya Ereğli
قونيه مع نواحى,Konya maa Nevahi
قونيچه,Koniçe
قونیه,Konya
قوه لى,Kuveli
قووارجه,Kovarçe
قويطع,Kuveyta
قويطع ثلثِ عكّار,Kuveyta [maa] Sülüs-i Akkar
قويطعِ جبيل,Kuveyta-i Cübeyl
قويق,Kuveyk
قويلجه كبير مع صغير,Koyluca-i Kebir maa Sagir
قويلحصار,Koyluhisar
قويلو حصار,Koyluhisar
قويلوج,Koyluç
قويلوحصار,Koyluhisar
قويلى حصار,Koyluhisar
قوين,Kovin
قوينه,Kvoyna
قويون,Koyun
قويون آغيلى,Koyunağılı
قويون اده لرى,Koyun Adaları
قويوه,Koyva
قوپ,Kop
قوپ مع بولانقليز و عشيرت ممكى,Kop maa Bulanakliz ve Aşiret-i Memeki
قوپاتوس,Kopanos
قوپاكى,Kupaki
قوپانيك,Kopanik
قوپلاد,Koplad
قوپنك,Kupinik
قوپنيك,Kupinik
قوپورنوه,Kopornova
قوپوريك,Koporik
قوپوزجى,Kopuzcu
قوپينك,Kupinik
قوپَان,Kopan
قوچ حصار,Koçhisar
قوچ حصار قرمان,Koçhisar-ı Karaman
قوچ على,Koçali
قوچارلى,Koçarlı
قوچاق,Koçak
قوچاينه,Kuçayna
قوچحصار,Koçhisar
قوچحصار مع اسبكشان اين اوى,Koçhisar maa Esbkeşan-ı İnevi
قوچقماز,Koçakmaz
قوچكيرى,Koçgiri
قوچه,Kuça
قوچوميتى,Koçomiti
قوچوه,Kuçeva
قوچى,Koçi
قوژل اووه,Kojulova
قوژول اوه,Kojulova
قوژول اووه,Kojulova
قوڭر,Konur
قوڭرپه,Konrapa
قوڭور,Konur
قيا,Kaya
قياجق,Kayacık
قياجوق,Kayacık
قيالر,Kayalar
قياپا,Kayapa
قير ايلى,Kırili
قير حصار,Kırhisar
قيراجوه,Kraçova
قيران,Kayran
قيرايلى,Kırili
قيرجه على,Kırcaali
قيرجوه,Kırçova
قيرحصار,Kırhisar
قيرزاوه,Kırzava
قيرشهرى,Kırşehri
قيرشهري,Kırşehri
قيرقه,Kırka
قيرميل,Kırmıl
قيره طوه,Kratova
قيروان,Kayravan
قيريق,Kırık
قيريق مندول,Kırık-ı Mindaval
قيريوچه,Kırivçe
قيز اوجان,Kızuçan
قيز اوچان,Kızuçan
قيزل ايرمق,Kızılırmak
قيزل اين,Kızılin
قيزل كلسا,Kızılkilise
قيزلجه,Kızılca
قيزيل ايرمق,Kızılırmak
قيساريه,Kaysariye
قيصالو,Kısalo
قيصرى,Kayseri
قيطع,Kayta
قيغولى,Kaygılı
قيغولي,Kaygılı
قيل برون,Kılburun
قيل بورون,Kılburun
قيلدونلى,Kıldonlu Cemaatleri
قيلقيش,Kılkış
قيلْ بُرُون,Kılburun
قيماس,Kaymas
قيمولوس,Kimolos
قينار,Kaynar
قينارجه,Kaynarca
قيناق,Kaynak
قينه لى اطه,Kınalıada
قيه جق,Kayacık
قيو محمودى,Kuyumahmudi
قيوجاق,Kuyucak
قيوجق,Kuyucak
قيولحصار,Koyluhisar
قيولى,Kuyulu
قيون,Koyun
قيون اطه لرى,Koyun Adaları
قيون ايلى,Koyuneli
قيون تپه,Koyuntepe
قيون دپه,Koyuntepe
قيى,Kayı
قيپاق,Kaypak
قَتَرِينْ مع بلاطمنه,Katerin maa Platimana
قَره اَرْض,Karaarz
قَسْتَلْ,Kastel
قَسْطمُونى,Kastamonu
قَلْيُوبِيّه,Kalyubiye
قَمَرْ,Kamer
قَمَنُ العروس مع زاويه,Kımenülarus (Kamenülarus) maa Zaviye
قَوزْليجَه,Kozluca
قَيْرَوان,Kayravan
قُصير,Kusayr
قُلب,Kulb
قُوريِچَاىْ,Kuruçay
قُورْد اوُكُوزِى,Kurdöküzü
قُوس,Kus
قُونيچَه,Koniçe
قِنَه,Kına
قِنَه مع قُصَير,Kına maa Kusayr
قپان,Kapan
قپروار,Kaprivar
قپرور,Kaprivar
قپنوه,Kapinova
قپو اغزى,Kapuağzı
قپو طائفسى,Kaputaifesi
قپو طائفه سى,Kaputaifesi
قپو طاغى,Kapudağı
قپو كوى,Kapuköy
قپو محمودى,Kapumahmudi
قپوار,Kapuvar
قپودان برغازى,Kapudanburgazı
قپودانلق بنى زرد,Kapudanlık-ı Benizerd
قپودانلق دريا,Kapudanlık-ı Derya
قپوداني,Kapudani
قپوريك,Koporik
قپوزجى,Kopuzcu
قپوش,Kapoş
قپوشوار,Kapoşvar
قپوطاغي,Kapudağı
قچانيق,Kaçanik
قچانيك,Kaçanik
كا راز,Karaz
كابل,Kabil
كاحته,Kahta
كاخته,Kahta
كاختى و كركر,Kahta ve Gerger
كاخيد,Kahid
كارتيل,Kartil
كارجقان,Karçikan
كارجكان,Karçikan
كاركار,Karkar
كارنى,Garni
كارو,Karu
كارير,Karir
كارچكان,Karçikan
كاشعت,Kaşat (?)
كاظميه,Kazımiye
كاظميه و جواديه,Kazımiye ve Cevadiye
كاغدكنان,Kağıdkonan
كاف مع عمدون و مكنه و سنان و تستور و طبرسوق,Kef (Kaf) maa Amdun ve Mikne ve Sinan ve Testur ve Tabersuk
كاف مع عَمْدُونْ و مِكْنَه و سِنانْ و تَسْتُور و طَبَرْسُوقْ,Kef (Kaf) maa Amdun ve Mikne ve Sinan ve Testur ve Tabersuk
كافرنى,Kafirni
كافرني,Kafirni
كافكانه,Kafkana
كافورنى و توزانلو,Kafirni ve Tozanlı
كاقوريچه,Kakoriçe
كالو,Kallo
كالور,Kalur
كان,Kan
كانغرى,Kengırı
كانغرى مع قره جه ويران,Kengırı maa Karacaviran
كانى,Kani
كاهكك,Kahkik
كاودول,Gavdul
كاوركان,Gavurgan
كاوروان,Gavrevan
كاوورذى,Gavurzi
كاوورزى,Gavurzi
كاويللو مع باركلو,Kavilli maa Barikli
كبامه,Gebeme
كبان معادن همايون,Keban Maadin-i Hümayunu
كبرولى,Köprülü (?)
كبز,Gebiz
كبسل,Kebsil
كبسود,Kepsud
كبسيل,Kebsil
كبشه,Kebişe
كبمه,Gebeme
كبن,Geben
كبه مه,Gebeme
كبيز,Gebiz
كبيسه,Kubeyse
كبّر,Kübber
كتاتس,Kütatis
كتاتيس,Kütatis
كتاى حورات,Kitayhorad
كتاى حوراد,Kitayhorad
كته,Kite
كته قيا الى,Kite Kayaili
كته مع بروسه,Kite maa Bursa
كته مع جبل عتيق,Kite maa Cebel-i Atik
كته مع ناحيۀ جبل عتيق,Kite maa Nahiye-i Cebel-i Atik
كتهل,Kethel
كتور,Kötür
كثير,Kusir
كجكه,Geçge
كجنوس,Koçanos
كجوان,Geçvan
كجى,Keçi
كجى بورلي,Keçiborlu
كجيبورلى,Keçiborlu
كجيلر اسكله سى,Keçileriskelesi
كجيى بورلى,Keçiborlu
كدرپت,Kederpit
كدك,Gedik
كدك چبق,Gedik-i Çubuk
كدكجيق,Gedik-i Çubuk
كدكچبق,Gedik-i Çubuk
كدكچبوق,Gedik-i Çubuk
كده غره و غازيلر اوجاغى,Vezirköprü (Kedegara) ve Gaziler Ocağı
كدوس,Gedüs
كدوس مع قصبۀ شبخانه,Gediz (Gedüs) maa kasaba-ı Şabhane
كدول,Güdül
كديز,Gediz
كرا,Kira
كرا بنه,Grebene
كرار,Kerar
كراسيه,Kirasiye
كرامكا,Keramena
كرامڭا,Keramena
كرانس,Gerenis
كراى,Giray
كربران,Kerburan
كربلا,Kerbela
كربلا و نجف,Kerbela ve Necef
كربه اطه سى,Kerpe Adası
كربوران,Kerburan
كرتانوص,Kirtanos
كرتنى,Kertena
كرتوان,Kertuvan
كرج,Kerc
كرجانس,Gercanis
كرجانس مع كماح,Gercanis maa Kemah
كرجانيس,Gercanis
كرجوش,Gercüş
كرخ جهتى,Kerh ciheti
كرد,Girid
كردستان,Kürdistan
كرده,Gerede
كردى,Gerdi
كردى [مع] هريكى,Gerdi [maa] Heriki
كردى مع هريكى,Gerdi maa Heriki
كردى مع چيناره,Kürdi maa Çınare
كردى هريكى,Gerdi maa Heriki
كرديك,Gerdik
كرر,Kerar
كرز الياس,Gürzilyas
كرزه,Gerze
كرزه و سراى,Gerze ve Saray
كرسئ بولى,Kürsü-i Bolu
كرسو,Kerso
كرسى,Kürsi
كرشوه,Kreşova
كرفتو,Keraftu
كرفتو و كوره قلا,Keraftu ve Gürekale
كرك,Kerek
كرك شبك,Kerek-i Şubek
كرك شوبك,Kerek-i Şubek
كرك نوح النبى,Kerek-i Nuhnebi
كركر,Gerger
كركر و كاخته,Gerger ve Kahta
كركه ناج,Kerkenac
كركوتلى,Kerkütlü
كركوك,Kerkük
كركوك شروان,Kerkük Şirvan
كركى,Gireği
كركيس,Gerenis
كركيل,Görgil
كرلاباد,Kirilabad
كرلى,Kirli
كرليه,Kirliye
كرمات,Germat
كرماستى,Kirmasti
كرمان شاهان,Kirmanşahan
كرمتر,Germiter
كرمرود,Keremrud
كرمكى,Girmeği
كرمل,Kermel
كرمن,Kermen
كرمنات,Kremenat
كرمنجك,Germencik
كرموجك,Germücek
كرمى,Girmeği (Girmi)
كرميان,Germiyan
كرميد,Kiremid
كرميل,Kirmil
كرميلى,Germili
كرمچ,Kirmiç
كرمگي,Girmeği
كرنح,Kernih
كرند,Kerend
كرنكير,Giringir
كرنيچه,Kerniçe
كره بنه,Grebene
كره تنه,Keretine
كره ده,Gerede
كره ده لى,Geredeli
كره سون,Giresun
كره شوه,Kreşova
كره كوسك,Giregösek
كره كى,Gireği
كره كى و التون طاش,Gireği ve Altıntaş
كره منات,Kremenat
كره موتى,Kiremuti
كره وز,Kürevez
كروانسراى,Kervansaray
كرون,Gürün
كروينه,Krivina
كروّس,Kerevvus
كرياكى,Kiryaki
كريتا,Krita
كريد,Girid
كريز يقاسى,Gerizyakası
كريش,Geriş
كريلوه,Krileva
كريلوه مع قريوه رقه,Krileva maa Krivarika
كرينه بولكه سى,Gerine bölgesi
كريه,Gerye
كريوه ريقه,Krivarika
كريچقه,Kriçka
كريچقه_x001C_,Kriçka
كرپ,Kerpe
كرپنش,Kerpiniş
كرپه,Kerpe
كرپى,Kerpi
كرپي,Kerpi
كرچ,Kireç
كرچقه,Kriçka
كرچكان,Karçikan
كرچلى,Kireçli
كرژغال,Garajgal
كزه مع زپره نه,Geze (?) maa Zeprene (?)
كزين,Gezin
كزّاز,Kezzaz
كساره,Kessare
كسامو,Kisamo
كسان,Kisan
كستانبولى,Kestanbolu
كستانه,Kestane
كستره,Göstere
كستل,Kestel
كستل مع نازلى,Kestel maa Nazilli (Nazlı)
كستنيچ,Kösteniç
كستوج,Kestuc
كسخه,Kisha
كسره,Kesre
كسروان,Kisrevan
كسريجه,Kesriçe
كسريه,Kesriye
كسريّه,Kesriye
كسكانلو عشيرتى,Keskanlı Aşireti
كسكم,Kiskim
كسكيم,Kiskim
كسكين قلعجك,Keskin-i Kalecik
كسكين قلعه جك,Keskin-i Kalecik
كسلنه,Keslene
كسندره,Kesendire
كسنديره,Kesendire
كسنديه,Kisindiye
كسون,Kesriye (Kesven (?))
كسوه,Kisve
كش دره سى,Keşderesi
كشاب,Keşab
كشاف,Keşşaf
كشان,Keşan
كشان مجيديه,Keşan Mecidiye
كشتاسب,Guştasb
كشتاصف,Keştasıf
كشرلو,Keşirli
كشرلوى صغير و كبير,Keşirli (Keşirli-yi Sagir ve Kebir)
كشرلى,Keşirli
كشلو,Keşli
كشلو و ارملو و بولاجله و تاتار و قره بوجيلو و قره حاجيلو و بخشش و كوردجى و صندللو و خير ايللو و قبطيان,Keşli ve İremli ve Bulacalı ve Tatar ve Karaböcülü ve Karahacılı ve Bahşeş ve Kürdeci ve Sandallı ve Hayrilli ve Kıbtiyan
كشم,Kişm
كشنوز,Keşanoz
كشيرلو,Keşirli
كشيش,Keşiş
كشيشلك,Keşişlik
كشّاف,Keşşaf
كصور,Kosor
كف,Kef
كفارات,Kefarat
كفالنيه,Kefalonya
كفالو,Kefalo
كفالوس,Kefalos
كفالونيا,Kefalonya
كفالونيه,Kefalonya
كفر تحارم,Kefreteharim
كفر كنه,Kefrkenne
كفر نجم,Kefrnecm
كفراور,Kefraver
كفرة حاريم,Kefreteharim
كفرديز,Keferdiz
كفرطاب,Kefertab
كفرنجه,Küfrence
كفرى,Kifri
كفرِ نجم,Kefrnecm
كفكن,Kefken
كفل,Kifl
كفندر,Küfündür
كفندير,Küfündür
كفه,Kefe
كفه قصبه سى,Kefekasabası
كفوزى,Kefozi
كفيل,Kufil
ككبوزه,Gekboze
ككبوزه مع طاش كوپرى,Gekboze maa Taşköprü
ككبويزه و يوروس,Gekboze (Gekbovize) ve Yoros
ككله,Kikle
ككليك,Keklik
ككه برد,Kekeberd
ككوه,Kekova
ككوى,Kikköy
كل بغچه,Gülbağçe
كلادره,Gladra
كلارو,Glaro
كلاس,Keles
كلاش,Kelaş
كلاش ديكر,Kelaş-ı diğer
كلاش و الان,Kelaş ve Alan
كلالون,Kelalun
كلام,Külam
كلان,Gilan
كلانكرن,Gelengeren (?)
كلانه ارزان,Kelane-i Erzan
كلاهلى,Külahlı
كلبازار بولى,Gölpazar-ı Bolu
كلبرد,Güleberd
كلدكلان,Geldiklan
كلريچ,Keleriç
كلزمان,Kilizman
كلستان,Gülistan
كلسمه,Kilseme
كلشهرى,Gülşehri
كلعنبر,Gülanber
كلغره,Keligra
كلفا,Kelefa
كلفار,Kilifar
كلفو,Kelifo
كلكيد,Kelkid
كلكيد وصداق,Kelkid ve Sadak
كللاس,Keles
كلمريه,Kelemerye
كلمغاد,Kilmigad
كلمغاد مع يقه جق,Kilmigad maa Yakacık
كلمنته,Klemente
كلميغاد,Kilmigad
كلميه,Kelemiye
كلنار,Gülnar
كلنار مع كورة النور,Gülnar maa Küretünnur
كلناراووه جق,Gülnar Ovacık
كلنبه,Gelenbe
كلنجك,Gelencik
كلندر,Kilindir
كلندره,Gilindire
كلندوس,Gelendos
كلندير,Kilindir
كلنديره,Gilindire
كلنكراس,Gelingiras
كلنوس,Gülnos
كله ريچ,Keleriç
كله موس,Kelemus
كله نبه,Gelenbe
كلوج,Kluç
كلود,Gülüd
كلوينى,Kelevini
كلوچ,Kluç
كلى,Kili
كليبولى,Gelibolu
كليبولى مع اجه اباد و قصبۀ سد البحر و كليد البحر,Gelibolu maa Eceabad ve Kasaba-i Seddülbahir ve Kilidülbahir
كليبولى مع نواحئ بولاير,Gelibolu maa nevahi-i Bolayır
كليبولى مع نواحى,Gelibolu maa Nevahi
كليبولي,Gelibolu
كليد البحر,Kilidülbahir
كليسا,Kilise
كليسالى,Kiliseli
كليسه حصار,Kilisehisar
كليسوره,Klisura
كليكان,Gülikan
كليكوزان,Geligüzan
كليوره,Gelivera
كليوس بغدادجغى,Kilyos Bağdadcığı
كليچواج,Kliçovaç
كليچويچ,Kliçovaç (Kliçoviç)
كماح,Kemah
كماح مع قورى چاى وكرجانس,Kemah maa Kuruçay ve Gercanis
كماح و قورى جاى و كرجانس,Kemah ve Kuruçay ve Gercanis
كماح وقورى چاى,Kemah ve Kuruçay
كماخ,Kemah
كماريك,Kamarik
كمال پاشا,Kemalpaşa
كماللر,Kemaller
كماللى,Kemalli
كمحيص,Kemhıs
كمر,Kemer
كمر بورغاس,Kemerburgaz
كمر حميد,Kemer-i Hamid
كمر مع كولحصار,Kemer-i Hamid (Kemer) maa Gölhisar
كمرحميد,Kemer-i Hamid
كمرك,Gemerek
كمره,Kemere
كمش,Gümüş
كمش آباد,Gümüşabad
كمش اباد,Gümüşabad
كمش حاجى كويى,Gümüşhacıköy
كمش مع حاجى كوى,Gümüş maa Hacıköy
كمشحانه,Gümüşhane
كمشخانه,Gümüşhane
كمصور,Komsor
كملجنه,Gümülcine
كمليك,Gemlik
كمليك و مدانيه,Gemlik ve Mudanya
كمندوار,Kemendvar
كمور كاويسى,Kömürgavisi
كموش,Gümüş
كموش حاجى كوى,Gümüşhacıköy
كموش مع آرمود ايلى,Gümüş maa Armudili
كموشخانه,Gümüşhane
كموشكون,Gümüşgün
كمولجنه,Gümülcine
كميت,Kumeyt
كميلى,Gemili
كن,Ken
كنار اب طونه,Kenar-ı Ab-ı Tuna
كنار ارماق,Kenar-ı Irmak
كناربل,Kenarbel
كناربيل,Kenarbel
كنارس,Ginares
كناروس,Kinaros
كنج,Genç
كنجلى,Genceli
كنجه,Gence
كنجه بصان,Gencebasan
كنجه لى,Genceli
كندهرك,Gindehrek
كندوان,Kenduvan
كنرش,Kenireş
كنزين,Kenzin
كنزينه,Knezine
كنشت,Keneşt
كنغرى,Kengırı
كنغرى مع قره جه ويران,Kengırı maa Karacaviran
كنكان,Kenekan
كنكوش,Göngöş
كنن,Knin
كنه ز,Kenez
كنوريو,Kenoryo
كنوريو مع پيريوتيچه,Kenoryo maa Piryotiçe
كنوريو و پريوتيچه,Kenoryo ve Piryotiçe
كنوريو و پيريوتيچه,Kenoryo ve Piryotiçe
كنولو,Ginolu
كنولى,Ginolu
كنيز,Keniz
كنين,Knin
كه آ,Kea
كه دورونيزى,Kedoronizi
كه سته ل,Kestel
كه قووا,Kekova
كه له وينى,Kelevini
كهابر,Kehabir
كهرام,Kehram
كهروز,Kehruz
كهريز,Kehriz
كهف,Kehf
كواخور,Kevahor
كوار,Gevar
كوارسليم,Gevarselim
كواسه,Kevase
كواش,Gevaş
كواش رشاديه,Gevaş Reşadiye
كواور,Govavar
كوب,Kop
كوبدره,Küpdere
كوبرى,Vezirköprü (Köprü)
كوبريلى,Köprülü
كوبسى,Küpsi
كوبك ويران,Göbekviran
كوبكويران,Göbekviran
كوبلى اوزى,Küplüözü
كوبليان,Kobliyan
كوبيان,Kübyan
كوة الحى,Kutülhay
كوت الاماره,Kutülamare
كوتاتس,Kütatis
كوتاتس مع بغدادجق,Kütatis maa Bağdadcık
كوتالى,Kütalı
كوتاهيه,Kütahya
كوتاهيه مع طوشانلو,Kütahya maa Tavşanlı
كوتاهيه مع نواحى,Kütahya maa Nevahi
كوتاهيّه,Kütahya
كوتك,Kötek
كوتور,Kötür
كوتون,Kütün
كوتُ العماره,Kutülamare
كوجك,Göcek
كوجك باره,Küçükbare
كوجك بوغاز,Küçükboğaz
كوجك حاجيلو,Küçükhacılı
كوجك ده لوس,Küçükdelos
كوجك صوليجه,Küçüksuluca
كوجك قلعه,Küçükkale
كوجك پاقسو,Küçükpakso
كوجك چامليجه,Küçükçamlıca
كوجك چوقه,Küçükçuka
كوجنوس,Koçanos
كوجوجك,Küçücük
كوحئ كبير,Kuhi-i Kebir
كودل,Güdül
كودنه,Gödene
كوده يوزى,Gödeyüzü
كودول,Güdül
كور,Gevar
كورا و انفه,Küre ve Enfe
كوراله,Görele
كوران,Goran
كورت قچاغى,Kürtkaçağı
كورتان,Kürtan
كورتل,Kürtül
كورتن بالا,Kürtün-i Bala
كورتن زير,Kürtün-i Zir
كورتون,Kürtün
كورتون بالا,Kürtün-i Bala
كورتون زير,Kürtün-i Zir
كورتون زير و بالا,Kürtün-i Zir ve Bala
كورجستان,Gürcistan
كورجين,Görçin
كورد,Kürd
كورد عشيرتى,Kürdaşireti
كوردس,Gördos
كوردفان,Kurdufan
كوردقران,Kürdkıran
كوردك,Gördük
كوردوس,Gördos
كوردوك,Gördük
كورديلان,Kürdilan
كورزه لك,Gürzelik
كورزوت,Körzut
كورسواك,Korsuvak
كورش,Köröş
كورفى,Korfu
كورك بصان,Kürekbasan
كورك قلعه,Kürekkale
كوركجى,Kürkçü
كوركجى مع صارى قواق,Kürkçü maa Sarıkavak
كوركجيلو,Kürkçülü
كوركيل,Görgil
كورل,Güril
كورلشن,Gürleşen
كورلك,Gürlek
كورمشلى,Kürmeşli
كورمند,Körmend
كورن,Güren
كورنه,Kürne
كورنه اوبرافچه,Gornaobrafça
كورنه دراچه ويچه,Gornadraçeviçe
كورنه رودينه,Gornarudine
كورنه قيرايشته,Gornakrayişte
كورنه موراچه,Gornamoraça
كوره جك,Kürecik
كوره سلندى,Güre [ve] Selendi
كوره كه,Küreke
كوره لر,Güreler
كوره له,Görele
كوره مع ايان دون,Küre maa Ayandon
كوره مع سركه,Güre maa Sirge
كوره و انفه,Küre ve Enfe
كوره و سلندى,Güre ve Selendi
كوروش,Köröş
كورون,Gürün
كورويران,Gürviran
كورى,Gori
كوري,Gori
كوريجه,Görice
كوريل,Güril
كورّانى,Kürrani
كورچين,Görçin
كورۀ حديد,Küre-i Hadid
كورۀ شماليه,Küre-i Şimaliye
كورۀ قويطع,Küre-i Kuvayta
كورۀ معموره,Küre-i Mamure
كورۀ نحاس,Küre-i Nühas
كورۀ نخاس,Küre-i Nühas
كورۀ نورى,Küre-i Nuri
كورۀ وسطى,Küre-i Vusta
كورۀحاس,Küre-i Nühas
كوز / كور,Göz (Gür (?))
كوزل دره,Güzeldere
كوزلجه,Güzelce
كوزلحصار ايدين,Güzelhisar-ı Aydın
كوزلحصار ايدين مع ناحيۀ قره پيكار,Güzelhisar-ı Aydın maa Nahiye-i Karapınar
كوزلحصار ايدين مع نواحى,Güzelhisar-ı Aydın maa Nevahi
كوزلحصار منمن,Güzelhisar-ı Menemen
كوزلحصارايدين,Güzelhisar-ı Aydın
كوزنه,Gözene
كوزه نه,Gözene
كوزيد,Gevezid
كوستره,Göstere
كوستره لك,Kösterelik
كوستن,Kösten
كوستنجه,Köstence
كوستنديل,Köstendil
كوسه,Köse
كوسه برونى,Köseburnu
كوسه دره سى,Kösederesi
كوسه كويى,Köseköyü
كوسه لى,Köseli
كوسه مع لر سنانلو,Köseler maa Sinanlı
كوسيه,Kusiyye
كوشك,Köşk
كوشك دره سى,Köşkderesi
كوشك دره سى مع ناحيۀ چاكلى,Köşkderesi maa Nahiye-i Çanlı
كوصور,Kosor
كوطالى,Kütalı
كوفه,Kufe
كوفه نسى,Kufanisi
كوفو اطه لرى,Kofo Adaları
كوفونيسى اطه جقلرى,Kofonisi Adacıkları
كوك آباد,Gökabad
كوك اباد,Gökabad
كوك اورن,Gökören
كوك اوغلان,Gökoğlan
كوك اووه,Gökova
كوك اويوك,Gököyük
كوك ايرمق,Gökırmak
كوك ايوك,Gököyük
كوك دره,Gökdere
كوكانس,Koğans
كوكانس و يغموردره سى,Koğans ve Yağmurdere (Yağmurderesi)
كوكب,Kevkeb
كوكبان,Kevkeban
كوكجه,Gökçe
كوكجه اغاج,Gökçeağaç
كوكجه اوزى,Gökçeözü
كوكجه صو,Gökçesu
كوكجه طاغ,Gökçedağ
كوكجه لو,Gökçeli
كوكجه لو و الوانلو و قالكلو,Gökçeli ve Elvanlı ve Kalınlı
كوكدره,Gökdere
كوكدين,Gökdin
كوكرجنلك,Güğercinlik
كوكرجنليك,Güğercinlik
كوكرجين,Güğercin
كوكرجين اطه لرى,Güğercin Adaları
كوكس,Kukes
كوكسون,Göksun
كوكسون مع اندرين,Göksun maa Andırın
كوكصو,Göksu
كوكصى,Göksu
كوكطاش,Göktaş
كوكورسى,Konursu
كوكيلى,Gevgili
كوكچه,Gökçe
كوكچه آغاج,Gökçeağaç
كوكچه اطه,Gökçeada
كوكچه اغاج,Gökçeağaç
كوكچه دكز,Gökçedeniz
كوكچه لو,Gökçeli
كوكچه لى,Gökçeli
كول,Göl
كول باشى,Gölbaşı
كول حسين,Gölhüseyin
كول طاغى,Göldağı
كول لك,Güllük
كول مرمره,Gölmarmara
كول مع صورقون,Göl maa Sorkun
كول مع طاطاى,Göl maa Daday
كول پيكار,Gölpınar
كولبازار بروسه,Gölpazar-ı Bursa
كولبازار بولى,Gölpazar-ı Bolu
كولبازارى مع لفكه,Gölpazar-ı Bursa (Gölpazarı) maa Lefke
كولجك,Gölcük
كولجك سفلا,Gölcük-i Süfla
كولجك عليا,Gölcük-i Ulya
كولحصار,Gölhisar
كولحصار حميد,Gölhisar-ı Hamid
كولحصار مع يايچه,Gölhisar maa Yayçe
كولحصار و ايرله,Gölhisar-ı Hamid (Gölhisar) ve İrle
كولخان,Gölhan
كولك,Gülek
كوللجۀ كبير و صغير,Göllüce-i Kebir maa Sagir
كوللك,Güllük
كوللى,Göllü
كوله صور,Gölesor
كوله كيرن,Gölegiren
كولو فونوس,Golofonos
كولورى,Kuluri
كولوفونوس,Kolofonos
كولوندور,Külündür
كولپازاربروسه,Gölpazar-ı Bursa
كولپازارى مع لفكه,Gölpazar-ı Bursa (Gölpazarı) maa Lefke
كولچ,Küleç
كومبت,Kümbet
كومبه,Gömbe
كومش,Gümüş
كومشجك و اغ اويق,Gümüşcük ve Ağoyuk
كوملان,Gümelen
كوملجنه,Gümülcine
كوملجنه مع قيرجه لو,Gümülcine maa Kırcaali (Kırcali)
كومنجه,Kömeniçe
كومنيجه,Gomaniçe
كومى,Gömü
كومين,Komin
كون يوزى,Günyüzü
كونان,Gönen
كونان حميد,Gönen-i Hamid
كونان و كچى بورلو,Gönen-i Hamid (Gönen) ve Keçiborlu
كوندزلى,Gündüzlü
كوندوز,Gündüz
كوندوزلى,Gündüzlü
كونش,Güneş
كونشلر,Güneşler
كونشلى,Güneşli
كونك,Gönek
كونكوش,Göngöş
كونلو,Gevenli
كونه للى,Kunelli
كونومايموايلى,Gonomaymoili
كونى ارزنجان,Güneyerzincan
كونى جركش,Güneyçerkeş
كونى طاشكپرى,Güneytaşköprü
كونى كماح,Güneykemah
كونى كماخ,Güneykemah
كونى مع طاشكبرى,Güney maa Taşköprü
كونى معه ونك,Güney maa Vank
كونى يكيجه سى,Güney Yenicesi
كونى پاسين,Güneypasin
كوني ارزنجان,Güneyerzincan
كوني پنبك,Güneypenbek
كونيك,Göynük
كونيك مع كيغى,Göynük maa Kiğı
كونيه,Goniya
كونيه مع باطوم,Goniya maa Batum
كونيوزى,Günyüzü
كوه,Kuh
كوه دشت,Kuhdeşt
كوه زيد,Gevezid
كوه زيد و معادن اربعه مع قره حصار شرقى,Gevezid ve Maadin-i Erbaa maa Karahisar-ı Şarki
كوه ماردين,Kuh-ı Mardin
كوهستان,Kuhistan
كوهپايه,Kuhpaye
كوى,Hoy (Köy (?))
كوى سنجاق,Köysancak
كوى سنجق,Köysancak
كوي,Hoy (Köy (?))
كوي جكز,Köyceğiz
كويان,Goyan
كويت,Kuveyt
كويت مع مَعامِر,Kuveyt maa Meamir
كويجكز,Köyceğiz
كويجگز,Köyceğiz
كويسنجق,Köysancak
كوين (؟),Göben (Göyen (?))
كوينك,Göynük
كوينوك,Göynük
كوپرز,Küprez
كوپرلو,Köprülü
كوپرو حصار,Köprühisar
كوپروحصار,Köprühisar
كوپرولو,Köprülü
كوپرى,Köprü
كوپرى مع پراكين,Köprü maa Perakin
كوپريلو,Köprülü
كوپريلى,Köprülü
كوپسى,Küpsi
كوپك بالغى,Köpekbalığı
كوپل,Küplü
كوپلى,Küplü
كوپه لى,Küpeli
كوچاريد,Göçarid
كوچز,Köçez
كوچك اطه,Küçükada
كوچك اوه,Küçükova
كوچك باره,Küçükbare
كوچك باغچه,Küçükbağçe
كوچك بغچه,Küçükbağçe
كوچك حابور,Küçükhabur
كوچك خالكى,Küçükhalki
كوچك دره سى,Köçekderesi
كوچك ساداب,Küçüksadab
كوچك سرفو,Küçükserfo
كوچك سريغو,Küçükserigo
كوچك صو,Küçüksu
كوچك طوشان اطه لرى,Küçüktavşan Adaları
كوچك غاوذو,Küçükgavzo
كوچك فنطه,Küçükfanta
كوچك قره صو,Küçükkarasu
كوچك قوز,Küçükkoz
كوچك قوفونيزه,Küçükkofonize
كوچك كوز,Küçükgöz
كوچك كوى,Küçükköy
كوچك مندرس,Küçükmenderes
كوچك و بيوك روده,Küçük ve Büyük Ruda
كوچك ويران,Küçükviran
كوچك چكمجه,Küçükçekmece
كوچك چوقه,Küçükçuka
كوچنوس,Koçanos
كوچه باغات تبريز,Kuçebağat-ı Tebriz
كوچوك غالانيس,Küçükgalanis
كوچوك قويو,Küçükkuyu
كوچوك قيو,Küçükkuyu
كوچى,Göçi
كى,Kiy
كيبَرون,Kiberon
كيتره,Kitre
كيترو,Kitro
كيترى يانى,Kitriyani
كيته,Kite
كيدروس,Kidros
كيدوس مع قصبۀ شبخانه,Gediz (Gidos) maa kasaba-i Şabhane
كيدوس و شابخانه,Gediz (Gidos) ve Şabhane
كيدونيه,Kidonya
كير واسيلى,Kirvasili
كير وقور,Krevukor
كيرا,Kira
كيرادس,Kiradis
كيرانس,Gerenis
كيرتانوص,Kirtanos
كيرد,Girid
كيرشوه,Kreşova
كيركى,Gireği
كيرلى,Kirli
كيره,Geyre
كيره جك,Girecik
كيره سون,Giresun
كيره كوز,Giregöz
كيرواسيلى,Kirvasili
كيروينه,Krivina
كيرياكى,Kiryaki
كيريقوس,Kiryakos
كيرپوزك,Kirpüzek
كيرچقه,Kriçka
كيزير,Kizir
كيسامو,Kisamo
كيسان,Kisan
كيسه,Kise
كيسه مو,Kisamo
كيسوس,Kisos
كيسون,Keysun
كيش بنديك,Kişbenedik
كيش طوپوجان,Kiştopocan
كيغونيه,Kigonya
كيغى,Kiğı
كيغي,Kiğı
كيغيك,Kiğik
كيفسه,Kifse
كيك,Geyik
كيكل عشيرتى,Geygil Aşireti
كيكل و مودانلى جماعتلرى,Geygil ve Modanlı Cemaatleri (?)
كيكلر,Geyikler
كيكلى,Geyikli
كيكى,Kiki
كيكى خلجان,Kiki Halecan
كيكى چركان,Kiki Çerikan
كيكي,Kiki
كيل,Keyl
كيل و كتيبان,Keyl ve Küteyban
كيلان,Gilan
كيلان مع نوه برده,Gilan maa Novabırda
كيلى,Kili
كيلي,Kili
كيموش,Gimoş
كينزو,Kinzö
كينه روز,Kineroz
كينوريه,Kenoryo
كينوس,Kinos
كينولى,Ginolu
كيوانك,Keyvank
كيوه,Geyve
كيوه مع اق حصار,Geyve maa Akhisar
كيوه نات,Kivenan
كييكلى,Geyikli
كيچى سنجانلو,Kiçisincanlı
كيگلان,Keygelen (?)
كَاف مع عَمْدُونْ و مِكْنَه و سِنَانْ و تَسْتُورْ و طَبَرْسُوق,Kef (Kaf) maa Amdun ve Mikne ve Sinan ve Testur ve Tabersuk
كَرَك شبك مع امير حاجلق,Kerek-i Şubek maa Emir-i Haclık
كَرْپَه,Kerpe
كَشْلو,Keşli
كَفَه,Kefe
كَوَانْلُو,Gevenli
كُبَيْسه,Kubeyse
كُردلان و مقاطعۀ شطّ,Kirdalan (Kürdelan) ve Mukataa-i Şatt
كُرْكيل,Görgil
كُوسِيّه,Kusiyye
كُوسْتَنْجَه,Köstence
كُولَه,Gule
كِلِى,Kili
كپرى,Vezirköprü (Köprü)
كپز,Kepez
كپسود,Kepsud
كپسوط مع قصبۀ بلاط,Kepsud (Kepsut) maa Kasaba-i Balat
كچكلى,Gicikli
كچكمت,Keçkemet
كچكه,Geçge
كچنوس,Koçanos
كچوان,Geçvan
كچى,Keçi
كچى بورلو,Keçiborlu
كچى بورلى,Keçiborlu
كچى بورلى و حويران,Keçiborlu ve Hoyran
كچى سنجانلو,Kiçisincanlı
كچيبورلى,Keçiborlu
كچيك,Keçik
كچيلر و بيراملو,Keçiler ve Bayramlu
لآذِقِيَّه,Lazkiye
لؤنيس,Leonis
لئونيس,Leonis
لا دق,Ladik
لا ذقيه,Lazkiye
لا رنده,Larende
لا شيد,Laşid
لا لا باشا,Lalapaşa
لاب,Lab
لاباد,Labad
لابدوس,Labdos (?)
لابسكى,Lapseki
لابوۀ زير,Labova-i Zir
لاتذاده,Latzade
لاترونيسى,Latronisi
لاتن,Latin
لاتچوه,Latiçeva
لاجان,Lacan
لاجان زرزا,Lacan-ı Zerza
لاحقا,Lahka (?)
لاحنه قصرى,Lahanakasrı
لاديق,Ladik
لاديك,Ladik
لاذقيه,Lazkiye
لاذقيّه,Lazkiye
لارتيك,Lartik
لارسه,Larisa
لارك,Larik
لارنده,Larende
لاز,Laz
لازا,Laza
لازاره,Lazara
لازاره تنو,Lazaretto
لازستان,Lazistan
لازقيه,Lazkiye
لازكيه,Lazkiye
لاس پالماس,Las Palmas
لاستوه,Lastva
لاسپى,Laspi
لاشقوا,Laşkova
لاشقوه,Laşkova
لاشوه,Laşva
لاشيد,Laşid
لاشِيدْ,Laşid
لاغوس,Lagos
لاغوسته,Lagosta
لاغوسه,Lagusa
لاق,Lak
لاقاپرارا,La Kaprara
لاقه,Lakka
لاقوس,Lakos
لاكوديا,Lakudiya
لالا,Lala
لامبه روز,Lambaroz
لامبيس,Lambis
لامپدوزه,Lampedusa
لانقاذا,Lankaza
لانقازه,Lankaza
لانقذا,Lankaza
لاهة,Lahe
لاپ,Lab
لاپسكى,Lapseki
لاپسكى مع چارطاق,Lapseki maa Çardak
لاپچه,Lapça
لبده,Lebde
لبسوس,Lipsos
لبنه,Libene
لبهوه,Libohova
لبوشقه,Lubuşka
لبومير,Libomir
لبوويك,Lipovik
لبويك,Lipovik
لتخور,Litohor
لجا,Leca
لجون,Leccun
لجّون,Leccun
لحسا,Lahsa
لحيه,Luhayye
لد,Lud
لد مع رمله,Lud maa Remle
لريوز,Leryoz
لريوز اطه سى,Leryoz Adası
لريوز جزيره سى,Leryoz Ceziresi
لزكى,Lezgi
لسحاط,Leshat
لسسان,Lissan
لسقاو,Liskav
لسقوجه,Leskofça
لسقوويچه,Leskoviçe
لسقويق,Leskovik
لسقويك,Leskovik
لسقويچه,Leskoviçe
لسك,Lesk
لسپوس,Lespos
لش,Leş
لش ما ليسياسى,Leş Malisyası
لفتره,Leftere
لفقامورى,Lefkamori
لفقو,Lefko
لفقو اطه لرى,Lefko Adaları
لفقوشه,Lefkoşa
لفقوشي,Lefkoşa
لفكه,Lefke
لفكوشه,Lefkoşa
لفچه,Lefçe
لقه,Lika
لقورس,Likurs
لمبرد,Lemberd
لمنى,Limni
لمنى جزيره سى,Limni Ceziresi
لمنى مع بوز بابا,Limni maa Bozbaba
لمني,Limni
لنجه,Luniçe
لندوز,Lindos (Lindoz)
لندوس,Lindos
لندوه,Lendeva
لنغراد,Lengrad
لنغظه و بشيك كوللرى,Lankaza (Langaza) ve Beşik Gölleri
لنقزه,Lankaza
لنقضه,Lankaza
لنقظه,Lankaza
لنقظه و بغدان,Lankaza ve Boğdan
لنويولى,Lenoyoli
له ولايتي,Leh Vilayeti
لهون,Lehven (?)
لوا,Leva
لوادى,Livadi
لواديه,Livadiye
لواديّه,Livadiye
لوانه,Livane
لوانه و برتك,Livane ve Pertek
لوانه و پرتك,Livane ve Pertek
لوانۀ عليا,Livane-i Ulya
لوبان,Luban
لوبشقه,Lubuşka
لوبنه,Lubine
لوبوچيك,Lubovçik
لود,Löd
لود مع رمله,Lud maa Remle
لودريك,Ludrik
لودى,Lodi
لورئ عليا,Lori-i Ulya
لورستان,Luristan
لوروس,Luros
لورى,Lori
لوري,Lori
لوز,Luz
لوزنيجه,Lozniçe
لوسين,Lusin
لوشان طارم سفلا و عليا,Loşantarım-ı Süfla ve Ulya
لوشانجى,Loşanci
لوشديكن,Löşdiğin
لوشنه,Luşne
لوط,Lut
لوغرينا,Logorina
لوغورينا,Logorina
لوفجه,Lofça
لوفچه,Lofça
لوفچه مع اتره بولى,Lofça maa Etrepoli
لوقاوچه,Lukaviçe
لوقه,Luka
لوك,Luk
لوكا,Luka
لولا,Lula
لوله برغوس,Lülebergos
لوم,Lom
لوم مع پولميه,Lom maa Polomiye
لوم و بولميه,Lom ve Polomiye
لومبونيا,Lumboniya
لومنيچه,Lomniçe
لومه,Luma
لومه قاليس,Luma Kalis
لوند,Levend
لوندار,Londar
لوندر,Londar
لوندره,Londra
لونقوز,Lonkoz
لونچه,Luniçe
لوه,Leva
لويت و بيت الشباب,Livin (Livit) ve Beytüşşebab
لويتا,Levita
لويته,Levita
لويسى,Luvisi
لويلى عشيرتى,Livili Aşireti
لوپتنه,Luptine
لوچيچه,Luçiçe
لوچچه,Luçiçe
لوژنجه,Lujnica
ليا,Leya
ليادى,Liyadi
ليبوشقه مع ايموچقه,Lubuşka (Libuşka) maa İmoçka
ليبوه,Lipova
ليت,Lit
ليتادا,Litada
ليتاده,Litada
ليتخور,Litohor
ليترى,Litri
ليجه,Lice
ليجه مع آتاق و تلسمه,Lice maa Atak ve Telseme
ليرا,Lira
ليز,Liz
ليس,Lis
ليسا,Lissa
ليسنا,Lesina
ليسّا,Lissa
ليف,Lif
ليف عليا,Lif-i Ulya
ليقه,Lika
ليقوريما,Likorima
ليل,Lil
ليلان,Leylan
ليماسول,Limasol
ليمان,Liman
ليمان حصار,Limanhisar
ليمسول,Limasol
ليمنوس,Limnos
ليمنى,Limni
ليمون ازمير,Limon-ı İzmir
لينارى,Linari
ليندو,Lindo
لينه,Leyne
لينوزه,Linoza
ليوادستروزه,Livadostroza
ليوادى,Livadi
ليواديه,Livadiye
ليوانه,Livane
ليونو,Livno
ليوين,Livin
ليِپُوَه,Lipova
ليپارا,Lipara
ليپسوقوتاله اطه جغى,Lipsokutala Adacığı
ليپوه,Lipova
ليپوه مع رادنه,Lipova maa Radna
ليچيك,Liçik
لَاشيد,Laşid
لَحْسا مع قطيف,Lahsa maa Katif
لُد,Lud
لُوفْچَه,Lofça
لُومْ,Lom
لپانيچ,Lepaniçe
لپانيچه,Lepaniçe
لپانچ,Lepaniçe
لپسو طاقم اطه لرى,Lipso Takımadaları
لپسوس,Lipsos
لپنچه,Lepeniçe
لپورى,Lipori
لپوه,Lipova
لپويك,Lipovik
لپُوه,Lipova
لپچشته,Lapçişte
لچيك,Liçik
مئس,Meis
ما ردين,Mardin
مات,Mat
ماتاروغا,Mataruga
ماتاروغه,Mataruga
ماتراكى,Matraki
ماتروغه,Mataruga
ماثه,Mase
ماجين,Maçin
ماحب بحر,Mahib-i Bahr
ماحيرى,Mahırı
مادراس,Madras
مادراك,Madrak
مادونا,Madona
ماذون,Mazun
مار ميت,Marmit
ماراتو,Marato
ماراتونيزى,Maratonizi
ماراتى,Marati
ماراثون,Marason
ماراكى,Maraki
مارتاقلا,Martakala
مارتينو,Maratino
مارجنه,Marçine
مارخو,Marho
مارداليج,Mardaliç
ماردلچ,Mardaliç
ماردونه,Marduna
ماردين,Mardin
ماردين قوچحصار,Mardin Koçhisar
ماردين مع قوچحصار,Mardin maa Koçhisar
مارغاريتس,Margaritis
مارغليج,Margaliç
ماركش,Markeş
ماركى,Maraki
مارمار,Marmar
مارماره,Marmara
مارماريس ليمانى,Marmaris Limanı
ماره,Mara
ماروشه,Maroşa
ماروليه,Marula (Marulya)
مارونيه,Maroniye
ماروو,Marvo
مارچل,Marçal
مارچنه,Marçine
مازتو,Mazoto
مازكرد,Mazgird
مازكيرد,Mazgird
مازو طاغى,Mazıdağı
مازوتو,Mazoto
مازون,Mazun
مازين,Mazin
مازگرد,Mazgird
ماستوره,Mastavra
ماسرو,Masro
ماط,Mat
ماطالا,Matala
ماعرّه,Maarra
ماغلاى,Maglay
ماغلى,Mağlı
ماغوسه,Magosa
ماغون,Magun
ماغُوسَه,Magosa
ماقارى اطه لرى,Makari Adaları
ماقارييا,Makariya
ماقرا,Makra
ماقرولو,Makrolo
ماقرونيس,Makronis
ماقرونيسى,Makronisi
ماقرونيسى اطه جغى,Makronisi Adacığı
ماقرى,Makri
ماقري,Makri
ماقريالو,Makriyalo
ماقرييا,Makriya
ماقلار,Maklar
ماقور,Makur
ماقوه,Makova
ماقووا,Makova
ماكغط,Mangıt
مالامون,Malamon
مالته,Malta
مالتپه,Maltepe
مالش,Maleş
مالطه,Malta
مالقاص,Malakas
مالقاصره,Malakasra
مالك,Malik
مالولى نيسى,Malolinisi
مالونشيك,Malonşik
مالويز,Maleviz
ماليزى,Malizi
ماليسيا,Malisya
ماليسيه بالا,Malisya-i Bala
ماليه,Malya
مالَوِيزْ,Maleviz
ماماشارود,Mamaşarud
ماماله,Mamala
مامران,Mamervan (Mameran (?))
مامروان,Mamervan
ماموغه,Mamuga
مانا,Mana
مانجيلق,Mancılık
مانداليات,Mendelyat
ماندجه,Mandiçe
ماندره,Mandıra
ماندريجه,Mandıriçe
ماندلك (؟),Mandelik
ماندنه,Mandina
مانده كومه,Mendegüme
مانده لو,Mandalo
مانده مانده,Mandemande
ماندود,Mandud
مانديجه,Mandiçe
ماندير,Mandır
مانديره,Mandıra
مانديريجه,Mandıriçe
مانديچه,Mandiçe
مانص,Mans
مانغت,Mangıt
مانغط,Mangıt
مانقاليه,Mankalya
مانك دره سى,Manekderesi
مانكوب,Mangub
مانيا,Manya
مانياس,Manyas
مانيان,Manyan
مانيه,Manya
ماهرى,Mahiri (?)
ماهى دشت,Mahideşt
ماوت,Mavet
ماور,Maver
ماورو,Mavro
ماوروه,Mavrova
ماوريك,Mavrik
ماوغه,Mavga
مايدوس,Maydos
مايورقا,Mayorka
ماپا ورى,Mapavri
ماچاخل,Maçahel
ماچقه,Maçka
ماچوۀ بالا,Maçova-i Bala
ماچوۀ زير,Maçova-i Zir
ماچين,Maçin
ماژانى,Majani
مبارك كرمان,Mübarekkirman
مباورى,Mapavri
مبررز,Müberrez
مبرز,Müberrez
متاولۀِ جبّة المنيطره و هَرْمِل,Metavile-i Cübbetülmüneytara ve Hermel
متبرهن,Metberhin
متروويچه,Mitroviçe
مترويچه,Mitroviçe
متروپولى,Mitropoli
متسقوه,Metisfov
متن اعلا,Metn-i Ala
متن مع توابع,Metn (Meten) maa tevabi
متنان,Metinan
متوح,Metveh
متون,Moton
متون اده لرى,Moton Adaları
متوپى,Metopi
متينان,Metinan
مثلى,Misli
مجار,Macar
مجار سودين,Macar Svodin
مجدل,Mecdel
مجدل شمس,Mecdel-i Şems
مجدل غزه,Mecdel-i Gazze
مجدلشمس,Mecdel-i Şems
مجر صغير,Mecer-i Sagir
مجر كبير,Mecer-i Kebir
مجركبير,Mecer-i Kebir
مجريحان,Mecrihan
مجنكرد,Mecingerd
مجنگرد,Mecingerd
مجور,Mucur
مجوه,Meçova
مجيد,Mücid
مجيد اوزى,Mecidözü
مجيد اوزى مع عشائر,Mecidözü maa Aşair
مجيديه,Mecidiye
محائل,Mihail
محابشه,Mehabişe
محابيس,Mehabis
محال زند و زنگنه و شيخان و داوده,Mahall-i Zend ve Zengene ve Şeyhan ve Davuda
محاويل,Mehavil
محاچ,Mohaç
محاچ و سكسار,Mohaç ve Seksar
محتسب,Muhtesib
محجه,Mehacce
محراب,Mihrab
محران,Muhran
محرزي,Mehrazi
محرق,Muharrak
محركان,Mihrikan
محصللق موره مع محافظلق انابولى,Mora (Muhassıllık-ı Mora) maa Muhafızlık-ı Anabolu
محصللق موره مع محافظلق قلعۀ انابولى,Mora (Muhassıllık-ı Mora) maa Muhafızlık-ı Kale-i Anabolu
محكمه,Mahkeme
محل متينان,Mahall-i Metinan
محلات و چفتلكات,Mahallat ve Çiftlikler
محلة الكبرى,Mahalletülkübra
محلة المرحوم,Mahalletülmerhum
محلة دَمَنَه,Mahalletü Demene
محلةُ دَمَنَه,Mahalletü Demene
محلمى,Mahlemi
محله,Mahalle
محله الكبرى,Mahalletülkübra
محلّةُ الكُبْرى,Mahalletülkübra
محلّةُ دَمَنَه,Mahalletü Demene
محلّه,Mahalle
محلۀ ابا على,Mahalle-i Ebaali
محلۀ زير,Mahalle-i Zir
محمادلر,Mihmadlar
محمر,Mahmer
محمره,Muhammere
محمل شريف,Mahmil-i Şerif
محمليه,Muhammeliye
محمود بك,Mahmudbey
محمود سيدى,Mahmudseydi
محمود شوكت پاشا,Mahmudşevketpaşa
محمودلر,Mahmudlar
محمودلى,Mahmudlu
محمودى,Mahmudi
محمودى قره صو,Mahmudi Karasu
محمودي,Mahmudi
محموديه,Mahmudiye
محويت,Mahvit
محيرجه,Muhayrice
مخا,Muha
مخائل,Mihail
مخادر,Mehadir
مخالچ,Mihaliç
مخدوملر,Mahdumlar
مخران,Muhran
مخش,Muhuş
مخويت,Mahvit
مداق,Medak
مدانيه,Mudanya
مداوه,Modava
مداين,Medayin
مداين صالح,Medayin-i Salih
مدحتيه قلعه سى,Midhatiye Kalesi
مدرنى,Mudurnu
مدرنى چهارشنبه,Mudurnu Çarşamba
مدللو,Midilli
مدللو مع يونده,Midilli maa Yunda
مدللى,Midilli
مدللى سنجاغى,Midilli Sancağı
مدللي,Midilli
مدللّو,Midilli
مدلّلو,Midilli
مدلّلوُ,Midilli
مدلّلى,Midilli
مدنه,Medene
مدور,Müdür
مدورنى,Mudurnu
مدوش,Moduş
مدوكه,Medvege
مدون,Medun
مدونيچه,Modoniçe
مدوه,Modava
مديات,Midyat
مديات قضالرى,Midyat Kazaları
مديلّلو,Midilli
مدينه,Medine
مدينه منوره,Medine-i Münevvere
مدينۀ منوره,Medine-i Münevvere
مدينۀ منوره مع نقيب الاشراف مدينه,Medine-i Münevvere maa Nakibuleşraf-ı Medine
مدينۀ منورّه,Medine-i Münevvere
مدينۀ منوّره,Medine-i Münevvere
مدينۀ مُنَوَّره,Medine-i Münevvere
مر كوزه,Mergüze
مرأت,Murat
مرابطين,Murabıtayn
مرابلو,Merabilo
مرابيلو,Merabilo
مراجقين,Meracıkayn (?)
مراد,Merc (Murad (?))
مراد صويي,Muradsuyu
مراد قولى,Muradkulu
مرادلى,Muradlı
مرادول,Maradol
مراديه,Muradiye
مراط,Marrat
مراغه,Maraga
مراق,Marak
مرالظهران,Merrüzzahran
مرالى,Mıralı
مرام,Meram
مربوط چفتلكات,Çiftlikat-ı Şarköy
مرتار,Murtar
مرتاضى اباد,Murtazaabad
مرتد,Mürted
مرتضى آباد,Murtazaabad
مرتضى اباد,Murtazaabad
مرتضى اباد مع ناحيۀ استانوس,Murtazaabad maa Nahiye-i İstanos
مرج,Merc
مرج القبلى و الشمالى,Mercülkıbli ve'ş-Şimali
مرج القبلى و الشمالي,Mercülkıbli ve'ş-Şimali
مرج بنى عامر,Merc-i Beniamir
مرج عيون,Merc-i Uyun
مرج غوطه,Merc-i Guta
مرج مع شوبره شهاب,Merc maa Şubreti Şihab (Şubreşihab)
مرج و غوطه,Merc ve Guta
مرج وغوطه,Merc ve Guta
مرجان,Mercan
مرجعيون,Merc-i Uyun
مرجين,Merceyn
مرجين و غوطه,Merceyn ve Guta
مرحيص,Merhis
مرد,Merd
مردانغم,Merdangım
مردلك,Mördülük
مردونه,Marduna
مرديتا,Mirdita
مرديس,Merdis
مرزبان,Merzuban
مرزق,Murzuk
مرزوق,Murzuk
مرزيفون,Merzifon
مرزيفون آباد,Merzifonabad
مرزيفون اباد,Merzifonabad
مرزيفون مع مرزيفون آباد,Merzifon maa Merzifonabad
مرزيفون مع مرزيفون اباد,Merzifon maa Merzifonabad
مرس قولى,Mürskulu
مرسوله,Mersula
مرسين,Mersin
مرصو,Mersu
مرطبان,Martaban
مرعش پازارجق,Maraş Pazarcık
مرفته,Mürefte
مرقب,Merkab
مرقب و بانياس,Merkab ve Banyas
مرقب و خوابه و زمرين,Merkab ve Havabi ve Zimrin
مرقلعه (؟),Mirkale (?)
مرقو,Mrako
مرقوولر اوته يقا,Mrakovlar-ı Öteyaka
مركاوار,Mergevar
مركاوه,Mergava
مركب,Merkeb
مركز يانيه,Yanya
مركزر,Mergezer
مركور,Mergevar
مركوزه,Mergüze
مركوزه مع افشار,Mergüze maa Afşar
مرلر,Merler
مرمر,Mermer
مرمرجك,Mermercik
مرمرس,Marmaris
مرمره,Marmara
مرمره اركلى,Marmara Ereğli
مرمره جق,Marmaracık
مرمره جك,Marmaracık
مرمره دكزى,Marmara Denizi
مرمره مع پاشا ليمانى,Marmara maa Paşalimanı
مرمره و كلنوس,Marmaracık (Marmara) ve Gülnos
مرمريس,Marmaris
مرمريس رشاديه,Marmaris Reşadiye
مرمريس سليمانيه,Marmaris Süleymaniye
مرمي,Mermi
مرند,Merend
مره,Merre (?)
مرونا,Merona
مرويك,Morovik
مريج,Meriç
مريسم (؟),Merisim (?)
مريچ,Meriç
مرگه مع نواحى و پژدر مع عشيرت منگور و مامِش و رمك,Merge maa Nevahi ve Pijder maa Aşiret-i Mengür ve Mamiş ve Remek
مرگوزه,Mergüze
مزاحمتين مع سالمتين,Müzahimeteyn ve Salimeteyn
مزاراق,Mazarak
مزارق,Mazarak
مزارق مع مارغاليچ,Mazarak maa Margaliç
مزان شهرى,Mazanşehri
مزدغان,Mezdegan
مزده,Mizde
مزراق,Mazarak
مزرعه,Mezraa
مزرعۀ اوماق,Mezraa-i Omak
مزرق,Mazarak
مزستره,Mizistre
مزستره و مغالى مانى,Mizistre ve Megalimani
مزقف,Mazakıf
مزكدان,Mezgidan
مزكيرد,Mazgird
مزهرك,Mezehrek
مزواولود,Mezö Ölved
مزورئ بالا,Mezuri-i Bala
مزورى,Mezuri
مزورى و مزورئ بالا عشائرى,Mezuri ve Mezuri-i Bala Aşairi
مزوكوشت,Mezököveşt
مزيرعه,Muzayraa
مزيريب,Müzeyrib
مزيزاخ,Mizizah
مسا,Mesa
مسابلك,Mesablik
مساح,Messah
مسارا,Masara
مساره,Masara
مساريه,Mesarya
مساغره,Mesagra
مسالاشيت,Mesalaşit
مستا,Mesta
مستار,Mostar
مستانلى,Mestanlı
مستجاب,Müstecab
مستجب,Müstecab
مسترلمه,Müsterlime
مسته,Mesta
مسجدلى,Mescidli
مسعوديه,Mesudiye
مسقط,Maskat
مسقو,Moskov
مسكره,Meskere
مسكن,Mesken
مسكنه,Meskene
مسلاته,Masallata
مسلاطه,Masallata
مسلطه,Masallata
مسلمان ايدين,Müselleman-ı Aydın
مسلمان ايدين و صاروخان و منتشا و قره سي و بيغا و حداوندكار و قوجه ايلي و سلطان اوكي,Müselleman-ı Aydın ve Saruhan ve Menteşe ve Karesi ve Biga ve Hüdavendigar ve Kocaeli ve Sultanönü
مسلمان ايدين و صاروخان وقراسى و منتشا و سلطان اوكى و حداوندكار,Müselleman-ı Aydın ve Saruhan ve Karesi (Karasi) ve Menteşe ve Sultanönü ve Hüdavendigar
مسلمان بولى,Müselleman-ı Bolu
مسلمان بولى و قسطمونى و انقره و كانقرى,Müselleman-ı Bolu ve Kastamonu ve Ankara ve Kengırı (Kankırı)
مسلمان بولي و قسطموني و انقره و كانقري,Müselleman-ı Bolu ve Kastamonu ve Ankara ve Kengırı
مسلمان تكه و علائيه,Müselleman-ı Teke ve Alaiye
مسلمان تكه و منوغات,Müselleman-ı Teke ve Manavgat
مسلمان قرق كليسا,Müselleman-ı Kırkkilise
مسلمان قزلجه,Müselleman-ı Kızılca
مسلمان قزيلجه,Müselleman-ı Kızılca
مسلمان كوتاهيه,Müselleman-ı Kütahya
مسلمان كوتاهيه و قره حصار صاحب و حميد,Müselleman-ı Kütahya ve Karahisar-ı Sahib ve Hamid
مسلمان كوتاهيه و قره حصار و حميد,Müselleman-ı Kütahya ve Karahisar-ı Sahib (Karahisar) ve Hamid
مسميه,Mismiye
مسمّعيه,Müsemmaiye (?)
مسور,Mesver
مسورى,Misivri
مسولى,Mesevli
مسيب,Müseyyib
مسيس,Misis
مسيس و آياس مع برندى,Misis ve Ayas maa Berendi
مسيفره,Müseyfere
مسينه,Messina
مش,Mes (Meş (?))
مشابه,Meşabih
مشابيح,Meşabih
مشار,Muşar
مشارق جرار,Meşarık-ı Cerrar
مشارق نابلس,Meşarık-ı Nablus
مشارق نابليس,Meşarık-ı Nablus
مشاريق جرار,Meşarık-ı Cerrar
مشاريق جرّار,Meşarık-ı Cerrar
مشاريق نابلس,Meşarık-ı Nablus
مشاريق نابلوس,Meşarık-ı Nablus
مشرأالرك,Meşreerrek
مشراء الرك,Meşreerrek
مشغره,Meşgara
مشغولورى,Meşgolori
مشقان,Mişkan
مشقللى,Meşkullu
مشقوفچه,Mişkofça
مشقوللى,Meşkullu
مشهد اباد,Meşhedabad
مشهد حسين,Meşhed-i Hüseyin
مشهداباد,Meşhedabad
مشيرات,Müşeyrat
مشيم,Meşim
مصاد,Masad
مصتار,Mostar
مصر,Mısır
مصر اصلى,Mısr-ı Asli
مصر سفلا,Mısr-ı Süfla
مصر عليا,Mısr-ı Ulya
مصر قاهره مع سويش و خانقاه,Kahire (Mısr-ı Kahire) maa Süveş ve Hankah
مصر وسطى,Mısr-ı Vüsta
مصراطه,Mısrata
مصرخديويتى,Mısır Hidiviyeti
مصرصور,Masarsor
مصرِ قاهره مع سويش و حانِقاه,Kahire (Mısr-ı Kahire) maa Süveyş ve Hanikah
مصطبه,Mastaba
مصطفالى,Mustafalı
مصطفى صوفيلر,Mustafasofular
مصطفى پاشا,Mustafapaşa
مصطفي بك,Mustafabey
مصطكى قريه لرى,Mastaki Karyeleri
مصوريجه,Masurica
مصوع,Massava
مصويا,Masoya
مصياف,Masyaf
مصياف و جبل كلبيه و جرد مصياف,Masyaf ve Cebel-i Kelbiye ve Cerd-i Masyaf
مصياف وقليعه,Masyaf ve Kuleya
مصياف وقليه,Masyaf ve Kuleya
مصيره,Masire
مصيرۀ صغرى,Masire-i Suğra
مصيّون و ناحيۀ طور,Masıyyun ve Nahiye-i Tur
مضرب,Madrab
مضيق,Mudık
مطح,Matah
مطخ,Matah
مطر,Matar
مطره,Madara
مطمور,Mutmur
مع بوز اويوك اين اوكى,Bozöyük maa İnönü
مع كشلى,Keşli
معادن اربعه,Maadin-i Erbaa
معادن همايون,Maadin-i Hümayun
معارض,Muarız
معارض اطه لرى,Muarız Adaları
معان,Maan
معدان,Madan
معدن,Maden
معدن ايپك,Maden-i İpek
معدن كابى,Maden-i Kabi
معدن كابى مع صامسون,Maden-i Kabi maa Samsun
معدن يانوه,Maden-i Yanova
معر الشحور,Maarruşşahur
معرالشهور,Maarruşşahur
معران,Maran
معرة المصرين,Maarratülmısrin
معرة النعمان مع ناحيۀ كفرطاب,Maarra (Maarratünnuman) maa Nahiye-i Kefrtab
معركه,Mareke
معره,Maarra
معرّا,Maarra
معرّه,Maarra
معلقره,Malkara
معلقه,Muallaka
معمره,Mamere
معممورة العزيز,Mamuretülaziz
معمورة الحميد,Mamuretülhamid
معمورة العزيز,Mamuretülaziz
معموره,Mamure
معموريه,Mamuriye
معموريه وانامور,Mamuriye ve Anamur
معموريّه,Mamuriye
معّره,Maarra
مغاره و صاريز,Mağara ve Sarız
مغالو,Megalo
مغالو سوفرانو اطه لرى,Megalo Sofrano Adaları
مغالونيسى,Megalonisi
مغالى مانى,Megalimani
مغاليوريسى,Megalivirisi
مغان,Mogan
مغانجق,Mugancık
مغانيس,Meganis
مغاوز,Magaviz
مغاويز,Magaviz
مغرب,Mağrib
مغرب انس,Mağrib-i Anis
مغرب عنس,Mağrib-i Anis
مغربيه,Mağribiye
مغرس,Muarız
مغلاى,Maglay
مغله,Muğla
مغله بوزاويوك,Muğla Bozöyük
مغليج,Magliç
مغنيسا مع نواحى,Manisa maa Nevahi
مغنيسا و نواحى,Manisa ve Nevahi
مغوسه,Magosa
مغيس,Mığıs
مفحق,Mefhak
مفلقان,Meflakan
مقاريا,Makariya
مقاسب,Mekasib
مقاطره,Mekatire
مقبنه,Makbene
مقرا,Makra
مقره,Mıkra
مقرو,Makro
مقرونيزى,Mikronizi
مقرى,Makri
مقرى كوى,Makriköy
مقرينچه,Makriniçe
مقرييا,Makriya
مقصودلى,Maksudlu
مقلار,Maklar
مقلوب,Maklub
مقنوس,Mikonos
مقوا,Makava
مقورى,Makuri
مقورى عشيرتى,Makuri Aşireti
مقووه,Makova
مكاريك,Megarik
مكاسب,Mekasib
مكرم كومى,Mekrümgömü
مكرى,Mekri
مكرى مع سمادرك,Mekri maa Semadirek
مكرى مع فره جك,Mekri maa Ferecik
مكس,Müküs
مكلكين,Meğelgin
مكنوس,Mikonos
مكه مكرمه,Mekke-i Mükerreme
مكو,Makü
مكوا,Makova
مكور,Makur
مكوريچ,Megoriç
مكّۀ مكرّمه,Mekke-i Mükerreme
مكّۀمكرّمه,Mekke-i Mükerreme
مكۀ مكرمه,Mekke-i Mükerreme
ملا سليمان,Mollasüleyman
ملا طيه,Malatya
ملا فنارى,Mollafenari
ملا قاسم,Mollakasım
ملا كندى,Mollakendi
ملادا,Melada
ملاذكرد,Malazgird
ملاذكيرد,Malazgird
ملازكرد,Malazgird
ملازكيرد,Malazgird
ملازگرد,Malazgird
ملاشوه,Mileşeva
ملاطيه,Malatya
ملاطيه و كاحته و كركر,Malatya ve Kahta ve Gerger
ملاطيّه,Malatya
ملاقاس,Malakas
ملاقاص,Malakas
ملاقاصرۀ بالا,Malakasra-i Bala
ملاقاصرۀ زير,Malakasra-i Zir
ملاقص,Malakas
ملاوه,Milava
ملاير,Melayir
ملح,Milh
ملحان,Milhan
ملحه,Melha
ملشوحه,Felşöç (Melşoha (?))
ملشوه,Mileşeva
ملفان,Melefan
ملقره,Malkara
ملك ارسلانلو,Melikarslanlı
ملك شهسوار,Mülkşehsuvar
ملكشريف,Melikşerif
ملكوفچه,Melkofça
مللو,Milli
ملناس,Malnas
ملندز,Melendiz
ملنسه,Melense
مله كوبى,Melegöbü
ملوان,Milvan
ملوشوه و پودغرديه,Mileşeva (Miloşeva) ve Podgradya
ملون,Milvan
ملونيسى,Melonisi
ملويز,Maleviz
ملوچ,Moluç
مليانه,Milyana
مليج,Miliç
مليحه,Müleyha
مليذوني,Melizoni
مليك ارسلانلو,Melikarslanlı
ممالك,Memalik
ممالو,Mamalı
ممكان,Memikan
مملح,Memlah
مملحه,Memlaha
مملكتين,Memleketeyn
مناتس,Manates
مناتش,Menateş
مناحه,Menaha
منار,Minar
مناره لو,Minareli
مناس,Minas
مناستر,Manastır
مناستراكى,Manastıraki
مناستراكي,Manastıraki
مناصتر,Manastır
مناصف,Menasıf
مناغرى,Manağrı
منافوجه,Manafoça
منافوچه,Manafoça
مناوغات,Manavgat
منبج,Menbic
منبج تحتانى,Menbic-i Tahtani
منبج فوقانى,Menbic-i Fevkani
منبج و راوندان,Menbic ve Ravendan
منتشا,Menteşe
منتشه,Menteşe
منتفق,Müntefik
منتفك,Müntefik
منجره,Mincere
منجوان,Mincivan
منجيلق,Mancılık
مند خوره,Mendehora
منداليات,Mendelyat
منداوال,Mindaval
مندخوره و ناحيۀ كولده,Mendehora ve Nahiye-i Gölde
مندراكى,Mandıraki
مندرك,Mendirek
مندلى,Mendeli
مندليات,Mendelyat
مندمى,Mendemi
منده خوره,Mendehora
مندوال,Mindaval
منزله,Menzele
منشكوت,Menşkut
منشكوت و كيخ و زكتى,Menşkut ve Genç ve Zikti
منشورلى,Menşurlu
منشيه,Menşiye
منشيه مع ساحل,Menşiye maa Sahil
منشيه و ساحل,Menşiye ve Sahil
منصوران,Mansuran
منصورلى,Mansurlu
منصوره,Mansure
منصوره مع منية المزاح,Mansure maa Minyetülmizah
منصوريه,Mansuriye
منطاوال,Mindaval
منطوال,Mindaval
منغط,Mangıt
منفلوط مع سنبو,Menfelut maa Senbu
منقاليه,Mankalya
منكب,Mangub
منكسر,Mengeser
منكن,Mengen
منلا جمعه,Monlacuma
منلك,Menlik
منمن,Menemen
منمن بازارى,Menemenpazarı
منمن مع فوچه لر,Menemen maa Foçalar
منمنجى,Menemenci
منوشتور,Monoştor
منوغات,Manavgat
منوفاچ و ريزو,Manafoça (Monofaç) ve Rizo
منوفيه,Menufiye
منوفيّه,Menufiye
منياس,Manyas
منيطره,Munaytıra
منيقه,Müneyka
منگن,Mengen
مه ئيس,Meis
مه توحيا,Metohiya
مه سونيسى,Mesonisi
مه لامبس,Melambes
مه لت,Melet
مه له خا,Meleha
مه له دا,Melada
مه پاورى,Mapavri
مهاج,Mohaç
مهاج و شقلوش,Mohaç ve Şikloş
مهاجرين,Muhacirin
مهاجرين مسعوديه,Muhacirin-i Mesudiye
مهاچ,Mohaç
مهاچ و برنوار,Mohaç ve Berenvar
مهاچ و سكسار,Mohaç ve Seksar
مهدنيچ مع چرنچ,Mehedinç maa Çerneç
مهدينچ مع چرنچ,Mehedinç maa Çerneç
مهديه,Mehdiye
مهر وفا,Mihrivefa
مهرانرود,Mihranerud
مهرانه رود,Mihranerud
مهرانى,Mihrani
مهراني,Mihrani
مهرزي,Mehrazi
مهروان,Mihrivan
مهرود,Mehrud
مهلبيه,Mehlebiye
مهماد السلام,Mihmadüsselam
مهوميه,Mehomye
مواضع,Mevazi
مواضع حان,Mevazihan
مواضع خاتون,Mevazi-i Hatun
مواضع خان,Mevazihan
مواضع فراتيه,Mevazi-i Fıratiye
مواضعحان,Mevazihan
موت,Mut
موتون,Moton
موتيچنه,Motiçine
موجور,Mucur
موجي بابا,Muçibaba
موحسن,Muhasan
موخندى,Muhundu
مود مع سنانلى,Mut (Mud) maa Sinanlı
مود و سنانلو,Mut (Mud) ve Sinanlı
موداوه,Modava
مودرنى,Mudurnu
مودروس,Mudros
مودريچ,Modriç
مودنيچه,Modoniçe
مودوش,Modoş
مودونيچه,Modoniçe
مودونچه و ليواديه,Modoniçe ve Livadiye
مودوه,Modava
مودى,Modi
موديون,Modyon
مور طوغان,Mordoğan
موراق,Murak
موران,Muran
موراوا,Morava
موراوه,Morava
موراوه رودنيك,Morava-i Rudnik
موراوه مع پرشتنه,Morava maa Priştine
موراويچه,Moraviçe
موراوۀ بالا,Morava-i Bala
موراوۀ زير,Morava-i Zir
موراي صونباتهل,Mura-yı Sonbathel
مورت,Murt
مورتو,Murto
مورحوه,Morihova
مورسى,Murosi
مورش,Mureş
مورطنه,Murtana
مورغول,Murgul
مورق,Morak
مورنس,Murnis
موره,Mora
موره اداس,Mora Adası
موره لى,Moralı
موره وه رودنيك,Morava-i Rudnik
موروا,Morava
مورونك,Moronik
موروه,Morava
موروه رودنيك,Morava-i Rudnik
مورويك,Morovik
موروۀ رودنيك,Morava-i Rudnik
موريحوه,Morihova
موريخوه,Morihova
موريس,Moris
موريك,Mörik
موزرم,Hazrem (Müzrüm)
موزع,Muza
موس بكلو,Musabeyli
موسبكلو,Musabeyli
موستار,Mostar
موستار و ناحيۀ غبله,Mostar ve Nahiye-i Gabele
موسقو,Mosko
موسقونيسيا,Muskonisa
موسلاوينه,Moslavine
موسلو,Muslu
موسمارى,Musmari
موسى بكلو,Musabeyli
موسى بكلى,Musabeyli
موش مع موطلو و خيطه و ابتر,Muş maa Mutki (Mutlu) Hayta (?) ve Ester (?) (Ebter)
موشار,Muşar
موشتل,Moştel
موصتار,Mostar
موصل,Musul
موصل و نواحئ شيك و باجوان و بوط و مقلوب و كيگلان و قائدى و دنادى و مندان و حمام على,Musul maa nevahi-i Şiyik ve Bacıvan ve But ve Maklub ve Giglan ve Kaidi ve Dinadi ve Mindan ve Hammam-ı Ali
موصلق,Musluk
موصون,Musun
موط,Mut
موطكى,Mutki
موطمور,Mutmur
موطيچنه,Motiçine
موعلاب,Mulab (?)
موغله,Muğla
موقرى,Mokri
موقوف,Mevkuf
مولارى,Molari
مولسقه,Moloska
مولومولنچى,Molomolinçi
مولوه,Molova
موناستراكى,Monastraki
مونجوسون,Muncusun
موندروس,Mondros
موندوز,Mondoz
موندوس,Mundos
مونظور,Munzur
مونوشتور,Monoştor
مونى,Moni
موهى,Muhi
مويا,Muya
مويقواج,Moykovaç
موُرَه,Mora
موچى بابا,Muçibaba
ميا طاغى,Mayadağı
ميادين,Meyadin
ميان دواب,Miyanduab
ميانه,Miyane
ميتروپولى,Mitropoli
ميحاليج,Mihaliç
ميحاليج جق,Mihaliçcık
ميحايلوه,Mihaylova
ميحولچه,Miholiçe
ميخائل,Mihail
ميخال غازى,Mihalgazi
ميخالج جق,Mihaliçcık
ميخالججق,Mihaliçcık
ميخالجق,Mihaliçcık
ميخاليج,Mihaliç
ميخاليج جق,Mihaliçcık
ميخاليج چق,Mihaliçcık
ميخاليججق,Mihaliçcık
ميخاليجق,Mihaliçcık
ميخاليچ,Mihaliç
ميخاليچ مع سنجان,Mihaliç maa Sincan
ميخاليچ مع ناحيۀ سنجان,Mihaliç maa Nahiye-i Sincan
ميخاليچجق,Mihaliçcık
ميخالچجق,Mihaliçcık
ميخالچه,Mihalçe
ميخلو,Mihlo
ميد,Miyed
ميدان,Meydan
ميدلّلو,Midilli
ميدو,Mido
ميدى,Meydi
مير بدران (؟),Mirbedran (?)
مير حاجلق مصر,Mirhaclık-ı Mısır
مير حاجلك طرابلس غرب,Mirhaclık-ı Trablusgarb
مير حاجلك مصر,Mirhaclık-ı Mısır
مير على,Mirali
مير عليان,Miraliyan
مير ناصر زريقي,Mirnasır-ı Ziriki
مير يوسفى,Miryusufi
ميراباد,Mirabad
ميرار,Mirar
ميرانغو,Mirango
ميرتوس,Mirtos
ميرديته,Mirdita
ميرس,Mires
ميرسوله,Mirsula
ميرقود,Mirkud
ميرمنغا,Mirmanga
ميرِ محمدى,Mirmuhammedi
ميزاك,Mizak
ميزستره,Mizistre
ميس,Meis
ميسك,Misk
ميسكه,Miske
ميسورى,Misivri
ميشجواحيد,Mişecevahid
ميشه,Mişe
ميشه جواخيد,Mişecevahid
ميعار,Miar
ميقرو,Mikro
ميقروس,Mikros
ميقرى ايلى,Mıkriili
ميقنوس,Mikonos
ميقونوس,Mikonos
ميقۀ پرچ,Mika-i Perc
ميكائللو,Mikailli
ميكائللو عشيرتى,Mikailli Aşireti
ميكنوس,Mikonos
ميلاث,Milas
ميلاس,Milas
ميلاص,Milas
ميلاك,Milan
ميلان,Milan
ميلان عشيرتى,Milan Aşireti
ميلاوه,Milava
ميلاپوطم,Milopotam
ميلج مع فشه,Milic maa Fişe
ميللو,Milli
ميللى,Milli
ميلو,Milo
ميلوبولرمه,Milobolerme
ميلوپوطم,Milopotam
ميلى,Milli
مينا,Mina
ميناس,Minas
مينورقا,Minorka
مينورقه,Minorka
مينيه,Minye
ميهاج وشقلوش,Mohaç (Mihaç) ve Şikloş
ميِسْ,Meis
مَازكرد,Mazgird
مَاغُوسَه,Magosa
مَرج مع شوبرةِ شِهاب,Merc maa Şubreti Şihab
مَركَوَرْ,Mergevar
مَرْمَرِيس,Marmaris
مَسَارْيَه,Mesarya
مَطَرْ,Matar
مَكّۀ مُكرّمه,Mekke-i Mükerreme
مَكّۀ مُكرّمَه,Mekke-i Mükerreme
مَليج مع فَشَه,Milic (Melic) maa Fişe
مَلْحه,Melha
مَلْوى مع آشْمُونين,Melva maa Aşmunin
مَلْوَى مع آشمونين,Melva maa Aşmunin
مَنُوفِيّه,Menufiye
مَنْدَلى,Mendeli
مَنْزَله,Menzele
مَنْزَلَه,Menzele
مَنْشِيّه مع ساحل,Menşiye maa Sahil
مَنْصُوره,Mansure
مَنْفَلُوط مع سَنْبُو,Menfelut maa Senbu
مَنْفَلُوطْ مع سَنْبُو,Menfelut maa Senbu
مَنْقَالْيَه,Mankalya
مُخا,Muha
مُرْسقُولي,Mürskulu
مُسَلّطه,Musallata
مُسَيّبْ,Müseyyib
مُنَيْقَه,Müneyka
مُوصُل,Musul
مِدِلّلوُ,Midilli
مِصْرَاطَه,Mısrata
مِنيه,Minye
مِنْيَه,Minye
مِهرانى,Mihrani
مِهراني,Mihrani
مِيت قَمَر,Mitkamer
مپا ورى,Mapavri
مپاورى,Mapavri
مچار سودين,Macar Svodin
مچحانوس,Maçhanos
مچوه,Meçova
مچوه و نواحئ ملاقاص و قورندوس و آطه و چرقويشته و زاغور,Meçova ve Nevahi-i Malakas ve Korindos ve Ada ve Çerkovişte ve Zagor
مژاكه,Mujake
مژاكيه,Mujake
مژي بوژى,Mejiboji
ن واحئ فَيُّوم,Nevahi-i Feyyum
نا صريه,Nasıriye
ناؤسا,Nausa
نائب,Naib
نائبلو,Naibli
نائبلو مع سيس اورته,Naibli maa Sisorta
نائبلى,Naibli
ناباجر,Nabacir
نابلس,Nablus
نابلس مع جنين,Nablus maa Cenin
نابلس و صفد,Nablus ve Safed
نابلوس,Nablus
نابيوه فرور,Nabyuh Ferur
ناتا,Nata
ناتيه,Natiye
ناجه,Nace
ناحه لك,Nahalek
ناحيۀ جاموستل مع بولانق و شكر اوبه سى,Camustil maa Bulanık ve Şekerobası
ناحيۀ زير و بالا و عشيرت حجيانلو انقره,Nahiye-i Zir ve Bala ve Aşiret-i Hacıyanlı-i Ankara
ناحيۀ قير,Kırnahiyesi
ناحيۀ وادى,Nahiye-i Vadi
ناخزير,Nahzır
ناداودوار,Nadavdavar
نادر,Nadir
نادرلو,Nadirli
نادره,Nadire
نادين,Nadin
نار,Nar
نارده,Narda
نارده دكزي,Narda Denizi
نارده مع حواص عايشه سلطان,Narda maa Havass-ı Ayşe Sultan
نارده مع نواحى,Narda maa Nevahi
نارهد,Narhid
نارهيد,Narhid
ناريك,Narik
نازك,Nazik
نازللى,Nazilli
نازللى قيوجق,Nazilli Kuyucak
نازلو,Nazilli
نازيللى,Nazilli
نازيلى,Nazilli
ناسلج,Nasliç
ناسليج,Nasliç
ناسليچ,Nasliç
ناشجقى,Naşicka
ناشچقه مع ازغون,Naşicka (Naşiçka) maa Izgon
ناصره,Nasıra
ناصره و شفاعمر,Nasıra ve Şifaamr
ناصرى,Nasıra
ناطه,Nata
ناغلو,Nağlu
ناقسو,Nakso
ناقشه,Nakşa
ناك اروس فالو,Nagiorosfalu
ناك اوروس فالو,Nagiorosfalu
ناك باطور,Nagibator
ناك حارشان,Nagiharşan
ناك شارلو,Nagişarlo
ناك طاليه,Nagitalya
ناك طوبوجان,Nagitopocan
ناك طوبوچان,Nagitopoçan
ناك طورنه,Nagiturna
ناك فالوه,Nagifalva
ناك قارول حايدوساق,Nagikarol-i Haydusak
ناك قالوه,Nagikallova
ناك ماكوق,Nagimagok
ناك هداش,Nagihedaş
ناك هيچ,Nagihiç
ناك وك,Nagivek
نالكز,Nalgez
ناللى باللى مع دونكسه آباد,İnallıballı (Nallıballı) maa Dönekseabad
نالوت,Nalut
نامان,Naman
نامرون,Namrun
ناناس,Nanas
ناوسه,Navise
ناڭ شارلو,Nagişarlo
نبروه,Neberuh
نبك,Nebek
نتره,Nitra
نجد,Necid
نجد الدار,Necdüddar
نجد عربانى,Necid Urbanı
نجران,Necran
نجف,Necef
نجواى,Necvay
نجوى,Necvay
نحجوان,Nahcıvan
نحودلى,Nohudlu
نخاح,Nihah
نخل,Nahl
نخلين,Nahleyn
نخيله,Nahile
نداژد,Nadajd
نرا,Nera
نرادين,Neradin
نرتوه,Neretva
نرتوه مع قونيچه,Neretva maa Koniçe
نركس,Nergis
نركله,Nergele
نركه له,Nergele
نره,Nera
نرونيسى,Neronisi
نروه,Nirve
نريب,Nerib
نريمان,Neriman
نزار,Nizar
نزب,Nizib
نزكيب,Nezgib
نزيب,Nizib
نس قوچانه,Koçana merkez
نسترام,Nestram
نسى پوله,Nisipole
نش,Niş
نشاوه,Nişava
نشنود,Neşnud
نشنوط,Neşnud
نشوه,Neşve
نصارا,Nasara
نصايبين,Nusaybin
نصبين,Nusaybin
نصرت كرمان,Nusretkirman
نصرتيه,Nusretiye
نصيب,Nasib
نصيبن,Nusaybin
نصيبين,Nusaybin
نصيرالدين بجاغى,Nasırüddinbucağı
نعلبند,Nalband
نعللو,Nallı
نعللو خان,Nallıhan
نعللوخان,Nallıhan
نعلين,Nilin
نعم,Neam
نعمان,Numan
نعمانيه,Numaniye
نعمت باقه ناكه,Nimet Bananagi
نعمت بانه ناكه,Nimet Bananagi
نعمت سودين,Nimet Svodin
نغره,Nağra
نغروپونته,Neğroponte
نغوقاز,Nigokaz
نفس آطنه,Adana merkez
نفس آقحصار,Akhisar merkez
نفس آقسكى,Akseki merkez
نفس آقشهر,Akşehir merkez
نفس آلاشهر,Alaşehir merkez
نفس آماسيه,Amasya merkez
نفس آنامور,Anamur merkez
نفس آنس,Anis merkez
نفس آنطاليه,Antalya merkez
نفس آيدين,Aydın merkez
نفس ابها,Abha merkez
نفس ابو عريش,Ebuariş merkez
نفس اجه آباد,Eceabad merkez
نفس اخلاط,Ahlat merkez
نفس اخى چلبي,Ahiçelebi merkez
نفس ادرميد,Edremid merkez
نفس ادرنه,Edirne merkez
نفس ادنه,Adana merkez
نفس اذميد,İzmid merkez
نفس اذينه,Ezine merkez
نفس اردك,Erdek merkez
نفس ارزنجان,Erzincan merkez
نفس ارض روم,Erzurum merkez
نفس ارضروم,Erzurum merkez
نفس ارغنى,Ergani merkez
نفس ارغنى معدنى,Erganimadeni merkez
نفس اركلى,Ereğli merkez
نفس ارمناك,Ermenek merkez
نفس اروه,Eruh merkez
نفس ازميد,İzmid merkez
نفس ازمير,İzmir merkez
نفس استاروه,İstarova merkez
نفس استانكوى,İstanköy merkez
نفس استانوس,İstanos merkez
نفس استرميچه,İstirmiçe merkez
نفس اسفاكيه,İsfakiye
نفس اسقلا,Iskala merkez
نفس اسكوب,Üsküb merkez
نفس اسكى زغره,Zağra-i Atik (Eskizağra) merkez
نفس اسكيشهر,Eskişehir merkez
نفس اسكچه,İskeçe merkez
نفس اسلميه,İslimye merkez
نفس اسپارطه,Isparta merkez
نفس اسپر,İspir merkez
نفس اشتيب,İştib merkez
نفس اشقودره,İşkodra merkez
نفس اشمه,Eşme merkez
نفس اطرانوس,Atranos merkez
نفس اطنه,Adana merkez
نفس اكردير,Eğirdir merkez
نفس اكرى,Eğri merkez
نفس اكرى دره,Eğridere merkez
نفس اكيل,Eğil merkez
نفس الاصونيه,Alasonya merkez
نفس الشكرد,Eleşkird merkez
نفس المالو,Elmalı merkez
نفس الوجره,Alucra merkez
نفس اماسيه,Amasya merkez
نفس انجيرلى,İncirli merkez
نفس انطاليه,Antalya merkez
نفس انقره,Ankara merkez
نفس اوخرى,Ohri merkez
نفس اوده مش,Ödemiş merkez
نفس اوردى,Ordu merkez
نفس اورفه,Ruha (Urfa) merkez
نفس اوسك,Ösek merkez
نفس اينه بولى,İnebolu merkez
نفس ايپك,İpek merkez
نفس باب,Bab merkez
نفس باجل,Bacil merkez
نفس بارطين,Bartın merkez
نفس بازيان,Bazyan merkez
نفس باطوم,Batum merkez
نفس باليكسر,Balıkesri (Balıkesir) merkez
نفس باليكسرى,Balıkesri merkez
نفس بايبورد,Bayburd merkez
نفس بايزيد,Bayezid merkez
نفس بتليس,Bitlis merkez
نفس برات,Berat merkez
نفس برغمه,Bergama merkez
نفس بروسه,Bursa merkez
نفس بصره,Basra merkez
نفس بغداد,Bağdad merkez
نفس بكشهرى,Beyşehri merkez
نفس بلغراد انكروس,Belgrad-ı Üngürüs merkez
نفس بنا لوقه,Banaluka merkez
نفس بنغازى,Bingazi merkez
نفس بنى صعب,Benisaab merkez
نفس بوبوجي,Popovci merkez
نفس بوردور,Burdur merkez
نفس بورغاس,Burgas merkez
نفس بوزطغان,Bozdoğan merkez
نفس بوزقير,Bozkır merkez
نفس بوسنه,Bosna merkez
نفس بولدان,Buldan merkez
نفس بولى,Bolu merkez
نفس بوى آباد,Boyabad merkez
نفس بيروت,Beyrut merkez
نفس بيغا,Biga merkez
نفس بيله جك,Bilecik merkez
نفس تراونيك,Travnik merkez
نفس ترجان,Tercan merkez
نفس تعز,Taiz merkez
نفس تفنى,Tefenni merkez
نفس تكفور طاغى,Tekfurdağı merkez
نفس تنوس,Tonus merkez
نفس توقاد,Tokat (Tokad) merkez
نفس جنين,Cenin merkez
نفس جيده,Cide merkez
نفس حافيك,Hafik merkez
نفس حانيه,Hanya merkez
نفس حجريه,Haceriye merkez
نفس حجه,Hacce merkez
نفس حديده,Hudeyde merkez
نفس حراز,Haraz merkez
نفس حران,Harran merkez
نفس حكارى,Hakkari merkez
نفس حلب,Haleb merkez
نفس حما,Hama merkez
نفس حمص و حصن الاكراد,Humus merkez ve Hısnülekrad
نفس حميديه,Hamidiye merkez
نفس حوران,Havran merkez
نفس حوران و جيدور,Havran ve Cidur merkez
نفس حوضه,Havza merkez
نفس حيفا,Hayfa merkez
نفس خاصكوى,Hasköy merkez
نفس خمس,Hums merkez
نفس خيره بولى,Hayrabolu merkez
نفس خيماره,Hımara merkez
نفس دارنده,Darende merkez
نفس دارى دره,Darıdere merkez
نفس دبره,Debre merkez
نفس دبره چين,Debreçin merkez
نفس دبرۀ بالا,Debre-i Bala merkez
نفس دراج,Drac merkez
نفس درامه,Drama merkez
نفس درنه,Derne merkez
نفس دكزلى,Denizli merkez
نفس دهوك,Duhuk merkez
نفس دوات,Davat merkez
نفس دوزجه,Düzce merkez
نفس ديادين,Diyadin merkez
نفس دياربكر مع كيكى و تركمان,Diyarbekir merkez maa Gigi ve Türkmen
نفس دير زور,Deyr-i Zor merkez
نفس ديرازنيا,Dirazniya merkez
نفس ديرك,Derik (Dirik) merkez
نفس ديوريكى,Divriği merkez
نفس ذنقو,Zinkov merkez
نفس رانيه,Raniye merkez
نفس راونديز,Revandiz merkez
نفس راچه,Raça merkez
نفس رداع,Rada merkez
نفس رسمو,Resmo merkez
نفس ريزه,Rize merkez
نفس ريمه,Reyme merkez
نفس زبيد,Zebid merkez
نفس زمار,Zamar merkez
نفس زيله,Zile merkez
نفس ساقز,Sakız merkez
نفس سرايكوى,Sarayköy merkez
نفس سرفيچه,Serfiçe merkez
نفس سعرد,Siird merkez
نفس سكتوار,Sigetvar merkez
نفس سكدين,Segedin merkez
نفس سكود,Söğüd merkez
نفس سلانيك,Selanik merkez
نفس سلانيك مع نواحى,Selanik merkez maa Nevahi
نفس سلطان اوكي,Sultanönü merkez
نفس سلطان يرى,Sultanyeri merkez
نفس سلطانيه,Sultaniye merkez
نفس سليمانيه,Süleymaniye merkez
نفس سنجار,Sincar merkez
نفس سيروز,Siroz merkez
نفس سيس,Sis merkez
نفس سيماو,Simav merkez
نفس سينوب,Sinob merkez
نفس سيواس,Sivas merkez
نفس شاركوى,Şarköy merkez
نفس شتاق,Şatak merkez
نفس شهر پازار,Şehirpazar merkez
نفس شوف,Şuf merkez
نفس شياق,Şiyak merkez
نفس صاسون,Sason merkez
نفس صاطانوه,Satanova merkez
نفس صالحلو,Salihli merkez
نفس صامسون,Samsun merkez
نفس صلاحيه,Salahiye merkez
نفس صندوقلى,Sandıklı merkez
نفس صنعا,Sana merkez
نفس صهيون,Sahyun merkez
نفس صو شهرى,Suşehri merkez
نفس صوفيلو,Sofulu merkez
نفس طاشلوجه,Taşlıca merkez
نفس طاطاى,Daday merkez
نفس طرابلس,Trablusgarb (Trablus) merkez
نفس طرابلس مع مينه,Trablus merkez maa Mina
نفس طربزون,Trabzon merkez
نفس طرسوس,Tarsus merkez
نفس طرنوه,Tırnova merkez
نفس طره بزون,Trabzon merkez
نفس طمشوار,Tımışvar merkez
نفس طوزلۀ زير,Tuzla-i Zir merkez
نفس عدين,Udeyn merkez
نفس عزيزيه,Aziziye merkez
نفس عشا ق,Uşak merkez
نفس عقره,Akra merkez
نفس عكا,Akka merkez
نفس علائيه,Alaiye merkez
نفس عورتحصار,Avrathisarı merkez
نفس غرزان,Garzan merkez
نفس فزان,Fizan merkez
نفس فكه,Feke merkez
نفس فلبه مع نواحى,Filibe merkez maa Nevahi
نفس فوچه تين,Foçateyn merkez
نفس فيلورينه,Florina merkez
نفس قدس شريف,Kudüs (Kuds-i Şerif) merkez
نفس قرجه على,Kırcaali merkez
نفس قرجوه,Kırçova merkez
نفس قرق آغاج,Kırkağaç merkez
نفس قرق كليسا,Kırkkilise merkez
نفس قره حصار,Karahisar-ı Sahib (Karahisar) merkez
نفس قره حصار صاحب,Karahisar-ı Sahib merkez
نفس قره فريه,Karaferye merkez
نفس قره مرسل,Karamürsel merkez
نفس قريچوه,Kriçova merkez
نفس قسبروفچه,Kasperofça merkez
نفس قسطمونى,Kastamonu merkez
نفس قسطنطين اوه,Kostantinova merkez
نفس قلعۀ سنكوب,Sengob Kalesi merkezi
نفس قمنيچه,Kameniçe merkez
نفس قندره,Kandıra merkez
نفس قنديه,Kandiye merkez
نفس قنفده,Kunfuda merkez
نفس قورو چاى,Kuruçay merkez
نفس قوزانه,Kozana merkez
نفس قوش آطه سى,Kuşadası merkez
نفس قولب,Kulb merkez
نفس قوله,Kula merkez
نفس قونيه,Konya merkez
نفس قيرشهرى,Kırşehri merkez
نفس قيريوچه,Kırivçe merkez
نفس قيصريه,Kayseri (Kayseriye) merkez
نفس كدوس,Gediz (Gedüs) merkez
نفس كربلا,Kerbela merkez
نفس كرجانيس,Gercanis merkez
نفس كركوك,Kerkük merkez
نفس كره بنه,Grebene merkez
نفس كره ده,Gerede merkez
نفس كرون,Gürün merkez
نفس كسروان,Kisrevan merkez
نفس كسريه,Kesriye merkez
نفس كسكيم,Kiskim merkez
نفس كشان,Keşan merkez
نفس كلدكلان,Geldiklan merkez
نفس كلعنبر,Gülanber merkez
نفس كلنار,Gülnar merkez
نفس كليبولى,Gelibolu merkez
نفس كماح,Kemah merkez
نفس كماخ,Kemah merkez
نفس كمشخانه,Gümüşhane merkez
نفس كموش حاجى كوى,Gümüşhacıköy merkez
نفس كنج,Genç merkez
نفس كنجه لى,Genceli merkez
نفس كنغرى,Kengırı merkez
نفس كنقرى,Kengırı (Kenkırı) merkez
نفس كوتاهيه,Kütahya merkez
نفس كوردس,Gördos merkez
نفس كوريجه,Görice merkez
نفس كوكبان,Kevkeban merkez
نفس كوكيلى,Gevgili merkez
نفس كوملجنه,Gümülcine merkez
نفس كوى سنجاق,Köysancak merkez
نفس كوپريلى,Köprülü merkez
نفس كيغى,Kiğı merkez
نفس كيلان,Gilan merkez
نفس كيوه,Geyve merkez
نفس لاديق,Ladik merkez
نفس لاذقيه,Lazkiye merkez
نفس لاپسكى,Lapseki merkez
نفس لحيه,Luhayye merkez
نفس لسقويك,Leskovik merkez
نفس لش,Leş merkez
نفس لفقوشه,Lefkoşa merkez
نفس لمنى,Limni merkez
نفس لوروس,Luros merkez
نفس لوشنه,Luşne merkez
نفس لوله برغوس,Lülebergos merkez
نفس ليجه,Lice merkez
نفس ليمنى,Limni merkez
نفس ماردين,Mardin merkez
نفس مارغليج,Margaliç merkez
نفس مازكرد,Mazgird merkez
نفس متن,Metn merkez
نفس مدللو,Midilli merkez
نفس مدللى,Midilli merkez
نفس مديه,Midye merkez
نفس مرجعيون,Merc-i Uyun merkez
نفس مرسين,Mersin merkez
نفس مرعش,Maraş merkez
نفس مرفته,Mürefte merkez
نفس مرقب,Merkab merkez
نفس معلقره,Malkara merkez
نفس معمورة الحميد,Mamuretülhamid merkez
نفس مغله,Muğla merkez
نفس مغنيسا,Manisa merkez
نفس ملاطيه,Malatya merkez
نفس مناستر,Manastır merkez
نفس منلك,Menlik merkez
نفس موداوه,Modava merkez
نفس موستار,Mostar merkez
نفس موش,Muş merkez
نفس موصل,Musul merkez
نفس موغله,Muğla merkez
نفس مولوه,Molova merkez
نفس ميحايلوه,Mihaylova merkez
نفس مژي بوژى,Mejiboji merkez
نفس نا صريه,Müntefik (Nasıriye) merkez
نفس نابلس,Nablus merkez
نفس نازللى,Nazilli merkez
نفس ناسليج,Nasliç merkez
نفس نصايبين,Nusaybin merkez
نفس نمچه,Nemçe merkez
نفس نيكده,Niğde merkez
نفس نيو,Niv merkez
نفس هفوف,Hufuf merkez
نفس وارطو,Varto merkez
نفس واروش بابا,Babadağı (Baba) Varoşu
نفس وان,Van merkez
نفس وودينه,Vodine merkez
نفس ويزه,Vize merkez
نفس يانيه,Yanya merkez
نفس يكيشهر,Yenişehir merkez
نفس يلواج,Yalvaç merkez
نفس يوزغاد,Yozgad merkez
نفس پالو,Palu merkez
نفس پرزرن,Prizrin merkez
نفس پرزرين,Prizrin merkez
نفس پرلپه,Pirlepe merkez
نفس پرمدى,Premedi
نفس پره وزه,Preveze merkez
نفس پلومر,Pülümür merkez
نفس پوزه غه,Pojega merkez
نفس پولوس كيروف,Poloskirof merkez
نفس پوژه غه,Pojega merkez
نفس پياس,Payas merkez
نفس پچوى,Peçuy merkez
نفس پچوي,Peçuy merkez
نفس چاكوى,Çakvi merkez
نفس چتالجه,Çatalca merkez
نفس چشمه,Çeşme merkez
نفس چورلى,Çorlu merkez
نقرۀ بنى اسد,Nukra-i Beniesed
نقشا,Nakşa
نقشك,Nikşik
نقشه,Nakşa
نقشه و برّه,Nakşa ve Barre
نقشيك,Nikşik
نقوديم,Nikodim
نقول,Nakol
نقيب الاشرافلق,Nakibüleşraflık
نكبولى,Niğbolu
نكده,Niğde
نكريته,Nigrita
نكريطه,Nigrita
نكزوان,Nikzevan
نكسار,Niksar
نكشك,Nikşik
نكشكلر,Nikşik (Nikşikler)
نكشيك,Nikşik
نكوجك,Nügücük
نكيه,Nikiye
نلقاز,Nilkaz
نلچه,Nemçe (Nelçe )
نمازكاه,Namazgah
نمتن,Nemetin
نمتين,Nemetin
نمجه,Nemçe
نمران,Namran
نمرود,Nemrud
نمرون,Namrun
نمچه,Nemçe
نمچه ولايتي,Nemçe Vilayeti
نناوشته,Nenavişte
ننته,Nenite
ننيته,Nenite
نه را,Nera
نه رتوه,Neretva
نهاوند,Nihavend
نهر الاسود,Nehrülesved
نهر الكاظميه,Nehrülkazımiye
نهر الكب,Nehrülkelb
نهر الكبير,Nehrülkebir
نهر الكلب,Nehrülkelb
نهر المنقطع,Nehrülmunkatı
نهر بشترك,Nehr-i Beşterek
نهر تيسه,Nehr-i Tisa
نهر جديد شريف سلطان سليمان,Nehr-i Cedid-i Şerif-i Sultan Süleyman
نهر زاويه,Nehr-i Zaviye
نهر شاه,Nehr-i Şah
نهر طاشلى,Nehr-i Taşlı
نهر عنتر,Nehr-i Anter
نهر قبارطى,Nehr-i Kabartay
نهرالجوز,Nehrülcevz
نهرالمه,Nehr-i Alma
نهرى,Nehri
نهم,Nehm
نهيلى,Nehili
نو شهر,Nevşehir
نوا,Neva
نوا برده,Novabırda
نوابردا,Novabırda
نوابرده,Novabırda
نوابرى,Novabırda
نواج,Novaç (?)
نواحئ اربعه,Nevahi-i Erbaa
نواحئ ارمناك,Nevahi-i Ermenek
نواحئ بارچنلو,Nevahi-i Barçınlı
نواحئ بارچنلى,Nevahi-i Barçınlı
نواحئ بارچينلو,Nevahi-i Barçınlı
نواحئ بارچينلى,Nevahi-i Barçınlı
نواحئ برغمه,Nevahi-i Bergama
نواحئ بلغراد انكروس,Belgrad-ı Üngürüs nahiyeleri
نواحئ خمسه,Nevahi-i Hamse
نواحئ فيوم,Nevahi-i Feyyum
نواحئ نابلس,Nevahi-i Nablus
نواحئ يانبولى,Nevahi-i Yanbolu
نواحئ پاولى,Nevahi-i Pavlu
نواحى,Nevahi
نواحى بارجنلو,Nevahi-i Barçınlı
نواحى برغمه,Nevahi-i Bergama
نواحى مع ازمير و اورله,İzmir maa Nevahi ve Urla
نواحى يانبولى,Nevahi-i Yanbolu
نواصره,Nevasıra
نواصره مع قرداحا,Nevasıra maa Kardaha
نواصره مع قرداحه,Nevasıra maa Kardaha
نوامه (؟),Navama (?)
نوتياق,Nutyak
نوتيلاز,Nevtilaz
نور الدين,Nureddin
نور قوب,Nevrekob
نورا,Nora
نورالدين,Nureddin
نورحق,Nurhak
نورحق و چوماق بازارى,Nurhak ve Çomakpazarı
نورحق و چوماق بازارى و نركله,Nurhak ve Çomakpazarı ve Nergele
نوردوز,Norduz
نوردوز مع شيوه له,Norduz maa Şivelan (Şivele)
نورقوب,Nevrekob
نوركاه,Norgah
نوركوح,Norkoh
نوركوخ,Norkoh
نوره قوب,Nevrekob
نوسقه,Nevaska
نوسل,Novasil
نوشهر,Nevşehir
نوشهر مع اركوب,Nevşehir maa Ürgüb
نوشهر مع اوركوب,Nevşehir maa Ürgüb
نوطياق,Nutyak
نوطيه,Notiye
نوغراد,Novigrad
نوكاي,Nogay (?)
نوكريچه,Nogoriçe
نوكوجك,Nügücük
نوكوچك,Nügücük
نوه,Nova
نوه برده,Novabırda
نوه سل,Novasil
نوه سل مع كلوچ,Novasil maa Kluç
نوه سلقه,Novaselka
نوه سنه,Nevesine
نوه سيل,Novasil
نوه سين و تتمۀ فوچه,Nevesine (Nevesin) ve Tetimme-i Foça
نوه سينه,Nevesine
نوه شناوه,Novaşinava
نووه,Nova
نووين,Novin
نوى بلغراد [و] واچ,Novi Belgrad [ve] Vaç
نوى غراد,Novigrad
نوي غراد,Novigrad
نويجه,Nivice
نويغراد,Novigrad
نوين,Novin
نوُوْسوُندْلاَند,Nov Sondland
نيابت فرموده,Niyabet-i Fermude
نيابت كاريش احتيار,Niyabet-i Gariş İhtiyar
نيالسقور,Niyaliskur
نيامج مع پياتره,Niyamiç maa Piyatra
نياندرو,Niyandoro
نياندورو,Niyandoro
نيروه,Nirve
نيزيب مع بايشته,Nizib maa Barişa (Bayişte)
نيس,Nis
نيساقى,Nisakı
نيسومى,Nisomi
نيف,Nif
نيقاريه,Nikarya
نيقسيج,Niksiç
نيقوديم,Nikodim
نيقولائوس,Nikolaos
نيكبولى,Niğbolu
نيكبولي,Niğbolu
نيكده,Niğde
نيكريتا,Nigrita
نيكريطه,Nigrita
نيكسار,Niksar
نيكشان,Nikişan
نيكلى,Nikli
نيكوريا,Nikuriya
نيل,Nil
نيل صوىي,Nil Suyu
نيلوفر,Nilüfer
نيمبروس,Nimbros
نيمت سودين,Nimet Svodin
نيموس,Nimos
نيونا,Niyona
نيونه,Niyona
نيپورى,Nipori
نيگبولى,Niğbolu
نيگده,Niğde
نَخُيلَه,Nahile
نَخِيلَه,Nahile
نَضْرين,Nazrin
نَضْرِين مع توابع,Nazrin maa Tevabi
نَقْشه,Nakşa
نَهْرَوان,Nehrevan
نُوِيغرَادْ,Novigrad
نچون,Neçven
هارثه,Harise
هارميل,Harmil
هارنيش,Harniş
هارون,Harun
هارون اباد,Harunabad
هارونيه,Haruniye
هارونيّه,Haruniye
هازو,Hazzo
هاشميه,Haşimiye
هاشميّه,Haşimiye
هافيك,Hafik
هاكپونيزيا,Hakiponiziya
هامو,Hamo
هامور,Hamur
هانى,Hani
هاوار,Havar
هاوانا,Havana
هاويك,Havik
هاچين,Haçin
هتش,Heteş
هدويك,Hidvig
هدى,Hedi
هرات,Herat
هراقليا,Herakliya
هرتو,Hertev
هرسك,Hersek
هرسه,Herese
هرسين,Hersin
هرسينى,Hersini
هرطه,Herita
هرقوص,Herkus
هركه وقلعۀ صغه جق,Hereke ve Kale-i Sığacık
هركى,Heriki
هركيان,Herekiyan
هركيان عشيرتى,Herekiyan Aşiret
هرمان,Herman
هرمانلى,Harmanlı
هرمز,Hürmüz
هرمل,Hermel
هرمونيزى,Hermonizi
هرناد,Hernad
هره ك,Herek
هروتيان,Herutyan
هريكى,Heriki
هريوانلى,Herivanlı (?)
هرّه (؟),Hirra (?)
هرّو,Hurru
هرْسك,Hersek
هزارشاه,Hezarşah
هزارغراد,Hezargrad
هزارمرد,Hezarmerd
هزاره,Hezara
هزق,Hezek
هزك,Hezek
هشترود,Heştrud
هشين,Hişin
هفوف,Hufuf
هكبلى اطه,Heybeliada
هكبه لى اطه,Heybeliada
هكمه,Hekme
هكيم,Hekim
هلييودورمييا,Hiliyodoromiya
همت,Himet
همدان,Hemedan
همشين,Hemşin
همشين بالا,Hemşin-i Bala
همشين زير,Hemşin-i Zir
هميت,Hemit
هميدبارو (؟),Hemidbaru (?)
هميدبارو(؟),Hemidbaru (?)
هنجام,Hencam
هند جيدام,Hind-i Cidam
هندرابى,Henderabi
هندستان,Hindistan
هندولى,Hindili
هنديه,Hindiye
هنديّه,Hindiye
هنكامك,Hüngemek
هنود,Hunud
هنى,Hani
هه رو,Hero
هوار,Hevar
هواكل,Hovakil
هوبان,Hüban
هوتاليج,Hotaliç
هودى دده,Hodidede
هودي,Hudi
هور,Hevr
هورالله,Havrullah
هوراه,Havrullah
هورمز,Hürmüz
هوسنك,Hösnek
هوش,Heveş
هوشين,Hoşin
هوك,Hevek (?)
هوللوق,Hollok
هون,Hun
هونكره,Höngüre
هونين,Hunin
هونين و ساحل قانه,Hunin ve Sahil-i Kana
هونين و ساحل قانه و مرج عيون,Hunin ve Sahil-i Kana ve Merc-i Uyun
هوواكل,Hovakil
هويدان,Hüveydan
هويدى,Hevidi
هويران مع مازكرد,Hozat (?)(Hoyran (?)) maa Mazgird
هيت,Hit
هيرون,Hiron
هيه,Hih
هيوك,Höyük
هَرْسك,Hersek
هَونين,Hunin
هُورَمُتْ,Hüremüt
هِيهْ,Hih
و عشيرت بوز اولوس,Tabanlı ve Aşiret-i Bozulus
وآرآديه,Varadya
وآرادين,Varadin
وآن,Van
واتقه,Vatika
واتون,Vaton
واتى,Vati
واتيقه,Vatika
واثى,Vasi
واج,Vac
وادئ جمول,Vadi-i Cumul
وادئ شرقى,Vadi-i Şarki
وادئ عتبه,Vadi-i Utbe
وادئ غربى,Vadi-i Garbi
وادئ غربىNakhalat,Vadi-i Garbi
وادئ موسى,Vadi-i Musa
وادئ نخله,Vadi-i Nahle
وادالتيم,Vaditteym
وادى,Vadi
وادى الاخضر,Vadilahdar
وادى التيم,Vaditteym
وادى التيم و عرقوب,Vaditteym ve Arkub
وادى الشعرا,Vadişşuara
وادى الشعراء الغربى,Vadişşuara el-Garbi
وادى العجم,Vadilacem
وادى اللوا,Vadilliva
وادى النبى,Vadinnebi
وادى النصارا,Vadinnasara
وادى النصاره,Vadinnasara
وادى النصارى,Vadinnasara
وادى النصرى,Vadinnasara
وادى برده,Vadi-i Berada
وادى بره ده,Vadi-i Berada
وادى بَرده,Vadi-i Berada
وادى بَرَدَه,Vadi-i Berada
وادى شعير,Vadi-i Şair
وادى قنديل,Vadi-i Kandil
وادى موسى,Vadi-i Musa
وادى وانك,Vadivank
وادى يبروت,Vadi-i Yebrut
وادي الرّماع,Vadirrumaa
وادي برده,Vadi-i Berada
وادي جمول,Vadi-i Cumul
واديلي,Vadili
واديه,Vadiye
واديّه,Vadiye
وارآدين,Varadin
واراد,Varad
وارادين,Varadin
واراديه,Varadya
وارانو,Varano
واربا,Varba
وارتو,Varto
وارتين,Vartin
واردار,Vardar
واردار صوي,Vardar suyu
وارديانى,Vardiyani
واردين,Varadin
وارش,Varoş
وارطان,Vartan
وارطن,Vartin
وارطو,Varto
وارطوى عليا و سفلا مع عشيرت جبرانلو,Varto (Varto-yı Ulya ve Süfla) maa Aşiret-i Cibranlı
وارنقه,Varnaka
وارنه,Varna
واره دين,Varadin
واروش,Varoş
واروش سوله,Varoş-ı Sole
واروش فروزبك,Varoş-ı Firuzbey
واروش قلعۀ مكوريجيه,Varoş-ı Kale-i Mikuriçye
واروش قلعۀ مكوريچيه,Varoş-ı Kale-i Mikuriçye
واروش قلعۀ نفس نوى,Novi Kalesi Varoşu
واروش كيژوينه,Varoş-ı Kijevine
واروش لشنيجه,Varoş-ı Leşniçe
واروششته,Varoşişte
وارچاروقف,Varçarvakıf
وازن,Vazin
واسط,Vasıt
واسقوان,Vaskovan
واسقووان,Vaskovan
واسكرد,Vasgird
واسلوى,Vasluy
واسوويك,Vasovik
واسيل آطه,Vasilada
واسيلقو,Vasiliko
واسيلقوس,Vasilikos
واسيلى,Vasili
واسيليقو,Vasiliko
واشارهل,Vaşarhel
واشقه سنمارتين,Vaşka Senmartin
واشوار,Vaşvar
واشيان,Vaşyan
واشيلادى,Vaşiladi
واصار,Vasar
واصط,Vasıt
واصلقه,Vasilika
واصلقو,Vasiliko
واصويك,Vasivoyik
واظلدان,Vazıldan
واق,Vak
والاندووه,Valandova
والتوز,Valtoz
والطه,Valta
والير,Valir
واليوه,Valyeva
والپوه,Valpova
والپووه,Valpova
والچترين,Vulçıtrın
واموس,Vamos
وان,Van
وان ادرميد,Van Edremid
وان و اختمار,Van ve Ahtamar
وانتروق,Vanterok
وايونتيا,Vayonetya
واچ,Vaç
واچنه,Vaçne (?)
واژون,Vajon
وبش,Vebeş
وتحى,Vethi
وتحي,Vethi
وته,Vate
وتهي,Vethi
وثيقوق,Visikuk
وثيقوك,Visikuk
ودرينچه,Vidriniçe
ودنه,Vodine
ودنيچه,Vodeniçe
وده نيچه,Vodeniçe
ودين,Vidin
ودين مع ناحيۀ صحراء بلغرادجق و لوم و پولميه,Vidin maa Nahiye-i Sahra ve Belgradcık ve Lom ve Polomiye
ودين مع نواحى,Vidin maa Nevahi
ودين و نواحى,Vidin ve Nevahi
ودينه,Vodine
وراتار,Vratar
وراخاس,Vrahas
وراد,Varad
ورادين,Varadin
وراديه,Varadya
وراق,Varak
ورانيك,Vranik
وراى,Varay
وراژن,Verajne (Verajn (?))
وربيل,Verebil
ورتنك (؟),Vertenk (?)
وردور,Verdura
ورنده,Verende
وره بيل,Vrabil
وروش,Varoş
ورومونا,Vromuna
ورومونه,Vromuna
وريشان,Verişan
وزير كوپريسى,Vezirköprü (Vezirköprüsü)
وزيرخانى,Vezirhanı
وزيركوپرى,Vezirköprü
وزيركوپريسى,Vezirköprü (Vezirköprüsü)
وساليط,Vussalit
وسطه,Vusta
وسوره,Visora
وسوقه,Visoka
وسيطه,Vasita
وشتران,Voşteran
وشتيجه,Voştiçe
وشتيچه,Voştiçe
وشغراد,Vişegrad
وشوه,Vişova
وشين,Veşin
وصاب سافل,Vasab-ı Safil
وصاب عالى,Vasab-ı Ali
وصابين,Vasabeyn
وطن,Vatan
وغادي,Vugadi
وفس,Vefs
وقف,Vakıf
وقف حمزه بيك,Vakf-ı Hamzabey
وقف زير,Vakf-ı Zir
وقف صغير,Vakf-ı Sagir
وقف كبير,Vakf-ı Kebir
وقف كبير مع اسكيه,Vakf-ı Kebir maa İskefiye (İskeye)
وقه,Vuka
وكره,Vekre
وكين,Vokin
ولا,Vela
ولاقسا,Valaksa
ولايت افلاق,Eflak Vilayeti
ولايشته,Vlayişte
ولجترين,Vulçıtrın
ولستن,Velestin
ولستين,Velestin
ولق,Vılk
ولقاشين,Vılkaşin
ولقوار,Vulkovar
ولوس,Volos
ولوندوس,Velvendos
ولى بابا,Velibaba
ولى كوى,Veliköy
وليامن,Valyemin
وليقه,Velika
وليقه استروه,Velika Ostrova
وليقه اسلوبوچيه,Velika İslobuçye
وليقه سچن,Velika Seçen
ولين,Velin
وليه,Velye
ولچترن,Vulçıtrın
ولچترين,Vulçıtrın
ولچترين مع نظارت اسكوب,Vulçıtrın maa Nezaret-i Üsküb
ولچترين مع نظارت قراطوه و اسُكُوبْ,Vulçıtrın maa Nezaret-i Kratova ve Üsküb
ولچه,Velçe
ولچه مع رمنيق,Vulçe maa Rimnik
ونديقو,Venediko
ونديقواطه جغى,Venediko Adacığı
ونديك مملكتي,Venedik Memleketi
ونك,Venk
ونوس,Vunos
ونيچه,Voniçe
ونچاج,Vinçaç
ونچه,Vençe
وه لزه,Veleze
وه نه تيقو,Venetiko
ووئيدى,Voidi
وودنا,Vodine
وودينه,Vodine
وودينه مع قره جه آباد,Vodine maa Karacaabad
وورقولاقه,Vurkolaka
ووسالت,Vussalit
ووشتيجه,Voştiçe
ووشتيچه,Voştiçe
ووقه,Vuka
ووقوليس,Vukolis
ووكين,Vokin
ووكين مع اسوتي مقلوش,Vokin maa İsvetimikloş
وولغارو,Vulgaro
وولوس,Volos
ووليسو,Voliso
وومرى,Vumeri
وونا,Vona
وونوس,Vunos
وونيچه,Voniçe
ووولوس,Vuvalos
ويانو,Viyano
ويجه,Viçe
ويد,Vid
ويدهر,Vidher
ويدو,Vido
ويدوسقه,Vidoska
ويدوسقه وبورماز,Vidoska ve Burmaz
ويدين,Vidin
ويران شهر,Viranşehir
ويرانجق,Virancık
ويرانجك,Virancık
ويرانش,Vıraneş
ويرانشهر,Viranşehir
ويرانوغراچ,Vranograç
ويرباشقى,Virbaşkı
ويربانيه,Virbanya
ويرجه,Virce
ويرح بليجه,Virhbiliçe
ويرح ريقه,Virhrika
ويرحليقه,Virhlika
ويرحوينه,Virhovine
ويرخ قروپنه,Virhkrupine
ويردنك,Virdnik
ويردنيك,Virdnik
ويرشيجه,Virşice
ويرغوراج,Virgoraç
ويره وتيچه,Virevitiçe
ويرهووينه,Virhovine
ويرهوينه,Virhovine
ويروتيچه,Virevitiçe
ويروير,Vırvır
ويرچوه,Virçova
ويزه,Vize
ويسوره,Visora
ويسوقه,Visoka
ويسيّه,Veysiye
ويشغراد,Vişegrad
ويشقراد,Vişegrad
ويشه غراد,Vişegrad
ويشوه,Vişova
ويطولشته,Vitoleşte
ويلاغوش,Vilagoş
وينق,Voynuk
وينقوفجي,Vinkofçi
وينقوفچه و ايوانقوه,Vinkofça ve İvankova
وينوغراچ,Vinograç
وينوق,Voynuk
ويوده,Voyvoda
ويچه,Viçe
وَادِى,Vadi
وُدِنَه,Vodine
وِدِينْ,Vidin
وپراش,Vapraş
وچرا,Viçra
وچيچه,Vuçiçe
يابلاق وماقرق (؟),Yablak (?) ve Makrak (?)
ياج اغاچ,Yaçağaç
يادره,Yadara
يادره مع اتبكار,Yadara maa Atpınar
يادكين,Yadgin
يار حصار,Yarhisar
يارحصار,Yarhisar
يارحصار بروسه مع بازارجق,Yarhisar (Yarhisar-ı Bursa) maa Pazarcık
يارحصار مع پازارجق,Yarhisar maa Pazarcık
يارقه,Yaraka
يارلق,Yarlık
يارمجه,Yarımca
يارنكومه,Yarangüme
ياره پتره,Yerapetra
ياروشوقه,Yaroşevka
يارپوز,Yarpuz
يارچه,Yarçe
يازبرين,Yazberin
يازلوفجه,Yazlofça
يازى كوى,Yazıköy
يازى يرى,Yazıyeri
ياسات,Yasat
ياسنوويك,Yasenovik
ياسنويك,Yasenovik
ياسنچه,Yaseniçe
ياش,Yaş
ياش طاغ,Yaşdağ
ياصدوره,Yasdura
ياصنوفچه,Yasanofça
ياصيجه,Yassıca
ياغان,Yağan
ياغبصان,Yağbasan
ياغداش,Yağdaş
ياغده,Yağda
ياغليجه,Yağlıca
ياغمور دره,Yağmurdere
ياغودنه,Yagodine
ياغودينه,Yagodine
يافع (؟),Yafi (?)
يافه,Yafa
ياقوريت,Yakorit
ياقوه,Yakova
ياله,Yale
يالواچ,Yalvaç
يالواچ قره اغچ,Yalvaç ve Karaağaç
يالوميچا,Yalomiça (?)
يالوميچه,Yalomiçe
يالى,Yalı
يالي,Yalı
يان,Yan
يانبولى,Yanbolu
يانبولى مع نواحى,Yanbolu maa Nevahi
يانتره,Yantra
يانسقار,Yaniskar
يانق,Yanık
يانوس هذه,Yanoşheze
يانوه مع ساموكش,Yanova maa Şamukeş (Samukeş)
يانيق,Yanık
يانيه,Yanya
يانيه مع قرندوس,Yanya maa Korindos
يانيه مع قروندوس,Yanya maa Korindos
يانيه مع قورندوس,Yanya maa Korindos
يانيه مع نواحى,Yanya maa Nevahi
يانيچه,Yaniçe
ياوجه,Yaviçe
ياوزكلى,Yavzekli (?)
ياولاق قرمانلو,Yavlakkaramanlı
ياوه بولى,Yavebolu
ياووز كمال,Yavuzkemal
ياوى,Yavi
ياويجه,Yaviçe
ياوچه,Yaviçe
ياياكوي,Yayaköyü
يايقل,Yaykıl
يايقيل,Yaykıl
يايلاجيلر,Yaylacılar
يايلاق,Yaylak
يايلاق صغير,Yaylak-ı Sagir
يايلاق كبير,Yaylak-ı Kebir
يايچه,Yayçe
يبان آباد,Yabanabad
يبان اباد,Yabanabad
يبان اووه,Yabanova
يبان حمامى,Yabanhamamı
يحيا لو,Yahyalı
يحيا لى,Yahyalı
يحيالو,Yahyalı
يخكيك,Yahkik
يدى آطه,Yediada
يدى ديوان,Yedidivan
يدي ديوان,Yedidivan
ير كسكى,Yerkesiği
ير كسيكى,Yerkesiği
ير كسيگى,Yerkesiği
يرا پتره,Yerapetra
يراپترا,Yerapetra
يراپتره,Yerapetra
يركان,Yörükan
يركوكى,Yergöğü
يركوكى اوته ياقه,Yergöğü-yi Öteyaka
يرلى صو,Yerlisu
يرنيكومه,Yarangüme
يره,Yera
يره پتره,Yerapetra
يرونيسى,Yeronisi
يريم,Yerim
يرپوز,Yarpuz
يزه رو,Yezero
يزيدى,Yezidi
يشيل ايرمق,Yeşilırmak
يصى,Yassı
يصى آطه,Yassıada
يصى اورن,Yassıören
يصيجه آطه لرى,Yassıca Adaları
يصيچه,Yassıca
يغان,Yağan
يغلو بياده (؟),Yağlıbayada (?)
يغلو دره,Yağlıdere
يغما,Yağma
يغمور دره,Yağmurdere
يغموردره,Yağmurdere
يغموردره سى,Yağmurdere
يغودنه,Yagodine
يفا,Yafa
يفرين,Yifrin
يقارو زغوريه,Yukarızagorye
يقه,Yaka
يقه جق,Yakacık
يقه جق و آق شهر آباد و تامزاره,Yakacık ve Akşehirabad ve Tamzara
يكانه,Yegana
يكجۀ كوكصو,Yenice-i Göksu
يكشار,Yenişar
يكشار مع قشاقلى,Yenişar maa Kaşaklı
يكشهر ايدين,Yenişehir-i Aydın
يكى ايل,Yeniil
يكى ايل عشيرتى,Yeniil Aşireti
يكى ايل و قنغال و طنوس و دلكلى طاش,Yeniil ve Kangal ve Tonus ve Deliklitaş
يكى بازار,Yenipazar
يكى بازار بره وادى,Yenipazar-ı Prevadi
يكى بازار مع ترقوشته,Yenipazar maa Tirgovişte (Tırkovişte)
يكى جمعه,Yenicuma
يكى حصار,Yenihisar
يكى خان,Yenihan
يكى سادا,Yenisada
يكى شهر,Yenişehir
يكى قلعه,Yenikale
يكى كوى,Yeniköy
يكى مسلمان,Yenimüslüman
يكى مسلمان و قوشتاش,Yenimüslüman ve Kuştaş
يكى ملا طيه,Yenimalatya
يكى ناحيه,Yeninahiye
يكى واروش,Yenivaroş
يكى پازار,Yenipazar
يكى پازار ايدين,Yenipazar-ı Aydın
يكى پازار مع متروفچه,Yenipazar maa Mitroviçe (Mitrofça)
يكى پازار مع ناحيۀ سنيچه و سراى,Yenipazar maa Nahiye-i Seniçe ve Saray
يكى پازار مع نواحى,Yenipazar maa Nevahi
يكى پازارايدين,Yenipazar-ı Aydın
يكي قصبه,Yenikasaba
يكي واروش,Yenivaroş
يكيجه,Yenice
يكيجه افلانى,Yenice-i Eflani
يكيجه اوبه,Yeniceoba
يكيجه جمعه,Yenicecuma
يكيجه حصار,Yenicehisar
يكيجه قره جه اباد,Yenice Karacaabad
يكيجه قره صو,Yenice-i Karasu
يكيجه قزل اغاج,Yenice-i Kızılağaç
يكيجه قزل اغاج مع خاتون ايلى,Yenice-i Kızılağaç maa Hatunili
يكيجه قلعه,Yenicekale
يكيجه واردار,Yenice-i Vardar
يكيجۀ روم,Yenice-i Rum
يكيجۀ قره صو,Yenice-i Karasu
يكيجۀ قزل آغاج,Yenice-i Kızılağaç
يكيجۀ قزل آغاج مع خاتون ايلى,Yenice-i Kızılağaç maa Hatunili
يكيجۀ قزل اغاچ,Yenice-i Kızılağaç
يكيجۀ قزل اغاچ مع خاتون ايلى,Yenice-i Kızılağaç maa Hatunili
يكيجۀ واردار,Yenice-i Vardar
يكيجۀ واردار مع ودينه,Yenice-i Vardar maa Vodine (Vodena)
يكيجۀ وردار,Yenice-i Vardar
يكيجۀافلانى,Yenice-i Eflani
يكيجۀقزل اغاج,Yenice-i Kızılağaç
يكيجۀواردار و كوكيلى,Yenice-i Vardar ve Gevgili
يكيشهر,Yenişehir
يكيشهر ايدين,Yenişehir-i Aydın
يكيشهر ايدين مع قره جه صو,Yenişehir-i Aydın maa Karacasu
يكيشهر بروسا,Yenişehir-i Bursa
يكيشهر بروسه,Yenişehir-i Bursa
يكيشهر فنارمع نواحى,Yenişehir-i Fener maa Nevahi
يكيشهر مع نواحئ ابنوس و غلوس و ارغلاستى,Larisa (Yenişehir) maa nevahi-i İbnos ve Golos maa Argalasti
يكيشهر و فنار,Yenişehir ve Fener
يكيشهروفنار,Yenişehir ve Fener
يكيچرى اطه لرى,Yeniçeri Adaları
يلا نجى,Yalancı
يلاسون,Yalasun
يلاصون,Yalasun
يلاق,Yalak
يلاق آباد,Yalakabad
يلاق اباد,Yalakabad
يلان,Yılan
يلانلوجه,Yılanlıca
يلانليجه,Yılanlıca
يلتيمور,Yeltimur
يلج,Yelec
يلدزايلى,Yıldızeli
يلديز,Yıldız
يلديز ايلى,Yıldızeli
يلديزايلى,Yıldızeli
يلسون,Yalasun
يلكه سى,Yelkesi (?)
يللجه,Yellice
يلليجه,Yellice
يلواج,Yalvaç
يلواج و قره اغاج,Yalvaç ve Karaağaç
يلواج و قره اغاچ,Yalvaç ve Karaağaç
يليل,Yelil
يمانية السفلا,Yemaniyetüssüfla
يمره مع وقف صغير,Yomra maa Vakf-ı Sagir
يمشلو,Yemişli
يمشنلى,Yemşenli
يمن,Yemen
يمهوره,Yemhura
يمورطه آطه,Yumurtaada
يمورطه لق مع قره طاش,Yumurtalık maa Karataş
ينبع البحر,Yenbuulbahr
ينبوع,Yenbu
ينبوع البحر,Yenbuulbahr
ينكى,Yengi
ينوه,Yanova
ينوه مع شاموكس,Yanova maa Şamukeş (Şamukes)
ينوه مع شاموكش,Yanova maa Şamukeş
ينيجه لى,Yeniceli
يهوديان,Yahudiyan
يهوديه و زين,Yahudiye ve Zeyn
يهولنجه,Yeholniça
يوادى,Yavadı
يواش,Yavaş
يوبا,Yuba
يورتان,Yortan
يورد,Yurd
يوردان,Yordan
يورس,Yoros
يورس و قره صو و شيخلر,Yoros ve Karasu ve Şeyler
يورطان,Yortan
يورك,Yörük
يوركان,Yörükan
يوركان آراج,Yörükan-ı Araç
يوركان اراج,Yörükan-ı Araç
يوركان اسلاملو,Yörükan-ı İslamlı
يوركان انقره,Yörükan-ı Ankara
يوركان بولكه سى,Yörükanbölgesi
يوركان روم ايلى,Yörükan-ı Rumeli
يوركان زيله,Yörükan-ı Zile
يوركان طراقلى,Yörükan-ı Taraklı
يوركان طراقلى بورلى,Yörükan-ı Taraklıborlu
يوركلى,Yörüklü
يورمه,Yorma
يوره,Yora
يوره كير,Yüreğir
يوروس,Yoros
يوروس مع شيخلو و قره صو,Yoros maa Şeyhler (Şeyhli) ve Karasu
يوروك,Yörük
يوروكان,Yörükan
يوروكان بزرك,Yörükan-ı Büzürk
يوروكان روم ايلى,Yörükan-ı Rumeli
يوروكان طراقلو بورلى,Yörükan-ı Taraklıborlu
يوزباش,Yüzbaş
يوزده باره,Yüzdepare
يوزده جيان,Yüzdeciyan
يوزده پاره,Yüzdepare
يوزغات,Yozgat
يوزغاد,Yozgad
يوسفجه,Yusufca
يوشوه,Yoşava
يوقارو اووه,Yukarıova
يوقارو جانب,Yukarıcanib
يوقارى بوزطغان,Yukarıbozdoğan
يوقارى دندار,Yukarıdündar
يوقارى قلنجلو,Yukarıkılıçlı
يوقارى كلر,Yukarıkeler
يولاق,Yavlak
يومره,Yomra
يومره مع وقف صغير,Yomra maa Vakf-ı Sagir
يومرى,Yumru
يومقلى جريدى,Yumaklıceridi
يوناق,Yunak
يونان اطه لرى,Yunan Adaları
يونان دكزى,Yunan Denizi
يونجالو,Yoncalı
يوند اطه سى,Yundadası
يوند طاغى,Yunddağı
يونده,Yunda
يونده اطه لرى,Yunda Adaları
يونس,Yunus
يونيقه جزيره لرى,Yonika Cezireleri
يوه,Yuva
يوه بولي,Yavebolu
يوه و اكيردور,Yuva ve Eğirdür
يير كسيكى,Yerkesiği
يير كوكي,Yergöğü
ييغيلجه,Yığılca
ييلاجق,Yaylacık
ييلان,Yılan
ييلانجق,Yılancık
ييلانلوجه,Yılanlıca
ييلانليجه,Yılanlıca
ييلديز ايلى,Yıldızeli
يَانُوه,Yanova
يَرَاپَتْره,Yerapetra
يَلْكه سى,Yelkesi (?)
يَنْبُوعُ البحر,Yenbuulbahr
يپالي,Yapalı
يڭى شهر,Yenişar (Yenişehir)
يڭى شهر آيدين مع قرجه صو,Yenişehir-i Aydın maa Karacasu
يڭى پازار,Yenipazar
يڭى پازار آيدين,Yenipazar-ı Aydın
يڭى پازار مع متروفجه,Yenipazar maa Mitroviçe (Mitrofca)
يڭىشهر بروسه,Yenişehir-i Bursa
يڭي واروش,Yenivaroş
يڭيجه قلعه,Yenicekale
يڭيجۀ آفلانى,Yenice-i Eflani
يڭيجۀ قره صو,Yenice-i Karasu
يگى ايل,Yeniil
يگى واروش,Yenivaroş
يگى واروش مع استر افلاق,Yenivaroş maa İstar Eflak
يگي دنيا,Yenidünya
پاازار كوى,Pazarköy
پاتاناس,Patanas
پاتليدا,Patelida
پاتموس,Patmos
پاحنه صوىي,Pahna Suyu
پاخ,Pah
پادجا,Padaca
پادجه,Padaca
پاراسا,Parasa
پارذه نى,Parzeni
پارس,Paris
پارغا,Parga
پارغه,Parga
پاروس,Paros
پاريكيا,Parikiya
پارگيرى,Bargiri
پازار,Pazar
پازار سويى,Pazarsuyu
پازار صويى,Pazarsuyu
پازار كوى,Pazarköy
پازار يرى,Pazaryeri
پازارجق,Pazarcık
پازارصويى,Pazarsuyu
پازاركاه,Pazargah
پازاركوى,Pazarköy
پازارويران,Pazarviran
پاسبارغو,Paspargo
پاستوح,Pastoh
پاستيه,Pastiye
پاسكه,Pasge
پاسمان,Pasman
پاسوه,Passava
پاسوه مع كلفا و زارناته,Passava maa Kelefa ve Zarnata
پاسيا,Pasya
پاسين,Pasin
پاسين عليا,Pasin-i Ulya
پاسپارغو,Paspargo
پاسپاغوزا اطه لرى,Paspagoz Adaları
پاشا,Paşa
پاشا طاغ,Paşadağ
پاشا كاويسى,Paşagavisi
پاشا ليمانى,Paşalimanı
پاشا يكيد,Paşayiğid
پاشالر,Paşalar
پاشاليمانى,Paşalimanı
پاشقو پوليه,Paşkopolye
پاشقوپوليه,Paşkopolye
پاشكلى,Paşikli
پاشماق,Paşmak
پاشماقلى,Paşmaklı
پاشويك,Paşavik
پاط,Pat
پاطموس,Patmos
پاطنوس,Patnos
پاطنوس مع عنتاب,Patnos maa Antab
پاغنيك,Pağnik
پاغو,Pago
پاقرسقه ستره دا,Pakraska Sitreda
پاقره,Pakra
پاقريچ,Pakriç
پاقسو,Pakso
پاقسواطه سى,Pakso
پاقشه,Pakşa
پالاچ,Palaç
پالرمه,Palerme
پالو,Palu
پالو قصرى,Palokasrı
پالو و جرمك,Palu ve Çermik
پالوقصرى,Palokasrı
پالى معدن مع چسقه,Palu (Palımaden) maa Çiska
پالينورس قيالرى,Palinoris Kayaları
پاليوخورا,Palyohora
پاليوقاسترو,Palyokastro
پالُو,Palu
پاموس,Patmos
پانائيا,Panaiya
پانائييا,Panaiya
پاناغيچه اطه جغى,Panagiçe Adacığı
پاناكيا,Panagiya
پانايا,Panaya
پاندروس,Panderos
پانقوته,Pankota
پانلى,Panlı
پانورمه,Panorma
پانيچه,Paniça
پانچوه,Pançova
پاولئ بولى,Pavlı-i Bolu
پاولو,Pavlu
پاولو كورتك,Pavlokurtik
پاولى,Pavlı
پاولى ايلى,Pavliili
پاولي ايلى,Pavliili
پاوليش,Pavliş
پاوه,Pave
پاوَه,Pave
پاياس,Payas
پاپا,Papa
پاپنقوز,Papinkoz
پتاسى,Petasi
پتاله,Petala
پتاليدس,Petalides
پتاليدى,Petalidi
پتربورغ,Peterburg
پترشبان,Petreşban
پترقمنه,Petrakamena
پترمژاك,Petremjak
پتره,Petre
پترو,Petro
پترو اطه جغى,Petro Adacığı
پتروس,Petros
پتروقاراوى,Petrokaravi
پتروه غوره,Petrovagora
پتروه پوليه,Petrovapolye
پتروواج,Petrovaç
پتروواچ,Petrovaç
پتروپوليه مع پتروه غوره,Petrovapolye maa Petrovagora
پترى كونمه,Petrigonime
پتري يوفجه,Petriyofça
پتريج,Petriç
پتريل,Petril
پتريل مع رادويز,Petril maa Radoviz
پترين,Petrin
پتريچ,Petriç
پتكر,Pitkir
پتكلى,Petekli
پتكير,Pitkir
پتلش,Petleş
پته ليده,Petalide
پتوركه,Pötürge
پتيو,Pitu
پجى,Peci
پجي,Peci
پديه,Pedye
پر شتنه,Priştine
پر موريه,Premorye
پر يبوى,Priboy
پرازينى,Prazini
پرازينى آطه لر,Prazini
پراسو,Praso
پراسودا,Prasuda
پراسوده,Prasuda
پراسودو,Prasudo
پراسودى,Prasudi
پراسولوغوس,Prasologos
پراسونى,Prasoni
پراشوه,Praşova
پراصو,Praso
پراصو اطه لرى,Praso Adaları
پراقا لمه,Parakalama
پراكندۀ قنغال,Perakende-i Kangal
پراكندۀ مقاطعات,Perakende-i Mukataat
پراكندۀايدين,Perakende-i Aydın
پراكندۀمنتشا,Perakende-i Menteşe
پراكنه,Perakine
پراما,Perama
پرامتيا,Paramitya
پرامه,Perama
پراموره,Pramura
پراهوه,Prahova
پراوادى,Prevadi
پراواديجك,Pravadicik
پراودى,Prevadi
پراوشته,Pravişte
پراوشته وقواله مع بركتلو,Pravişte ve Kavala maa Bereketli
پراويشته,Pravişte
پراچه,Praça
پراچۀ بالا,Praça-i Bala
پراچۀ زير,Praça-i Zir
پرت اكرك,Pertekrek
پرتك,Pertek
پرتكرك,Pertekrek
پرتلو,Pürtlü
پرتَكْ,Pertek
پرخنكوك,Perhangök
پرز,Prez
پرزرن,Prizrin
پرزرين,Prizrin
پرزرين مع صهريقه,Prizrin maa Suhorika
پرزرين مع نواحى,Prizrin maa Nevahi
پرزرين مع پرشتنه,Prizrin maa Priştine
پرسجان,Presiçan
پرسكلاني,Preseklani
پرسيچان,Presiçan
پرسپه,Prespa
پرشتنه,Priştine
پرشنبه,Perşenbe
پرشوه,Praşova
پرقراى,Prikray
پرلاوغنده,Pirlavganda
پرلبه,Pirlepe
پرلوغنده,Pirlavganda
پرلوغنده مع حادم,Pirlavganda maa Hadim
پرلوغنده مع خادم,Pirlavganda maa Hadim
پرلپ,Pirlep
پرلپه,Pirlepe
پرمدى,Premedi
پرنار طاغى,Purnardağı
پرناز,Pırnaz
پرناوود,Pernavud
پرنج,Pirinç
پرنيا وور,Prinyavor
پرنچلك,Pirinçlik
پره ساقوفچه,Presakofça
پره سپه,Prespa
پره شوه,Praşova
پره قالمه,Parakalama
پره مدى,Premedi
پره مه,Pereme
پره موده,Premuda
پره موريه,Premorye
پره وادى,Prevadi
پره وزه,Preveze
پره وزه مع لامرى,Preveze maa Lamri
پره وزه مع نواحى,Preveze maa Nevahi
پره وزه ونارده,Preveze ve Narda
پره پوليه,Prepolye
پره پوليه_x001C_,Prepolye
پرهوه,Prahova
پروادى,Prevadi
پروارئ بالا,Pervari-i Bala
پروارئ زير,Pervari-i Zir
پروارى,Pervari
پروانه,Pervane
پرودانو,Prodano
پرورى,Perveri
پروزر,Prozor
پروزه,Preveze
پروزه مع نارده,Preveze maa Narda
پروزور,Prozor
پروزور مع اقحصار,Prozor maa Akhisar
پروزوروپوژين واستروفجه,Prozor ve Pojin (?) ve Ostrofça
پروس,Poros
پروستنيه,Prostenye
پروسلو,Poroslo
پروشك,Peruşik
پروشيك,Peruşik
پروكيچ,Perukiç
پرولوژچه,Prolojaçe
پروناللو,Pıronallı
پروواتى,Provati
پرووليا,Perivolya
پروچه غوره,Proçegora
پرى بوى,Priboy
پرى صويى,Perisuyu
پريئيه در,Priyedor
پريبود,Pripod
پريبوى,Priboy
پريجه,Price
پريدور,Priyedor
پريدور مع قوزارچه,Priyedor maa Kozarçe
پريزرين,Prizrin
پريسترا,Peristera
پريسترى,Peristeri
پريقه,Parika
پريم,Perim
پرين,Perin
پريوتجه,Piryotiçe
پريوتيچه,Piryotiçe
پريوتچه,Piryotiçe
پرييك,Priyeg
پريپوش شاغ,Pripuşşağ
پرپوشته,Pripuşte
پرپوليه_x001C_,Prepolye
پرچنچ,Perçenç
پرچه مع كنزين,Birçe (Pirçe) maa Knezin
پساتورا,Psatura
پساتونيس,Psatonis
پساتونيس ديكر,Psatonis-i diğer
پساريانو,Psaryano
پسقوبى,Piskopi
پسقوكفالو,Piskokefalo
پسقوپى,Piskopi
پسقپويه,Piskopoya
پسقپوپى,Piskopi
پسلورتى,Psiloriti
پسورونيسى,Pisoronisi
پسيان,Pisyan
پسيخرو,Psihoro
پسيرا,Psira
پسپريم,Besprim
پشت راه,Poştrah
پشترا,Peştera
پشتره,Peştera
پشتريك,Piştirik
پشتريچه,Peşteriçe
پشته,Peşte
پشتيقوز,Piştikoz
پشدر,Pişder
پشلو,Peşlü
پشماقلى,Paşmaklı
پشمان,Pişman
پصوشه,Posuşe
پغاده,Pigada
پغانوسا,Piganusa
پقريچ,Pakriç
پكريچ,Pekeriç
پكريچ صغير,Pekeriç-i Sagir
پكريچ كبير,Pekeriç-i Kebir
پكسماد,Peksimad
پكسمادى,Peksimadi
پكسيمادى,Peksimadi
پكسيماديا اطه جقلرى,Peksimadya Adacıkları
پكلن,Peklin
پكلين,Peklin
پلا تانوس,Platanos
پلا ن دوكن,Palandöken
پلاتمنه,Platimana
پلاته يه اطه لرى,Plataya Adaları
پلاتى,Plati
پلاتى اطه جغى,Plati Adacığı
پلاتي,Plati
پلاتيا,Platiya
پلاتيمانه,Platimana
پلاتيمنه,Platimana
پلاتينى,Platini
پلاتيه,Platiya
پلاس,Palas
پلاش,Plaş
پلاطمنه,Platimana
پلاطمنه مع قترين,Platimana maa Katerin
پلاطيه,Platiya
پلاغونيزى,Pelagonizi
پلاقا,Plaka
پلاقه,Plaka
پلاقونيسى,Plakonisi
پلاكا,Plaka
پلاكيدى,Plakidi
پلامود,Palamut (Palamud)
پلاموده,Palamude
پلاموط,Palamut
پلانا,Plana
پلانقۀجديداقكنيسا,Palanka-i Cedid-i Akkenisa
پلاننۀ بزرك,Planine-i Büzürk
پلاننۀ كوچك,Planine-i Küçük
پلانه,Plana
پلاو,Plav
پلاونه,Plavna
پلايا,Playa
پلشويچه,Pleşoviçe
پلغورا,Pelagura
پلمار,Pilimar
پلمور,Pülümür
پلندوار (؟),Pelendvar (?)
پلنكان,Pelengan
پله رو,Plero
پلور,Pulur
پلورك,Pülürek
پلوله,Plevle
پلوليه,Plevliye
پلونه,Plevne
پليد بوكى,Pelidbükü
پليدلى تكيه,Pelidlitekye
پليدلي تكيه,Pelidlitekye
پناثيمو,Panasimo
پنارلى اطه,Pınarlıada
پناكيا,Panagiya
پنايا اطه لرى,Panaya Adaları
پنايه,Panaya
پناپليا,Panapalya
پنبك,Penbek
پنبوق اوزى,Panbuközü
پنجار,Pincar
پندايا,Pendaya
پندايه,Pendaya
پندك,Pendik
پنسكرد,Peneskird
پنسكيرد,Peneskird
پنك,Penek
پنكا,Pinka
پنكان,Pingan
پنيانش,Pinyaniş
په تالا,Petala
په تاليد,Petalid
په راتى,Perati
په رخانكوك,Perhangök
په لاغونيزي,Pelagonizi
په لاييئاس,Pelayies
په له ريسسا,Pelerissa
په لوزو,Peluzo
پوبلاديه_x001C_,Popladiye
پوتامو,Potamo
پوتاموس,Potamos
پوتنيك,Putnik
پوحوه مكه,Puhovameke
پودبوجيه,Podbuçye
پودرينيه,Podrinye
پودغراديه,Podgradya
پودغراچ,Podgoraç
پودغور,Podgor
پودغوراج,Podgoraç
پودغوراچ,Podgoraç
پودغوريانى,Podgoryani
پودغوريجه,Podgoriçe
پودغوريه,Podgorya
پودغوريه و قوندروچه,Podgorya ve Kondrovçe
پودغوريچه مع اشبوزى,Podgoriçe maa İşpuzi
پودلاپچه,Podlapaça
پودلوژه,Podloje
پودمير,Podmir
پودومار,Podomar
پودويرشقى,Podvirşka
پودويرشقي,Podvirşka
پودى,Podi
پودپوريه,Podporye
پودژه پا,Podjepa
پوراچيك,Puraçik
پورت سعيد,Portsaid
پورتاريا,Portarya
پورتوريقو,Porto Riko
پورتى,Poreti
پورتگال ولايتي,Portugal Vilayeti
پورسوق,Porsuk
پورصوق,Porsuk
پورغه,Porga
پورنك,Pürnek
پوره تى,Poreti
پوره چه,Poreçe
پوروس,Poros
پوروسلو,Poroslo
پوروى,Poroy
پورى,Pori
پوريچه,Poriçe
پورچه,Porçe
پوزاروفجه,Pozarofça
پوزانطى,Pozantı
پوزه او,Puzeo
پوزه غه,Pojega
پوزه غه جق,Pojegacık
پوسخوف,Poshof
پوشادى,Puşadı
پوشتكوه,Poştkuh
پوشوه,Puşova (?)
پوصاويه,Posaviye
پوصوشه,Posuşe
پوطنه,Putna
پوغانوس,Puganus
پوغونيا اطه لرى,Pogoniya
پوغونيه,Pogoniye
پوفين,Pofin
پوقه,Puka
پول هنت,Polihnit
پولاتخانه,Polathane
پولاته,Polata
پولاد,Polad
پولاد ايلى,Poladili
پولادلى,Poladlı
پولانه,Polana
پولانه مع ديراغوطين,Polana maa Dragotin
پولانيه,Polaniye
پولانيچه,Polaniçe
پولانچه,Polaniçe
پولاى,Pulay
پولتخانه,Polathane
پولشنيك,Polişnik
پولغار,Polgar
پولنو,Polino
پولهنت,Polihnit
پولهنيت,Polihnit
پولوس,Polos
پولوس كيروف,Poloskirof
پولوميه,Polomiye
پولونى,Poloni
پولى قندري,Polikandri
پوليت ليقه,Politlika
پوليروز,Poliyiroz
پوليقاندرى,Polikandri
پوليقندرى,Polikandri
پولينو,Polino
پوليور,Polyor
پوليچه,Poliçe
پومستى,Pomesti
پومو,Pomo
پونتى قونيزى,Pontikonizi
پونديقو,Pondiko
پوهوه مكه,Puhovameke
پويراز,Poyraz
پوپرزيه,Poprezye
پوپلاديه,Popladiye
پوپنه,Popine
پوپول,Popol
پوپوه,Popova
پوچاى,Poçay
پوچاپنجى,Poçapinci
پوچتل,Poçitel
پوچى تل,Poçitel
پوچيتل,Poçitel
پوژ ه غجق,Pojegacık
پوژ ه غه جق,Pojegacık
پوژغه,Pojega
پوژغه جق,Pojegacık
پوژه غه,Pojega
پوژه غه جق,Pojegacık
پوژه غه و اوسك,Pojega ve Ösek
پي پرى,Piperi
پياده كان انقره,Piyadegan-ı Ankara
پياده كان ايدين,Piyadegan-ı Aydın
پياده كان بولى,Piyadegan-ı Bolu
پياده كان بولي,Piyadegan-ı Bolu
پياده كان بيغا,Piyadegan-ı Biga
پياده كان حداوندكار,Piyadegan-ı Hüdavendigar
پياده كان حميد,Piyadegan-ı Hamid
پياده كان خداوندكار,Piyadegan-ı Hüdavendigar
پياده كان سلطان اوكى,Piyadegan-ı Sultanönü
پياده كان صاروخان,Piyadegan-ı Saruhan
پياده كان قراسى,Piyadegan-ı Karesi (Karasi)
پياده كان قره حصار,Piyadegan-ı Karahisar-ı Sahib (Karahisar)
پياده كان قره حصار صاحب,Piyadegan-ı Karahisar-ı Sahib
پياده كان كوتاهيه,Piyadegan-ı Kütahya
پياده كان كوتاهيّه,Piyadegan-ı Kütahya
پياده كان منتشا,Piyadegan-ı Menteşe
پياس,Payas
پيال,Piyal
پياملى,Payamlı
پيانچه,Piyaniçe
پيتا,Pita
پيجين,Picin
پيده,Pide
پيدياس,Pidiyas
پير حياتى و چياسبز,Pirhayati ve Çeyasebz
پير عزيز,Piraziz
پير عزيز مع آق كوى,Piraziz maa Akköy
پير چوبان,Pirçoban
پيراصون,Pirason
پيران,Piran
پيران مع بتوئَن,Piran maa Bituen
پيرعزيز,Piraziz
پيرغو,Pirgo
پيرغو پسيلونه رو,Pirgopisilonero
پيرغوس,Pirgos
پيرغوسا,Pirgosa
پيرغوپسيلونه رو,Pirgopisilonero
پيرغى,Pirgı
پيرلپه,Pirlepe
پيسقوپي,Piskopi
پيطيحه,Pitiha (?)
پيغانوسا,Piganusa
پيكار,Pınar
پيكار حصار,Pınarhisar
پيكارحصار,Pınarhisar
پيكارلى,Pınarlı
پيكى,Pigi
پيكي,Pigi
پيلاور,Pilaver
پيلايا,Playa
پيلمار,Pilimar
پيليمار,Pilimar
پيوه بانه,Pivebana
پيپه رى,Piperi
پيچار,Piçar
پَالو,Palu
پَريِّد,Pereyyid
پَرْلَتْستى,Perletsti
پَشْلو,Peşlü
پُشت گرى,Poştgeri
پِريوتچه,Piryotiçe
پِسْيَانْ,Pisyan
پچ,Peç
پچار,Piçar
پچن مع ميلاس,Peçin maa Milas
پچوار,Peçvar
پچوى,Peçuy
پچوي,Peçuy
پچى,Peci
پچين,Peçin
چابراد,Çabrad
چات,Çat
چاتلجه,Çatalca
چاجقه,Çaçaka
چارتلوس,Çartalos
چارداق,Çardak
چارداقلى,Çardaklı
چارداول,Çardavel
چارسنجاق,Çarsancak
چارسنجق,Çarsancak
چارسنجق مع صغمان,Çarsancak maa Sağman
چارشانبه,Çarşamba
چارشنبه,Çarşamba
چارملك,Çarmelik
چاروحا,Çaruha
چاروه,Çarova
چارويچه,Çaroviçe
چاريبرود,Çaribrod
چارپان,Çarpan
چارپين,Çarpın
چاشنكير,Çaşnigir
چاط آلاڭى,Çatalanı
چاغشاق,Çağşak
چاغلايق,Çağlayık
چاغلايق مع صارى شعبان,Çağlayık maa Sarışaban
چاقراق,Çakrak
چاقرجه,Çakırca
چاقرلى مع صفالى,Çakırlı maa Safalı
چاقلوفچه,Çaklofça
چاقمق,Çakmak
چاقوه,Çakova
چاك,Çan
چاك كوپرى,Çanköprü
چاكشا,Çanşa
چاكلى,Çanlı
چاكلى كليسا,Çanlıkilise
چاكلى كليسه,Çanlıkilise
چاكلى مع آق قيا,Çanlı maa Akkaya
چاكوى,Çakvi
چال,Çal
چال كوى,Çalköy
چال مع طبال و طورصوب,Hakkari Çal (Çal) maa Dabal ve Torsub (?)
چال مع طيارى,Hakkari Çal maa Tayyar
چالتيجق,Çaltıcak
چالدران,Çaldıran
چالديران,Çaldıran
چالش مع طوطاق,Çalış maa Tutak
چالغان,Çalgan
چالق قواق,Çalıkkavak
چاللى,Çallı
چالى,Çalı
چالى يازى,Çalıyazı
چاليجه,Çalıca
چام آردى,Çamardı
چام اردى,Çamardı
چام ايچى,Çamiçi
چام برونى,Çamburnu
چاملق,Çamlık
چاملوجه,Çamlıca
چامليجه,Çamlıca
چامور,Çamur
چامورلى,Çamurlu
چان,Çan
چاندارلو,Çandarlı
چاندارلى,Çandarlı
چاندارلي,Çandarlı
چاودار,Çavdar
چاودير,Çavdır
چاوش الآت,Çavuşulat (?)
چاى,Çay
چاى آغزى,Çayağzı
چاى اطه,Çayada
چاى جمعه,Çaycuma
چاى حصار,Çayhisar
چاى قيو,Çaykuyu
چاى كسان,Çaykesen
چاي قويى,Çaykuyu
چايخان,Çayhan
چايدر,Çayder
چاير شيخى,Çayırşeyhi
چايراسكوب مع نوكريچه,Çayır-ı Üsküb maa Nogoriçe
چايره,Çayra
چايلا و ودوروش,Çayla (?) ve Vodoroş (?)
چاينيچه,Çayniçe
چاينچه,Çayniçe
چاپوتلو,Çaputlu
چاپوريچه,Çaporiçe
چاچقه,Çaçaka
چاچونه,Çaçvine
چاچوينه,Çaçvine
چاڭ,Çan
چاڭلو,Çanlı
چاڭلى,Çanlı
چاڭْلو,Çanlı
چاڭْلى,Çanlı
چباقچور,Çapakçur
چبره,Cibre (Çibre)
چبق,Çubuk
چبق آباد,Çubukabad
چبق اباد,Çubukabad
چبقدان,Çıbıkdan
چبنى جونقار,Çepni-i Çonkar
چبوق آباد,Çubukabad
چبوق اباد,Çubukabad
چبوقلى,Çubuklu
چتاق,Çatak
چتال آده لر,Çatal Adalar
چتال اده لر,Çatal Adalar
چتال برغوس,Çatalbergos
چتال برغوس مع لاپسكى,Çatalbergos maa Lapseki
چتال تپه,Çataltepe
چتال زيتون,Çatalzeytun
چتال قلعه,Çatalkale
چتال كوى,Çatalköy
چتال كوي,Çatalköy
چتالجه مع ناحيۀ دومكه,Çatalca maa Nahiye Dömeke
چترليك,Çetirlik
چتروز,Çitroz
چتنه,Çetine
چتويردقوشته,Çetvirdkovişte
چتينه,Çetine
چراغ برمكى,Çerağ-ı Bermeki
چرح (؟),Çirh (?)
چرشنوه,Çreşneva
چرشه,Çerşe
چرقان,Çırkan
چرقويشته,Çerakovişte
چرقويچه,Çirkviçe
چركان,Çirikan
چركس مسلم,Çerkesmüsellem
چركش,Çerkeş
چركش اووه جق,Çerkeş Ovacık
چركش مجيديه,Çerkeş Mecidiye
چركش مع گونى,Çerkeş maa Güney
چرمان,Çirmen
چرملو,Çermeli
چرمن,Çirmen
چرمن و ويزه,Çirmen ve Vize
چرمنقه,Çirmenika
چرمنيقه,Çirmenika
چرمه,Çerme
چرميك,Çermik
چرنلوو زير,Çernelovo-i Zir
چرنه,Çerna
چرنه رقه,Çernereka
چرنه قوزينچه,Çernekozinçe
چرنوستورو,Çernostoro
چرنوى,Çernovi
چرنويچ,Çernoviç
چرنى كلس,Çerniklis
چرنيك,Çernik
چرنيچه,Çerniçe
چرنيچه و ناحيۀ غابله,Çerniçe ve Nahiye-i Gabele
چرنچه,Çerniçe
چره ويك,Çerevik
چروك,Çerevik
چروم,Çorum
چرونيك,Çerovnik
چرى اوغرى,Çeriuğru
چرين,Çerin
چرْمَه لو,Çermeli
چرپازين,Çirpazin
چرپان,Çırpan
چرچر,Çırçır
چرچيلى,Çerçili
چسطا,Çista
چسقه,Çıska
چشته,Cüşte
چشمه,Çeşme
چشمه و ازمير,Çeşme ve İzmir
چشنيك,Çeşnik
چغا,Çağa
چغان,Çağan
چغلاغان جريدى,Çağlağanceridi
چغلايق,Çağlayık
چغلايق مع صارى شعبان,Çağlayık maa Sarışaban
چغلغان جريدى,Çağlağanceridi
چفتلك,Çiftlik
چفتلكات,Çiftlikat
چفته,Çifte
چفته خان,Çiftehan
چفته لر,Çifteler
چفنه,Çifte
چقال,Çakal
چقاللر,Çakallar
چقاللو,Çakallı
چقاللو و آطمه لو,Çakallı ve Atmalı
چقماق طاشى,Çakmaktaşı
چقناخور,Çıknahor
چقور,Çukur
چقور آباد,Çukurabad
چقور اوغرمق,Çukuruğurmak
چقور جاق,Çukurcak
چقور كوى,Çukurköy
چقور ويران,Çukurviran
چقورجق,Çukurcak
چقورجه,Çukurca
چقورچاق,Çukurcak
چك الاك,Çekalan
چكته,Çekete (?)
چكركه,Çekirge
چكلنه,Çiğlene
چكمجۀ صغير,Çekmece-i Sagir
چكمجۀ كبير,Çekmece-i Kebir
چكمجۀ كبيرر,Çekmece-i Kebir
چلابرد,Çelaberd
چلاغه,Çillaga
چلبى,Çelebi
چلبى بازارى,Çelebipazarı
چلبى باغى,Çelebibağı
چلبى پازارى,Çelebipazarı
چلبى پازارى مع قولايش,Çelebipazarı maa Kolayiş
چلتك,Çeltik
چلتوك,Çeltük
چلدر,Çıldır
چلدير,Çıldır
چللغه,Çillaga
چليك,Çelik
چليكانلو,Çelikanlı
چلپنه,Çelpine
چم,Çem
چم نيم,Çemnim
چماش,Çamaş
چمرنك,Çemernik
چمش مع بولمان,Çamaş maa Bolaman
چمشكزك,Çemişgezek
چمشكزك و پرتك و صغمان,Çemişgezek ve Pertek ve Sağman
چمن ايلى,Çimenili
چمن يكيجه سى,Çimenyenicesi
چمنلو,Çimenli
چناد,Çanad
چناد و بچي و پچكرك,Çanad ve Beçey ve Beçkerek (Peçkerek)
چنارطغان,Çınardoğan (?)
چنارلو دره سي,Çınarlı Deresi
چناره,Çınare
چناط,Çanad
چناق قلعه سى,Çanakkalesi
چناقجى,Çanakçı
چنجكه,Cenciğe
چنداوغلى,Çendoğlu
چنق,Çanak
چنكانه,Çingane
چنكر,Çenger
چنكرلى,Çengerli
چنكل,Çengel
چنكى,Çengi
چه مى چه تو,Çemiçeto
چه ولايتي,Çeh Vilayeti
چهار شنبه,Çarşamba
چهارشنبۀ لازقيه,Çarşamba-i Lazkiye
چهرين,Çehrin
چوباس,Cubas (Çubas)
چور,Çor
چوراق,Çorak
چوراق دره,Çorakdere
چوربا,Şorba (Çorba)
چورتقو,Çortkov
چورغوه,Çurgoh
چورك,Çürük
چورك صو,Çürüksu
چوركصو,Çürüksu
چورلو,Çorlu
چورلى,Çorlu
چورم,Çorum
چورم كوردى,Çorumkürdü
چورمشك,Çörmüşek
چورملو و قره حصار,Çorum (Çorumlu) ve Karahisar
چوره كى,Çöreği
چوروخ,Çoruh
چوروك,Çürük
چوروم,Çorum
چوروم مع ساقز و قره حصارلئ تيمورلى و مهمادالسلام,Çorum maa Sakız ve Karahisarlı-i Timurlu ve Mihmadüsselam
چورويك,Çerovik
چورى,Çuri
چوريل,Çivril
چورگى,Çöreği
چوزدره سى,Cevizderesi
چوشلى,Çuşlu
چوقا,Çuka
چوقاق,Çokak
چوقه,Çuka
چوكالى,Çokali
چوكندر,Çöğender
چوكه,Çöke
چولا,Çola
چوللى,Çullu
چولندر,Çulender
چوله,Çola
چوماق بازارى,Çomakpazarı
چومره,Çumra
چوملك,Çömlek
چونغراد,Çongrad
چونقور,Çukur (?) (Çonkur)
چونكش,Çüngüş
چونكوش,Çüngüş
چونگش,Çüngüş
چوواز,Çuvaz
چوينجى,Çuyinci
چوپ,Çöp
چيبلاق,Çıplak
چيت,Çit
چيت مع عبش,Çit maa Abeş
چيزنا صوىي,Çizna Suyu
چيقناخور,Çıknahor
چيكلنه,Çiğlene
چيلدير,Çıldır
چيلليف,Çillaga (Çillif)
چيلو,Cilo
چيلو عليا,Cilo-i Ulya
چيمى,Çimi
چيميانلو,Çimyanlı
چين,Çin
چينه,Çine
چينه مع اقچه اباد,Çine maa Akçaabad
چيپل,Çipel
چيپلاق,Çıplak
چيچك,Çiçek
چيچك اطه لرى,Çiçek Adaları
چيچك طاغى,Çiçekdağı
چيچوه,Çiçeva
چَليكانلو,Çelikanlı
چَنَادْ,Çanad
چَپَاقچُور,Çapakçur
چَپَقْچُورْ,Çapakçur
چِبِق قلعه و قلعهء سيوكه نام ديگر سيف الدين و آغجه لر و عسكر و عشيرت اسماعيل,Çıbıkkale ve Kale-i Sivke (Süyüke) nd. Seyfeddin ve Ağcalar ve Asker ve Aşiret-i İsmail
چپاقجور,Çapakçur
چپاقچور,Çapakçur
چپروفجه,Çiprofça
چپروفچه,Çiprofça
چپقجور,Çapakçur
چپقچور,Çapakçur
چپلاق,Çıplak
چپن,Çepin
چپنئ كره سون,Çepni-i Giresun
چپنه,Çepine
چپنى,Çepni
چپين,Çepin
چچ,Çeç
چچرك,Çeçerek
چکمجۀ صغير,Çekmece-i Sagir
چکمجۀ کبير,Çekmece-i Kebir
ژابار,Jabar
ژابياق,Jabyak
ژانبو كرك,Janbokrek
ژانبوكرك,Janbokrek
ژانه,Jana
ژاپواليويچ,Japvalyeviç
ژبجه,Jepçe
ژبياق,Jabyak
ژرنتيسا,Jernitisa
ژرگرى,Jergeri
ژليز,Jeliz
ژلژنو مكوريچقي,Jelejno Megoriçka
ژلژنيك,Jelejnik
ژه پا,Jepa
ژوپا,Jupa
ژوپان,Jupan
ژوپه,Jupe
ژيرنوفچه,Jirnofça
ژيلمه,Jilema
ژييورا,Jiyora
ژپجه,Jepçe
ژپچه,Jepçe
ژژانيه,Jajaniye
ژژنه,Jejene
کۀ,Kie
گدكجبك,Gedik-i Çubuk
گدوس مع قصبۀ شبخانه,Gediz (Gedüs) maa Kasaba-i Şabhane
گربنه,Grebene
گرجانس,Gercanis
گرده,Gerede
گرمه,Gereme
گره بنه,Grebene
گريد,Girid
گرينه,Gerine
گرگر,Gerger
گلدكلان,Geldiklan
گلعنبر,Gülanber
گلعنبر و علوجه مع وارماوا نام ديگر خُرّم آباد,Gülanber ve Alevce maa Varmava nd. Hürremabad
گلمريه,Kelemerye
گلنار,Gülnar
گلناغاج مع قصروق مع كردخبر,Gelinağaç ve Kasruk maa Kirdhaber
گلنكراس,Gelingiras
گليبولى,Gelibolu
گوار,Gevarselim (Gevar)
گور,Gevar
گوردك,Gördük
گوره,Güre
گوره له مع ياوه بولى,Görele maa Yavebolu
گوريجه,Görice
گورۀ يڭى شهر,Güre-i Yenişehir
گوزل حصار آيدين,Güzelhisar-ı Aydın
گوزل حصار منمن,Güzelhisar-ı Menemen
گوك آباد,Gökabad
گوك اويك,Gököyük
گوك دپه,Göktepe
گوك طاشلو,Göktaşlı
گوكجه طاغ,Gökçedağ
گوكسون,Göksun
گوكچه آغاج,Gökçeağaç
گوكچه لو,Gökçeli
گول حصار,Gölhisar
گول حصار حميد,Gölhisar-ı Hamid
گول شهر,Gülşehir
گول پازارئ بولى,Gölpazar-ı Bolu
گولباشى,Gölbaşı
گولحصار حميد,Gölhisar-ı Hamid
گوله,Göle
گومش اباد مع افتنى,Gümüşabad maa Efteni
گومش مع قباقوز و گورگى,Gümüş maa Kabakoz ve Güreği
گومشخانه,Gümüşhane
گومشخانه مع نواحئ طورل,Gümüşhane maa Nevahi-i Torul
گوملجنه مع نواحى طاغ اردى و دارى دره و آغريجان,Gümülcine maa nevahi-i Dağardı ve Darıdere ve Ağrıcan
گونان,Gönen
گونان حميد,Gönen-i Hamid
گونى,Güney!
گونيه,Goniya
گونيوزي,Günyüzü
گوينك,Göynük
گوگرجنلك,Güğercinlik
گيره سون,Giresun
گيغى,Kiğı
گيكلر,Geyikler
گيل,Gil (?)
گيلان,Gilan
گيوه,Geyve
گَيْوه,Geyve
گَيْوَه,Geyve
گِرِيد,Girid
گِيلان,Gilan
گگبوزه,Gekboze
یمن,Yemen
