osmanlica,transkripsiyon
!حبيله,Hubeyle!
آب صافى,Ab-ı Safi
آب كارون,Ab-ı Karun
آبادان,Abadan
آبانه,Abana
آبرى,Abrı
آبرى و حراله,Abrı ve Harala
آبصافى,Ab-ı Safi
آبغاى,Abagay
آبقرون,Apokoron
آبُقُرون,Apokoron
آت,At
آتالانتى,Atalanti
آتجه,Atça
آتنه,Atina
آتنه كورفزى,Atina
آتوقو,Atoko
آتيكان,Atikan
آتينه,Atina
آتچه,Atça
آجارۀ سفلى,Acara-i Süfla
آجان,Acan
آجرى,Acari
آجق باش,Açıkbaş
آجه آباد,Eceabad
آحسا,Ahsa
آحلاط,Ahlat
آخته پولى,Ahtapolu
آخلاط,Ahlat
آخى كريه,Ahikerye
آخى چلبى,Ahiçelebi
آخى گريه,Ahikerye (Ahigerye)
آخى گَرْيه,Ahikerye (Ahigerye)
آخي گريه,Ahikerye (Ahigerye)
آخير طاغلرى,Ahır Dağları
آخيولى,Ahyolu
آدالفى اطه لرى,Adelfi (Adalfi) Adaları
آدرياتيق,Adriyatik
آدلفا,Adelfa
آدلفى,Adelfi
آدنه,Adana
آدنه مع يره كيل,Adana maa Yüreğir (Yüreğil)
آدنه مع يره گيل,Adana maa Yüreğir (Yüreğil)
آدنه مع يوره كيل,Adana maa Yüreğir (Yüreğil)
آدنه مع يوره گيل,Adana maa Yüreğir (Yüreğil)
آدولوقو,Adoluko
آراج اكدير,Araç İğdir
آراد,Arad
آراس,Aras
آرالق,Aralık
آرتق آباد مع گيرون و قنغال,Artukabad maa Gürün (Girün) ve Kangal
آرخانس,Arhanis
آرخوى,Arhavi
آردانوچ,Ardanuç
آردشان,Ardeşen
آردنوچ,Ardanuç
آرده شن,Ardeşen
آردوس,Ardos
آردوشن,Arduşin
آردوشين,Arduşin
آرزوشخو,Arzuşhav
آرسيدا,Arsida
آرشيپل اطه لرى,Arşipel Adaları
آرغيرو قاسترو,Argirokastro
آرقصه,Arkasa
آرقه,Arga (Arka)
آرقودى,Arkudi
آركى,Arki
آركيرپولى,Argiropoli
آرم,Arım
آرمنوس,Armenos
آرمودان,Armudan
آرمودايلى,Armudili
آرمودلى,Armudlu
آرمودن,Armudan
آرميه,Armiye
آرميه مع قوقوش,Armiye maa Kokoş
آرناود بلغرادى,Arnavud Belgradı
آرناووتى,Arnavuti
آريم,Arım
آريم كرچلو,Arım-ı Kireçli
آرپاز,Arpaz
آرگرى مع دلوينه,Argirikasrı (Argiri) maa Delvine
آرگوش,Arguş
آزاق,Azak
آزاقپور,Azakpur
آزاپ,Azap
آزطواى,Azdavay
آزمير,Azmir
آزناور,Aznavur
آش قلعه,Aşkale
آشتى,Aşti
آشودى,Aşudi
آشيد,Aşid
آشْمُون,Aşmun
آصى,Asi
آطاله,Adala
آطره نوس مع ناحيۀ جبل جديد,Atranos maa Nahiye-i Cebel-i Cedid
آطله,Adala
آطمه لو,Atmalı
آطنه,Adana
آطه,Ada
آطه بازاري مع صبانجه,Adapazarı maa Sapanca (Sabanca)
آطه كيده,Adagide
آطه لر,Adalar
آطه لر دكزى,Adalar Denizi
آطه پازارى,Adapazarı
آطه پازارى مع صبانجه,Adapazarı maa Sapanca (Sabanca)
آطه پازارى مع صبانجى,Adapazarı maa Sapanca (Sabancı)
آغاجلو,Ağaçlı
آغاكس,Ağakis
آغاچلو,Ağaçlı
آغجه قشله,Ağcakışla
آغرافه,Ağrafa
آغروس,Ağros
آغرى كول,Ağrıgöl
آغريا,Ağriya
آغريجان,Ağrıcan
آغريدوس,Ağrıdos
آغستوس,Ağustos
آغلاسون طاغلرى,Ağlasun Dağları
آغوانس,Ağvanis
آغوه,Ağva
آغين,Ağın
آفرقيه مع مطر,Afrikıye maa Matar
آفرين,Afrin
آفشار,Afşar
آفلانئ طاطاى,Eflani-i Daday
آفيون قره حصارى,Afyonkarahisarı
آق آباد,Akabad
آق اوره ن,Akören
آق بابا,Akbaba
آق بلنقه,Akpalanka
آق جيجه لى,Akciceli
آق حصار,Akhisar
آق حصار صاروخان,Akhisar-ı Saruhan
آق دره,Akdere
آق شهر,Akşehir
آق شهراباد مع يقه جق,Akşehirabad maa Yakacık
آق صو,Aksu
آق قيا,Akkaya
آق قيا مع چكلى,Akkaya maa Çanlı
آق كول,Akgöl
آق كوى,Akköy
آق كوى و پازار صويى,Akköy ve Pazarsuyu
آق كيسى,Akkisi
آق كپرى,Akköprü
آق كپرى مع قورى همايون,Akköprü maa Koru-yı Hümayun
آق لوم,Aklom
آق ويران,Akviran
آق يازى مع خندق,Akyazı maa Hendek
آق يورك,Akyörük
آق پيكار,Akpınar
آق چاى,Akçay
آق چاى مع ترمه,Akçay maa Terme
آقبيكار,Akpınar
آقجه قيونلو,Akçakoyunlu
آقحصار,Akhisar
آقرا,Akra
آقسراى,Aksaray
آقسكى,Akseki
آقسنى,Aksini
آقشهر,Akşehir
آقشهر مع طوغانحصار,Akşehir maa Doğanhisar
آقمسجد,Akmescid
آقوه,Akova
آقوه مع بهور,Akova maa Bihor
آقيازى,Akyazı
آقيز,Akız
آقينجيلر,Akıncılar
آقچان,Akçan
آقچه آباد,Akçaabad
آقچه اباد مع يمهوره,Akçaabad maa Yemhura
آقچه حصار,Akçahisar
آقچه شهر,Akçaşehir
آقچه شهر آيدين,Akçaşehir-i Aydın
آقچه شهرآيدين,Akçaşehir-i Aydın
آقچه شهرايدين,Akçaşehir-i Aydın
آقچه طاغ,Akçadağ
آقچه قويونلى,Akçakoyunlu
آكينارا,Akinara
آلا شهر,Alaşehir
آلا طاغ,Aladağ
آلا كليسا,Alakilise
آلا كوز,Alagöz
آلا چام مع حصارجق,Alaçam maa Hisarcık
آلاتو,Alato
آلاجه,Alaca
آلاجه حصار,Alacahisar
آلاجه خان,Alacahan
آلاجه لى,Alacalı
آلاشهر,Alaşehir
آلاشهراينه كول,Alaşehir İnegöl
آلاصونيه,Alasonya
آلافونيزى,Alafonizi
آلان,Alan
آلان و سراوِ ميرآباد,Alan ve Serav-ı Mirabad
آلاپلى مع صماقو,Alaplı maa Samakov
آلاچام,Alaçam
آلباق,Albak
آلتون اوزى,Altınözü
آلتون ايلى,Altınili
آلتون طاش,Altıntaş
آلتون كوپرى و مَلْحه,Altınköprü ve Melha
آلطونطاش,Altıntaş
آلقسنچه مع اسفرلك,Aleksinçe maa İsferlik
آلقوش,Alkuş
آلماش,Almaş
آلموس,Almus
آلموص,Almus
آلوجره,Alucra
آليان,Alyan
آليقور,Alikor
آمارى,Amari
آماصره,Amasra
آماصرى,Amasra
آمبلوزو,Ambelozo
آمناتو,Amnato
آمورا,Amura
آمورغوس,Amorgos
آموطقه,Amutka
آنا پوديارى,Anapodyari
آنافى,Anafi
آنامور,Anamur
آنانس,Ananis
آناپوليس,Anapolis
آنبلاكى,Anbelaki
آنتعفوس,Antufus
آنتورا,Antura
آنتى تيلو,Antitilo
آنتيل اطه لرى,Antil Adaları
آندره آص,Andreas
آندريا,Andreya
آندرين,Andırın
آنزغير,Anzağır
آنس,Anis
آنطاقيه,Antakya
آنطاكيه,Antakya
آنطاليه,Antalya
آنغسترى,Angistri
آنقره,Ankara
آنكه لو,Angelo
آنويا,Anoya
آوا نوس,Avanos
آوانوس,Avanos
آوروپاى عثمانى,Avrupa-yı Osmani
آوغو,Avgo
آوغون,Avgon
آولاغى,Avlağı
آولونيه,Avlonya
آولونيه مع طوپ آلتى,Avlonya maa Topaltı
آونيك,Avnik
آوه نوس,Avanos
آوياواتو,Avyavato
آوْرَشه,Evreşe
آي باصدى,Aybasdı
آي مريم اطه لرى,Ayimeryem Adaları
آيا كرياكى,Ayakiryaki
آياثلوغ,Ayasluğ
آيازمند,Ayazmend
آياستفانوس,Ayastefanos
آياش,Ayaş
آياش مع برندى,Ayas (Ayaş) maa Berendi
آياصو,Ayasu
آياطوما,Ayatoma
آياكوركيوس,Ayagorgiyos
آياماوره,Ayamavra
آياموره,Ayamavra
آيان دون,Ayandon
آياندون,Ayandon
آيايوان,Ayayovan
آيايونيس,Ayayonis
آياپترا,Ayapetra
آيبصدى,Aybasdı
آيدنجق,Aydıncık
آيدوس بالقانى,Aydos Balkanı
آيدين,Aydın
آيدين ايلى,Aydınili
آينه روز,Aynaroz
آيو نيقولا,Ayonikola
آيواجق,Ayvacık
آيواسيل,Ayovasil
آيوالق مع كافر آغيلى,Ayvalık maa Kafirağılı
آيوس جوانيس,Ayoscovanis
آيى مريم,Ayimeryem
آيى وارواره,Ayivarvara
آيى يوركى,Ayiyorgi
آيى يوركى اطه لرى,Ayiyorgi Adaları
آيى پراسكى,Ayiparaski
آيي پراسكي,Ayiparaski
آپتره,Aptera
آپقرون,Apokoron
آپودولو,Apodolu
آپوستولى,Apostoli
آچيپوپولو,Açipopolo
آیدین,Aydın
أجه آباد,Eceabad
أشن,Eşen
أكيل,Eğil
أنس,Enes
ئه ده,Ede
ئه له ئوس,Eleos
ئوليا,Uliya
اب صافى,Ab-ı Safi
اب صافي,Ab-ı Safi
اب پاره,Abpare
ابا الابياض,Eba el-Ebyaz
اباد,Abad
ابادان,Abadan
ابازا,Abaza
ابازه,Abaza
ابانه,Abana
ابدانان,Abdanan
ابر,Eber
ابرائل,İbrail
ابرائيل,İbrail
ابرادى,İbradı
ابرادي,İbradı
ابراله,İbrala
ابراهيميه,İbrahimiye
ابره,İbre
ابرومان,Ebruman
ابرى,Abrı
ابريق تپه,İbriktepe
ابريم,İbrim
ابرينك,Abrink
ابسلى,İpsili
ابش,Ebeş
ابصافى,Ab-ı Safi
ابصاله,İpsala
ابصله,İpsala
ابغاى,Abagay
ابنه,Abana
ابهر,Ebher
ابو القلوع,Ebulkalu
ابو جِرْجَه مع بَهْنَسا,Ebucirce maa Behnesa
ابو جِرْجَه مع بَهْنَسَا,Ebucirce maa Behnesa
ابو ردوع,Eburadu
ابو روبا,Eburuba
ابو سعفه,Ebusafe
ابو شجر,Ebuşecer
ابو شوق قيالرى,Ebuşevke (Ebuşevk) Kayaları
ابو شوقر,Ebuşukar
ابو شوكه,Ebuşevke
ابو صحين,Ebusahin
ابو عريش,Ebuariş
ابو عَرِيش,Ebuariş
ابو غربه,Ebugarbe
ابو قلقل,Ebukalkal
ابو كبير,Ebukebir
ابو كمال,Ebukemal
ابو كَلْتِك,Ebukeltik
ابو لاد,Ebulad
ابو لعد,Ebulad
ابو مردفه,Ebumirdefe
ابو مطاره,Ebumutara
ابو موتارا,Ebumutara
ابو مورينا,Ebumurina
ابوالحصيب,Ebulhasib
ابوالخصيب,Ebulhasib
ابوالخير,Ebulhayr
ابوط,Obot
ابى الححا,Ebilhaha
اتابك,Atabey
اتاق,Atak
اتاقا,Atak
اتاقى,İtaki
اتالانتى,Atalanti
اتاليا,İtalya
اتجه,Atça
اتره (؟),Etre (?)
اتنه,Atina
اتوغوشته,Onogoşta (Otogoşta)
اتوقو,Atoko
اتيكان,Atikan
اجاجى,Acacı
اجاره,Acara
اجارۀ سفلا,Acara-i Süfla
اجارۀ سفلى,Acara-i Süfla
اجره,Acara
اجرى,Acari
اجرۀ سفلا,Acara-i Süfla
اجرۀ سفلى,Acara-i Süfla
اجق باش,Açıkbaş
اجمده,Ecmede
اجنان كارحانه,Acnan-ı Karhane
اجه آباد,Eceabad
اجه اباد,Eceabad
اجه اباد و مايدوس,Eceabad ve Maydos
احتما,İhtima
احتمان,İhtiman
احتمه,İhtima
احته جئ سفلا,Ahtacı-i Süfla
احته جئ عليا,Ahtacı-i Ulya
احتى,Ahti
احتيار,İhtiyar
احجرك,Ahçirik
احد,Ehad
احدلر,Ahadlar
احدلر كبير,Ahadlar-ı Kebir
احسا,Ahsa
احلاط,Ahlat
احلطبا,Ahaltaba
احلكلك,Ahilkelek
احمد بك,Ahmedbey
احينوز,Ahinoz
احيولى,Ahyolu
احچرك,Ahçirik
اخا,Aha
اخبصور,Ahbisor
اخترين,Ahterin
اخته جى,Ahtacı
اخته پولى,Ahtapolu
اختى,Ahti
اختيار,İhtiyar
اخرى,Ohri
اخست آباد,Ahıstabad
اخست اباد,Ahıstabad
اخسقه,Ahıska
اخصتباد,Ahıstabad
اخطار مع قره كليسا,Ahtar maa Karakilise
اخلاط,Ahlat
اخلاط و چقور,Ahlat ve Çukur
اخلكلك,Ahilkelek
اخنجى,Ahıncı
اخى جلبى,Ahiçelebi
اخى چلبى,Ahiçelebi
اداليه,Adalya
ادامانلو عشيرتى,Adamanlı Aşireti
ادانه,Adana
ادرميد,Edremid
ادرنه,Edirne
ادرنه مع جسر مصطفى پاشا,Edirne maa Cisr-i Mustafapaşa
ادرنه مع قرق كليسا,Edirne maa Kırkkilise
ادرنه مع نواحى,Edirne maa Nevahi
ادره ميد,Edremid
ادلفيا,Adelfiya
ادليب الصغرى مع معرّة المصرين,İdlib (İdlibüssuğra) maa Maarratülmısrin
ادنه,Adana
ادنَه,Adana
اده,Ada
اديحون,Adıhun
اديرناس,Adirnas
اذينه,Ezine
اذينه بازارى,Ezinepazarı
اذينه پازارى,Ezinepazarı
ار طوشيان,Ertuşiyan Aşireti
ارآنئ شمكور,Arani-i Şemkür
ارآنئ نهر حسن,Arani-i Nehr-i Hasan
ارآنيء انجه,Arani-i İnce
ارآنيء ديزآق,Arani-i Dizak
اراد,Arad
ارالق و اجوزى و بوزلان و قراقورقان وغره (؟),Aralık ve Acuzi ve Bozlan (?) ve Karakurkan ve Gara (?)
اراليجق,Aralıcak
اراليق,Aralık
ارامل,Eramil
ارانئ كنجه,Arani-i Gence
ارانيء زكم,Arani-i Zegem
اراوانص,Aravans
ارباز,Arpaz
ارباط,Arabat
اربد,İrbid
اربد و عجلون,İrbid ve Aclun
اربعه,Erbaa
اربل,Erbil
اربل مع تلعفر,Erbil maa Telafer
اربيد,İrbid
اربيل,Erbil
اربيل سلطانيه,Erbil Sultaniye
ارتق آباد,Artukabad
ارتق اباد,Artukabad
ارتق اباد و مشهد اباد مع سلس ازوى,Artukabad ve Meşhedabad maa Silisözü
ارتوشى,Artuşi
ارتوق آباد,Artukabad
ارتوق اباد,Artukabad
ارج,Erec
ارجار,Arçar
ارجه,Arca
ارجيش حيدرانلى عشيرتى,Erciş Haydaranlı Aşireti
ارحانكلوس,Arhangelos
ارحب,Erhab
ارحمى,Erhami
ارحوس,Arhos
ارحوى,Arhavi
ارخاوى,Arhavi
ارخوس,Arhos
ارخوه مع ويجه,Arhavi (Arhova) maa Viçe
ارخوه مع ويچه,Arhavi (Arhova) maa Viçe
ارخوى,Arhavi
ارداسه,Ardasa
اردان,Ardan
اردك,Erdek
اردك مع قپو طاغى,Erdek maa Kapudağı
اردك و قپو طاغى,Erdek ve Kapudağı
اردل,Erdel
اردل ولايتي,Erdel Vilayeti
اردلان,Erdelan
اردنوج,Ardanuç
اردنوچ,Ardanuç
ارده شن,Ardeşen
اردهان كوچك,Ardahan-ı Küçük
اردو,Ordu
اردو مع بيراملو و بولانجق,Ordu maa Bayramlı ve Akköy (Bulancak)
اردواولو بك,Ordu Ulubey
اردود,Erdud
اردوس,Ardos
اردوى بيراملو,Ordu-yı Bayramlı
ارزن,Erzen
ارزنجان,Erzincan
ارزنجان مع قورى چاى وكرجانس,Erzincan maa Kuruçay ve Gercanis
ارزنجان مع قوزاى ارزنجان,Erzincan maa Kuzeyerzincan
ارزنه,Erzine
ارزينه,Erzine
ارسبآر,Arasbar
ارسبار,Arasbar
ارسك,Ersek
ارسلان اپا,Arslanapa
ارسوز,Arsuz
ارش,Ereş
ارشوشين,Erşuşin
ارشوه,İrşova
ارض روم,Erzurum
ارض روم و بايبورد و كماخ,Erzurum ve Bayburd ve Kemah
ارضروم,Erzurum
ارطاش,Ertaş
ارغلاستى,Argalasti
ارغن,Argın
ارغنى مع حساران,Ergani maa Hasaran
ارغنى مع قواجيلر سرملى حضران,"Ergani maa Kovacılar Sürmeli, Hasaran (Hazaran)"
ارغنى مع كبان معدنى,Ergani maa Kebanmadeni
ارغنى مع ناحيۀ خساران,Ergani maa Nahiye-i Hasaran
ارغنى مع نواحى و حضران,Ergani maa Nevahi ve Hasaran (Hazaran)
ارغنى معدنى,Erganimadeni
ارغو,Argo
ارغوان,Arguvan
ارغوست,Argust
ارغوما,Argoma
ارغين,Argın
ارقاكى,Arkaki
ارقر,Hufra (Arkar (?))
ارقليه,Irakliya
ارقودى,Arkudi
ارقى,Arki
اركرى قصرى,Argirikasrı
اركلئ آق دكز,Ereğli-i Akdeniz
اركلئ قره مان مع دربند بكدك و چيان,Konya Ereğli (Ereğli-i Karaman) maa Derbend-i Bekdik ve Çayan
اركلت,Erkilet
اركلى و اندوى و نيكده,Konya Ereğli (Ereğli) ve Anduğu ve Niğde
اركلي,Erikli
اركنس,Erkinis
اركنك,Erkenek
اركنيس,Erkinis
اركوب,Ürgüb
اركوپ,Ürgüp
اركى,Arki
اركى طاقم اطه لرى,Arki Takımadaları
اركيروپولي,Argiropoli
اركيرى قصرى,Argirikasrı
ارله,İrle
ارله مع ياويجه,İrle maa Yavice
ارم و اوكسه و ايواجق,Arım ve Ökse ve Ayvacık
ارماتيا,Armatiya
ارمتيا,Armatiya
ارمناز,Armanaz
ارمناك مع نواحى,Ermenek maa Nevahi
ارمنيه,Ermeniye
ارمود ايلى,Armudili
ارمودان,Armudan
ارمودايلى,Armudili
ارمودلو,Armudlu
ارمودلى,Armudlu
ارميه,Armiye
ارميه مع فوقوس,Armiye maa Kokoş (Kokos)
ارميه مع قوقوس,Armiye maa Kokoş (Kokos)
ارميه مع قوقوش,Armiye maa Kokoş
ارن كوى,Erenköy
ارناودلق,Arnavudluk
ارنكوى,Erenköy
ارنكوي,Erenköy
ارنود ايلى,Arnavudili
ارنودان,Arnavudan
ارنيج,Erniç
اره ليجق,Aralıcak
اره ليق,Aralık
ارواد,Arvad
اروالو و كوبيان,Arvalı ve Kübyan
اروانص,Aravans
اروانق,Arvanak
اروته,Ruta (Erruta (?))
ارود,Arud
اروش,Uruş
اروه,Eruh
اريحا,Eriha
اريحه,Eriha
اريحه / اريحا,Eriha
اريدوس,Aridos
اريسترى,Aristiri
اريقلى,Arıklı
اريك,İrig
اريم,Arım
اريم كرچلو,Arım-ı Kireçli
اريم يراشلو,Arım-ı Yaraşlı
ارپاز,Arpaz
ارپالي,Arpalı
ارپه لو,Arpalı
ارچك,Erçek
ارچل,Erçel
ارگرى قصرى,Argirikasrı
ارگلئ قرمان مع بايبورد,Konya Ereğli (Ereğli-i Karaman) maa Bayburd
ارگلى,Ereğli
ازآق,Azak
ازاد جيران,Azadciran
ازاق,Azak
ازبدر,Ezbider
ازبيدر,Ezbider
ازدين,İzdin
ازرع,Ezra
ازطواى,Azdavay
ازطوى,Azdavay
ازغار,Izgar
ازغور,Azgur
ازلادى,İzladi
ازلرقه,İzlarika
ازمياني,İzmiyani
ازميد مع نواحئ اَيْواجق و باغچه جك و يگى كوى,İzmid maa nevahi-i Ayvacık ve Bağçecik ve Yeniköy
ازمير مع نواحى,İzmir maa Nevahi
ازميرنيك,İzmirnik
ازميرنيك قره طاغى,İzmirnik Karadağı
ازنارد,Eznard
ازنافير,Aznafir
ازناور,Aznavur
ازنه بازارى,Ezinepazarı
ازنيق و كورله,İznik ve Gürle
ازنيچه مع تراونيك,İzeniçe maa Travnik
ازنپول,İznepol
ازون صقال,Uzunsakal
ازونى غراد,İzvenigrad
ازوچان,İzveçan
ازوچاى,İzveçay
ازوچن,İzveçan
ازى و اقكرمان,Özi ve Akkirman
ازينه,Ezine
ازينه بازارى,Ezinepazarı
ازينه پازارى,Ezinepazarı
اسابعِ كربه,Esabi-i Kerbe
اساقجى,İsakcı
اسبارته,Isparta
اسبالاتونيس,İspalatonis
اسبر,İspir
اسبرونيسيا,Aspronisya
استا نمقه,İstanimaka
استا نيمقه,İstanimaka
استاتيه,Ostatye
استار افلاق,İstar Eflak
استار برود,İstaribrod
استاره سله,İstarasile
استاره سله مع يانوه,İstarasile maa Yanova
استاره سيله,İstarasile
استاره شناوه,İstaraşinava
استارى غراد,İstarigrad
استارى معدن,İstarimaden
استاري غراد,İstarigrad
استاريه,İstarya
استارچسته,İstarçiste
استاكيدا,Astakida
استاكيده,Astakida
استاماتى,İstamati
استانبول,İstanbul
استانبول كوى,İstanbulköy
استانديه,İstandiya
استاندييا,İstandiya
استانكوى,İstanköy
استانكوى سنجاغى,İstanköysancağı
استانكوي,İstanköy
استانمقه,İstanimaka
استانوز و عشيرت مورطنه و كنيز و صارى كچيلو و ابدالان و تحته جيلو و مسكون انطاليه,İstanoz ve Aşiret-i Murtana ve Keniz ve Sarıkeçili ve Abdalan ve Tahtacılı ve Meskun-ı Antalya
استانوس,İstanos
استاورو,İstavro
استاورو منوس,İstavromenos
استاپوديا,İstapodya
استراجه,İstraca
استرانجه,Istranca
استراژمان,İstrajoman
استراژومان,İstrajoman
استرزوب,Ustrozob
استرشيجه,Ostroşiçe
استرغون,Estergon
استرمجه,Ustrumca
استروشيجه,Ostroşiçe
استروغا,Ustruga
استروغه,Ustruga
استروما,Ustruma
استرومجه,Ustrumca
استرومجه و طويران,Ustrumca ve Doyran
استرونجيل,İstroncil
استرونكلى,İstrongili
استرونژيلونيسى,İstronjilonisi
استروه,Ostrova
استروپاليا,Ostropalya
استروپاليه,Ostropalya
استريوالى,İstrivali
استرپاليا,Ostropalya
استفا,İstifa
استفانيه,İstefanya
استفه,İstifa
استلوش,İstiloş
استليل,İstilil
استنكوى,İstanköy
استنوز,İstenoz
استنيجه,İsteniçe
استنيماقه,İstanimaka
استنيچه,İsteniçe
استوبجانيجه,İstubçaniçe
استودنه,Ustudana
استورغون,Estergon
استورمجه,Ustrumca
استورومجه,Ustrumca
استوروه,Ostrova
استوق,İstok
استولاچ,İstolaç
استولنى بالغراد,İstolni Belgrad
استولنى بلغراد,İstolni Belgrad
استولني بلغراد,İstolni Belgrad
استولچه و غبله,İstolaç (İstolça) ve Gabele
استون,Ostun (?)
استيفه,İstifa
استيه,İstiye
استپاليه و كرينه,Ostropalya (Astipalye) ve Kerpe
استپان,İstepan
اسحاقلو,İshaklı
اسحاقلى,İshaklı
اسحقلو,İshaklı
اسحقلى,İshaklı
اسرك,Esrik
اسريلجه (؟),İsrilçe (?)
اسطوقحولم,İstokholm
اسعرد,İsird
اسفاتى,Esfati
اسفاقس,İsfaks
اسفاچيا,İsfaçya
اسفاچيه,İsfaçya
اسفرلك,İsferlik
اسفرلك بانه سى,İsferlik Banası
اسفرليك,İsferlik
اسفنداباد,İsfendabad
اسفنيار,İsfinyar
اسفهان,Isfahan
اسقانبو,İskanbo
اسقانجه رو,İskancaro
اسقانيا,Askaniya
اسقرا پار,Iskırapar
اسقرابار,Iskırapar
اسقرادين,Iskıradin
اسقراپار,Iskırapar
اسقره دين,Iskıradin
اسقره پار,Iskırapar
اسقريه,İskurya
اسقرپار,Iskırapar
اسقلا,Iskala
اسقلاونيه,Esklavonya
اسقنبو,İskanbo
اسقوبيه,Uskupye
اسقوليه,İskoyla
اسقوينه,Uskupye (Uskovina)
اسقوپيه,Uskupye
اسكئ بالا,Eski-i Bala
اسكاكوى (؟),İskakoy (?)
اسكجه,İskeçe
اسكدار,Üsküdar
اسكدار مع كوملجنه,Üsküdar maa Gümülcine
اسكدير,Eskidir
اسكره,Eskere
اسكفير و ميلاث و حبسمانه,İskefsir ve Milas ve Habsamana
اسكفيه,İskefiye
اسكلب,İskilib
اسكلب مع تحت الطريق,İskilib maa Tahtettarik
اسكلب مع تحت الطريق و قطر,İskilib maa Tahtettarik ve Katar
اسكلب مع نواحى و قطار,İskilib maa Nevahi ve Katar
اسكلوح (؟),İskilib (İskiluh (?))
اسكليب,İskilib
اسكندربك,İskenderbey
اسكندرلى,İskenderli
اسكندروقف,İskendervakıf
اسكندرون,İskenderun
اسكندريه,İskenderiye
اسكندريّه,İskenderiye
اسكوب,Üsküb
اسكوب مع ناحيء قچانك,Üsküb maa Nahiye-i Kaçanik
اسكوب مع نواحى,Üsküb maa Nevahi
اسكوب مع نوكريچه,Üsküb maa Nogoriçe
اسكوبى,Üskübi
اسكوبي,Üskübi
اسكوتى,Üskütü
اسكودار,Üsküdar
اسكودر,Üsküdar
اسكى,Eski
اسكى ايل,Eskiil
اسكى ايل مع آقچه شهر و دربند خوطن,Eskiil maa Akçaşehir ve Derbend-i Hotamış (Derbend-i Hotan)
اسكى ايل مع قريش اوزى,Eskiil maa Kureyşözü
اسكى جمعه,Eskicuma
اسكى حصار,Eskihisar
اسكى سوده,Eskisuda
اسكى شام,Eskişam
اسكى شهر,Eskişehir
اسكى شهر مع قرجه شهر,Eskişehir maa Karacaşehir
اسكى غرانبوسه,Eskigranbusa
اسكى قوچكرى,Eskikoçgiri
اسكى كلى,Eskikili
اسكى مكرى,Eskimekri
اسكى منداروس,Eskimendaros
اسكى موصل,Eskimusul
اسكى موصل مع حسن كيف,Eskimusul maa Hısn-ı Keyf
اسكى ناغوريچ,Eskinagoriç
اسكى پاره,Eskipara
اسكى پولوس,Eskipolos
اسكي ايل,Eskiil
اسكي موصل,Eskimusul
اسكيادس,İskiyados
اسكيادوس,İskiyados
اسكيحصار,Eskihisar
اسكيشهر,Eskişehir
اسكيشهرمع قره جه شهر,Eskişehir maa Karacaşehir
اسكيفوس,Askifos
اسكيفى,İskifi
اسكينا,İskina
اسكچه,İskeçe
اسلاتنيك,Islatnik
اسلاطنيك,Islatnik
اسلانقمن,İslankamen
اسلاوشته,İslavişte
اسلاوقوفچه,Islavkofça
اسلميه,İslimye
اسليونه,İslivne
اسماعيل,İsmail
اسماعيليه,İsmailiye
اسمعيل,İsmail
اسموسقه,İsmoska
اسمولوك,İsmoluk
اسميلوه,İsmilova
اسنفجه,İsnefçe
اسوتى كوركه,İsvetigorge
اسوتى مقلوش,İsvetimikloş
اسوتى ولادساو,İsvetivladsav
اسوتي قيريش,İsvetikıriş
اسوتي كوركه,İsvetigorge
اسوتي مارتين,İsvetimartin
اسوتي ولادساو,İsvetivladsav
اسوكدار,Üsküdar
اسولنه,İsvilne
اسوچ ولايتي,İsveç Vilayeti
اسيا,Asya
اسياب,Asiyab
اسُكُوب,Üsküb
اسْتيهَ,İstiye
اسپارته,Isparta
اسپارتى,Isparti
اسپارطه,Isparta
اسپاص,İspas
اسپانوپول,İspanopol
اسپانيا,İspanya
اسپايرت,İspayrıt
اسپايرت مع خيزان,İspayrıt maa Hizan
اسپر,İspir
اسپرته,Isparta
اسپرلنقه,İspirlonka
اسپره چه,İspireçe
اسپرو,Aspiro
اسپروميسيا,Aspiro Misiya
اسپرونيزون,Aspronizon
اسپرونيس,Aspronis
اسپرونيسيا,Aspronisya
اسپلاترو,İspilatro
اسپلت,İsplit
اسپنزه,Aspinza
اسپورات,İsporat Adaları
اسپورات اطه لرى,İsporat Adaları
اسپورات شرقى اطه لرى,İsporat-ı Şarki Adaları
اسپوينانچه,İspoynaniçe
اسپير,İspir
اسپيه,Espiye
اشاغى,Aşağı
اشاغى اطمه,Aşağıatma
اشاغى بلاك,Aşağıbelen
اشاغى دندارلو,Aşağıdündarlı
اشاغى قلجلى,Aşağıkılıçlı
اشاغى كلر,Aşağıkeler
اشاغى كوى,Aşağıköy
اشباط,İşpat
اشبوزى مع پودغوريچه,İşpuzi maa Podgoriçe
اشتاغول,Aştagul
اشتاويچه,İştaviçe
اشتب,İştib
اشتر,İştir
اشتكين,İştikin
اشتى,Aşti
اشتي,Aşti
اشتيب,İştib
اشحان,İşhan
اشخان,İşhan
اشرف,Eşref
اشرفى اطه لرى,Eşrefi Adaları
اشغى زغوريه,Aşağızagorye
اشقرل,İşkarel
اشقلر,Işıklar
اشقلعه,Aşkale
اشقلو مع كينلر,Işıklı maa Geyikler (Geyinler)
اشقودره,İşkodra
اشقودره مع قوايه,İşkodra maa Kavaya
اشك,Eşek
اشك اطه لرى,Eşek Adaları
اشكند,İşkinid
اشكيره,İşkire
اشمه,Eşme
اشمه مع اناى,Eşme maa İnay
اشمه مع سلندى و انار و سركه,Eşme maa Selendi ve Enar (İnay) ve Sirge
اشمونين,Aşmunin
اشمونين مع دلجا,Aşmunin maa Delca
اشن,Eşen
اشودى,Aşudi
اشيم,İşim
اشپات,İşpat
اشپاط,İşpat
اشپوزى,İşpuzi
اصفاقس,İsfaks
اصفقس مع كركنه,İsfaks maa Kerekene
اصفَقسْ مع كركنه,İsfaks maa Kerkene
اصلا حيه,Islahiye
اصلاحيه,Islahiye
اصمه,Asma
اصنو ايلى,Asnuili
اصوپوز,Asopoz
اصپرو سپتى,Aspirospiti
اصپروپوتام,Aspiropotam
اصپرپوتام,Aspiropotam
اضلادى,İzladi
اطاق,Atak
اطاله,Adala
اطاله مع منده حوريه,Adala maa Mendehorya
اطانه,Adana
اطراف شهر,Etraf-ı Şehir
اطراف شهري مدلّلى,Etraf-ı Şehr-i Midilli
اطرافشهر,Etraf-ı Şehir
اطرانوس مع ناحيۀ جبل جديد,Atranos maa Nahiye-i Cebel-i Cedid
اطرنوس مع خرمنجق,Atranos maa Harmancık
اطرنوس مع خرمنجك,Atranos maa Harmancık
اطفهيه,Atfihiye
اطفيهيه,Atfihiye
اطله,Adala
اطمانلو,Atmanlı
اطملو,Atmalı
اطمه لو,Atmalı
اطنه,Adana
اطه,Ada
اطه بازارى,Adapazarı
اطه بازارى مع صبانجه,Adapazarı maa Sapanca (Sabanca)
اطه بورنكى,Adaburnuki (?)
اطه قلعه,Adakale
اطه قلعه سى,Adakalesi
اطه لر,Adalar
اطه هاء ملحقه,Adaha-i Mülhaka
اطه ويرن,Adaviran
اطه پازارى,Adapazarı
اطه پازارى مع صپانجه,Adapazarı maa Sapanca
اطۀ كبير,Ada-i Kebir
اعراز,Azaz
اعراز تركمن,Azaz-ı Türkmen
اعراز فلاح,Azaz-ı Fellah
اعزاز,Azaz
اعزاز و كليس,Azaz ve Kilis
اعظميه,Azamiye
اعيوج,Uayvic
اغاتونيس,Ağatonis
اغاتونيسى,Ağatonis
اغاجرى,Ağaçeri
اغاجري,Ağaçeri
اغاجلى,Ağaçlı
اغادوه,Ağadeve
اغاكس,Ağakis
اغاكيس,Ağakis
اغاچ اغيل,Ağaçağıl
اغاچلى,Ağaçlı
اغجه,Ağca
اغجه بدي,Ağcabedi
اغجه قلعه,Ağcakale
اغجه لر,Ağcalar
اغرافه,Ağrafa
اغرجان,Ağrıcan
اغردس,Ağrıdos
اغردوس,Ağrıdos
اغرفه,Ağrafa
اغرلوسا,Ağralosa
اغروب,Ağrub
اغروس,Ağros
اغروس مع كچيبورلى,Ağros maa Keçiborlu
اغريجان,Ağrıcan
اغريك,Ugarik
اغريلوس,Ağrilos
اغرييا,Ağriya
اغستوس,Ağustos
اغلاسون مع انجير بازارى,Ağlasun maa İncirpazarı
اغلسون مع انجير بازرارى,Ağlasun maa İncirpazarı
اغلى,Ağlı
اغنصوص,Ağunsos
اغوانس,Ağvanis
اغوانيس,Ağvanis
اغوستوس,Ağustos
اغوللى,Ağullu
اغونصوص,Ağunsos
اغوه,Ağva
اغويران,Ağviran
اغين,Ağın
افاميه,Efamiye
افتانا اطه جقلرى,Eftana Adacıkları
افتنى,Efteni
افتني,Efteni
افرازفنارس,İfraz-ı Fenaris
افريقا,Afrika
افريقاى عثمانى,Afrika-yı Osmani
افسوس,Efsus
افشار,Afşar
افشار عشيرتى,Afşar Aşireti
افلاتار,Aflatar
افلاطار,Aflatar
افلاق,Eflak
افلاق بزرك,Eflak-ı Büzürk
افلاقان,Eflakan
افلاقان موصتار,Eflakan-ı Mostar
افلاقان ولق ايلى,Eflakan-ı Vılkili
افلاقلر,Eflaklar
افلاك كوچك,Eflak-ı Küçük
افلانى بورلى,Eflani-i Borlu
افلانى طاطاى,Eflani-i Daday
افلَاقْ,Eflak
افيون قره حصارى,Afyonkarahisarı
اق اباد,Akabad
اق بولاق,Akbulak
اق جاى,Akçay
اق حصار دره سى,Akhisarderesi
اق حصار صاروخان,Akhisar-ı Saruhan
اق ساز,Aksaz
اق سكر,Aksenir
اق سكى,Akseki
اق سكي,Akseki
اق شهر,Akşehir
اق شهراباد,Akşehirabad
اق صچلي عشيرتي,Aksaçlı Aşireti
اق قادينلر,Akkadınlar
اق قيا,Akkaya
اق كرمان,Akkirman
اق كرمن,Akkirman
اق كپرى,Akköprü
اق كچلو,Akkeçili
اق ليمان,Akliman
اق مسجد,Akmescid
اق ويران,Akviran
اق يازى,Akyazı
اق يازى مع خندق,Akyazı maa Hendek
اق يورك,Akyörük
اق يورك مع حاجى حمزه,Akyörük maa Hacıhamza
اقتار,Iktar
اقجه اباد,Akçaabad
اقجه حصار,Akçahisar
اقجه شهر ايدين,Akçaşehir-i Aydın
اقجه طاغ,Akçadağ
اقجه قزانلق,Akçakızanlık
اقجه قلعه,Akçakale
اقجه مسجد,Akçamescid
اقحصار صاروخان,Akhisar-ı Saruhan
اقرجه,Akarca
اقروطور,Akrotor
اقسراى,Aksaray
اقسراى مع ايوب ايلى,Aksaray maa Eyübili
اقسراي,Aksaray
اقسكى,Akseki
اقسكي,Akseki
اقشهر,Akşehir
اقشهر اباد,Akşehirabad
اقشهراباد,Akşehirabad
اقصاز,Aksaz
اقصالور,Aksalur
اقكرمان,Akkirman
اقكرمن,Akkirman
اقكره,Akkere
اقكوى,Akköy
اقليم التفاح,İklimüttüffah
اقليم الدّاراني,İklimüddarani
اقليم الزبيب,İklimüzzebib
اقليم الزّبِيب,İklimüzzebib
اقليم تفاح,İklimüttüffah (İklim-i Tüffah)
اقليم خرنوب,İklim-i Harnub
اقليم سودان,İklim-i Sudan
اقليم شومر مع شقيف,Şumer (İklim-i Şumer) maa Şakif
اقمسجد,Akmescid
اقنجيان نيكبولى و سلستره,Akıncıyan-ı Niğbolu ve Silistre
اقوه,Akova
اقوه مع بهور,Akova maa Bihor
اقوه مع قمران,Akova maa Komaran
اقيازى,Akyazı
اقچان,Akçan
اقچاى,Akçay
اقچه,Akça
اقچه آباد,Akçaabad
اقچه اباد,Akçaabad
اقچه اباد مع پولادخانه,Akçaabad maa Poladhane
اقچه اباد مع پولاط[خا]نه,Akçaabad maa Polat[ha]ne
اقچه بيكلى,Akçabeyli
اقچه حصار,Akçahisar
اقچه شهر,Akçaşehir
اقچه شهر مع اسكي ايل,Akçaşehir maa Eskiil
اقچه طاغ,Akçadağ
اقچه قزانلق,Akçakızanlık
اقچه قلعه,Akçakale
اقچه كراز,Akçakiraz
اقچه كليسا,Akçakilise
اقچه كليسا مع قارلوه,Akçakilise maa Karlova
اكباز,Ekbaz
اكدر,İğdir
اكدير,İğdir
اكدير مع قارديج,İğdir maa Kardiç
اكراد,Ekrad
اكراد لك,Ekrad-ı Lek
اكرتو,Ekretu (?)
اكرجلى,Eğercili
اكردر,Eğirdir
اكردير,Eğirdir
اكردير مع جزيرۀ نيس,Eğirdir maa Cezire-i Nis
اكرك,Ekrek
اكرنه,Ekrene
اكروار,Eğrivar
اكرى,Eğri
اكرى اوغلى,Eğrioğlu
اكرى بجاق,Eğribucak
اكرى بوجاق,Eğribucak
اكرى بوجق,Eğribucak
اكرى دره,Eğridere
اكرى طاغ,Eğridağ
اكرى كوز,Eğrigöz
اكرى كوز مع امد,Eğrigöz maa Emed
اكرى كوز مع قصبۀ امد,Eğrigöz maa Kasaba-i Emed
اكرى پلانقه,Eğripalanka
اكريكوز,Eğrigöz
اكريلر,Eğriler
اكريوار,Eğrivar
اكسانوس,Eksanos
اكسرموره,İkseromora
اكل,Eğil
اكنجك,Ekincik
اكنه,Eğine
اكهازش بل,Eğihazeşbel
اكو,Aku
اكيردر,Eğirdir
اكيردير,Eğirdir
اكيل,Eğil
اكين,Eğin
اكين مع پشادى,Eğin maa Puşadı
اكينه,Eğine
الآجه حصار,Alacahisar
الآن,Alan
الا جام,Alaçam
الا جه خان,Alacahan
الا حتيان,Alahtiyan
الا ختيان,Alahtiyan
الا طاغ,Aladağ
الا كليسا,Alakilise
الا كوى,Alaköy
الا چام,Alaçam
الااغج,Alaağaç
الاتا,Alata
الاتااطه سى,Alata
الاتو,Alato
الاجه,Alaca
الاجه حاجى,Alacahacı
الاجه حصار,Alacahisar
الاجه حصَار,Alacahisar
الاجه خان,Alacahan
الاجَه حصار,Alacahisar
الاحناس,Alahnas
الاحونيه,Alahonya
الاخونيه,Alahonya
الاره,Alara
الازبرج,el-Uzeyric
الازبريج,el-Uzeyric
الازمرج,el-Uzeyric
الازيرج,el-Uzeyric
الازيريج,el-Uzeyric
الاش و قيى,Ulaş ve Kıyı
الاشهر,Alaşehir
الاصونيه,Alasonya
الاطه,Alata
الافو نيزى,Elafonizi
الافونيزى,Elafonizi
الاكوز,Alagöz
الامان,Alaman
الان,Alan
الانسه,Alansa
الاچام,Alaçam
الباق,Albak
البجه,Elebce
البستان مع افسوس,Elbistan maa Efsus
البصان,İlbasan
البق,Albak
البقيعه,el-Bukaya
البوثر,el-Buser
البوع,el-Bu
الت كندى,Altkendi
التون اوزى,Altınözü
التون ايلى,Altınili
التون طاش,Altıntaş
التون قلعه,Altınkale
التى كسه ك,Altıkesek
الجارم,el-Carim
الجريف,el-Cerif
الجقلر,Alçaklar
الجى,Alcı
الحله,el-Hille
الحوار و دوحة,el-Havar ve Davha
الدريكيش,ed-Duraykiş
السو ااندريك,Also Endrik
الشبوك,eş-Şubuk
الشكرد,Eleşkird
الضهاير,ez-Zahayir
الظفير,Ez-Zafir
العبشيره,el-Abşire
العماير,el-Amayir
العين,el-Ayn
الغشا,el-Gaşa
الفتار,Eleftar
الفزايه,el-Fezaye
الفزيه,el-Fezaye
القائره,el-Kaid (el-Kaira)
القاعد,el-Kaid
القصر ام الامير,el-Kasru Ümmilemir
القصر شمير,el-Kasru Şemir
الكساندرو,Aleksandro
الكى,İleki
الماجق,Elmacık
الماش,Almaş
المالو و پير عزيز,Elmalı ve Piraziz
المالى دره,Elmalıdere
المبوس,Olimpos
المدين,Elmedin
المناظ,el-Minaz
الموص,Almus
النحوه,en-Nahve
الند,Aland
اله شهر,Alaşehir
اله چام,Alaçam
الوان چلبى,Elvançelebi
الوانلو,Elvanlı
الوانلى,Elvanlı
الوجارا و ثووزى,Alucra (Alucara) ve Süvizi
الوجارا و قواتا و كواسه,Alucra (Alucara) ve Kovata ve Kevasa
الوجره,Alucra
الوجلى,Aluçlu
الوجه,el-Vech
الوسس,Eloses
الويۀ ثلثه,Elviye-i Selase
الى اشتر,Elieşter
الياطلو,İlyatlu (?)
اليجق,Alıcık
اليجۀ برغمه,Ilıca-i Bergama
اليجۀ كوستنديل,Ilıca-i Köstendil
اليصره,İlisıra
اليكه,Elige
اليمرتاريا,Alimertarya
اليميا,Alimiya
اليميه اطه سى,İlimye
الپوللى,Alpullu
الچاقلر,Alçaklar
ام ادريس,Ümm-i İdris
ام البعرور,Ümmülbarur
ام الحشب,Ümmülhaşeb
ام الحطب,Ümmülhatab
ام الحمايل,Ümmülhamayil
ام الذيبان,Ümmüzziban
ام الرماح,Ümmürrimah
ام الطرحان,Ümmüttarhan
ام الكره,Ümmülküre
ام المرادم,Ümmülmeradim
ام المراديم,Ümmülmeradim
ام النخيلة,Ümm-i Nahile
ام الواشى,Ümmülvaşi (?)
ام رحا,Ümm-i Raha
ام سحار,Ümm-i Sihar
ام سمارى,Ümm-i Simari
ام على,Ümm-i Ali
ام غازى,Ümm-i Gazi
ام كولان (؟),Ümmülkevlan (?)
ام نحسان,Ümm-i Nahsan
اماد,Amad
امارى,Amari
اماسرى,Amasra
اماسيه مع كلدكلان,Amasya maa Geldiklan
اماسيه و كلدكلان,Amasya ve Geldiklan
اماصره,Amasra
اماصرى,Amasra
اماليپوليس,Emalipolis
امام دور,İmamdevr
امانيه,İmanya
امراكى,Amraki
امرالى,İmralı
امرلر,Emirler
امرود آباد,Emrudabad
امرود اباد,Emrudabad
امروز,İmroz
امريقا,Amerika
امريقاى جنوبى,Amerika-yı Cenubi
امريقاى شمالى,Amerika-yı Şimali
امساكيه,İmsakiye
امصرى,Amasra
املاحور,İmlahor
املاك,Emlak
املج,Ümmülec
امور فقه,Umurfakih
امور فقيه,Umurfakih
اموربك,Umurbey
امورغو پولو,Amorgopulo
امورغوس,Amorgos
امورفو,Omorfo
اموريك,Umurik
اموك,Amuk
امول,Omol
امير,Emir
امير سعيد,Emirsaid
امير طاغى,Emirdağı
اميرلر,Emirler
امينه بالقانى,Emine Balkanı
اميون,Amyon
امّ الفيارين,Ümmülfeyyarin
انابولى,Anabolu
اناطولى,Anadolu
اناطولي,Anadolu
اناطُولي,Anadolu
انافى,Anafi
انامور,Anamur
انامور مع ناحيۀ زينه,Anamur maa Nahiye-i Zeyne
انانيس,Ananis
اناوارين,Anavarin
اناوارين جديد بيرون,Anavarin-i Cedid-i Birun
اناوارين عتيق,Anavarin-i Atik
اناوارين عتيق وجديد,Anavarin-i Atik ve Cedid
اناورزه,Anavarza
اناى,İnay
اناي,İnay
انبارجى,Anbarcı
انتروويتا,Antirovita
انتى پاروس,Antiparos
انجر,İncir
انجر پازارى,İncirpazarı
انجرلو,İncirli
انجرلى,İncirli
انجه جك,İncecik
انجه رود,İncerud
انجورلو,İncirli
انجوكز,İncüğez
انجير,İncir
انجير بازارى,İncirpazarı
انجير پازارى,İncirpazarı
انجيرلو,İncirli
انجيرلى,İncirli
اند باره,Andibare
اندال,Andal
اندرن,Andırın
اندره,Andre
اندروسه,Andrusa
اندرون بار,Enderun-ı Bar
اندرون يازلوفچه,Enderun-ı Yazlofça
اندرياس,Endiryas
اندرين,Andırın
اندماهيه,Andomahya
اندو ماخيه,Andomahya
اندورنك,İndronik
اندوغى,Anduğu
اندوغى و شجاع الدين,Anduğu ve Ulukışla (Şücaeddin)
اندوماهيه,Andomahya
اندى باره,Andibare
انس,Anis
انطاخ,Antah
انطاكيه,Antakya
انطاليه,Antalya
انفه,Enfe
انقره,Ankara
انقره مع نواحى,Ankara maa Nevahi
انقره مع يوزده جيان قوچحصار,Ankara maa Yüzdeciyan-ı Koçhisar
انقره و قصبه,Ankara ve Kasaba
انكرمان,İnkirman
انكلى قاصرى,Angelikasrı
انكلى قصرى,Angelikasrı
انكيسترى,Angistri
انماس,Anamas
انهم,Enhem
انيوار,Anyavar
انَاطُولى,Anadolu
انچتى,Ençiti
انچه,İnçe
انگليز ولايتي,İngiliz Vilayeti
اهتمان,İhtiman
اهدن,İhdin
اهلونه,İhlivne
اهليونه,İhlivne
اواجق,Ovacık
اواجق اسپر,Ovacık-ı İspir
اواجوق,Ovacık
اوانوس,Avanos
اوبا بازارى,Obapazarı
اوبروجه,Obrovçe
اوبروجۀ جديد و عتيق,Obrovçe-i Cedid ve Atik
اوبروجۀ عتيق وجديد,Obrovçe-i Atik ve Cedid
اوبروچه,Obrovçe
اوبه بازارى,Obapazarı
اوبودوواچ,Obudovaç
اوبورجان,Oborçan
اوبورچان,Oborçan
اوبياست,Obyast
اوبيست,Obyast
اوبچه,Obiçe
اوتلق,Otluk
اوتوقه,Otoka
اوتوين,Utvin
اوج اطه لر,Üç Adalar
اوج قرداشلر اطه لرى,Üçkardaşlar Adaları
اوجان,Ucan
اوجله,Evcile
اوجله و جالو,Evcile ve Calu
اوحتورم,Ohtorum
اوحرى,Ohri
اوحري,Ohri
اوحى,Ohi
اوخرى,Ohri
اوخري,Ohri
اوخريدا,Ohrida
اوخطاب,Ohtab
اوخى,Ohi
اودان,Avdan
اودم,Evdim
اوده مش,Ödemiş
اودوك,Ödük
اودوينه,Udvine
اوديم,Evdim
اودِيمْ,Evdim
اوذانيتس,Avzanitis
اور,Or
اورا كير,Üreğir
اوراجه,İvraca
اوراحوه,Orahova
اوراحويجه,Orahoviçe
اوراحويچه,Orahoviçe
اوراشيه,Oraşye
اوراق اوغلى,Orakoğlu
اوراكه,Urake
اورامار,Oramar
اوران,Oran
اوراندق,İvranduk
اوراهويچه,Orahoviçe
اورتا شهرى,Ortaşehri (?)
اورتا قيه (؟),Ortakaya (?)
اورتا كوى,Ortaköy
اورتاسيه,Ortasiye
اورتاقجى,Ortakçı
اورتاقلر,Ortaklar
اورته اوز,Ortaöz
اورته جه,Ortaca
اورته طاغ,Ortadağ
اورته قريه,Ortaköy (Ortakarye)
اورته قول,Ortakol
اورته قيا,Ortakaya
اورته كرش,Ortakerş
اورته كوى,Ortaköy
اورته نيابت,Ortaniyabet
اورته پاره,Ortapare
اورجغان كبير,Oruçgan-ı Kebir
اورحويجه,Orahoviçe
اورخانيه,Orhaniye
اوردباد,Ordubad
اوردو,Ordu
اوردوباد,Ordubad
اوردى,Ordu
اورش,Uruş
اورشه,Evreşe
اورفه,Ruha (Urfa)
اورفه مع نواحى,Urfa maa Nevahi
اوركان,Organ (?)
اوركوب,Ürgüb
اوركوپ,Ürgüp
اورلاوسقه,Orlaviska
اورلاوه,Orlava
اورمان دوسكى جلوى عليا و سفلا,"Oramar (Orman), Doski, Cilo-yı Ulya ve Süfla"
اورمانلق قائممقاملغى,Ormanlık Kaymakamlığı
اورمانه,Ormana
اورن,Ören
اورن دره سى,Evrenderesi
اورندى,İvrindi
اوره شه,Evreşe
اوره و,Orav
اوروز,Oroz
اوروزلر,Uruzlar
اوروش,Oroş
اوروي,Orovi
اوروپاى عثمانى,Avrupa-yı Osmani
اورى,Evri
اوريه اونيس,Evriyeonis
اورچول,Orçul
اوز,Uz
اوز مساخور,Uzmesahor
اوزرايلى,Özerili
اوزره,Ozora
اوزرين,Ozrin
اوزملو,Üzümlü
اوزملى,Üzümlü
اوزمى,Üzümi
اوزنجه آباد خاصكوى,Uzuncaabad-ı Hasköy
اوزنجه اباد خاصكوى,Uzuncaabad-ı Hasköy
اوزوره,Ozora
اوزوملى,Üzümlü
اوزون,Uzun
اوزون اطه,Uzunada
اوزون كوبرى,Uzunköprü
اوزون كوپرى,Uzunköprü
اوزون كپرى,Uzunköprü
اوزونجه اباد خاصكوى,Uzuncaabad-ı Hasköy
اوزونجه اباد خاصكويى,Uzuncaabad-ı Hasköy
اوزونلى,Uzunlu
اوزى,Özi
اوزى صوى,Özi Suyu
اوزى قواغى,Özükavağı
اوزي,Özi
اوزي صويي,Özi Suyu
اوستاتيه,Ostatye
اوسترباليا,Ostropalya
اوسترغون,Estergon
اوسترمجه,Ustrumca
اوستروا,Ostrova
اوستروباليا,Ostropalya
اوستروغه,Ustruga
اوسترومجه,Ustrumca
اوستروه,Ostrova
اوسترووه,Ostrova
اوسترويجه,Ostroviçe
اوسترويچه,Ostroviçe
اوسترويچه مع وقف خسرو بك,Ostroviçe maa Vakf-ı Hüsrevbey
اوسترويچۀ جديد,Ostroviçe-i Cedid
اوسترويچۀ عتيق,Ostroviçe-i Atik
اوستروپاليا,Ostropalya
اوسترپاليا,Ostropalya
اوستودنه,Ustudana
اوستوده نيچه,Ustudaniçe
اوستون,Ostun (?)
اوستيقه,Ostika
اوسقوپيه,Uskupye
اوسك,Ösek
اوسكبى,Üskübi
اوسكنه,Üsküne
اوسكوب,Üsküb
اوسكودار,Üsküdar
اوسلان,Oslan
اوسيه چانى,Osyeçani
اوشربقه,Oşarobka
اوشناق,Oşnak
اوشنى,Uşni
اوشون,Oşun
اوشين سفلى,Avşin-i Süfla
اوصاد,Osad
اوصلان,Oslan
اوطاغ طره بلوس,Otağ-ı Trablus
اوطاو,Otav
اوغادى,Avgadı
اوغلاق,Oğlak
اوغنوط,Oğnut
اوغو,Avgo
اوغوز,Oğuz
اوف,Of
اوفاجقلى,Ufacıklı
اوفجقلى,Ufacıklı
اوفريس,Ofris
اوفه جقلى,Ufacıklı
اوفچه,Ofça
اوقاف,Evkaf
اوقام,Okam
اوقان,Ukan
اوقبانت,Okbanet
اوقتونيا,Oktonya
اوقسا,Oksa
اوقطونيا,Oktonya
اوقيانوس,Okyanus
اوقچى ايلى,Okçuili
اوكدم,Öğdem
اوكز,Üğüz
اوكسه,Ökse
اوكسون,Öksün
اوكمجه مع كوسه لى,Üğümce maa Köseli
اوكندره,Okendira
اوكوز,Üğüz
اوكوست,Ogüst
اولا,Ula
اولا پرت,Ulapert
اولاح شپش,Ulahşepiş
اولاش,Ulaş
اولاش مع نمرون,Ulaş maa Namrun
اولاش و نمرون,Ulaş ve Namrun
اولاغو,Avlağı
اولاغى,Avlağı
اولاق,Ulak
اولان الى,Ulaneli
اولانوف,Ulanof
اولاه شبش,Ulahşepiş
اولاه شپش,Ulahşepiş
اولبو,Ulbo
اولتو,Olto
اولتى,Oltu
اولتى مع مباورى,Oltu maa Mapavri
اولتي,Oltu
اولطى,Oltu
اولكاي مكري,Ülke-yi Megeri
اولكون,Ülgün
اولندرك,Ülündürük
اوله,Ula
اولو بورلو,Uluborlu
اولو بورلى,Uluborlu
اولو شيران,Uluşiran
اولو قشلا,Ulukışla
اولو قشله,Ulukışla
اولو قلعه,Ulukale
اولو كوبك,Ulugöbek
اولوباد,Ulubad
اولوبورلو,Uluborlu
اولوبورلى,Uluborlu
اولوس,Ulus
اولوس مع اماسري,Ulus maa Amasra
اولوغ,Ulog
اولوقشله,Ulukışla
اولوقيشله,Ulukışla
اولون,Avlun
اولوندرك,Ülündürük
اولونيا,Avlonya
اولونيه,Avlonya
اولوه مع برچه,Olova maa Birçe
اولوپتري,Olopetri
اوليا,Uliya
اوليبورلى,Uluborlu
اوليمپوس,Olimpos
اوليور,Olivir
اولگون,Ülgün
اومورفه,Omorfo
اومورفو,Omorfo
اومول,Omol
اون ايكى ديوان,Onikidivan
اونا,Una
اونسه,Unise
اونه,Una
اونود,Onod
اونوس,Onos
اونيك,Avnik
اونيه مع نواحى,Ünye maa Nevahi
اونيه و جويز دره و جوره كل و فنارس و افراز,Ünye ve Cevizdere ve Çöreği (Çöreğil) ve Fenaris ve İfraz
اونچه,Unçe
اوه,Ova
اوه جق,Ovacık
اوه جك,Ovacık
اوه دوزى,Ovadüzü
اوه رك,Everek
اوه يوزى,Ovayüzü
اوهود,Ohod
اووا جق,Ovacık
اوواطه جغى,Ovo Adacığı
اووقات حاجى كوى,Avukathacıköy
اوونيه,Avuniye
اووه جق,Ovacık
اووه يقه,Ovayaka
اووه يوزى,Ovayüzü
اوى بارش,Uybarş
اوى واروش,Uyvaroş
اوي بارش,Uybarş
اويانو,İvyano
اويتو,Oyto
اويشين,Avişin
اويناش,Oynaş
اوينه,Avuniye
اويوآر,Uyvar
اويوار,Uyvar
اويوجك,Öyücek
اويوكلو,Öyüklü
اوُخْرى,Ohri
اوپاروپترمژاك,Opar ve Petremjak
اوپوليه,Opolye
اوچ آطه لر,Üç Adalar
اوچ اطه لر,Üç Adalar
اوچ حصار,Uçhisar
اوچ طاش,Üçtaş
اوچ كوى,Üçköy
اوچاق,Ovçak
اوگز,Üğüz
اى يانى,Ayiyani
ايا روملى,Ayarumeli
ايا سرانده,Ayasaranda
ايا كيرياكي,Ayakiryaki
ايازمند,Ayazmend
ايازمند [مع] ناحيۀ چاندارلى و امرود اباد,Ayazmend [maa] Nahiye-i Çandarlı ve Emrudabad
ايازمند و بغاز حصار,Ayazmend ve Boğazhisar
ايازمه,Ayazma
اياس,Ayas
اياس مع برندى,Ayas maa Berendi
اياسراندا,Ayasaranda
اياسفيد,Ayasefid
اياسلوغ,Ayasluğ
اياسلوغ مع اذينه,Ayasluğ maa Ezine-i Ayasluğ (Ezine)
اياصو,Ayasu
اياغورغور,Ayagorgor
اياكرياكي,Ayakiryaki
اياكوركيوس,Ayagorgiyos
اياكيؤركيوس,Ayagiorgiyos
اياماوره,Ayamavra
اياموره,Ayamavra
ايانجا,Ayanca
ايانجق,Ayancık
اياندون,Ayandon
ايايانيس,Ayayanis
ايايوركى,Ayayorgi
اياپتروس,Ayapetros
اياژورژى,Ayajorji
ايبا صدى,Aybasdı
ايباسدى,Aybasdı
ايباصدى,Aybasdı
ايبراله,İbrala
ايبريق تپه,İbriktepe
ايبصاله,İpsala
ايبصدى,Aybasdı
ايبصله,İpsala
ايبك,İpek
ايبك مع احرام,İpek maa Hram (İhram)
ايتاكى,İtaki
ايتمان و توابعى,İtman (?) ve Tevabii
ايج ايل,İçel
ايجانيس,İcanis
ايجرود,İcrud
ايجكي,İçki
ايختيما,İhtima
ايدا,İda
ايدرى,İdri
ايدنجق,Aydıncık
ايدين,Aydın
ايرديك,İrdig
ايرشوه,İrşova
ايرك,İrig
ايركمنصور,İrgemansur
ايرله,İrle
ايرله مع ياوجه,İrle maa Yavice
ايرله مع ياويجه,İrle maa Yavice
ايرله مع يويجه,İrle maa Yaviçe
ايرمني,İrmini
ايريك,İrig
ايرژانه,İrjana
ايزدنجى,İzdenci
ايزدين,İzdin
ايزغورد,İzgord
ايزلادى,İzladi
ايزمير,İzmir
ايزنبول,İznepol
ايزنجه,İzeniçe
ايزنيجه,İzeniçe
ايزنيچه,İzeniçe
ايزنپول,İznepol
ايزنچه,İzeniçe
ايزولى خشك,İzoli Huşuk
ايزونى غراد,İzvenigrad
ايزوني غراد,İzvenigrad
ايزونيغراد,İzvenigrad
ايزوه جان,İzveçan
ايزوور,İzvor
ايزوويك,İzvovik
ايزويژده,İzvijde
ايساقجى,İsakcı
ايسقر,İskar
ايسقروپيدى,İskropidi
ايسكيادوس,İskiyados
ايسكييادوس,İskiyados
ايسميل,İsmil
ايشق طاغى,Işıkdağı
ايشم,İşim
ايشيق طاغى,Işıkdağı
ايشيقلر,Işıklar
ايشيم,İşim
ايغال,Igal
ايغدير,Iğdır
ايغناوت,İğnavut
ايغنوت,İğnavut
ايقوش,İkoş
ايكده لى,İğdeli
ايكدير,İğdir
ايكنه آطه,İğneada
ايكنه اطه,İğneada
ايكى قارداش,İkikardeş
ايكيزلر,İkizler
ايل باشى,İlbaşı
ايل بصان,İlbasan
ايل بكى,İlbeyi
ايل بيكى,İlbeyi
ايلادييه,İladiye
ايلباشى,İlbaşı
ايلبصان,İlbasan
ايلبنوز,İlbinoz
ايلدير,İldir
ايلغاز,Ilgaz
ايلق,İlok
ايلميس,İlmis
ايلنچه,İlinçe
ايلوات,İlvat
ايلوغ,İlok
ايلوق,İlok
ايليان,İlyan
ايليجه,Ilıca
ايليجه برغمه,Ilıca-i Bergama
ايليجه صارو خان,Ilıca-i Saruhan
ايليجۀ برغمه,Ilıca-i Bergama
ايليجۀ صاروخان,Ilıca-i Saruhan
ايليجۀايدوس,Ilıca-i Aydos
ايليه,İliye
ايمر,Eymir
ايمرالى,İmralı
ايمروز,İmroz
ايمروز اطه سى,İmroz Adası
ايموجقه,İmoçka
ايموچقه,İmoçka
ايموچقه و ناحيۀ ژوپه,İmoçka ve Nahiye-i Korskajupe (Jupe)
ايمير,Eymir
اين,İn
اين اوى,İnevi
اين حصار,İnhisar
اين صويى,İnsuyu
اين كرمان,İnkirman
اين كرمن,İnkirman
ايناللوباللو,İnallıballı
ايناللى باللى,İnallıballı
ايناى,İnay
اينتيلى,İntilli
اينجرلى,İncirli
اينجه آغز,İnceağız
اينجه صو,İncesu
اينجه قره صو,İncekarasu
اينجوكز,İncüğez
اينجيرلى,İncirli
اينده سيل,İndesil
ايندون,Ayandon
ايندون مع اق قيا,Ayandon maa Akkaya
اينكرمان,İnkirman
اينه بحتى,İnebahtı
اينه بحتي,İnebahtı
اينه بختى,İnebahtı
اينه بختي,İnebahtı
اينه روز,Aynaroz
اينه روز جزيره سى,Aynarozceziresi
اينه سيل,Eynesil
اينه غوشته,İnegoşta
اينه كول,İnegöl
اينه كول ايدين,İnegöl-i Aydın
اينه پازارى,İnepazarı
اينه گول آيدين,İnegöl-i Aydın
اينوار,Anyavar
اينوز,İnöz
اينوس,İnös
اينَه بَحتي,İnebahtı
ايو اليه,Ayoilya
ايو سوزو,Ayosuzo
ايو نيقولا,Ayonikola
ايو نيقوله,Ayonikola
ايو يوركى,Ayoyorgi
ايو پاولوس,Ayopavlos
ايوات,Ayvat
ايواجق,Ayvacık
ايوار,Uyvar
ايواصل,Ayovasil
ايوالق مع كافر اغيلى,Ayvalık maa Kafirağılı
ايوان,Eyvan
ايوانقوه,İvankova
ايوانقوه بلاطه,İvankova Blata
ايوب انصارى,Eyyüb-i Ensari
ايوب ايلى,Eyübili
ايوراجه,İvraca
ايورانيه,İvranya
ايورانيه مع پراشوه,İvranya maa Praşova
ايوراژه غرنچه,İvraje Gırniçe
ايورندى,İvrindi
ايورندى مع گيره سون,İvrindi maa Giresun
ايوس ساراندا,Ayossaranda
ايولوحو,İvloho
ايولوخو,İvloho
ايونيزى,Ayunizi
ايوواصل,Ayovasil
ايوواصيل,Ayovasil
ايويقا,İvika
ايى سرانده,Ayasaranda
ايى وارواره,Ayivarvara
ايى يوركى مناسترى,Ayiyorgimanastırı
ايي ياني,Ayiyani
ايّوب ايلى,Eyübili
ايپسله,İpsile
ايپسيلى,İpsili
ايپصارا,Ipsara
ايپصاره,Ipsara
ايپصاله,İpsala
ايپك,İpek
ايچ,İç
ايچ ال,İçil
ايچكى,İçki
اَتاق,Atak
اَتَاقْ,Atak
اَدفو,Edfu
اَدْفُو مع اِبْرِم,Edfu maa İbrim
اَرضْ رُومْ,Erzurum
اَرْدنوچ,Ardanuç
اَرْدَكْ,Erdek
اَشْمُون,Aşmun
اَكِيلْ,Eğil
اَلْبَه,Elbe
اَندره,Andre
اَنْدرَه,Andre
اَولُونْيه,Avlonya
اَيْنه پازارى,İnepazarı (Eynepazarı)
اَيْنَه پازارى,İnepazarı (Eynepazarı)
اُموُرْفو,Omorfo
اِسْتِيه,İstiye
اِسْتِيَه,İstiye
اِصْفَقسْ مع كَرْكَنَه,İsfaks maa Kerekene
اِهْتِمانْ,İhtiman
اِيپْصاله,İpsala
اِپْصاره,Ipsara
اِپْصارى,Ipsara
اپانو,Epano
اپتچار,İptiçar
اپساله,İpsala
اپسلى,İpsili
اپسيلى,İpsili
اپشنه,İpşine
اپصارا,Ipsara
اپصاره,Ipsara
اپصاله,İpsala
اپقرون,Apokoron
اپلاطانو,İplatano
اپلاقوه,İplakova
اپوقرون,Apokoron
اپوقرى,Apokri
اپوقورون,Apokoron
اپوليه,Opolye
اپوليوند,Apolyond
اچاجى و اوزى قواغى,Acacı (Açacı) ve Özükavağı
اچتاحيه,İçtahiye
اچق باش,Açıkbaş
اچمياذك,Eçmiyazin
اچوتوشه,İçvituşa
اڭردر,Eğirdir
اگدر,İğdir
اگدر مع قارديج,İğdir maa Kardiç
اگردر,Eğirdir
اگرى كوز,Eğrigöz
اگيل,Eğil
اگين,Eğin
بآرانيه,Baranya
بئر السبع,Birüsseba
بئرة الجرد,Biretülcürd
بئرة الفرات,Biretülfırat
با لقان طاغلرى,Balkan Dağları
با لقان طاغلري,Balkan Dağları
با ليكسرى,Balıkesri
باب,Bab
باب جبول,Bab [ve] Cebbul
باب طوپ,Bab-ı Top
باب مع جبول,Bab maa Cebbul
بابا اسكسى,Babaeski (Babaeskisi)
بابا طاغى,Babadağı
بابااسكى,Babaeski
بابارون,Babarun
بابان,Baban
بابرچ,Babarç
بابصو,Babsu
بابيانى,Babyani
باترون,Batrun
باتنوس,Patnos
باته,Bata
باتوم,Batum
باج,Baç
باجركه,Bacirge
باجل,Bacil
باجوان,Bacıvan
باجى,Bacı
باخال,Barhal
باخمس,Bahmis
بادرا جق,Badracık
بادره جق,Badracık
بادكان,Badikan
باده,Bada
بادينه,Badine
بار,Bar
بار موساء كبير,Barmusa-i Kebir
بارباروس,Barbaros
بارح,Barah
بارحال,Barhal
باردوينه,Bardovine
بارديز و كوب,Bardız ve Kop (Kob)
بارسيى بيت,Parsibit
بارشه,Barişa
بارطن,Bartın
بارطين,Bartın
بارغه,Parga
باركري,Bargiri
باركيرعن اولكاء چمشكيزك,Bargir an-ülka-i Çemişgizek
باركيرى,Bargiri
باركيرى مع عشاير,Bargiri maa Aşair
باركيري,Bargiri
بارمانه,Barmana
بارمقسز,Parmaksız
بارنج,Barınc
باره,Bare
باروطين,Barutin
باريشا,Barişa
باريكصور,Bariksor
بارينج,Barınc
باريچ,Bariç
بارچ,Barç
بارچنلو,Barçınlı
بارچنلى,Barçınlı
باز,Baz
بازار بويك واروش يونس پاشا,Tutik (Pazar-ı Boyik-i Varoş-ı Yunuspaşa)
بازار خواج,Pazar-ı Hovaç
بازار ساس,Pazar-ı Sas
بازار صويى,Pazarsuyu
بازار قاقنه,Pazar-ı Kakane
بازار كوى,Pazarköy
بازار كويى,Pazarköyü
بازار كيركواج,Pazar-ı Kirkovaç
بازار پتريچه,Pazar-ı Petriçe
بازار چايى,Pazarçayı
بازاركاه,Pazargah
بازاركوى,Pazarköy
بازارلو,Pazarlı
بازه وير,Bazevir (?)
بازيكى,Baziki
باستار,Bastar
باسكل,Baskil
باش قشله,Başkışla
باش كديكلر,Başgedikler
باش كردك,Başgirdek
باش كول,Başgöl
باش كوى,Başköy
باش كيردك,Başgirdek
باش وارتنك,Başvartanik
باش چفتلك,Başçiftlik
باشا ليمانى,Paşalimanı
باشوارتنك,Başvartanik
باشيقه,Başika
باط,Bat
باطه,Bata
باطه شك,Bataşek
باطوركسوى,Batorkösöy
باطوم,Batum
باغ آراسى,Bağarası
باغ اراسى,Bağarası
باغ اواسى,Bağovası
باغ اوه سى,Bağovası
باغجه سراى,Bağçesaray
باغدره,Bağdere
باغزق,Bağzık
باغلان,Bağlan
باغه بيرد,Bağabird
باغوبيت,Bagobit
باغوس,Bagos
باغين,Bağın
باغچه,Bağçe
باغچه جك,Bağçecik
باغچه سراى,Bağçesaray
باف قوقله,Baf [maa] Kukla
باف مع قوقله,Baf maa Kukla
بافره,Bafra
بافره و آلاچام,Bafra ve Alaçam
بافى,Bafa
بافى مع چتريا,Baf (Bafi) maa Çiterya
بافى مع چِيٍترْيا,Baf (Bafi) maa Çiterya
بافي مع چيتريا,Baf (Bafi) maa Çiterya
باقر,Bakır
باقر طاغى,Bakırdağı
باقرچايى,Bakırçayı
باقس,Baks
باقص,Baks
باقو,Bako
باكئو,Bakao
بال طورنه,Baltorna (?)
بالا,Bala
بالاطوق,Balatok
بالانبولى,Balyanbolu
بالاى نيل,Bala-yı Nil
بالتى,Baltı
بالجق,Balçık
بالجى,Balcı
بالقان,Balkan
بالقلى كول,Balıklıgöl
بالقوار,Balkovar
باللو,Ballı
باللى,Ballı
بالنه,Baline
بالنوش,Balnuş
بالو مع شوره,Palu maa Şure
بالوقلو,Balıklı
بالوپولو,Balopulo
بالى بك,Balibey
بالى كسرى,Balıkesri
باليا,Balya
باليان بولى,Balyanbolu
باليانبولى,Balyanbolu
باليقان,Balikan
باليكسر,Balıkesri
باليكسرى,Balıkesri
باليه,Balya
بالچق,Balçık
بالچيق,Balçık
بانا,Bana
بانارلى,Banarlı
بانداليغوسه,Pandaligosa
باندرمه,Bandırma
بانديرمه,Bandırma
بانسقه,Banska
بانه,Bana
بانه رودنه,Banarudine
بانه رودينه,Banarudine
بانه لوقه,Banaluka
بانوشتره,Banoştore
بانياس,Banyas
بانيه,Banya
بانيچۀ جديد,Baniçe-i Cedid (?)
بانچ,Baniç
باهو,Baho
باولى مع نواحى,Pavlu (Bavlı) maa Nevahi
بايات,Bayat
بايبرد,Bayburd
بايبورد,Bayburd
بايبورد اوه رك,Bayburd Everek
بايدار,Baydar
بايذيد,Bayezid
باير بوجاق,Bayırbucak
بايراميج,Bayramiç
بايزيد,Bayezid
بايمزو,Baymezö
بايندر,Bayındır
بايندير,Bayındır
بايوم,Bayom
باچ,Baç
باچقه,Baçka
ببروه,Bebrova
ببه جك,Bebecik
ببيان,Bubiyan
بترون,Batrun
بترون اسكله سى,Batruniskelesi
بترون عليا,Batrun-ı Ulya
بتريج,Petriç
بتريل مع رادوويز,Petril maa Radoviz
بتريچ,Petriç
بتليس,Bitlis
بتيل,Butil
بثينه,Buseyne
بجا,Beca
بجكرك,Beçkerek
بجنى,Bicni
بجوان,Bacıvan
بجوره,Bucura
بحر صووق,Bahr-i Sovuk
بحر عمان,Bahr-i Umman
بحر محيط اطلاسى,Bahr-i Muhit-i Atlasi
بحر محيط كبير,Bahr-i Muhit-i Kebir
بحر محيط منجمد جنوبى,Bahr-i Muhit-i Müncemid-i Cenubi
بحراحمر,Bahr-i Ahmer
بحرالابيض,Bahrülebyad
بحرانى,Bahrani
بحرين,Bahreyn
بحرين اطه لرى,Bahreyn Adaları
بحور,Bihor
بحيرة الببان,Buhayratülbiban
بحيرةالبالا,Buhayratülbala
بحيره,Buhayra
بحيرۀ عتيبه,Buhayra-i Uteybe
بخيره,Buhayra
بداقلو,Budaklı
بداما,Badama
بدرشين,Bedrişin
بدره و بنى لام,Bedre ve Benilam
بدعه,Bida
بدليس,Bitlis
بدوستان,Bedustan
بدون,Budin
بدوى,Bidevi
برائيل,İbrail
برات,Berat
برات مع آولونيه,Berat maa Avlonya
براحوه,Brahova
براده,Berada
برازكيرد,Berazgird
براستك,Birastik
براصدم,Brasadim
براطلى,Baratlı
براعصه,Beraisa
براقلى جمعه,Baraklıcuma
بران,Beran
برانه,Berane
برانيجوه,Braniçeva
برانيچوه,Braniçeva
برانچوه,Braniçeva
براوشته,Pravişte
بربود,Pripod
برتز,Bertiz
برتك,Pertek
برتك عن اولكاء چمشكيزك,Pertek (Bertek) an-ülke-i Çemişgizek
برتكرك,Pertekrek
برتيز,Bertiz
برج,Burç
برجقا,Bırçka
برجقه,Bırçka
برجه,Birçe
برخو,Berho
برداروه,Bardarova
برداقجى,Bardakçı
بردع,Berda
بردعه,Berda
بردونه,Berdone
برديك,Berdik
برزرين,Prizrin
برزرين مع صهريقه,Prizrin maa Suhorika
برزلوق,Berezluk
برزنجه,Berzence
برزنه,Brezne
برزنچه,Brezniçe
برزيقه,Brezika
برزيه,Birziye
برسبه,Prespa
برسنيچه,Bresniçe
برسيس,Bersis
برشتنه,Priştine
برع,Bura
برغمه,Bergama
برغوس كبير,Bergos-ı Kebir
برغومه,Birgoma
برقه,Berka
بركت اوغلى,Bereketoğlu
بركجى,Bergici
بركشاط,Bergüşat
بركه,Bereke
بركى,Birgi
برلبه مع مورجوه,Pirlepe maa Morihova (Moriçova)
برمانه,Burumana
برمقسز,Parmaksız
برناز,Pırnaz
برندى,Berendi
برندي,Berendi
برنوار,Berenvar
بره,Bare
بره جك,Birecik
بره ده,Berada
بره زن,Berezen
بره زنجه,Berezenice
بره زنيجه,Berezenice
بره زنچه,Berezenice
بره زه بانا (؟),Brezebana (?)
بره زوه پوله,Brezovapole
بره سيمين,Beresimin
بره كتلو مع چام اردى,Bereketli maa Çamardı
برهانيه,Burhaniye
برواراوه,Bırvarava
بروارى ژورى مع بروارى زيرى,Pervari-i Juri maa Pervari-i Jiri
بروجرد,Burucerd
برود,Brod
برود و اسرم چرنيك (؟),Bosna Brodu (Brod) ve İsrem-i Çernik (?)
بروزه,Beruze
بروسه يكيجه,Bursa Yenice
بري,Berri
بريبود,Pripod
بريد و الوت,Berid (?) ve Alut
بريقه,Büreyka
بريقه [و] جدابيه,Büreyka [ve] Cidabiye
بريوتيچه,Piryotiçe
برييه,Beriye
بريپوى,Priboy
برّشامى,Berr-i Şami
برچقه,Bırçka
برچه,Birçe
بزخلفان,Bezahlefan
بزم الغربى,Bezmülgarbi
بزنيك,Bezenik
بزور اوق,Bozok
بزينه رود,Bizinerud
بسارابيا,Besarabya
بسارابيه,Besarabya
بستريچه,Bistriçe
بستيه ادالرى,Sapiyanza Adaları
بسقبو,Piskopi
بسقوبو,Piskopi
بسقوبى,Piskopi
بسكنتا,Biskinta
بسميل,Bismil
بسيط,Basit
بسپريم,Besprim
بش آطه لر,Beş Adalar
بش اطه لر,Beş Adalar
بش ديوان,Beşdivan
بشخابور,Bişhabur
بشديوان,Beşdivan
بشراى,Bişerri
بشير,Beşir
بصرالحرير,Busrulharir
بصره دكزى,Basra Denizi
بصره و لحسا,Basra ve Lahsa
بصود,Bosud
بصيره,Busayra
بطح,Bıttıh
بطحا,Batha
بطحه,Batha
بطرون,Batrun
بطمان,Batman
بطيحه,Butayha
بعبدا,Baabda
بعس,Baas
بعشيقه,Başika
بعقوبه,Bakuba
بغارينه,Bogarine
بغاز حصار,Boğazhisar
بغداد,Bağdad
بغداد رشاديه,Bağdad Reşadiye
بغداد عزيزيه,Bağdad Aziziye
بغداد مع شهر زور,Bağdad maa Şehr-i Zor
بغدان,Boğdan
بغدان رپه,Boğdanripe
بغدانوس,Boğdanos
بغدين كبير,Bağdın-ı Kebir
بغلاى,Baglay
بغلوان,Bağlevan
بغچه جك,Bağçecik
بقاع,Bika
بقاع العزيز معلقه,Bikaülaziz-i Muallaka
بقاع غربى,Bika-i Garbi
بقرى,Bakrı
بقعه (؟),Buka (?)
بقل اب باريك,Bakal Ab-ı Barik
بقلاك,Baklan
بقلان,Baklan
بقلاڭ,Baklan
بك,Bey
بك اوغلى,Beyoğlu
بك بازارى,Beypazarı
بك شهرى,Beyşehri
بك طاغلرى,Bey Dağları
بك طاغى,Beydağı
بك پازارى,Beypazarı
بك پيكارى,Beypınarı
بكان,Began
بكبازارى,Beypazarı
بكجه,Beyce
بكدك دربندى,Bekdik Derbendi
بكر,Bekir
بكرش,Bükreş
بكسا,Beksa
بكسماد,Peksimad
بكشهرى,Beyşehri
بكشهرى مع چمن,Beyşehri maa vilayet-i Çimen
بكشهرى و سيدى شهرى,Beyşehri ve Seydişehri
بكشهري,Beyşehri
بكطاغى,Beydağı
بكلين,Peklin
بكه,Bege
بكيش,Bekiş
بكپازارى,Beypazarı
بكپنارى,Beypınarı
بل,Bel
بل ويران,Belviran
بلا استنه,Belaistene
بلااستنه,Belaistene
بلابان,Balaban
بلابانجه,Balabanca
بلابنلى,Balabanlı
بلاتنه,Platine
بلاته,Blata
بلاتى,Plati
بلاج,Blac
بلاجك,Bilecik
بلاخور,Balahor
بلاد البربر,Biladülberber
بلاد البستان,Biladülbostan
بلاد الرؤس,Biladürruus
بلاد الرؤس و بنى بهلول,Biladürruus ve Benibehlül
بلاد بنى بشارا,Bilad-ı Benibeşara
بلاد سباء,Bilad-ı Seba
بلاد همدان,Bilad-ı Hemdan
بلاسنجه,Belasniçe
بلاسيق,Blasık
بلاط,Balat
بلاط مع بافى,Balat maa Bafa
بلاط مع كبسود,Balat maa Kepsud
بلاط مع ناحيۀ بافى,Balat maa Nahiye-i Bafa
بلاطون,Balaton
بلاغاى,Blagay
بلاغاي,Blagay
بلاقا,Plaka
بلان,Belen
بلاوى,Bilavi
بلاىه,Dragonizi (Blana (?))
بلاي بارلته,Blaybarlete
بلاچ,Blac
بلباس عشيرتى,Belbas Aşireti
بلبل جك,Bülbülcük
بلبلجك,Bülbülcük
بلجك,Bilecik
بلد الدوالى,Beledüddevali
بلدالعناب,Beledülannab
بلده,Belde
بلغار,Bulgar
بلغارستان,Bulgaristan
بلغارستان امارتى,Bulgaristan Emareti
بلغاى,Blagay
بلغراد الانغروس,Belgrad-ı Üngürüs (Belgradülüngürüs)
بلغراد انگروس,Belgrad-ı Üngürüs
بلغراد اونكروس,Belgrad-ı Üngürüs
بلغراد دلاموج,Belgrad-ı Dalamuç
بلغراد دلاموچ,Belgrad-ı Dalamuç
بلقا,Belka
بلقاجى,Balkacı
بلقاص,Belkas
بلقاع,Belka
بلك,Belen
بلكۀ جبل و عشيرت خيرويللى و قره بوجيلى و بخشش و قره حاجيلى,Bölge-i Cebel ve Aşiret-i Hayrilli ve Karaböcülü ve Bahşeş ve Karahacılı
بلن,Belen
بلنجه (؟),Beleniçe (?)
بلنوش,Balnuş
بله ترنيك,Bleternik
بله جك,Bilecik
بلهوه,Bolhova
بلو ركنارسو (؟),Beloriknarso (?)
بلو قصرى,Palokasrı
بلوران,Belviran
بلوك باشى,Bölükbaşı
بلوكباشى,Bölükbaşı
بلونه,Plevne
بلووا,Belova
بلويران,Belviran
بلوپاوليك,Belopavlik
بليانبولى,Balyanbolu
بليجان,Bilican
بليخ,Balıh
بنا لوقه,Banaluka
بناجو,Benacu
بنادوس,Banados
بنالسخو,Benalesho (?)
بنالوقه,Banaluka
بنان,Banan
بنانى,Benani
بنت اصنوع,Bint-i Usnu
بنت الذل,Bintüzzel
بنت عقفش,Bint-i Akfeş
بنت قاطوف,Bint-i Katuf
بنجار,Pincar
بند ارگلى,Bendereğli
بند ماهى,Bendimahi
بندراركلى / بندركلى,Bendereğli
بندركلى,Bendereğli
بنده,Bende
بنده اركلى,Bendereğli
بنشيه,Binşiye
بنغازى,Bingazi
بنفشه,Benefşe
بنقويك,Benkovik
بنك مع مامرمان,Penek maa Mamervan
بنكدره,Binküdre
بنه,Buna
بنى اسد,Beniesed
بنى الاعسر,Benilaser
بنى العوام,Benilavvam
بنى بهلول,Benibehlül
بنى تيم,Beniteym
بنى جحمه,Benicehme
بنى جهمه,Benicehme
بنى حارث,Beniharis
بنى حارث القبلا و الشمال,Beniharisülkıbela ve eş-Şimala
بنى حارث و بنى حسين,Beniharis ve Benihaşiş (Benihüseyin)
بنى حارث و بنى حشيش,Beniharis ve Benihaşiş
بنى حبير,Benihabir
بنى حرام,Beniharam
بنى حشيش,Benihaşiş
بنى ربيعه,Benirebia
بنى زرد,Benizerd
بنى سعيد,Benisaid
بنى سويف,Benisüveyf
بنى سُوَيف,Benisüveyf
بنى سُوَيفْ,Benisüveyf
بنى سُوَيْف,Benisüveyf
بنى شهر,Benişehr
بنى صرما,Benisarma
بنى صرمه,Benisarma
بنى عاتكه,Beniatike
بنى عاتكه و كفارات,Beniatike ve Kefarat
بنى عبدلله,Beniabdullah
بنى عصبه,Beniusbe
بنى علوان,Benialvan
بنى على,Beniali
بنى عمر,Beniömer
بنى عوام,Beniavam
بنى كلاب,Benikilab
بنى كنانه,Benikinane
بنى مالك,Benimalik
بنى مالك الصدير,Benimaliküssadir
بنى مره وبنى سالم,Benimürre ve Benisalim
بنى مقلد,Benimuklid
بنى منصور,Benimansur
بنى مَظَرْ,Benimazar
بنى نشيه,Beninişye
بنى هلال,Benihilal
بني منصور,Benimansur
بنيان,Bünyan
بنگله,Bengale
بهادر,Bahadır
بهاراوزى,Baharözü
بهتان,Bohtan
بهرام كوى,Behramköy
بهرام كويى,Behramköyü
بهرامكى,Behramki
بهرامگى,Behramki
بهرماز,Behrimaz
بهسنى مع عشائر,Behisni maa Aşayir
بهسنى و حصنمنصور,Behisni ve Hısn-ı Mansur
بهسنى وسورك,Behisni ve Siverek
بهكه,Bihke
بهلشته,Bihlişte
بهلوليه,Behlüliye
بهلوليّه,Behlüliye
بهمرد,Behmerd
بهور,Bihor
بو تينى,Butina
بو قشاشيه,Bukuşaşiye
بوارد,Bavarid
بوبان,Boban
بوبكان,Bubikan
بوبوجي,Popovci
بوبوفجه,Bobofça
بوبوفچه,Bobofça
بوبيان,Bubiyan
بوتما,Butma
بوتنيك,Putnik
بوجاق مع عشائر,Bucak maa Aşair
بوجتل,Poçitel
بوداق,Budak
بوداق اوزى,Budaközü
بودرم,Bodrum
بودروم,Bodrum
بودغوراچ,Podgoraç
بودغوريجه مع قره طاغ,Podgoriçe maa Karadağ
بودمله,Budimle
بودمله مع بلاو,Budimle maa Plav
بوده (؟),Bode (?)
بودورم,Bodrum
بودوق,Bodok
بودى,Budi
بوديمله,Budimle
بودين,Budin
بودييه,Bodiye
بور,Bor
بور مع قاف,Bor maa Kayı (Kaf)
بور مع قانى,Bor maa Kayı (Kani)
بور مع قايى,Bor maa Kayı
بوراج,Boraç
بوراواج,Boravac
بوراچ,Boraç
بوربوچقو,Borboçko
بوردر,Burdur
بوردور,Burdur
بوردير,Burdur
بورسلنوفقه,Bruslinofka
بورغاز,Burgaz
بورغاس,Burgas
بورغى,Burgu
بورلات,Burlat
بورلجه,Burulca
بورلو,Borlu
بورلوس,Burulus
بورلى,Borlu
بورنك,Pürnek
بورهوه,Borohova
بوري كول,Burugöl
بوريچوچه,Boriçeviçe
بورچه,Porçe
بورچو,Borçov
بوز آباد,Bozabad
بوز ابآد,Bozabad
بوز اباد,Bozabad
بوز اوق,Bozok
بوز اووا,Bozova
بوز اويك مع اين اوڭى,Bozöyük maa İnönü
بوز بابا,Bozbaba
بوز برون,Bozburun
بوز بورن,Bozburun
بوز قير,Bozkır
بوزآغاج,Bozağaç
بوزات,Bozat
بوزاتلو,Bozatlı
بوزاطه,Bozada
بوزاغاج,Bozağaç
بوزاغاج بولكه سيله كلنار,Bozağaç bölgesiyle Gülnar
بوزانطى,Pozantı
بوزاوق,Bozok
بوزاولوس,Bozulus
بوزاووه,Bozova
بوزبابا,Bozbaba
بوزبرون,Bozburun
بوزجه آطه,Bozcaada
بوزجه اده,Bozcaada
بوزجه اطه,Bozcaada
بوزروفجه,Pozarofça
بوزطغان مع ناحيۀ قواق,Bozdoğan maa Nahiye-i Kavak
بوزقير,Bozkır
بوزقير و بكشهر,Bozkır ve Beyşehir
بوزلق,Bozluk
بوزلق و تودرغه و الپى و عشرلو يوزى,Bozluk ve Todurga ve Alpı ve Öşürlüyüzü
بوزلى,Bozlu
بوزمرت,Buzmeret
بوزوق,Bozok
بوزووار,Bozovar
بوزويچه,Bozoviçe
بوزى,Buzi
بوزين,Bozin
بوزيير مع قوريجق,Bozyer maa Kurucak
بوسان,Busan
بوستا,Busta
بوسنه,Bosna
بوسنه برودى,Bosna Brodu
بوسنه شامچه,Bosna Şamiçe
بوسنه طاغلرى,Bosna Dağları
بوسنه و هرسك,Bosna ve Hersek
بوسه,Bosna
بوشاد,Boşad
بوشاط,Buşat
بوشقه بلانه,Boşkaplana
بوشقه پلانه,Boşkaplana
بوشير,Buşeyr
بوصود,Bosud
بوط,But
بوطوچانى,Botuçani
بوغارينه,Bogarine
بوغاز حصار,Boğazhisar
بوغاز زير,Boğaz-ı Zir
بوغاز كويى,Boğazköyü
بوغازليان,Boğazlıyan
بوغدان,Boğdan
بوغزليان,Boğazlıyan
بوغزي يومرى,Boğazıyumru
بوغوروديچه,Bogorodiçe
بوغوينه,Bugoyna
بوغچه,Boğça
بوقا واتباله مع مرديتا,Puka ve İtbala maa Mirdita
بوقه مع اقباله,Puka maa İtbala (İkbale)
بوقوويك,Bukovik
بوقويك,Bukvik
بوقويچه,Bukoviçe
بوكان,Bukan
بوكده,Bukede
بولا جه لى,Bulacalı
بولاجالى,Bulacalı
بولاجلو,Bulacalı
بولاجلو و كشلو و تاتار عشيرتى,Bulacalı ve Keşli ve Tatar Aşireti
بولاق,Bulak
بولام,Bulam
بولامان,Bolaman
بولاماچ,Bolamaç
بولانق,Bulanık
بولانيق,Bulanık
بولاوادين,Bolavadin
بولدان,Buldan
بولدق,Bulduk
بولرنو,Bolerno
بولغار,Polgar
بولغار مملكتي,Bulgar Memleketi
بولغناق,Bulganak
بولماج,Bulamaç
بولمان,Bolaman
بولمان و جماش,Bolaman ve Çamaş
بولميه,Polomiye
بوله جلى,Bulacalı
بولوان,Bolvan
بولولى,Bolulu
بولى,Bolu
بولى قاندرى,Polikandri
بولى مع اركلى,Bolu maa Bendereğli (Ereğli)
بولي,Bolu
بوليجان,Bolucan
بوليقندري,Polikandri
بومبا,Bumba
بومبورى,Bombori
بونديغوسه,Pondigosa
بونيغيا,Bunigiya
بوهتان,Bohtan
بوى آباد,Boyabad
بوى اباد,Boyabad
بوى اباد مع يورتان,Boyabad maa Yortan
بوياق,Buyak
بويالق,Boyalık
بويالو,Boyalı
بويالى,Boyalı
بويان,Boyan (?)
بويانه,Boyana
بويانوفچه,Buyanofça
بويدى اطه جغى,Bovidi Adacığı
بوير,Buveyr
بويك قره صو,Büyükkarasu
بويميه,Boyimiye
بويناق,Boynak
بوينى يوغنلى,Boynuyoğunlu
بوپاقچه,Bopakça
بوچ وديك,Boçvodik
بوچالا,Boçala
بوچاچ,Boçaç
بوژور,Bujor
بوژيم,Bujim
بيا نچه,Piyaniçe
بيات,Bayat
بيات اوزى,Bayatözü
بياد,Bayad
بياس,Payas
بياض اطه,Beyazada
بياض صو,Beyazsu
بياض قيا,Beyazkaya
بياض كوى,Beyazköy
بيالميك,Beyalemik
بياو,Biyav
بيبول,Bibol
بيت ابو علوانه و توابعى,Beyt-i Ebuulvane ve Tevabii
بيت الدين,Beytüddin
بيت الشباب,Beytüşşebab
بيت الشباب مع كويان سندى و كولملى,Beytüşşebab maa Goyan-ı Sindi ve Gölmeli (?)
بيت الفقيه,Beytülfakih
بيت اللحم,Beytüllahm
بيت جبرين,Beyt-i Cibrin
بيتوش,Bituş
بيجاد,Bicad
بيحاج,Bihac
بيدلف اطه لرى,Bidelf Adaları
بيده وى,Bidevi
بيرا وجبل قدس,Bira ve Cebel-i Kudüs
بيرام,Bayram
بيرام اوغلى,Bayramoğlu
بيرام پاشا قلعسي,Bayrampaşakalesi
بيرام پاشا پلنقه سى,Bayrampaşapalankası
بيرامج,Bayramiç
بيراملو,Bayramlı
بيراميج,Bayramiç
بيراميچ,Bayramiç
بيرامچ,Bayramiç
بيرة الجرد,Biretülcürd
بيرغو,Pirgo
بيرغومه,Birgoma
بيرغومه و يواش الى,Birgoma ve Yavaşili
بيرغى,Pirgı
بيركى,Birgi
بيركي,Birgi
بيرمانه,Birmana
بيره جك,Birecik
بيره جك تلكوران,Birecik-i Tilgören
بيره و كهيد,Bire ve Gühid (?)
بيروت و صيدا,Beyrut ve Sayda
بيروش عشيرتى,Biroş Aşireti
بيرون آباد,Birunabad
بيرون باب روس,Birun-ı Bab-ı Rus
بيرون باب له,Birun-ı Bab-ı Leh
بيرون يازلوفچه,Birun-ı Yazlofça
بيرونئ سيواس,Biruni-i Sivas
بيرين,Bireyn
بيرين مع جبل بارشه,Bireyn maa Cebel-i Barişa
بيرين مع ناحيۀ بارشه,Bireyn maa Nahiye-i Barişa
بيرين مع ناحيۀ جبل بارشه,Bireyn maa Nahiye-i Cebel-i Barişa
بيرچه,Birçe
بيسان,Bisan
بيسان مع جنين,Bisan maa Cenin
بيشه,Bişe
بيغا,Biga
بيغادج,Bigadiç
بيغاديج,Bigadiç
بيغاديچ,Bigadiç
بيغالو,Bigalı
بيغالى,Bigalı
بيك,Bey
بيك بوغا,Binboğa
بيك شهرى,Beyşehri
بيكار حصار,Pınarhisar
بيكار حصارى,Pınarhisar
بيكارى ايلى,Bikariili
بيكلك (؟),Beylek (?)
بيل قواق,Belkavak
بيل ويران,Belviran
بيلا,Biyela
بيلاتى,Plati
بيلان كوى,Belenköy (Bilanköy)
بيلان مع بقراص,Belen (Bilan) maa Bakras
بيلجك,Bilecik
بيلكه,Bileke
بيله جك,Bilecik
بيله كه,Bileke
بيلوران,Belviran
بيلويران,Belviran
بيهور,Bihor
بيوك آطه,Büyükada
بيوك اسماعيلجه,Büyükismailce
بيوك اطه,Büyükada
بيوك غالانيس,Büyükgalanis
بيوك قره قارلى,Büyükkarakarlı
بيوك قره قرلى,Büyükkarakarlı
بيوك ليمان,Büyükliman
بيوك مندرس,Büyükmenderes
بيوك وديك,Büyükvodik
بيوك چكمجه,Büyükçekmece
بَبْرُوَه,Bebrova
بَدْرِشين,Bedrişin
بَدْرِشِينْ,Bedrişin
بَرُمّانه,Berummane
بَرُمّانَه و رأس و شبانِيّه و قالوغَو و مُتَيْن و قَرْنائِل,Berummane ve Ras ve Şebaniye ve Kaluga ve Müteyn ve Karnail (Kamail)
بَرْديس,Berdis
بَرْدِيسْ,Berdis
بَرْقه,Berka
بَغدَاد,Bağdad
بَهْنَسَا,Behnesa
بُحَيْره,Buhayra
بُحَيْرَه,Buhayra
بُدين,Budin
بُغدَان,Boğdan
بِلبيس,Bilbeys
بِلْبَيس,Bilbeys
بچ,Beç
بچ اولكه سي,Beç ülkesi
بچقه,Baçka
بچكرك,Beçkerek
بچوره,Bucura
بچي,Peci
بگشهرى,Beyşehri
بگطاغى,Beydağı
بگپازارى,Beypazarı
تؤدور,Teodor
تئودور,Teodor
تابان,Taban
تاتار,Tatar
تاتار احمد,Tatarahmed
تاتاربازارى,Tatarpazarı
تاتاربازارى مع اوه,Tatarpazarı maa Ova
تاتاربازارى مع نواحى,Tatarpazarı maa Nevahi
تاتاربكارى,Tatarpınarı
تاتارستان,Tataristan
تاتارلر,Tatarlar
تاتارلى,Tatarlı
تاتارپازارى,Tatarpazarı
تاتوان,Tatvan
تاتيك,Tatik
تاجورا,Tacura
تاجوره,Tacura
تارحاله مع صومه,Tarhala maa Soma
تارحانيات,Tarhanyat
تارخان,Tarhan
تارل (؟),Tereli (Tarıl (?))
تاروت,Tarut
تالين,Talin
تاماديه,Tamadya
تانا,Tana
تاورغه,Tavurga
تاَروُتْ,Tarut
تبارقه,Tabarka
تباها,Tebaha
تبلوح,Tebluh
تبنين,Tibnin
تبنين و ساحل معركه,Tibnin ve Sahil-i Mareke
تبنين و شقيف,Tibnin ve Şakif
تبوك,Tebük
تتنك,Titinik
تتون,Teteven
تجرلو,Tecirli
تحت الطريق,Tahtettarik
تحت الطّريق,Tahtettarik
تحتالو,Tahtalı
تحتلى,Tahtalı
تحته لى,Tahtalı
تخت,Tuht
تخمانس,Tahmanis
ترابوئين,Traboin
ترابين,Terabin
ترات,Turat
تراغونيس,Tragonis
تراكيا,Trakiya
ترامبه تو,Trambeto
تران,Tiran
ترانيسى,Teranisi
تراونيق,Travnik
تراونيق مع كليس,Travnik maa Klis
تراونيك,Travnik
تربة القحم,Türbetülkahm
تربت القحم,Türbetülkahm
تربجه,Trebçe
تربستوه,Tribistova
تربنه,Trebine
تربه,Türbe
تربه دره,Türbedere
تربوه,Trebova
تربچه,Trebçe
ترجان,Tercan
ترجان سفلا,Tercan-ı Süfla
ترجان سُفْلَا,Tercan-ı Süfla
ترجان عليا,Tercan-ı Ulya
ترجيل,Tercil
ترحاله مع غلوس,Tırhala maa Golos
ترحاله مع نواحئ آروان و غارجان و بولانيه و قره جوه و خاصلر و اسپروپوتام,Tırhala maa nevahi-i Ardan (Arvan) ve Gariçan ve Polaniye ve Kraçova ve Haslar ve Aspiropotam
ترحاله مع نواحى,Tırhala maa Nevahi
ترحناس,Tarhanas
ترخال,Turhal
ترخان,Tarhan
ترخانيات,Tarhanyat
ترخو,Terhu (?)
ترزى دره,Terzidere
ترزي ويران,Terziviran
ترساق,Tursak
ترسانه,Tersane
ترسته نيك,Tristenik
ترسون سفلالا,Tersun-ı Süfla
ترسيه,Tersiye
ترشمك,Türüşmek
ترشيحا,Terşiha
ترغوشته,Tirgovişte
ترغووشته,Tirgovişte
ترغوويشته,Tirgovişte
ترغويشته,Tirgovişte
ترقوس,Terkos
ترقوشته,Tirgovişte
ترك,Terek
تركانلو,Türkanlı
تركش,Tirkeş
تركمان,Türkmen
تركمان بوز اولوس,Türkmen-i Bozulus
تركمان حلب,Türkmen-i Haleb
تركمان و الاجه حان دربندى,Türkmen ve Alacahan Derbendi
تركمش خاصى,Terkemişhassı
تركور,Tergever
تركَوَرْ,Tergever
ترلغان,Terilgan
ترليس,Terlis
ترليه,Tirilye
ترمشى,Termişi
ترمه مع ايواجق,Terme maa Ayvacık
ترمه و اقچاى,Terme ve Akçay
ترميه,Termiye
تره بتين,Trebetin
تره بيشته,Trebişte
تره پوليچه,Trepoliçe
تروبوشتيچه,Troboştiçe
تريا ماوراودنا,Triya Mavravodina
تريا ماورومنا,Triya Mavravodina (Triya Mavromina)
ترياليد,Tiryalid
تريسونيا,Trisonya
تريغراد,Trigrad
تريكان,Terikan
تريكه رى,Trikeri
ترينس,Tirins
ترييا ماوراودنا,Triya Mavravodina
ترييانيزا,Tiriyaniza
ترييو,Triyo
ترپتنسى,Tripitinisi
تزنه دره سى,Tezenederesi
تساليان اطه اطه لرى,Teselyan Adaları
تستور,Testur
تسيق,Tasık
تشنه,Teşene
تشنه مع زنجيه,Teşene maa Jepçe (Zenciye)
تشنه مع زيچه,Teşene maa Jepçe (Ziçe)
تشنه مع قصبۀ زبجه,Teşene maa Kasaba-i Jepçe (Zebçe)
تشوار,Tişuvar
تعز,Taiz
تفلح,Tüflah
تفن مع سيروز,Tefenni maa Siroz
تفنى,Tefenni
تفنى مع سيروز,Tefenni maa Siroz
تكاك,Teğek
تكرى ويرمش,Tanrıvermiş
تكريت,Tikrit
تكفور طاغى,Tekfurdağı
تكفور طاغى مع ويزه,Tekfurdağı maa Vize
تكفور گولى,Tekfurgölü
تكفورصيان,Tekfursayan
تكفورطاغى,Tekfurdağı
تكفوركولى,Tekfurgölü
تكمان,Tekman
تكه لو,Tekeli
تكه لو مع كولك,Tekeli maa Gülek
تكه لو مع گولك,Tekeli maa Gülek
تكه لى,Tekeli
تكه مع علائيه,Teke maa Alaiye
تكه وانطاليه,Teke ve Antalya
تكورطاغى,Tekfurdağı
تكير طاغى,Tekfurdağı
تكيرطاغى,Tekfurdağı (Tekirdağı)
تكيه,Tekye
تل كلخ,Telkelah
تلاح صغير,Tallah-ı Sagir
تلاح كبير,Tallah-ı Kebir
تلبسم,Telbesim
تلبشار,Tilbeşar
تلعفر,Telafer
تلمسان,Tilemsan
تلمو,Tilmo
تله پولى,Telepoli
تلين,Telin
تلچاق,Telçak
تمان,Taman
تمرزلر و حيدرلر,Temrezler ve Haydarlar
تمنار,Temnar
تمنس,Temenos
تمنوس,Temenos
تمنين تحتا,Temnin-i Tahta
تمور حصار,Timurhisar
تمورجى بازارى,Demircipazarı
تمورحصار,Timurhisar
تمورينچه,Timurinçe
تموق,Timok
تموك و اقچه قلعه و يره مدكى و پازارجق و طاش بولاق (؟),Tümük ve Akçakale ve Yeremudki (?) ve Pazarcık ve Taşbulak
تموم,Temum
تمونشته,Tomonişte
تميناكى,Teminaki
تن دره,Tendere
تندره,Tendere
تنس,Tunus
تنكين,Tengin
تنورين,Tennurin
تنومه,Tenume
ته ته ون,Teteven
تهومير,Tihomir
تواتل و مخوب,Tevatil ve Mahub
توترقان,Tutrakan
توتروقان,Tutrakan
توتنچه,Tutniçe
توتيك,Tutik
توحت,Tuht
توحما,Tuhma
توخت,Tuht
توراكلو,Tozanlı
توران,Turan
تورانلى,Turanlı
تورتم,Tortum
تورتوم,Tortum
تورجان,Turcan
تورحال,Turhal
تورخال,Turhal
تورخال مع قاز اباد,Turhal maa Kazabad
تورغود,Turgud (?)
تورك طغانجه,Türkdoğanca
توركنلر,Türkenler
تورنك,Türnük
تورنوك,Türnük
تورنيك,Türnük
توريچانى,Toriçani
توزاكلو,Tozanlı
توزاكلى,Tozanlı
توزانلو,Tozanlı
توزاڭلى,Tozanlı
توزلق,Tuzluk
توطاش,Tutaş
توغلر,Tuğlar
توفير (؟),Tufir (?)
توقات,Tokat
توقاد,Tokat (Tokad)
توقاد مع توزاكلى,Tokat (Tokad) maa Tozanlı
توقاد مع دونكسه اباد ومجيداوزى,Tokat (Tokad) maa Dönekseabad ve Mecidözü
توقاد مع ناحيۀ قومنات و كافرنى و توزاكلى,Tokat (Tokad) maa Nahiye-i Komenat ve Kafirni ve Tozanlı
توقاد و سيواس,Tokad ve Sivas
توقار چاى,Tokarçay
توقاريس,Tokaris
توقيع,Tevki
توكوچه (؟),Tüküçe (?)
تولجه,Tulca
تولنه,Tolna
تولون,Tolon
تومانس,Tomanis
تومك,Tümük
توند,Tond
توى,Toy
توي,Toy
تويردوش,Tıvırdoş
توپولنيچه,Topolniçe
توپولنچه,Topolniçe
توپولونيك,Topolovnik
توپوليانى,Topolyani
تيران,Tiran
تيران مع اقحصار,Tiran maa Akhisar
تيرك,Tirek
تيره,Tire
تيره بولى مع كورتون,Tirebolu maa Kürtün
تيزمند,Tizmend
تيزيوزو,Tizivuzu
تيكريت,Tikrit
تيل طاوى,Nil (Tiltavi (?))
تيلاوه,Tilava
تيلج,Tilic (?)
تيلو,Tilos (Tilo)
تيليا,Tilya
تيما,Tima
تيمار,Timar
تيمار صرچه لى,Timar-ı Sırçalı
تيمور حصار,Timurhisar
تيمور شير,Timurşir
تيموران,Timuran
تيمورجئ صاروخان,Demirci-i Saruhan (Timurci-i Saruhan)
تيمورجه ويرن,Demirceviran
تيمورحصار,Timurhisar
تيمورطاش,Demirtaş
تيمورنجه,Timurinçe
تيمورنچه,Timurinçe
تيمورينچه,Timurinçe
تيموق,Timok
تينه,Tinah
تينوس,Tinos
تيونس,Tiyonis
تَاوُرْغَه,Tavurga
تَرجان عُلْيَا,Tercan-ı Ulya
تَرْجيل,Tercil
تَمَنوس,Temenos
تُورْتُومْ,Tortum
تُونُس,Tunus
تپه,Tepe
تپه خان,Tepehan
تپه دلن,Tepedelen
تپه سى دلك,Tepesidelik
تپولنچه,Topolniçe
ثابت,Sabit
ثلث عكار,Sülüs-i Akkar
ثلث كوره,Sülüs-i Küre
ثلثان كوره,Sülüsan-ı Küre
ثور,Sevr
ثيغانى,Sigani
ثيلمو,Tilmo
جاجقه,Çaçaka
جاجوينه,Çaçvine
جارسنجاق,Çarsancak
جاف عشائرى,Caf Aşairi
جافاتين,Cafatin
جاك,Çan
جالو,Calu
جاليجه,Çalıca
جامستل,Camustil
جامع ابراهم پاشا,Cami-i İbrahimpaşa
جامع داود پاشا,Cami-i Davudpaşa
جامع سلطان بايزيد خان,Cami-i Sultanbayezidhan
جامع سلطان سليم خان,Cami-i Sultanselimhan
جامع سلطان محمد خان,Cami-i Sultanmehmedhan
جامع على پاشا,Cami-i Alipaşa
جاملجه لر,Çamlıcalar
جاملى بل,Çamlıbel
جامليجه,Çamlıca
جاموستل,Camustil
جاموستل مع بولانق و شكر اوبه سى,Camustil maa Bulanık ve Şekerobası
جاموستيل,Camustil
جانب الصرت و قصر,Canibüssırt ve Kasr
جانب الصِرتْ و قَصْر,Canibüssırt ve Kasr
جانب شهر,Canib-i Şehr
جانب عربان شرق,Canib-i Urban-ı Şark
جانب عربان غرب,Canib-i Urban-ı Garb
جانباز,Canbaz
جانجكه,Canciğe
جانجه,Canca
جاندارلو,Çandarlı
جاندارلى,Çandarlı
جانلى,Çanlı
جانوس,Canus
جانيك قواق,Canik Kavak
جانيك كول,Canik-i Göl
جانيك مع نظارت كندز,Canik maa Nezaret-i Gündüz
جاى,Çay
جاى حصار,Çayhisar
جاى قيو,Çaykuyu
جايم,Cayim
جاينجه,Çayniçe
جب آبّلات,Cübb-i Abbelat
جبارات,Cebbarat
جباع,Ciba
جبال,Cubal
جبانس,Cabanis
جبة العسال,Cübbetülassal
جبرشن,Ceberşin
جبره,Cibre
جبل,Cebel
جبل احمر,Cebel-i Ahmer
جبل ادهميه,Cebel-i Edhemiye
جبل اربعه,Cebel-i Erbaa
جبل ارجيس,Cebel-i Erciyes
جبل اعلا,Cebel-i Ala
جبل اقراع,Cebel-i Akra
جبل اقرع,Cebel-i Akra
جبل اكراد,Cebel-i Ekrad
جبل الشيخ,Cebelüşşeyh
جبل باريشه مع خلقه لر,Barişa (Cebel-i Barişa) maa Halkalar
جبل بنى عليم,Cebel-i Benialim
جبل جرد,Cebel-i Cürd
جبل جسر,Cebel-i Cisr
جبل جن,Cebel-i Cin
جبل حبش,Cebel-i Habeş
جبل حفاش,Cebel-i Hufaş
جبل حفش,Cebel-i Hufaş
جبل حمرين,Cebel-i Hamrin
جبل حميده,Cebel-i Hamide
جبل حميص,Cebel-i Hamis
جبل حوله,Cebel-i Hula
جبل خوت,Cebel-i Hot
جبل درزى,Cebel-i Dürzi
جبل دمعراض,Cebel-i Demaraz
جبل ريحان,Cebel-i Reyhan
جبل ريمه,Cebel-i Reyme
جبل زوكور,Cebel-i Zukur
جبل سماق,Cebel-i Summak
جبل سمعان,Cebel-i Seman
جبل سمعان حانطومان,Cebel-i Seman
جبل سمّاق,Cebel-i Summak
جبل شمعان مع شروانلو,Cebel-i Seman (Şeman) maa Şirvanlı
جبل صبيار,Cebel-i Sabyar
جبل طور,Cebel-i Tur
جبل عامله,Cebel-i Amile
جبل عبد العزيز,Cebel-i Abdülaziz
جبل على,Cebel-i Ali
جبل غربيه,Cebel-i Garbiye
جبل قبلى,Cebel-i Kıbli
جبل قدس,Cebel-i Kudüs
جبل قصير,Cebel-i Kusayr
جبل قطه,Cebel-i Kuta
جبل قلمون,Cebel-i Kalemun
جبل قوزان,Cebel-i Kozan
جبل كسروان,Cebel-i Kisrevan
جبل كسروان و الجردين,Cebel-i Kisrevan ve'l-Cürdeyn
جبل كسروانين و الحرادين,Cebel-i Kisrevaneyn ve'l-Harradin
جبل كلبيه,Cebel-i Kelbiye
جبل لبنان,Cebel-i Lübnan
جبل محمد,Cebel-i Muhammed
جبل محمل,Cebel-i Muhammel
جبل مريس,Cebel-i Murays
جبل مع عشيرت بوله جلى,Cebel maa Aşiret-i Bulacalı
جبل موسى,Cebel-i Musa
جبل نصيرى,Cebel-i Nusayri
جبل و ترسيحا,Cebel ve Terşiha
جبل و ترشيحا,Cebel ve Terşiha
جبله,Cebele
جبلى,Cebeli
جبلِ غربيه,Cebel-i Garbiye
جبه,Cübbe
جبه الوس,Cübbe [ve] Alus
جبهة على,Cebhetü Ali
جبور و ابو سليمان و حديدى و گرگرى,Cebur ve Ebusüleyman ve Hadidi ve Gergeri
جبول و باب و منبج,Cebbul ve Bab ve Menbic
جبيل,Cübeyl
جبيل اسكله سى,Cübeyliskelesi
جبّة البشرى مع توابع,Cübbetülbeşera maa tevabi
جبّه,Cübbe
جتال برغوس,Çatalbergos
جتالجه,Çatalca
جترليك,Çetirlik
ججرك,Çeçerek
جدري,Cederi
جديد,Cedid
جديد اندرونئ سيواس,Cedid Enderuni-i Sivas (?)
جدّه,Cidde
جرءالعلفه,Cerrilalife
جرباز,Cirbaz
جربان,Çırpan
جربه,Cerbe
جربو عيه,Cerbuiye
جربوعيه,Cerbuiye
جرجا,Circa
جرجه,Circa
جرد,Cürd
جرد جنوبى,Cürd-i Cenubi
جرد شمالى,Cürd-i Şimali
جرد كسروان,Cürd-i Kisrevan
جرش,Cereş
جركش,Çerkeş
جرمك,Çermik
جرمن,Çirmen
جرمياذو,Çermiyazo
جرميك,Çermik
جرنه رقه,Çernereka
جرنوى,Çernovi
جرنيك,Çernik
جره,Cerre (?)
جره ويك,Çerevik
جزآير,Cezayir
جزائر بحر سفيد,Cezayir-i Bahr-i Sefid
جزائراثنا عشر,Cezayir-i İsna Aşer
جزائراثنى عشر,Cezayir-i İsna Aşer
جزائرسبعه,Cezayir-i Seba
جزان,Cizan
جزان و فرسان,Cizan ve Ferasan
جزاير,Cezayir
جزاير بحر سفيد,Cezayir-i Bahr-i Sefid
جزاير بوّارين و مصطفاعيه و لافيه و العين,Cezayir-i Bevvarin ve Mustafaiye ve Lafiye ve el-Ayn
جزاير جديد,Cezayir-i Cedid
جزاير غرب,Cezayir-i Garb
جزاير و قپودانلق دريا,Cezayir ve Kapudanlık-ı Derya
جزايربحرسفيد,Cezayir-i Bahr-i Sefid
جزره,Cizre
جزيرۀ عليا,Cezire-i Ulya
جزيرۀ قاتوقصري,Cezire-i Katokasrı
جزيرۀ كوچك,Cezire-i Küçük
جزيرۀكبير,Cezire-i Kebir
جسان,Cessan
جسان و بدره,Cessan ve Bedre
جسر,Cisr
جسر شغور مع ناحيۀ دركوش و اردو,Şugur (Cisr-i Şugur) maa Nahiye-i Derkuş ve Ordu
جسر چاشنيگير,Cisr-i Çaşnigir
جسرصاحب,Cisr-i Sahib
جسّان,Cessan
جشمه,Çeşme
جصان,Cessan
جعفري,Caferi
جغا,Çağa
جفاتين,Cafatin
جفته,Çifte
جفتين,Cafatin
جفر,Cefr
جكده,Ceğde
جكلنه,Çiğlene
جكمجه صغير,Çekmece-i Sagir
جكمجه كبير,Çekmece-i Kebir
جكمجۀ صغير,Çekmece-i Sagir
جكمجۀ كبير,Çekmece-i Kebir
جلاره,Cilara
جلالى و خيدرانلو و زيلانلو,Celali ve Haydaranlı ve Zilanlı
جلانكر,Cilanger
جلاير,Celayir
جلبرد,Çelaberd
جلبلى,Celebli
جلبوغاز,Çilboğaz
جلبى بازارى,Çelebipazarı
جلبيلر,Çelebiler
جله برد,Çelaberd
جلوۀ عليا جلوۀ سفلا,Cilo-i Ulya Cilo-i Süfla
جليكانلى,Çelikanlı
جليما,Cilima
جم,Çem
جمادانلى,Cemadanlı
جماسه,Cemmase
جماسيه,Cemmase
جماش,Çamaş
جماعت شهدلو,Cemaat-i Şehidli
جماعين,Cemmain
جماعين ثانى,Cemmain-i Sani
جماله,Cemale
جمشكزك,Çemişgezek
جمعه,Cuma
جمعه آباد,Cumaabad
جمعه اباد,Cumaabad
جمعه لو,Cumalı
جمعه لى,Cumalı
جمعۀ بالا,Cuma-i Bala
جمماسه,Cemmase
جميل بك,Cemilbey
جمين,Cimin
جمّاسه,Cemmase
جمّاسَه,Cemmase
جمّاعين,Cemmain
جنابة,Cennabe
جنان,Canan
جنبى,Cinbi
جنت آباد,Cennetabad
جنجفه,Cincife
جنداوغلى,Çendoğlu
جنس,Cinis
جنكانه,Çingane
جنكرلى,Çengerli
جنكه,Çinge
جنكوله,Cengula
جنوب,Cenub
جنيس,Cinis
جنين,Cenin
جنين عطا قولنه,Cenin Atakulna (?)
جنينه,Cüneyne
جنيه,Cünye
جهارشنبه,Çarşamba
جهان بك,Cihanbey
جهان بكلى,Cihanbeyli
جهانبكلى,Cihanbeyli
جهانبگلو,Cihanbeyli
جهران,Cehran
جهرين,Çehrin
جوارق,Civarık
جوارى,Cevari
جوازر,Cevazir
جوازير,Cevazir
جوبال,Cubal
جودى,Cudi
جورس,Coras
جورلى,Çorlu
جورم,Çorum
جورم كوردى,Çorumkürdü
جوره,Cora
جوره كى,Çöreği
جوز دره سى,Cevizderesi
جوزلك,Cevizlik
جوستان,Custan
جوف,Cuf
جوكه,Çöke
جومه ثلثِ عكّار,Cume [maa] Sülüs-i Akkar
جوندورون,Condoron
جونيه,Cünye
جويز دره سى,Cevizderesi
جويز دره سى و فنارس و افراز و اونيه و چوره كى,Cevizderesi ve Fenaris ve İfraz ve Ünye ve Çöreği
جويزلك,Cevizlik
جويزلى,Cevizli (?)
جيحان,Ceyhan
جيده,Cide
جيده در اسكلۀ كيدوس,Cide der-İskele-i Kidos
جيرقان,Çırkan
جيرود,Ceyrud
جيزان,Cizan
جيزه,Cize
جيزه و طبريه,Cize-i Safed (Cize) ve Taberiye
جيزۀ صفد,Cize-i Safed
جيلوانا,Cilvana
جيمين,Cimin
جَرْبَه,Cerbe
جَغاوَه,Cağave
جُدَيده,Cüdeyde
جِرِيدْ,Cerid
جِزَه,Cize
حابور,Habur
حاجلر,Hacılar
حاجى احمدلو,Hacıahmedli
حاجى الياس,Hacıilyas
حاجى اوغلى بازارى,Hacıoğlupazarı
حاجى بكتاش مع مجور,Hacıbektaş maa Mucur
حاجى بكتاش مع يوزده جيان,Hacıbektaş maa Yüzdeciyan
حاجى بهرام مع نواحى,Hacıbehram maa Nevahi
حاجى حمزه,Hacıhamza
حاجى شيخ,Hacışeyh
حاجى عمر بك,Hacıömerbey
حاجى فياض,Hacıfeyyaz
حاجى لى,Hacılı
حاجى يوزغاد,Hacıyozgad
حاجي شيخ,Hacışeyh
حاجيلر,Hacılar
حاجيلر و توابعى,Hacılar ve Tevabii
حاجيلو,Hacılı
حاجين,Haçin
حارثه,Harise
حارس,Haris
حارشد,Harşid
حارف,Harif
حارم,Harim
حاريم,Harim
حاسه,Hassa
حاسه مع درسه,Hassa maa Durse
حاسيا,Hasiye
حاص,Has
حاصبيا,Hasbeyya
حاصلرمع قرجوه,Haslar maa Kraçova
حاصْبَيا,Hasbeyya
حاطهاز,Hathaz
حافصه,Havsa (Hafsa)
حافك,Hafik
حافيق,Hafik
حافيك,Hafik
حاكيف,Hakif
حاكپونيزيا,Hakiponiziya
حالة المبرز,Haletülmüberriz
حالد,Halid
حالقونيسى,Halkonisi
حالول,Halul
حالون ته سوس,Halontasos
حامو,Hamo
حامور,Hamur
حانطومان,Hantuman
حانمرود,Hanımrud
حانند بيل,Hanendebil
حاننده بيل,Hanendebil
حاويك,Havik
حايمانه,Haymana
حاچين,Haçin
حباب,Habab
حبرون,Habrun
حبزبنى,Habezbeni
حبزبينى,Habezbeni
حبسمانه,Habsamana
حبسمانه مع بولمان,Habsamana maa Bolaman
حبسمانه و ايباصدى,Habsamana ve Aybasdı
حبش,Habeş
حبش و حجاز,Habeş ve Hicaz
حبش و لواء جده و شيخ الحرملك مكّۀ مكرّمه,Habeş ve Liva-i Cidde ve Şeyhülharemlik-i Mekke-i Mükerreme
حبصمانه,Habsamana
حبوبات,Hububat
حبيش,Hubeyş
حته و نسبته,Hatta ve Nisbete (?)
حجاز,Hicaz
حجريه,Haceriye
حجله,Hacele
حجه,Hacce
حجيله,Huceyle
حد برع,Hadd-i Bera
حداره,Haddare
حداوندكار,Hüdavendigar
حده,Hada
حديثه,Hadise
حديده,Hudeyde
حذاق,Hazak
حذور,Hazzur
حرآم,Hram
حرا,Hira
حرات,Harat
حراز,Haraz
حراز و اشتفه طره ال حناح وقصر حور ومحمر و رو بطن,Cevazir (Haraz) ve İştifa [ve] Turra-i Al-i Cenah ve Kasr-ı Hur ve Muhammer ve Rubatın
حراسنو,Hrasno
حراشتان,Hraştan
حراله,Harala
حرام,Hram
حرام عتيق,Hram-ı Atik
حران,Harran
حران و چاى قيو,Harran ve Çaykuyu
حران و چاي قيو,Harran ve Çaykuyu
حربنده لى مع دكزلى,Harbendeli maa Denizli
حربى,Harbi
حربيه,Harbiye
حرتار,Hırtar
حرتوس,Hartvis
حرسوفى,Hırsofi
حرض,Harad
حركه,Herke
حرم,Harem
حرم اباد,Hürremabad
حرمان,Hurman
حرمنلى,Harmanlı
حرمين شريفين و يوركان كيره سون,Haremeyn-i Şerifeyn ve Giresun (Yörükan-ı Giresun)
حرمين عشيرتى و پرنك و توفاللو,Haremeyn Aşireti ve Pernek ve Tofallı (?)
حرنيش,Harniş
حروات,Hırvat
حروت,Harut
حرير,Harir
حرپوت,Harput
حزان,Hizan
حزو,Hazzo
حزور,Hazzur
حزّو,Hazzo
حسانى,Hasani
حسبك,Hasbek
حسراس,Hasras
حسن آباد,Hasanabad
حسن اباد,Hasanabad
حسن الا كراد,Hısnülekrad
حسن اووه,Hasanova
حسن بادريك,Hasanbadrık
حسن صويى,Hasansuyu
حسن قلعه,Hasankale
حسن كريشى,Hasangerişi
حسن كيف,Hısn-ı Keyf
حسن منصور,Hısn-ı Mansur
حسن چلبى,Hasançelebi
حسنكهف,Hısn-ı Keyf
حسنكيف,Hısn-ı Keyf
حسنلر,Hasanlar
حسين آباد و ممالو,Hüseyinabad ve Mamalı
حسينى,Hüseyni
حسيچه,Hasiçe
حشا,Haşa
حشا مع عماره,Haşa maa Amare
حصار,Hisar
حصار روم ايلى,Hisar-ı Rumili
حصاران,Hisaran
حصارلق,Hisarlık
حصر و كبش و ام الرباب,Hasr ve Kebş ve Ümmürrebab
حصران,Hasaran
حصن الا كراد,Hısnülekrad
حصن الاكراد,Hısnülekrad
حصن كيف,Hısn-ı Keyf
حصن منصور,Hısn-ı Mansur
حصن منصور مع كاخته,Hısn-ı Mansur maa Kahta
حصنمنصور,Hısn-ı Mansur
حصنمنصور و صمصاد و بزه كى,Hısn-ı Mansur ve Samsad ve Biziki (Bizeki (?))
حصنى كيف,Hısn-ı Keyf
حضرو و بهرامنى,Hazro ve Mihrani (Behramni)
حضرون,Hazrun
حطاى,Hıtay
حطبلئ صغير,Hatablı-yı Sagir
حطوان,Hatvan
حطون,Hatvan
حظو,Hazzo
حفار,Haffar
حفاش,Hufaş
حفرا,Hufra
حفره,Hufra
حفره و شرقيه,Hufra ve Şarkiye
حفير,Hafir
حفّار,Haffar
حق على,Hakk-ı Ali
حقبان,Hakban
حقله,Hakala
حكارى,Hakkari
حكارى چال,Hakkari Çal
حكرى,Hakeri
حكري,Hakeri
حكومت شهران,Hükümet-i Şehran
حكيم خان,Hekimhan
حكّارى,Hakkari
حلانيّه,Halaniye
حلب,Haleb
حلبه,Halba
حلقه,Halaka
حلقى حولى,Halkahavlu
حللقى,Hallaki
حله,Hille
حلومج,Hulumiç
حلوميج,Hulumiç
حلونك,Hulvenk
حلى,Hali
حليميه,Halimiye
حلّه,Hille
حما,Hama
حما م خمص,Hama ve Humus
حما و حمص,Hama ve Humus
حما و معرة النعمان,Hama ve Maarratünnuman
حمار,Hammar
حمام,Hamam
حمام اوزى,Hamamözü
حمام على,Hammam-ı Ali
حمامات,Hammamet
حمدانيّه و سيحان,Hemdaniye ve Seyhan
حمرار,Hamrar
حمريك,Hümrik
حمزه,Hamza
حمزه چمني,Hamzaçimeni
حمزيكان,Hamzikan
حمس,Humus
حمص,Humus
حمنه,Hamine
حمو,Hamo
حميد,Hamid
حميد آباد,Hamidabad
حميد ايلى مع قضاهاء تركمش,Hamid (Hamidili) maa Kazaha-i Terkemiş
حميد مع بوردر,Hamid maa Burdur
حميديه,Hamidiye
حميديه قريه سى,Hamidiye karyesi
حميص,Hamis
حمّار,Hammar
حناجره,Hanacire
حندرس,Handırıs
حندق,Hendek
حندك,Hendek
حندوف,Hondof
حنس و تكمان,Hınıs ve Tekman
حنكان,Hinkan
حنوس مع تكمان و عشائر زريقى,Hınıs (Hınus) maa Tekman ve Aşair-i Ziriki
حوابى,Havabi
حوار,Havar
حواصور,Havasor
حواطب كبير,Havatıb-ı Kebir
حواطي,Huvati
حواقل,Hovakil
حواله,Havale
حوالى حطوب,Havali-yi Hutub
حوالى شررا,Havali-yi Şürra
حوبان,Huban
حوتاليج,Hotaliç
حوتاليچ,Hotaliç
حوتون,Hoton
حوجوان,Hoçuvan
حودى دده,Hodidede
حورالله,Havrullah
حوران و جبل دروز و رضوان الحاقليه عجلون,"Havran ve Cebel-i Düruz ve Rıdvanülhakileyye, Aclun"
حوران و جيدور,Havran ve Cidur
حوراه,Havrullah
حورتاچ,Hortaç
حورحون,Horhon
حورمان,Hurman
حورمووه,Hormova
حورودق بدرحو,Horodok Bederho
حوريده,Huride (?)
حوزات,Hozat
حوسته,Hosta
حوش الاى,Hoşalay
حوش اووا,Hoşova
حوصه,Havsa
حوض,Havz
حوضه,Havza
حوطاشلى,Hotaşlı
حوطمش,Hotamış
حوقو,Hoko
حوكاد,Hokad
حولان,Havlan
حوله و شعرا,Hula ve Şara
حوما,Homa
حوما و كيكلر,Homa ve Geyikler
حومه,Homa
حوناز,Honaz
حوناز و تموق,Honaz ve Temuk
حوند,Hond
حوواكل,Hovakil
حوي,Hoy
حويت,Huyut
حويدر,Hoyder
حويزه,Huride (?) (Huveyza (?))
حويض,Haviz
حى نعمة الله,Hay Nimetullah
حياتى,Hayati
حيدران,Haydaran
حيدرى,Haydari
حيرانلى,Hayranlı
حيرسز اطه لر,Hayırsız Adalar
حيرون,Hiron
حيزان,Hizan
حيزان و نمران و مروانان,Hizan ve Namran ve Mervanan
حيس,Hays
حيطان,Haytan (Hoytan (?))
حيفا,Hayfa
حيكوك,Haykok
حيمانتين مع عشيرت موزاتلو و چاليش و طوباقلو,Haymanateyn maa Aşiret-i Mozatlı ve Çalış ve Topaklı
حيمانه,Haymana
حيمانۀ صغير,Haymana-i Sagir
حَابُور,Habur
حَبَشْ,Habeş
حَزّو,Hazzo
حَصْره,Hasra
حَطْوَانْ,Hatvan
حَمص,Humus
حَمص مع تَدمُر,Humus maa Tedmür
حِلّه,Hille
خا تون سراى,Hatunsaray
خا تونسراى,Hatunsaray
خا ندوش,Handuş
خابس مانه,Habsamana
خابور,Habur
خاتون,Hatun
خاتون ايلى,Hatunili
خاتون ويران,Hatunviran
خاجيلو و كوركجيلو و صارى جام,Hacılı ve Kürkçülü ve Sarıçam
خاخو,Haho
خادم كوى,Hadımköy
خارات,Harat
خاراقا,Haraka
خارديش,Hardiş
خارشيد,Harşid
خارق,Hark
خارقوس,Harkus
خارپوط,Harput
خازى,Hazi
خاص,Has
خاص بوغا,Hasboğa
خاص كوى,Hasköy
خاصبوغه,Hasboğa
خاصكوى,Hasköy
خاصلرمع قرچوه,Haslar maa Kraçova
خاصلرمع قيرچوه,Haslar maa Kraçova
خاصه,Hassa
خاصهاء استانبول,Hasha-i İstanbul
خاصّهاء ارنود,Hasha-i Arnavud
خاطون ايلى,Hatunili
خاكس,Hakis
خاكف,Hakif
خاكيف,Hakif
خالخال,Halhal
خالص,Halis
خالق قريم و قالغالق قريم,Kırım Hanlığı ve Kalgaylık-ı Kırım
خامور,Hamur
خان بارچين,Hanbarçın
خان كندى,Hankendi
خان يونس,Hanyunus
خانبارجين,Hanbarçın
خانبارچين,Hanbarçın
خاندرا,Handra
خاندريس,Handırıs
خانقاه,Hankah
خانقين,Hanekin
خانلى,Hanlı
خانمرود,Hanımrud
خاو,Hav
خاوه,Have
خايمانه,Haymana
خاچوك,Haçük
خاچين,Haçin
خبوس,Hupus
خداثى,Hadasi
خداوندكار,Hüdavendigar
خداوندگار,Hüdavendigar
خرابه مع صاتو قلعه,Harabe maa Satukale
خرابه و تخرين,Harabe ve Temzin (Tahrin)
خرابه و تمزين,Harabe ve Temzin
خراله,Harala
خرام,Hram
خربة حذور,Hırbet-i Hazzur
خربة حزور,Hırbet-i Hazzur
خربروت مع ملاطيه,Harput (Harburut) maa Malatya
خربوت,Harput
خربۀ حذور,Hırbet-i Hazzur
خرتوس,Hartvis
خردال,Hardal
خردل,Hardal
خرسز,Hırsız
خرسوفى,Hırsofi
خرشدلر,Hurşidler
خرطوم,Hartum
خرقه,Hırka
خركون,Hargün
خرمانجق,Harmancık
خرمنجق,Harmancık
خرمنجك,Harmancık
خرمنلى,Harmanlı
خرناباد,Harnabad
خروات مملكتي,Hırvat Memleketi
خروس,Horos
خروش رستم,Horuşrüstem
خرومناستر,Hromanastır
خرّوب نصارا,Harrub-ı Nasara
خرپوت,Harput
خرپوط,Harput
خزان,Hizan
خزانه,Hazane
خزل,Hazel
خساران,Hasaran
خساني,Hasani
خسره ويران,Hösreviran
خسرو,Hüsrev
خسرو پاشا,Hüsrevpaşa
خشورنى,Hoşorni
خضر بك ايلى مع دورك و چهارشنبه,Çaycuma (Hızırbeyili) maa Devrek ve Çarşamba
خضر دراجى,Hızırdürraci
خطوان,Hatvan
خلازومن,Halazomen
خلت مع فاتر,Hallet maa Fatir
خلخلان,Halhalan
خلخنه,Hılhına
خلفتى,Halfeti
خلقلو,Halkalı
خلقه,Halaka
خلكان مع حضران,Halkan maa Hadran
خللقى,Hallaki
خلومج,Hulumiç
خلونيك,Holavnik
خليل الرحمن,Halilürrahman
خليل بگلى,Halilbeyli
خليل پاشا يوردى,Halilpaşayurdu
خليل چاوش,Halilçavuş
خمارجى,Hımarcı
خماره,Hımara
خمر,Hamir
خمس ساحل سيلين,Hums ve Sahil-i Silin
خمسه,Hamise
خمص,Humus
خميس,Hamis
خميسه,Hamise
خميسيه,Hamisiye
خندرس,Handırıs
خندق,Hendek
خندك,Hendek
خنزورى,Hınzori
خنزيره,Hınzıra
خنزيرى,Hınzırı
خنزيري,Hınzırı
خنس و تكمان,Hınıs ve Tekman
خوابى,Havabi
خوابي,Havabi
خواجه بك,Hocabey
خواجه لر,Hocalar
خوارزم و سراجلو,Horzum ve Siraclı
خواسور,Havasor
خواص,Havas
خواص محمود پاشا,Havass-ı Mahmudpaşa
خواصور,Havasor
خوتاليج,Hotaliç
خوتاليچ,Hotaliç
خوتون,Hoton
خوتين,Hotin
خوجوان,Hoçuvan
خوخ عليا,Hoh-ı Ulya
خود,Hod
خوديجور,Hodiçor
خوديچور,Hodiçor
خور علي,Hur Ali
خوراسان,Horasan
خورتاج,Hortaç
خورخوره,Horhora
خورسونلى,Horsunlu
خورماتو,Hurmatu
خورمان,Hurman
خوزنس,Hozanis
خوس آلاى,Hoşalay
خوش آلاى,Hoşalay
خوش الاى,Hoşalay
خوشاب,Hoşab
خوشكار,Hoşkar
خوشناو,Hoşnav
خوطاشلى,Hotaşlı
خوطامش,Hotamış
خوطمش,Hotamış
خوفتي (؟),Hufiti (?)
خولا,Hola
خولان,Havlan
خولخول,Holhol
خوله,Hola
خوم ايلى,Humili
خومارو,Homaro
خومرياقو,Homeryako
خومه,Homa
خوناز,Honaz
خوى,Hoy
خويت,Huyut
خويرج,Hüveyric
خويوط,Huyut
خوچاش,Hoçaş
خوچه,Hoça
خوچوان,Hoçuvan
خيان,Hiyan
خيان و پيچار و قلب,Hiyan ve Piçar ve Kulb
خيراللو,Hayrilli
خيرايللو,Hayrilli
خيرسز آطه لر,Hayırsız Adalar
خيرسز اطه,Hayırsızada
خيرسز اطه لر,Hayırsız Adalar
خيزان,Hizan
خيزوب,Hizub
خيمارا,Hımara
خيماره,Hımara
خيمانه,Haymana
خيمانۀ اقسراى,Haymane-i Aksaray
خيوط,Huyut
خَطوَانْ,Hatvan
خَلتْ مع فَاتِرْ,Hallet maa Fatir
خَمس,Hums
خُداوَنْدكار,Hüdavendigar
خِيزَانْ,Hizan
دابرى,Dabri
دابري,Dabri
داخراب,Dahrab
داخل مع سليمان,Dahil maa Süleyman
داده,Dada
داديان,Dadyan
داديه,Dadya
دارا,Dara
دارابى,Darabi
دارزاسيه,Darzasye
دارقوش,Darkuş
دارمابا,Darmaba
دارنده,Darende
دارى دره,Darıdere
داريجه,Darıca
داريدره,Darıdere
داس,Das
داسقاليا,Daskalya
داسقاليو,Daskalyo
داسقوليو,Daskolyo
داسنى,Dasni
داسني,Dasni
داضلينه,Dazline
داقوق,Dakuk
دال,Dal
دالاق,Dalak
دالامان,Dalaman
داللوجه,Dallıca
دالليجه,Dallıca
دالماجيا طاغلرى,Dalmaçya Dağları
دالمان,Dalaman
دالمه,Dalma
داليان,Dalyan
دامال,Damal
دامباسلر,Dambaslar
دانا,Dana
دانزك,Danzik
دانزيق,Danzik
دانزيك,Danzik
دانشمند,Danişmend
دانشمند اسكسى,Danişmendeskisi
دانشمندلو مع كيكلر,Danişmend maa Geyikler
دانشمندلوى صغير,Danişmendli-yi Sagir
دانشمندلوى كبير,Danişmendli-yi Kebir
دانقى,Dankı
دانوفجه,Danofça
دانوفچه,Danofça
دانيمارقه,Danimarka
داوات,Davat
داود,Davud
داودان,Davudan
داودلر,Davudlar
داوديه,Davudiye
داوودلر,Davudlar
داير,Dayir
داَسْنى,Dasni
دباره,Dubare
دبرئ بالاوزيرورقۀ بالاوزير,Debre-i (Debri-i) Bala ve Zir ve Raka-i Bala ve Zir
دبرشته,Debrişte
دبره,Debre
دبره جين,Debreçin
دبره زير,Debre-i Zir
دبره چين,Debreçin
دبرى,Debri
دبريشته,Debrişte
دبريچه,Debriçe
دبرچان,Dobriçan
دبرچه,Debriçe
دبرۀ بالا و زير,Debre-i Bala ve Zir
دبرۀ زير,Debre-i Zir
دبرۀبالاوزيرورقه,Debre-i Bala ve Zir ve Raka
دبوى,Doboy
دبير مع كلادره,Debir maa Gladra
دبيل,Dibil
دجه,Decce
دجيل,Düceyl
دحراب,Duhrab
دخوك,Duhuk
دده آغاج,Dedeağaç
دده اغاج,Dedeağaç
دده كوى,Dedeköy
دده لى,Dedeli
در,Der
دراريان,Derariyan
دراغوتين,Dragotin
دراغوطين,Dragotin
دراغونارا,Dragonara
دراغونره,Dragonara
دراغونه ره,Dragonara
دراغونيزى,Dragonizi
دراما,Durama
درامتين,Drametin
درامه,Drama
درانه,Drana
دراوه,Drava
دراي اله كز و درو,Dera-yı Alagez ve Dero (?)
دراپانو,Drapano
دراپى,Drapi
دراچويچه,Draçeviçe
دراژنچه,Drajniçe
درب,Derb
درب الشط,Derbüşşat
دربساك,Derbisak
دربند كبير,Derbend-i Kebir
درة جرع,Dirret-i Cirra
درت يول,Dörtyol
درتنك صاهره (؟),Dertenk-i Sahire (?)
درتنك كلهر مندليجين,"Dertenk, Gülhur, Mendeli (Mendelicin)"
درجكى,Derecki
درزى دره,Terzidere
درزيلر,Derziler
درزين,Derzin
درسم,Dersim
درسم مع خوزاث,Dersim maa Hozat
درسه,Durse
درسيم,Dersim
درشيفى,Derşifi
درعا,Dera
درغوس,Dragos
درغومشته,Dragomeşte
درك,Derik
دركزين,Dergüzin
دركله,Dergele
دركنه,Dirgine
دركوش,Derkuş
درنده,Darende
درنه,Derne
درنه مع درتك,Derne maa Dertenk (Dertek)
درنوه,Drenova
درنيش,Dirniş
دره,Dere
دره ايلى,Dereili
دره ججك,Dereçiçek
دره شاهبوز,Dereşahbuz
دره لو,Dereli
دره لى,Dereli
دره متين,Drametin
دره منيك,Dremenik
دره نوركوت,Derenürgüt
دره نوفچه,Drenofça
دره پانو,Drapano
دره پولى,Drepoli
دره چچك,Dereçiçek
دروبناقلر,Drobnaklar
درويش بالقانى,Derviş Balkanı
درى,Deri
دريب,Düreyb
دريب ثلث عكار,Düreyb [maa] Sülüs-i Akkar
دريما,Drima
درين,Drin
درّ فرامان,Dürr-i Feraman
درگنه مع سكز ديوان,Dirgine maa Sekizdivan
درۀ ايواجق,Dere-i Ayvacık
دزاق,Dizak
دزمار,Dizmar
دزى,Dizzi
دستك,Destek
دسنه,Desne
دسپوتكى,Despotiki
دشتكور,Deştigur
دشقاط,Dışkat
دشمن ايلى,Düşmanili
دعرش,Duriş
دفتران,Defteran
دفنان,Difnan
دقهليه,Dekahliye
دقورى,Dekori
دقوق,Dakuk
دقوق و كركوك,Dakuk ve Kerkük
دكرمان اوزى,Değirmenözü
دكرمانلك,Değirmenlik
دكرمن اوزى,Değirmenözü
دكرمن دره,Değirmendere
دكرمن دره سى,Değirmenderesi
دكرمن چايرى,Değirmençayırı
دكرمنجك,Değirmencik
دكرمنلك,Değirmenlik
دكرمنلك و سنطورين,Değirmenlik ve Santorin
دكرمنلك و صنطورى,Değirmenlik ve Santorin (Santori)
دكرمنلك و مسنطورى,Değirmenlik ve Santorin (Mesantori)
دكرنصور,Diğrensor
دكزاوبه,Denizoba
دكزلى,Denizli
دكك كسكين,Dinekkeskin
دكلس,Diklis
دكنلو,Diğinli
دكنلى,Diğinli
دكيزلى,Denizli
دكّه,Dekke
دلبوچيچه,Delboçiçe
دلبوچچه,Delboçiçe
دلجه,Delca
دلغوبرده,Dılgobırda
دلكانلو,Delikanlı
دلكانلى,Delikanlı
دلكانى,Delikani
دللى عباس,Delliabbas
دلوجه اوزى,Deliceözü
دلوس,Delos
دلونه,Delvine
دلويناكى,Delvinaki
دلوينه,Delvine
دلوينه مع ايدونات,Delvine maa Aydonat
دلوينه مع برغوز,Delvine maa Bergoz
دلوينه مع رزه و قوردلن و قروه لش,Delvine maa Reze ve Kurdelen ve Kurveleş
دلى الياس,Deliilyas
دلى اورمان مع طورنو,Deliorman maa Turnu
دليجه,Delice
دليك طاش,Deliktaş
دليكانلو,Delikanlı
دليكطاش,Deliktaş
دليم,Düleym
دمام,Demmam
دمره,Demre
دمنحور,Demenhur
دمنهور,Demenhur
دمورجى بازارى,Demircipazarı
دمياد مع رشيد,Dimyat (Dimyad) maa Reşid
دمياط مع رشيد,Dimyat maa Reşid
دمير طاش,Demirtaş
دميرجى قولى,Demircikolu
دميركان,Demirkan
دميرلى,Demirli
دنادى,Denadi
دندارلو,Dündarlı
دنك معدن,Dinekmaden
ده بالا,Dih-i Bala
ده ده آغاج,Dedeağaç
ده ده اغاج,Dedeağaç
ده سو,Deso
ده فوليزا,Defoliza
ده قونيزا,Dekoniza
ده لوس,Delos
ده ولن,Devlen
ده وه جر,Deveçer
دهراب,Duhrab
دهلوم,Dehlum
دهنة,Dehne
دهوك,Duhuk
دهوك و كركوك,Dakuk (Dahuk) ve Kerkük
دهول,Duhul
دو جر,Deveçer
دواسله,Devasile
دواوان,Duavan
دوب,Dub
دوبجه,Dubiçe
دوبراوه,Dubrava
دوبره,Dobra
دوبره وه,Dubrava
دوبره وير,Dobravir
دوبروجه,Dobruca
دوبروغراد,Dobrograd
دوبروكس,Döbrökes
دوبرون,Dobrun
دوبرونيك,Dubrovnik
دوبريجان,Dobriçan
دوبريجه,Dobrice (?)
دوبريچان,Dobriçan
دوبنجه,Dubniçe
دوبنيجه,Dubniçe
دوبنيجه مع جمعه,Dubniçe maa Cuma-i Bala (Cuma)
دوبنيچه,Dubniçe
دوبوجاج,Duboçaç
دوبوجاج عتيق,Duboçaç-ı Atik
دوبور,Dobor
دوبوى,Doboy
دوبوچاج,Duboçaç
دوبوچاچ,Duboçaç
دوبوچاچ عتيق,Duboçaç-ı Atik
دوبيجه,Dubiçe
دوبيچه,Dubiçe
دوحارا اطه جقلرى,Duhara Adacıkları
دوحول,Duhul
دوخرات آبيد,Duhrat Abid
دوراسو,Duraso
دوربناك,Drobnak (Durobnak)
دوردول,Durdul
دورسنه,Dorosina
دورغه,Doroga
دورق,Durak
دورقة البحر,Durkatülbahr
دوركانى,Devrekani
دوركى,Divriği
دورمروان,Dümervan (Durmervan)
دوره كانى,Devrekani
دوره كانى و كورۀ معموره,Devrekani ve İnebolu (Küre-i Mamure)
دوروق,Dorok
دورِ ملك,Devr-i Melik
دوزجه,Düzce
دوزجه مع اقچه شهر,Düzce maa Akçaşehir
دوزجه مع قوكرپا,Düzce maa Konrapa
دوزجه پازارى,Düzcepazarı
دوزيق,Duzik
دوسكى,Doski
دوش قيا,Döşkaya
دوش قيا و تبريز ميشه سي و يدي حلب وقرض,Döşkaya ve Tebrizmişesi ve Yedikilise (Yedihaleb) ve Karz
دوشك خانه,Döşekhane
دوشنبه,Düşenbe
دوشنبه مع سكر,Düşenbe maa Senir
دوغان بك,Doğanbey
دوقه كين,Dukakin
دوكر,Döğer
دوكر مع اغروس,Döğer maa Ağros
دوكرلو,Döğerli
دوكرلى,Döğerli
دوكنجى ايلى,Düğüncüili
دول كوهى,Devolkuhu
دولاوشته,Dolavişte
دولن,Devlen
دولنه دراچه ويچه,Dolnadraçeviçe
دولنه دوبره كيور,Dolnadobragyör
دولنه رودينه,Dolnarudine
دولنه موراچه,Dolnamoraça
دوليجه,Dolice
دولگه,Dolge
دوما,Duma
دوما نيچ,Domaniç
دومام,Dumam
دومانيج,Domaniç
دومبو,Dombo
دومروان,Dümervan
دومكه,Dömeke
دومنجه (؟),Dömenice (?)
دومنك,Dömenik
دومنه,Dumine
دومنيك,Dömenik
دومنيك و نفس دومنك,Dömenik ve Dömenik merkez
دومه نيك,Dömenik
دوموشتيجه,Dumoştiçe
دوموشتيچه,Dumoştiçe
دومينه,Dumine
دوندار,Dündar
دوندارلو,Dündarlı
دوندارلو و بلغارلو,Dündarlı ve Bulgarlı
دونكللى,Döngelli
دونيه,Dunye
دوه جر,Deveçer
دوه كچيدى,Devegeçidi
دوه لو,Develi
دوه لى,Develi
دوه چر,Deveçer
دوگر,Döğer
دوگرلى و اويوم آغاج,Döğerli ve Oyumağaç
ديادين,Diyadin
ديار بكْر,Diyarbekir
دياربكر,Diyarbekir
ديارْبكر,Diyarbekir
دياقوه,Diyakova
دياقوپو,Dyakopo
دياله,Diyale
دياوته س,Diyavatas
ديب تارخان,Diptarhan
ديب قرپاس,Dipkarpas
ديب كرش,Dipkerş
ديبسز كول,Dipsizgöl
ديبكرش,Dipkerş
ديدقوفچه,Didkofça
ديدوش,Didoş
دير الاحمر,Deyrulahmer
دير القمر,Deyrulkamer
دير القمر قائممقاملغى,Deyrulkamer Kaymakamlığı
دير سلمان,Deyr-i Selman
دير شميل,Deyr-i Şumeyl
دير فور,Deyrfur
دير و شرش,Deyr ve Şeriş
دير و نشوه,Deyr ve Neşve
دير ويرى,Deyrviri (?)
ديرازنيا,Dirazniya
ديراغان,Diragan
ديراغوتين,Dragotin
ديراغوطين,Dragotin
ديرالقمر,Deyrulkamer
ديرامه,Drama
ديرانوه,Dranova
ديراوه,Drava
ديرزور,Deyr-i Zor
ديرسلمان,Deyr-i Selman
ديركلى,Direkli
ديركول,Dirgül
ديرممان,Dirmeman
ديرميل,Dirmil
ديرنيش,Dirniş
ديره,Dire
ديره كلى,Direkli
ديره نوفجه,Drenofça
ديره نوفچه,Drenofça
ديرون,Diron
ديرُوت,Dayrut
ديرگول,Dirgül
ديزآق,Dizak
ديزاق,Dizak
ديزه جرود,Dizecrud
ديزي,Dizi
ديسان,Disan
ديشقاط,Dışkat
ديشلق,Dışlık
ديغور,Digor
ديفنان,Difnan
ديكر پساتونيسى,Psatonis-i diğer (Diğer Psatonisi)
ديكرنصور,Diğrensor
ديكلى,Dikili
ديكنلو,Diğinli
ديكيلى,Dikili
ديل,Dil
ديليصوص,Dilisos
ديم صويى,Dimsuyu
ديمبوويچه,Dimboviçe
ديمترفچه,Dimitrofça
ديمتروفجه,Dimitrofça
ديمتروفچه,Dimitrofça
ديمترى,Dimitri
ديمترى كونمه,Dimitrigonime
ديمتوقه,Dimetoka
ديمه توقه,Dimetoka
ديميناقى,Diminaki
دينار,Dinar
ديناور,Dinaver
دينحوراد,Dinhorad
دينسر,Dinser (Dinsez (?))
دينك,Dinek
دينك كسكون,Dinekkeskin
دينلى,Dinli
دينور,Dinver
دينوسه,Dinosa
دينوسيادس اطه لرى,Dinosyadis Adaları
ديوان قوغا,Divan-ı Koğa
ديوانه اورمان و ايورانه,Deliorman (Divaneorman) ve İvrana
ديوانيه,Divaniye
ديوانيّه مع قبيلۀ خُزاعِل شاميّه,Divaniye maa Kabile-i Hazail ve Şamiye
ديوركى,Divriği
ديوركى و درنده,Divriği ve Darende
ديوركي,Divriği
ديوريكى,Divriği
ديوريكى مع اشدى,Divriği maa Nahiye-i Aşudi
ديوريكي,Divriği
ديوريگى مع نواحى,Divriği maa Nevahi
ديوزناو (؟),Deyuznav (?)
ديوله,Divle
ديوله مع قريش,Divle maa Kureyş
ديويركي و درنده,Divriği (Diviriği) ve Darende
ديپ چونغار,Dipçongar
ديچمه,Diçme
ديچمه و كليس,Diçme ve Klis
دَاخِلْ مع سُلَيْمَانْ,Dahil maa Süleyman
دَرْنَه,Derne
دَلوْ,Delev
دَليم,Düleym
دَلِيم مع قلعة الرَّمادى,Düleym (Delim) maa Kaletürramadi
دَمَنْهور,Demenhur
دَمَنْهُور,Demenhur
دَوْرِمَلِك,Devr-i Melik
دُجيل,Düceyl
دُرَيب ثلثِ عكّار,Düreyb [maa] Sülüs-i Akkar
دُعَيْجى مع بور,Duayci maa Bur
دُوقه كين,Dukakin
دِمِشق,Dımışk
دپه دلن,Tepedelen
دچانى,Deçani
دڭزلى,Denizli
دڭك كسكين,Dinekkeskin
دگرمنلك,Değirmenlik
ذات عراق,Zat-ı Irak
ذافنس,Zafnis
ذالنون اباد,Zünnunabad
ذاماستا,Zamasta
ذرذنه,Zerzene
ذغنوس,Zağnos
ذلحوه,Zilehova
ذلخدير,Zalhadir
ذلخوه,Zilehova
ذمار,Zamar
ذمون,Zemun
ذنقو,Zinkov
ذنك آباد,Zengabad
ذو النون آباد,Zünnunabad
ذو النون اباد,Zünnunabad
ذو النّون آباد,Zünnunabad
ذوالقدريه,Zülkadriye
ذوالنون اباد,Zünnunabad
ذيشراق,Zişarak
ذيلان,Zilan
رأس العين,Resülayn
رأس مسندم,Res-i Müsendem
را نسته,Raniste
رابطه,Rabıta
رابغ,Rabiğ
راحوه,Rahova
راحوه مع جبره,Rahova maa Cibre
راحووا,Rahova
راحويجه,Rahoviçe
رادوشته,Radovişte
رادومير,Radomir
رادومير مع سرشك,Radomir maa Sirişnik (Sirşik)
رادونه,Radovine
رادوهنه,Radohine
رادوويز,Radoviz
رادويز,Radoviz
رادويشته,Radovişte
رادوينه,Radovine
رادويچقا,Radoviçka
رادوپوليه,Radopolye
رادى,Radi
رازلق,Razlık
راس السير,Resüsseyr
راس العين,Resülayn
راس رواعي,Res-i Revai
راس قسم,Res-i Kusum
راسوه,Rasova
راشديه,Raşidiye
راشيّا,Raşeyya
راغوز,Rogoz
رافتى,Rafti
راقتنچه,Rakitniçe
راقه,Rakka
راكوينه,Ragevine
رام الله,Ramallah
رامشكان,Rameşkan
رامه,Rama
رانيه,Raniye
راوندان,Ravendan
راونه ريقا,Ravnarika
راونه ريقه,Ravnarika
راونيچه,Ravaniçe
راچه,Raça
رباط,Ribat
ربط,Rabat
ربنق,Ribnik
رج,Reç
رجال المع,Ricalülma
رجومه,Racuma
رحاليه,Rehhaliye
رحبه,Rahbe
رحوه,Rahova
ردوان,Rıdvan
ردوس كهنه,Rodos-ı Köhne
ردوسجق,Rodoscuk
رزى,Rezi
رسان,Risan
رساوه,Resava
رستما,Restema
رستما و عين و مشيم بيت ابو علوان و توابعه (؟),Restema ve Ayn ve Meşim Beyt-i Ebuulvane ve tevabiihi
رستوميت,Rastomit
رسلج,Reselec
رسمو جزيره سى,Resmo Ceziresi
رسنه,Resne
رسوه,Resava
رسيجه,Rasice
رشكوتان,Reşkotan
رشمل,Rişmil
رشنگان,Reşkotan (Reşengan (?))
رشوانى عشيرتى,Rişvani Aşireti
رشى,Reşi
رشيد,Reşid
رشيد مع بورلوس,Reşid maa Burulus
رضائيه,Rızaiye
رضوان,Rıdvan
رضوانيه,Rıdvaniye
رغام,Rogam
رفيعات,Refiat
رق الحاجى,Rukkulhacı
رقاش,Rikaş
رقه لر,Rakalar
رقّه,Rakka
ركا,Rika
ركينه,Rekine
رماحيه,Rumahiye
رماهيه,Rumahiye
رمته,Remte
رمشت,Remeşt
رمضان,Ramazan
رمله,Remle
رمنيق مع فوقشان,Rimnik maa Fokşan
رندسته,Rindiste
رندسيه,Rendesye
رنى,Rini
ره اونيون,Reuniyon
ره نسته,Raniste
ره پى,Repi
رهباط,Rehbat
رهبه,Rahbe
روان,Revan
روان سر,Revanser
رواندز,Revandiz
روانديز,Revandiz
رواندِز,Revandiz
روانيچه,Ravaniçe
رواى واديء خوبان,Reva-yı Vadi-i Huban
روبجوز,Rupçoz
روبچوز,Rupçoz
روج الغربى,Rucülgarbi
رودبار,Rudbar
رودنه,Rudine
رودنيك,Rudnik
روده,Rude
رودوس كهنه,Rodos-ı Köhne
رودينه,Rudine
روس قصرى,Rusikasrı
روس مملكتي,Rus Memleketi
روسجق,Ruscuk
روسجق مع نواحى,Ruscuk maa Nevahi
روسى قسرى,Rusikasrı
روسى قصرى,Rusikasrı
روسي قصري,Rusikasrı
روسيقصرى,Rusikasrı
روشدن,Roşden
روشقو پوليه,Roşkopolye
روطان,Rutan
روغاتجه / چلبى بازار,"Rogatiçe, Çelebipazar"
روغاتيچه,Rogatice
روغام,Rogam
روغوز,Rogoz
روغوه,Rugova
روفالو,Rufalo
روفوسا,Rofusa
روفوسه,Rofusa
روم,Rum
روم ايلئ شرقى,Rumeli-i Şarki
روم ايلى,Rumeli
روم ايلى فنارى,Rumelifeneri
روم ايلي,Rumeli
روم حديث,Rum-ı Hadis
روم قلعه,Rumkale
روم قلعه قائممقاملغى,Rumkale
روماهيه,Rumahiye
رومناچى,Rumnaçi
رومه,Ruma
رومى,Rumi
رومى و اشنو,Rumi ve Uşni
رومي,Rumi
روميه,Rumiye
رومْ,Rum
روندك,Revanduk
روينه,Rovine
روپوز,Ropoz
ريحانيه,Reyhaniye
ريحانيّه,Reyhaniye
ريده,Reyde
ريزان,Rizan
ريزه,Rize
ريزه مع مپاورى و باطرى و قراى و آندرى,Rize maa Mapavri ve Batırı ve Kura-yı Seba (Kuray) ve Andrı
ريزه و ماپا ورى,Rize ve Mapavri
ريزو مع منوفاج,Rizo ve Monofaç
ريزو و منوفاچ,Rizo ve Monofaç
ريشه,Rişe
ريقاش,Rikaş
ريم سج,Rimesec
ريم صونباط,Rimesonbat
ريمه صونباط,Rimesonbat
ريناسا,Rinasa
ريناسه,Rinasa
ريوه,Riva
رييول,Riyol
رَشيد,Reşid
رَشِيد مع بُرلُوس,Reşid maa Burulus
رَوَا,Reva
رُومِيَّه,Rumiye
رُومْ ايلى,Rumeli
رچ مع لوهه,Reç maa Luhe
رچيچه,Reçiçe
ز يارت,Ziyaret
زاب اسفل,Zab-ı Esfel
زاب الاعلا,Zabülala
زابرديه,Zabırdiye
زابوت,Zabut
زابويانه,Zaboyana
زاجسنه,Zaçesne
زاجو,Zaho
زاحو,Zaho
زاخو,Zaho
زادريمه,Zadrime
زادريمه مع رغام,Zadrime maa Rogam
زار,Zar
زارده مع لش,Zadrime (Zarde) maa Leş
زارزبيل,Zarzebil
زارشاد,Zaruşad
زارناته,Zarnata
زاره عمرانيه,Zara İmraniye
زارو,Zaro
زاروشاد,Zaruşad
زارى,Zarı
زارّس,Zarris
زاز,Zaz
زاطنوس,Zatnos
زاغرلاته,Zagırlata
زاغرلته,Zagırlata
زاغه,Zaga
زاغور,Zagor
زاغوره,Zagora
زاغوزد,Zagozd
زاقان,Zakan
زاقه,Zaka
زاقوس,Zakos
زاله جو,Zallecev
زانته,Zanta
زانزور,Zanzur
زانطه,Zanta
زانطور,Zanzur
زانغى,Zangı
زاورش,Zavireş
زاورشه,Zavirşa
زاوية الباره,Zaviyetülbare
زاويرش,Zavireş
زاويه,Zaviye
زاويه شيه چاكر,Zaviye-i Şeyhçaker
زاويه غربيه,Zaviye-i Garbiye
زايجار,Zayeçar
زاپلانه,Zaplana
زاچسنه,Zaçesne
زباره,Zubara
زبدانى,Zebedani
زبيد وعدن,Zebid ve Aden
زبير,Zübeyr
زبيل,Zebil
زته,Zeta
زحله,Zahle
زخل,Zahle
زخله,Zahle
زخنونيه,Zahnuniye
زراوكان,Zeravikan
زرزان,Zerzan
زرزنه,Zerzene
زرقه,Zirkuh
زرقى,Ziriki
زركان,Zirikan
زركوز,Zirkuz
زركوه,Zirkuh
زرنه,Zerna
زروكان,Zeravikan
زريقى,Ziriki
زريقي,Ziriki
زريقي مع كردكان,Ziriki maa Kürdigan
زرين,Zirin
زشتوى,Ziştovi
زعفران بولى,Zağferanbolu
زغره جديد,Zağra-i Cedid
زغره عتيق,Zağra-i Atik
زغرۀ جديد,Zağra-i Cedid
زغرۀ عتيق,Zağra-i Atik
زغرۀ غتيق,Zağra-i Atik
زغرۀجديد,Zağra-i Cedid
زغفران بولى,Zağferanbolu
زغوريه,Zagorye
زفته,Zifte
زفيرى,Zefiri
زقازيق,Zekazık
زقاق,Zukak
زكتى,Zikti
زكم,Zegem
زكم سفلا,Zegem-i Süfla
زكم عليا,Zegem-i Ulya
زكيه,Zekiye
زكيّه,Zekiye
زلزنه معدن,Jelezine Maden
زلزنو مكوريچقى,Zelezno Megoriçka
زلفيف,Zelfif
زلژنه مكورچقي,Zelejne Megoriçka
زمار,Zamar
زمر,Zimer
زملين,Zemlin
زمون,Zemun
زمينا,Zimina
زنبش,Zenebiş
زنتان,Zentan
زنجان,Zencan
زنسكى,Ziniski
زنظور,Zanzur
زنك اباد,Zengabad
زنكباد,Zengabad
زنكجك,Zengicek
زنكنه,Zengene
زنكه زور,Zengezur
زنكوان,Zengavan
زنكيجك,Zengicek
زنكيل,Zengil
زنوز,Zunuz
زنگاباد,Zengabad
زهران,Zehran
زهره,Zühre
زواره,Zuvara
زوبچه,Zubçe
زوخا,Zuha
زوخنونيه,Zuhnuniye
زور,Zor
زوغار,Zugar
زوغريا,Zoğriya
زوغرياكى,Zoğriyaki
زوكر,Zevker
زوملق,Zumlak (?)
زونوز,Zunuz
زوى الجوارى,Zevilcevari
زوين,Zivin
زياديه,Ziyadiye
زيارت,Ziyaret
زياچه,Ziyaçe
زيبار,Zibar
زيتون و قوجه قياسى,Zeytun ve Kocakayası
زيتونلى,Zeytunlu
زيتونلى اطه,Zeytunluada
زيخك,Zıhık
زيدان,Zeydan
زيديه,Zeydiye
زير,Zir
زير و بالا,Zir ve Bala
زيرد,Zird
زيرقوه,Zirkuh
زيرمانيه,Zirmanya
زيرمانيه و پوپنه,Zirmanya ve Popine
زيرمك,Zirmek
زيشتوى,Ziştovi
زيقو,Ziko
زيل,Zil
زيلان,Zilan
زيلان مع دركول,Zilan maa Dirgül
زيلانلو عشيرتى,Zilanlı Aşireti
زيلع,Zeyla
زيله,Zile
زيله مع اورته پاره,Zile maa Ortapare
زيله مع يوركان و عشائر مع اورته پاره,Zile maa Yörükan ve Aşair maa Ortapare
زيله و مشهد اباد,Zile ve Meşhedabad
زيلى,Zile
زينه,Zeyne
زيوه لو,Zeyveli
زَتْنه,Zetne
زَفْته,Zifte
زَيْنه,Zeyne
زُبيد,Zübeyd
زپلانا,Zaplana
زچوه,Zeçeva
سابوسنه و غفات و منصور و باطنه,Sabusne ve Gaffat ve Mansur ve Batıne (?)
ساحل عثليث الغربى,Sahil-i Aslisülgarbi
ساحل عكا,Sahil-i Akka
ساحل عكّه,Sahil-i Akka
ساحل مع سوسه و لجم و مهديه,Sahil maa Suse ve Lecem ve Mehdiye
ساحل مع سوسه و لجم و مَهْدُيّه,Sahil maa Suse ve Lecem ve Mehdiye
ساحل مع سوسَهْ و لجم و مهديه,Sahil maa Suse (Suseh) ve Lecem ve Mehdiye
ساحل معركه,Sahil-i Mareke
ساداب,Sadab (?)
سارات,Sarat
سارسو,Sarso
ساروز,Saroz
ساروس,Saros
سارويز,Sarviz
ساريا,Sariya
ساريز,Sarız
ساريه,Sariya
سارييا,Sariya
سارييه,Sariya
سارپتاق,Sarpatak
سارپطاق,Sarpatak
ساز,Saz
ساز باشى,Sazbaşı
سازاق,Sazak
سازان,Sazan
سازباشى,Sazbaşı
سازلى دره,Sazlıdere
سازن,Sazin
سازه نو,Sazano
سازين,Sazin
ساسون,Sason
ساغجى مع بادلو,Sağıcı (?) maa Badıllı
ساغوار,Sagvar
سافونيدى,Safonidi
ساقز,Sakız
ساقيز,Sakız
ساكاويجه,Segaviçe
سالامين,Salamin
سالمانلر,Salmanlar
سالينه,Salina
سامسون,Samsun
ساموتراكى,Samotraki
ساميوپولا,Samiyopula
سان,San
سانتاماورا,Santamavra
سانتورين,Santorin
ساندومينو,Sandomino
سانسغو,Sansigo
سانطه,Santa
سانطورين,Santorin
ساننيقولو,Sannikolo
سانه,Sana
سانيچه,Saniçe
ساوجى صنقور,Savcısunkur
ساوسيغ,Savsig
ساپيانزا,Sapiyanza
سبانجه مع آطه پازارى,Sapanca maa Adapazarı
سبحان,Sübhan
سبحه,Sebha
سبره,Sibre
سبقحانلو,Sabakhanlı (?)
سبلاق,Siplak
سبلبن,Sebellebin
سبللبين,Sebellebin
سبهه,Sebhe
سبوتنجه,Subotinçe
سبودسقه,Subodiska
سبوچقه,Suboçka
سبيا و زنجير,Sebiya ve Zencir
سبياك,Sibyak
ستاوق,Sitavuk
سترك,Setrek
سترك سفلا,Setrek-i Süfla
سترونكيلو,Strongilo
ستروويلو,Strovilo
ستسقه,Suteska
ستنچه,Steniçe
ستورا,Situra
ستورينه,Sturine
سجليه,Sicilya
سجيليه,Sicilya
سحاب,Sihab
سحوغرله,Suhogırla
سحوم,Sohum
سختلو,Sehatlı (?)
سخنه,Suhne
سخوغرله,Suhogırla
سخوم,Sohum
سد البحر,Seddülbahir
سدره قاپسى,Sidrekapsi
سدره قبسى,Sidrekapsi
سدره قپسى,Sidrekapsi
سدرو,Sedro
سده,Side
سدوان,Saduvan
سدّ اسلام,Sedd-i İslam
سر قالو,Serkalo (?)
سر چنار,Serçınar
سرا برنيچه,Srebreniçe
سرا دره سى,Seraderesi
سراب,Serab
سراباد,Serabad
سرابرنيچه,Srebreniçe
سراة,Serat
سراجلى,Saraçlı
سراجو,Seracu
سراطع,Suratu
سراكنه,Serakine
سراكينو,Sarakino
سراولوس,Sravalos
سراى بوسنه,Saraybosna
سراى كوى,Sarayköy
سراى ويزه,Saray-ı Vize
سرايجق,Saraycık
سرايكوى,Sarayköy
سربرنيجه,Srebreniçe
سربرنيق,Srebrenik
سربرنيچه,Srebreniçe
سربرنچه,Srebreniçe
سربند,Serbend
سرت,Sirt
سردج,Serdic
سردرود,Serdrud
سردصحرا,Serdsahra
سرده هل,Serdehel
سردوصحرا,Serdsahra
سرستاد,Siristad
سرسك,Seresek
سرشنيك مع كورنه قيرايشته,Sirişnik maa Gornakrayişte
سرطاش,Surdaş
سرعين,Serraayn
سرفيجه,Serfiçe
سرفيچه,Serfiçe
سرفيچه جمعه سى,Serfiçe Cuması
سرفچه,Serfiçe
سرقنطئ بالا,Sırkıntı-i Bala
سرقنطى,Sırkıntı
سرقنطيء بالا,Sırkıntı-i Bala
سركس,Serkis
سركن,Sergen
سركه,Sirge
سركيس,Serkis
سرم,Sirem
سرماسادارس و سانه,Sermasadaris ve Sana (?)
سرمين,Sermin
سره برنيق,Srebrenik
سروج,Suruç
سروج جك,Sürüccük
سروجك,Sürüccük
سروجوك,Sürüccük
سروز و كمر,Siroz ve Kemer
سرولوس,Sravalos
سروى,Servi
سرويّه,Serviye
سروچ مع عشيرت برازى,Suruç maa Aşiret-i Berazi
سروچك,Sürüccük
سروچك و قزلجه مع طراطور و چَفتان و پَنْجُويَن,Sürüccük ve Kızılca maa Taratur ve Çeftan ve Pençvin
سريج,Seric
سريغو,Serigo
سرينا,Sirina
سرپرنچه,Srebreniçe
سرچمه,Serçeme
سرچنار شرق,Serçınar-ı Şarki (Şark)
سرچنار غرب,Serçınar-ı Garbi (Garb)
سرچنار و قوپسى (؟),Serçınar ve Kopsi (?)
سرچيان,Serçeyan
سزاق,Sazak
سزانوس,Sazanos
سسقيلى,Seskılı
سعال,Sial
سعد آباد,Saidabad
سعد اباد,Saidabad
سعدآباد مع صاريز مغاره سى,Sadabad maa Sarız Mağarası
سعران,Saaran
سعرد و حصنمنصور,Siird ve Hısn-ı Mansur
سعل بديره,Sail Bedire
سعل صيح,Sail Sih
سعل عدر,Sail Ader
سعل عدر الكبير,Sail Aderilkebir
سعل عربى,Sail Arabi
سعل عنبر,Sail Anber
سعل كتاب,Sail Küttab
سعول,Suul
سعيد اباد,Saidabad
سعيد ايلى,Saidili
سعيد ايلى مع دربند قادين خانى,Saidili maa Derbend-i Kadınhanı
سعيد ايلى مع يوركان لادق,Saidili maa Yörükan-ı Ladik
سغارلا,Segarla
سفاجر,Sefacir
سفريحصار,Seferihisar
سفريحصار چشمه مع ناحيۀ هركه,Seferihisar-ı Çeşme maa Nahiye-i Hereke
سفريحصار چشمه مع ناحيۀ هَرَكَه و قلعۀ صيغجق,Seferihisar (Sifrihisar-ı Çeşme) maa Nahiye-i Hereke ve Kale-i Sığacık
سفلئ مدللّو,Süfla-i Midilli
سفلا,Süfla (Zaruşad'da)
سفنوس,Sifnos
سفنوه,Sifnos (Sifnova (?))
سقاريا,Sakarya
سقاريه,Sakarya
سقال,Sakal
سقريه,Sakarya
سقطرى,Sukutra
سقلاويه,Saklaviye
سكاويچه,Segaviçe
سكتان,Sektan
سكتوار,Sigetvar
سكجوي,Sekçuy
سكديك,Segedik
سكدين,Segedin
سكر كند,Senirkend
سكر مع دوشنبه,Senir maa Düşenbe
سكركند,Senirkend
سكرمه,Sekirme
سكريان,Sekeryan
سكسار,Seksar
سكسار مع مهاچ,Seksar maa Mohaç
سكلانى,Seklani
سكلاني,Seklani
سكلهد,Sekelihid
سكوت اباد,Söğütabad
سكود,Söğüd
سكود اوزى,Söğüdözü
سكود و پازار صويى,Söğüd ve Pazarsuyu
سكودلى,Söğüdlü
سكچوى,Sekçuy
سكچوي,Sekçuy
سلام,Slam (?)
سلامتلى,Selametli
سلامه,Selame
سلانيك مع نواحى,Selanik maa Nevahi
سلانيك و قواله,Selanik ve Kavala
سلانيك وسدره قپسى,Selanik ve Sidrekapsi
سلبوكن,Selbüken
سلتانمود,Sultanmud
سلحد,Salhad
سلستره,Silistre
سلستره مع طولچى,Silistre maa Tulca
سلستره مع نواحى,Silistre maa Nevahi
سلطان اوكى,Sultanönü
سلطان اوكي,Sultanönü
سلطان حصار,Sultanhisar
سلطان حصارى,Sultanhisarı
سلطان خانى,Sultanhanı
سلطان طاغلرى,Sultan Dağları
سلطان يرى,Sultanyeri
سلطانحصار,Sultanhisar
سلطانمود,Sultanmud
سلطانيرى,Sultanyeri
سلطانيه,Sultaniye
سلفكه,Silifke
سلفكه مع اوقاف و بلكۀ جبل,Silifke maa Evkaf ve Bölge-i Cebel
سلفيه,Selefiye
سلقه,Salaka
سلقين,Selkin
سلمان پاك,Selmanpak
سلمانلو,Selmanlı
سلمانلو و قراء ممالو,Selmanlı ve Kura-i Mamalı (Mamalu)
سلمانلوى صغير,Selmanlı-yı Sagir
سلمانلى,Selmanlı
سلمنك,Selmenik
سلمنلر,Sülmenler
سلميه و ديررحبه,Selemiye ve Deyr ve Rahbe (Deyr-Rahbe)
سلنتى مع نواحى,Selinti maa Nevahi
سلندى بازارجق بولكه سى,Selinti (Selindi) Pazarcık bölgesi
سلنو,Selino
سلنچه,Seleniçe
سله,Sille
سله پور,Selepur
سلوان,Silvan
سلوبى,Silopi
سلورى,Silivri
سلوش,Söllöş
سلوك,Sülük
سلوى,Selvi
سلوپى,Silopi
سليس اوزي,Silisözü
سليم,Selim
سليمان,Süleyman
سليمان سراى,Süleymansaray
سليمانلو,Süleymanlı
سليمانلو صغير,Süleymanlı-yı Sagir
سليمانلو مع آوجيلر,Süleymanlı maa Evciler
سليمانلوى كبير,Süleymanlı-yı Kebir
سليمانلوى كوچك,Süleymanlı-yı Küçük
سليمانلى,Süleymanlı
سليمانلى و بوغازليان و سلمانلى,Süleymanlı ve Boğazlıyan ve Selmanlı
سليمانيه,Süleymaniye
سليمانيّه,Süleymaniye
سليمانيّه مع سر چنار و عشيرت مَنْدُمى,Süleymaniye maa Serçınar ve Aşiret-i Mendümi
سليورى,Silivri
سما درك,Semadirek
سما ديرك,Semadirek
سمادرك,Semadirek
سماق,Summak
سماو,Simav
سماوه,Semave
سمباكى,Sömbeki
سمت قبلى,Semt-i Kıbli
سمحال,Semihal
سمدرك,Semadirek
سمراوزى,Semerözü
سمره,Simre
سمره طاشان,Simre-i Taşan
سمن,Semen
سمندره,Semendire
سمندره اوصادى,Semendire Osadı
سمنو,Semnu
سمنو و سبهه,Semnu ve Sebhe
سموكين,Somogin
سمَندرَه,Semendire
سن لازار,Senlazar
سن لورينچ,Senlörinç
سن مارتين,Senmartin
سن موريس,Senmoris
سن و آگو و خوشناو,Sin ve Agu ve Hoşnav
سن پتره,Senpetre
سناك,Senak
سنامنلو,Senemenli
سنان,Sinan
سنان پاشا,Sinanpaşa
سنباس,Sunbas
سنبول,Seynol (?)
سنت آنغريقو,Sentangeriko
سنت اندريه,Sentandreye
سنت جورج,Sentcorc
سنت جونس,Sentcons
سنت مور,Sentmor
سنت نيقولا,Sentnikola
سنت پليوس اطه جغى,Sentpiliyos Adacığı
سنجار,Sincar
سنجاسولى,Sancasulu (?)
سنجان,Sincan
سنجان مع كرماستى,Sincan maa Kirmasti
سنجان مع ميخاليج,Sincan maa Mihaliç
سنجانلو,Sincanlı
سنجانلى,Sincanlı
سنجبد,Sencbed
سنجك,Sincik
سنجيك,Sincik
سندى,Sindi
سندى كللى,Sindigüllü
سنديان,Sindiyan
سنطورين,Santorin
سنغودهار,Sengodhar
سنغورلى,Sungurlu
سنقور,Sunkur
سنقور اباد,Sunkurabad
سنقورلو,Sungurlu
سنقورلى,Sungurlu
سنك سلفكه,Seng-i Silifke
سنكاو,Sengav
سنكرود,Sengrod
سنكل,Singel
سنكلت,Sengelet
سنكوب,Sengob
سنكورك,Sengorg
سنلورنج,Senlörinç
سنلورنچ,Senlörinç
سنلورينچ,Senlörinç
سنمارتين,Senmartin
سنمنلى,Senemenli
سنّه,Sünne
سنگرود,Sengrod
سه روى,Servi
سه فاجر,Sefacir
سواديه,Sevadiye
سوارقيه,Suvarkıya
سواكن,Sevakin
سوتسقه,Suteska
سوتين,Sotin
سوراتو,Suratu
سورجى,Surci
سوردك,Sürdük
سوردوك,Sürdük
سورطاش,Surdaş
سورك و صمعاد,Siverek ve Samsad (Samad)
سوركى,Sürgü
سورملو,Sürmeli
سورملى,Sürmeli
سورملي,Sürmeli
سورمنه,Sürmene
سوروجوك,Sürüccük
سوروه,Süruh
سورى اطه,Sivriada
سوريجه حصار,Sivricehisar
سوريه,Suriye
سوريه مركز,Suriye merkez
سوزه بولى,Süzebolu
سوسد,Sused
سوسه,Suse
سوطين,Sotin
سوق الشيوخ,Sukuşşuyuh
سوكه,Söke
سوكه آق كوى,Söke Akköy
سوكوتجك,Söğütcük
سوللى,Süllü
سولوش,Söllöş
سولوكلى,Sülüklü
سومبكى,Sömbeki
سومبكي,Sömbeki
سومه,Soma
سوننه,Sünne
سوهى ميحال,Suhimihal
سوى,Sivi
سويده,Süveyde
سويلمز,Söylemez
سويله مز,Söylemez
سوپتار,Supetar
سوپيه,Supiye
سوچى,Soçi
سوچيچه,Suçiçe
سوگتلو,Söğütlü
سى ذرون,Sizeron
سيأل,Sial
سيئال,Sial
سيئل,Sial
سيال,Sial
سياه كوه,Siyahkuh
سيترونغيلو,Strongilo
سيحات,Seyhat
سيحون,Seyhun
سيخ خليل تكه سى,Şeyhhaliltekkesi
سيد بابا,Seyyidbaba
سيد غازى,Seyyidgazi
سيد غازي,Seyyidgazi
سيده رى اوه,Sideriova
سيدوسسا,Sidussa
سيدى بن عباس,Seydi bin Abbas
سيدى قواقى,Seydikavağı
سيدى كوى,Seydiköy
سيديكوى,Seydiköy
سير ابو شيه,Sir Ebuşiye
سير بنى ياس,Sir Beniyas
سيرجه,Siraçe
سيركه,Sirge
سيرم,Sirem
سيرنا,Sirina
سيرنيك,Sirinik
سيرنيچه,Sirniçe
سيره برنيچه,Srebreniçe
سيروز,Siroz
سيروز مع اردوى همايون,Siroz maa Ordu-yı Hümayun
سيروز مع تفنّى,Siroz maa Tefenni
سيروز مع درامه,Siroz maa Drama
سيريا,Sirya
سيرينا,Sirina
سيس اورته,Sisorta
سيس اورته مع نائبلو,Sisorta maa Naibli
سيسام,Sisam
سيسام اطه سى,Sisam Adası
سيسام امارتى,Sisam Emareti
سيسيان,Sisyan
سيعان,Sayan (Seyan (?))
سيفنوس,Sifnos
سيقلاد,Siklad Adaları
سيقلاد آطه لر,Siklad Adaları
سيقلاد اطه لرى,Siklad Adaları
سيكى,Siği
سيكى يا,Sikiya
سيل,Sin (Sil (?))
سيل كبير,Seyl-i Kebir
سيلاخور,Silahur
سيلس اوزى,Silisözü
سيلفكه,Silifke
سيلوان,Silvan
سيلورى,Silivri
سيليس اوزى,Silisözü
سيليورى,Silivri
سيماو,Simav
سيموش,Simoş
سيمى,Simi
سيمين رود,Siminrud
سين,Sin
سين و چتنه,Sin ve Çetine
سينه,Sinne
سينوب,Sinob
سينوب مع نواحى,Sinob maa Nevahi
سيوآس,Sivas
سيواس,Sivas
سيواس عزيزيه,Sivas Aziziye
سيواس مع سيواس ايلى,Sivas maa Sivasili
سيواس مع ناحيۀ حافيك,Sivas maa Nahiye-i Hafik
سيواسلى,Sivaslı
سيوان,Sivan
سيوروحصار,Sivrihisar
سيورى آطه,Sivriada
سيورى اطه,Sivriada
سيورى كيسه,Sivrikese
سيوريحصار,Sivrihisar
سيوريطاش مع نواحى,Sivritaş maa Nevahi
سيوط,Suyut
سيوط مع ابو تيج,Suyut maa Ebutic
سيوط مع اَبُو تِيجْ,Suyut maa Ebutic
سيوه رك قره جه طاغ,Siverek Karacadağ
سيووطه,Sivota
سيّد,Seyyid
سيپلاق,Siplak
سيچان,Sıçan
سَاقز,Sakız
سَبْلِينْ,Seblin
سَبْهه,Sebhe
سَبْهَه,Sebhe
سَرْوِيّه,Serviye
سَقلاوه,Şaklava
سَكَدِينْ,Segedin
سَكْسَار,Seksar
سَكْسَارْ,Seksar
سَكْچُويْ,Sekçuy
سَمْنُو,Semnu
سُنَّه,Sünne
سُورَان,Soran
سُيُوطْ,Suyut
سُيُوطْ مع ابو تيج,Suyut maa Ebutic
سِراجيه,Siraciye
سِرت,Sirt
سِرتْ,Sirt
سِرْتْ,Sirt
سِلِسترَه,Silistre
سِيرت,Sirt
سپتجى,Sepetci
سپتلى,Sepetli
سپته,Septe
سپتوروس,Siptoros
سپذييا,Speziya
سپصقه,Sipsaka
سپلاق,Siplak
سپليا,Spilya
سپوت,Sopot
سپورن,Süpüren
سپيرا,Spira
سپيليا,Spilya
سچشته,Seçişte
سچن,Seçen
سڭر مع دوشنبه,Senir maa Düşenbe
سگدين,Segedin
سگود,Söğüd
شاب,Şab
شاب ابو فنده را,Şab-ı Ebufindira
شاب الكبير,Şabülkebir
شاب محمود,Şab-ı Mahmud
شاب موسايق,Şab-ı Musayık
شادوان,Şadvan
شادي اباد,Şadiabad
شارحوراد,Şarhorad
شارقاد,Şarkad
شاركوى,Şarköy
شارو,Şaro
شاروار,Şarvar
شاروى,Şarvi
شاروى مع افلطار,Şarvi maa Aflatar
شارويز,Şarviz
شاطى,Şatı
شاعب و فرموده,Şayibli (Şaib) ve Fermude
شاغ,Şağ
شاغور,Şagur
شاغوينه,Şagovine
شالغو,Şalgo
شاله شوش,Şaleşoş
شام,Şam
شام بيادى,Şambayadı
شامبيادى,Şambayadı
شاملى,Şamlı
شامليجه,Şamlıca
شاميه,Şamiye
شانوش هزه,Şanoşheze
شاه باغى,Şahbağı
شاه يول,Şahyol
شاها,Şaha
شاهان,Şahan
شاهرود,Şahrud
شاهويك,Şahovik
شاهين,Şahin
شاور,Şavur
شاوشاد,Şavşad
شايبلو,Şayibli
شاپ,Şap
شاپچه,Şapça
شبام,Şibam
شبخانه,Şabhane
شبرخيت,Şübrehit
شبسات,Şebsat
شبش مع لغوش,Şebiş maa Lugoş
شبقه,Şıbka
شبه نك,Şibenik
شبين القُمْ,Şibinülkum
شبين قره حصار,Şebinkarahisar
شتر بصان,Şütürbasan
شترى,Şeteri
شتريان,Şitriyan
شتوار,Şetvar
شجر,Şecer
شحنه چمنى,Şahneçimeni
شداده,Şeddade
شرابخانه,Şarabhane
شراه,Şarah
شربتين,Şerbetin
شربين,Şirbin
شرره,Şirare
شرش و بنى منصور,Şeriş ve Benimansur
شرعب,Şerab
شرفصنقور,Şerefsunkur
شرق,Şark
شرق جانبى عربانى,Şark Canibi Urbanı
شرقئ امد,Şarki-i Amid
شرقيه,Şarkiye
شرقيّه,Şarkiye
شرلوت,Şorlut
شرناق,Şırnak
شروان,Şirvan
شروقه,Şiroka
شروى,Şirvi
شروي,Şirvi
شريان مع الشكرد,Şiryan maa Eleşkird
شرين,Şirin
شرّا,Şerra
شستان,Şestan
ششان,Şişan
شط الادهم,Şattüledhem
شط العرب,Şattülarab
شط العطشان,Şattülatşan
شط المكار,Şattülmekar
شط طويل,Şatt-ı Tavil
شطرة العماره,Şatratülamare
شطرة المنتفك,Şatratülmüntefik
شطك,Şetek
شطى,Şatı
شطيۀ جزاير,Şattıye-i Cezayir
شطّ العرب,Şattülarab
شطّ جارور,Şatt-ı Carur
شطّ طويل,Şatt-ı Tavil
شعب ابو فندراع,Şab-ı Ebufindira
شعب الصبار,Şabüssabbar
شعب الصغير,Şabüssagir
شعب العبيط,Şabülabit
شعب القرمه,Şabülkarme
شعب الكبير,Şabülkebir
شعب خمسة,Şab-ı Hamse
شعب شيبه,Şab-ı Şeybe
شعب طويل,Şab-ı Tavil
شعب عربيد,Şab-ı Arbid
شعب عمر,Şab-ı Ömer
شعب عنبر,Şab-ı Anber
شعب قصير,Şab-ı Kasir
شعب قميري,Şab-ı Kumeyri
شعب لوكا,Şab-ı Luka
شعب مبيت,Şab-ı Mebit
شعب معراس,Şab-ı Miras
شعب ناصر,Şab-ı Nasır
شعبان,Şaban
شعبان اوزى,Şabanözü
شعبان اوزى مع قورى جاى,Şabanözü maa Kuruçay
شعرا,Şara
شعراويه,Şaraviye
شعراويه شرقيه,Şaraviye-i Şarkiye
شعراويه غربيه مع بنى صعب,Şaraviye-i Garbiye maa Benisaab
شعراويه غربيّه,Şaraviye-i Garbiye
شعراويّه,Şaraviye
شعراويۀ شرقيه,Şaraviye-i Şarkiye
شعراويۀ غربيه,Şaraviye-i Garbiye
شغر,Şugur
شغور,Şugur
شغين,Şogayn
شفا الشمالى,Şifaüşşimali
شفا الغربى,Şifaülgarbi
شفا قبلى,Şifa Kıbli
شفا وغور,Şifa ve Gur
شفاتيه,Şifatiye
شفادره,Şifadere
شفاشفاعمرو,Şifaamr
شفاعمر,Şifaamr
شفاعمرو,Şifaamr
شفى عمر,Şifaamr
شقاغى,Şikaği
شقاقلى,Şikaklı
شقلاوه,Şaklava
شقلوش,Şikloş
شقيف,Şakif
شقيق,Şukayk
شكر,Şeker
شكر اوبه,Şekeroba
شكرلى,Şekerli
شكفتى,Şikefti
شكوفتى مع صور و طاق,Şikefti (Şikufti) maa Sur ve Tak (?)
شكى,Şeki
شكيو,Şekuyo
شلندره,Şilindire
شلنديره,Şilindire
شلنمون,Şelenmun (?)
شلوه,Şelve
شليكان,Şilikan
شلين,Şelin
شلّلى,Şelli
شمائل,Şemail
شمال,Şimal
شماندره,Şimandra
شمدينان,Şemdinan
شمدينان مع كوارى و هريكى,Şemdinan maa Gerdi (Gevari) ve Heriki
شمر,Şummar
شمس الدين,Şemseddin
شمس الدّين,Şemseddin
شمسطار,Şimistar
شمسيات,Şemsiyat
شمشكى عشيرتى,Şemişki Aşireti
شمك,Şümeg
شمكان,Şemkan
شمكور بصان,Şemkürbasan
شمنطورنه,Şimontorna
شمنى,Şumnu
شمنى مع نواحى,Şumnu maa Nevahi
شموشقه,Şomoşka
شموكوار,Şomogivar
شمون طورنه,Şimontorna
شمونطورنه,Şimontorna
شمونطورنه و ازور,Şimontorna ve Ozora (Ozor)
شموُنْطورنه,Şimontorna
شميران,Şemiran
شميطيه,Şumaytiye
شنافيه,Şinafiye
شنكرك,Şingerk
شنكين,Şengin
شنون,Şunun
شها,Şaha
شهاب الدين,Şihabüddin
شهبا,Şehba
شهر بازار,Şehirpazar
شهر بهسنى,Şehr-i Behisni
شهر ملاطيه,Şehr-i Malatya
شهر پازار,Şehirpazar
شهر پازار مع قره چولان و برگوه,Şehirpazar maa Karaçulan ve Berguh
شهراباد,Şehrabad
شهران,Şehran
شهران مع حرير,Şehran maa Harir
شهرباد,Şehrabad
شهربان,Şehriban
شهرلو,Şehirli
شهرويران,Şehirviran
شهود,Şuhud
شواطيه,Şuvatiye
شواق,Şavak
شوان,Şivan
شوبك,Şubek
شوحه مليحه,Şuha Meliha
شوران,Şuran
شوربا,Şorba
شوربا مع سَمَرْ اوزى,Şorba maa Semerözü
شورح,Şurah
شورلوط,Şorlut
شوره,Şure
شوره كل,Şüregel
شوره مع بوجاق,Şure maa Bucak
شوره گيل,Şüregel
شوش,Şuş
شوشاد,Şavşad
شوشار,Şuşar
شوغاين,Şogayn
شوف ابن معن,Şuf İbn-i Maan
شوف ابن معن و شوف الحيطى و شوف الشويحانى,Şuf İbn-i Maan ve Şufülhayti ve Şuf-i Şüveyhani
شوف ابن معن و شوف الحيطى و شوف شويزانى,Şuf İbn-i Maan ve Şufülhayti ve Şuf-i Şüveyhani (Şuf-i Şüveyzani)
شوف ابن معن وششوف الحيطى و شوف شويزانى,Şuf İbn-i Maan ve Şufülhayti ve Şuf-i Şüveyhani (Şuf-i Şüveyzani)
شوف ابن معن وشوف الخيطى و شوف شويحانى,Şuf İbn-i Maan ve Şufülhayti ve Şuf-i Şüveyhani
شوف البياض,Şufülbeyaz
شوف الحرادين,Şufülharradin
شوف الخرادين,Şufülharradin
شوف الخرّادين,Şufülharradin
شوفين,Şufeyn
شولموش,Şolimoş
شومار,Şummar
شومر,Şumer
شوملو,Şömlö
شومنى,Şumnu
شومني,Şumnu
شونلى,Şevenli
شووانوس,Şuvanos
شوپديه,Şupdiye
شيبارا,Şeybara
شيبره,Şeybara
شيبه,Şibe
شيخ,Şeyh
شيخ ابو شعيب,Şeyhebuşuayb
شيخ اسماعيل طائفه سى,Şeyhismailtaifesi
شيخ الاسلاملق,Şeyhülislamlık
شيخ الحديد,Şeyhülhadid
شيخ الحديد مع كوندزلووعميق,Şeyhülhadid maa Gündüzlü ve Amik
شيخ الحديد و كوندزلو وعميق,Şeyhülhadid ve Gündüzlü ve Amik
شيخ الحرملك,Şeyhülharemlik
شيخ الى,Şeyhili
شيخ ايلى,Şeyhili
شيخ بزنلى,Şeyhbizinli
شيخ تيمارى,Şeyhtimarı
شيخ سرا,Şeyhsera
شيخ سعيد,Şeyhsaid
شيخ شعيب,Şeyhşuayb
شيخ طابه,Şeyhtabe
شيخ عدوم,Şeyhadum
شيخ عشاقي,Şeyhuşşaki
شيخ مسكين,Şeyhmiskin
شيخ مع عميق و تزين,Şeyhülhadid (Şeyh) maa Amik ve Tizin
شيخان مع سركند,Şeyhan maa Serkend
شيخبزنلى,Şeyhbizinli
شيخدودان,Şeyhdodan
شيخلر مع شقاقى,Şeyhler maa Şikaki
شيخلر مع ناحيۀ كيكلر,Şeyhli (Şeyhler) maa Geyikli
شيخلو,Şeyhli
شيخلى,Şeyhli
شيران,Şiran
شيران و كركرك و اولتى,Şiran ve Gergerek (?) ve Oltu
شيرن,Şirin
شيروان,Şirvan
شيروانلى عشيرتى,Şirvanlı Aşireti
شيروقه,Şiroka
شيروى,Şirvi
شيرين,Şirin
شيزار,Şeyzer
شيزر,Şeyzer
شيزر و مصياف,Şeyzer ve Masyaf
شيشان,Şişan
شيك,Şiyik (?)
شيلازا,Şilaza
شيله,Şile
شيلى,Şile
شينك و قلاله مع ماوِت و سُيول,Şinek ve Kalale maa Mavit ve Süyul
شيهل اوغلي (؟),Şehiloğlu (?)
شيوان,Şivan
شيوبايصان,Şiyobaysan
شيوه لان,Şivelan
شيوه له,Şivelan (Şivele)
شَبِين القُم,Şibinülkum
شَبْسات,Şebsat
شَبْسَاتْ,Şebsat
شَعْرا,Şara
شَقِيف,Şakif
شِيبَه,Şibe
شِيلَه,Şile
صابوج,Saboc (?)
صابورلى,Saburlu
صابوشلو,Saboşlu
صاتلمش و بيراملو,Satılmış ve Bayramlı
صاحب,Sahib
صاد,Sad
صاراته,Sarata
صارت,Sart
صارت مع صالحلر,Sart maa Salihli (Salihler)
صارت مع صالحلو,Sart maa Salihli
صاردنيا,Sardunya
صارمساقلى,Sarımsaklı
صاره ده,Sarada
صارو قامش,Sarıkamış
صاروحان,Saruhan
صاروخان,Saruhan
صاروقورغان,Sarukurgan
صارى آلاڭ,Sarıalan
صارى بل,Sarıbel
صارى بورون,Sarıburun
صارى جاير,Sarıçayır
صارى حضر,Sarıhızır
صارى صو,Sarısu
صارى طاش,Sarıtaş (?)
صارى طوغان,Sarıdoğan
صارى غازى,Sarıgazi
صارى قاميش,Sarıkamış
صارى قواق,Sarıkavak
صارى قواق مع زينى,Sarıkavak maa Zeyne (Zeyni)
صارى كجيلو,Sarıkeçili
صارى كوزل,Sarıgüzel
صارى كول,Sarıgöl
صارى كوى,Sarıköy
صارى كچيلو,Sarıkeçili
صارى چام,Sarıçam
صارى چام و عشيرت حاجيلو و كوركجيلو,Sarıçam
صارى چاير,Sarıçayır
صارى گول,Sarıgöl
صاري جاير,Sarıçayır
صاري يار,Sarıyar
صاري چام,Sarıçam
صاري چام مع قره قشله,Sarıçam maa Karakışla
صاريجه,Sarıca
صاريجه على,Sarıcaali
صاريخانلر,Sarıhanlar
صاريز,Sarız
صاريقواق,Sarıkavak
صارينى,Sarını
صاريچاير,Sarıçayır
صاز,Saz
صاسون,Sason
صاصون,Sason
صاغ قول,Sağkol
صافتا,Safita
صافيتا,Safita
صاقج,Sakç
صاقز,Sakız
صاقچ,Sakç
صالاوار,Salavar
صالتق,Saltık
صالحلو,Salihli
صالحلى,Salihli
صالحيه,Salihiye
صالغر,Salgır
صالنجه,Salniçe
صالنه,Salina
صالور,Salur
صامسون,Samsun
صامسون و معدن كابى,Samsun ve Maden-i Kabi
صامصاد,Samsad
صانتورين,Santorin
صاندقلو,Sandıklı
صاندومير,Sandomir
صانطورين,Santorin
صانه,Sana
صاوا,Sava
صاور,Savur
صاورون,Savrun
صاوه,Sava
صاوور,Savur
صاپنه,Sapna
صاچى قرالو مع اسبارته,Saçıkaralı maa Isparta
صبانجه مع بش ديوان,Sapanca (?) maa Beşdivan
صبانجى مع آطه بازارى,Sapanca (Sabancı) maa Adapazarı
صبوتنچه,Subotinçe
صبيا,Sabya
صبيه,Sabiye
صحرا,Sahra
صحراء قيصريه,Sahra-i Kayseriye
صحراى قراقوش,Sahra-yı Karakuş
صحراى قونيه,Sahra-yı Konya
صحره اباد,Sahraabad
صحريقه,Suhorika
صحنه,Sahna
صحورقه,Suhorika
صحوريقه,Suhorika
صخوم,Sohum
صداق,Sadak
صدر دار,Sadr-ı Dar
صدرالعشار,Sadrulaşşar
صدرك,Saderek
صدف,Sedef
صدمرّه,Sadmerre
صدوان,Saduvan
صراته,Sarata
صراولوس,Sravalos
صرب صنديغى,Sırpsındığı
صرب ولايتي,Sırb Vilayeti
صرت مع اكدير,Sırt maa İğdir
صرته,Sarata
صرخان,Saruhan
صرط,Sart
صرمتا,Saramita
صره برنيچه,Srebreniçe
صغرى,Sığrı
صغله,Suğla
صغمان,Sağman
صغوداق,Soğudak
صفد,Safed
صفد مع عكا و كفر كنه,Safed maa Akka ve Kefrkenne
صفد و جبل,Safed ve Cebel
صفدمع عكا وكفركنه,Safed maa Akka ve Kefrkenne
صفوى,Safva
صفَد,Safed
صقارقيا,Sakarkaya
صقال,Sakal
صقان,Sakan
صقل,Sakal
صقلاويه,Saklaviye
صقمار,Sakmar
صقول,Sokol
صقول بزرك,Sokol-ı Büzürk
صقولويچى,Sokoloviçi
صلاجور,Salaçor
صلاحيه,Salahiye
صلاحيّه,Salahiye
صلاقه,Salaka
صلاوار,Salavar
صلاچور,Salaçor
صلت,Salt
صلت عجلون مع كرك و شوبك,Salt-Aclun maa Kerek ve Şubek (Şevbek)
صلحد,Salhad
صلخد,Salhad
صلنق,Solnok
صلوار,Salavar
صلوجلر,Sulucalar
صليب,Suleyb
صليما,Salima
صمابور,Samapor
صمارجق,Samarcık
صمارينه,Samarina
صماقو,Samakov
صماقو آلاپلى,Samakov-ı Alaplı
صماقو الاپلى,Samakov-ı Alaplı
صماقوجق,Samakovcuk
صمان,Saman (?)
صمانجى,Samancı
صماى,Sumay
صماپور,Samapor
صمرجق,Samarcık
صمصاد,Samsad
صنامير,Sanamir
صندرغى چوروم,Sındırgı Çorum
صندقلو,Sandıklı
صندقلى,Sandıklı
صندوقلى,Sandıklı
صنعا,Sana
صنغورلى,Sungurlu
صهاج,Suhac
صهيون وجبل اكراد,Sahyun ve Cebel-i Ekrad
صو درمى,Sudirhemi
صو درهمى,Sudirhemi
صو شهرى,Suşehri
صو شهري,Suşehri
صو صغرلغى,Susığırlık (Susığırlığı)
صو چاتى,Suçatı
صوالق,Sovalak
صوان مجابره,Suvan-ı Mecabire
صوبادره,Subadra
صوبر,Suber
صوبصلو,Soboslo
صوبوتقه,Subotika
صوبوتنچه,Subotinçe
صوبيجه,Sobuca
صوبيچه,Sobuca
صوتسقه,Suteska
صوحوم,Sohum
صوخته,Suhte (?)
صور مع رأس,Sur maa Res
صور مع ولعس,Sur maa Velas (?)
صوردى طوب اطالرى,Sordıtob Adaları
صورغن قسطمونى,Sorgun-ı Kastamonu
صورغون,Sorgun
صورويج,Soroviç
صوسز,Susuz
صوسزمسلم,Susuzmüsellem
صوسه,Suse
صوصغيرى,Susığırlık (Susığırı)
صوصكرد,Sosgerd
صوصورلى,Susurlu
صوصيغرلق,Susığırlık
صوغان,Soğan
صوغداق,Soğudak
صوغله,Suğla
صوغوداق,Soğudak
صوغوق پيكار,Soğukpınar
صوفيلر,Sofular
صوفيلو,Sofulu
صوفيلى,Sofulu
صوق بلآق,Sovukbulak
صوق بلاق,Sovukbulak
صوقول,Sokol
صوقوينى مع بوقو,Sokavini maa Buko
صول قول,Solkol
صولنق,Solnok
صولنه (؟),Sulina (?)
صولنوق,Solnok
صولوجه,Suluca
صولين,Solin
صوما,Soma
صوما ق,Sumak
صوماته,Sumata
صوماق,Sumak
صومخيط,Sumhayt
صومطر,Sumatar
صومه,Soma
صومه [مع] ترحاله,Soma [maa] Tarhala
صومه مع تارحاله,Soma maa Tarhala
صومه مع تارخاله و قرق اغاچ,Soma maa Tarhala ve Kırkağaç
صوناقور,Sunakur
صونبور,Sonbor
صونده,Sonda
صونسه,Sonisa
صونغورلى,Sungurlu
صونيسا,Sonisa
صونيسا مع نيكسار,Sonisa maa Niksar
صونيسا و نيكسار,Sonisa ve Niksar
صونيسه,Sonisa
صوه,Sava
صوور,Suvar
صوولاق,Sovalak
صوپوت,Sopot
صوپيه,Sopye
صوچاتى,Suçatı
صيادا,Sayada
صيدا,Sayda
صيدا و بيروت,Sayda ve Beyrut
صيداوبيروت,Sayda ve Beyrut
صير بنى ياس,Sir Beniyas
صيعان,Sayan
صيغرى,Sığrı
صيغه جق,Sığacık
صيغه حق,Sığacak
صيچان,Sıçan
صَارُوخَان,Saruhan
صَغمَانْ,Sağman
صَلاَوار,Salavar
صَنْعا,Sana
صُمايْ,Sumay
صپانجا,Sapanca
صپانجه,Sapanca
صچان,Sıçan
ضحى,Dahi
ضمانتو,Zamantı
ضمانتى,Zamantı
ضمانطى,Zamantı
ضنيه,Zıniye
ضنيه مع طرابلس شام,Zıniye maa Trablusşam
ضهرالغربى,Zahrulgarbi
ضهرة ابو مصلح,Zahret Ebumuslih
ضهرة ام الطرحان,Zahret Ümmüttarhan
ضهرة جعفري,Zahret Caferi
ضهرة سقاره,Dahra-i Sekare
ضهرة سمر,Zahret Simer
ضهرة مرعي,Zahret Mera
ضهره,Duhara
ضُوير,Duvayr
ضُويَرْ,Duvayr
ضُوَيرْ,Duvayr
ضِغاره,Dıgara
طا لنده,Talanda
طائف,Taif
طابور,Tabur
طابيه,Tabiye
طاراطه,Darada
طارجال,Tarcal
طارجالي قرستور,Tarcalikarestur
طارناق,Tarnak
طارو اوزى,Darıözü
طارى ويران,Darıviran
طاريا,Taraya
طاسونيس,Tasonis
طاش آغيل,Taşağıl
طاش اباد,Taşabad
طاش اغلى,Taşağılı
طاش اوجى,Taşucu
طاش اوز,Taşöz
طاش اوزاداسى,Taşöz
طاش اولوق,Taşoluk
طاش ايل,Taşil
طاش ايلى,Taşili
طاش رومى,Taşrumi
طاش قصبه سى,Taşkasabası
طاش كبرى,Taşköprü
طاش كوپرى,Taşköprü
طاش كوپرى و طولاب مير حسين,Taşköprü ve Dolab-ı Mirhüseyin
طاش كپرى,Taşköprü
طاشكبرى,Taşköprü
طاشكسان,Taşkesen
طاشكوپرى,Taşköprü
طاشكپرى,Taşköprü
طاشلق اوتلوغى,Taşlıkotluğu
طاشلوجه,Taşlıca
طاشلى,Taşlı
طاشلى بلغه,Taşlıbulga
طاشلى دره,Taşlıdere
طاشلى چاى,Taşlıçay
طاشليجه,Taşlıca
طاشليچه,Taşlıca
طاشوز,Taşöz
طاطوى,Tatoy
طاطيه,Dadya
طاغ,Dağ
طاغ آردى,Dağardı
طاغ اردى,Dağardı
طاغ ايلى,Dağili
طاغ باشى,Dağbaşı
طاغ كنارى,Dağkenarı
طاغ مرمره,Dağmarmara
طاغستان انجه,Dağistan-ı İnce
طاغستان ديزاق,Dağistan-ı Dizak
طاغستان زكم,Dağistan-ı Zegem
طاغستان سنقور اباد,Dağistan-ı Sunkurabad
طاغستان شمكور,Dağistan-ı Şemkür
طاغستان كنجه,Dağistan-ı Gence
طاغستان كورك,Dağistan-ı Kürek
طاغلو,Dağlı
طاغلى,Dağlı
طاقماق,Takmak
طاقه,Taka
طاقوق,Dakuk
طالنده,Talanda
طاليش و كلستان,Talış ve Gülistan
طانيل,Tanil
طاهر,Tahir
طاورغه,Tavurga
طاوسكر,Tavusker
طاوسكر مع بيكرك,Tavusker maa Pertekrek (Pikrek)
طاوسى,Tavsı
طاوشان,Tavşan
طاوشان آطه لرى,Tavşan Adaları
طاوشان اطه لرى,Tavşan Adaları
طاوشانلو,Tavşanlı
طاوشانلى,Tavşanlı
طاوشنلو,Tavşanlı
طاوغانه,Davgana
طاوق,Tavuk
طاولا,Tavla
طبارقه,Tabarka
طبان,Taban
طبانلو و بوز اولوس,Tabanlı ve Bozulus
طبرسوق,Tabersuk
طبرق,Tobruk
طبرقه,Tabarka
طبريه,Taberiye
طبريّه مع نواحى,Taberiye maa Nevahi
طرا بلوس شام,Trablusşam
طرابزون,Trabzon
طرابلس غرب,Trablusgarb
طرابلس غرب و بنغازى,Trablusgarb ve Bingazi
طرابلس مع مَرابَطين,Trablusgarb (Trablus) maa Murabıtayn
طرابلسغرب,Trablusgarb
طرابلوس شام,Trablusşam
طرابلوس غرب,Trablusgarb
طراحيه,Tırahiye
طراقلو بورلو,Taraklıborlu
طراقلو بورلى,Taraklıborlu
طراقلى,Taraklı
طراقلى بورلو,Taraklıborlu
طراقلى بورلى,Taraklıborlu
طرانداكيا,Tarandakiya
طراونه,Travna
طربزون,Trabzon
طربلس شام,Trablusşam
طربلوس شام,Trablusşam
طربلوس غرب,Trablusgarb
طربلوس غَرب,Trablusgarb
طرسوس,Tarsus
طرقلو بورلى,Taraklıborlu
طرليس,Tırlis
طرنواچ,Tırnovaç
طرنوه,Tırnova
طرنوه جق,Tırnovacık
طرنووه,Tırnova
طرنوى,Tırnova
طرنوى مع نواحى,Tırnova maa Nevahi
طرنويجق,Tırnovacık
طره باى,Turabay
طره بزون,Trabzon
طره بلس شام,Trablusşam
طره بلوس غرب,Trablusgarb
طره پلوجه,Trepoliçe
طره پليجه,Trepoliçe
طره پوليچه,Trepoliçe
طرول,Torul
طرييو,Triyo
طسوج,Tasuc
طغان كچدى,Doğangeçidi
طغان كچيدى,Doğangeçidi
طغانجيلر اوتلوغى,Doğancılarotluğu
طفره,Tafra
طفيله,Tafile
طلامان,Dalaman
طلانده,Talanda
طلحاى ملك,Talha-yı Melik (?)
طلمان,Dalaman
طلنده,Talanda
طلوار,Talvar
طماشوان سكت,Tameşvan Siget
طماشين,Tamaşin
طماق,Tamak
طمان,Taman
طمان اطه سى,Taman
طمراش,Tamraş
طمش,Tımış
طمشوار,Tımışvar
طمشْوآر,Tımışvar
طنطا,Tanta
طنطوره,Tantura
طها,Taha
طهران,Tahran
طهطا,Tahta
طهطهاء منشيه,Tahtaha-i Münşiye
طهماسيّه,Tahmasiye
طو نه,Tuna
طوابِين,Tavabin
طواس,Tavas
طواس مع وقفلر,Tavas maa Vakıflar
طوباقلى,Topaklı
طوبجى,Topçu
طوبرالى,Torbalı (Tobralı)
طوبرق,Tobruk
طوبره لى,Torbalı (Tobralı)
طوت,Tut
طوتاق,Tutak
طوترقان,Tutrakan
طوتره قان,Tutrakan
طوتلى,Dutlu
طوخمه,Tohma
طور,Tur
طور سينا,Tur-ı Sina
طور يان,Toryan
طوراج اوغلي,Turaçoğlu
طوراسى,Turası
طوربا لو,Torbalı
طوربالى,Torbalı
طوربالى مع تريانده,Torbalı maa Tiryanda
طوربه لى,Torbalı
طورتونلى,Tortunlu
طورحال,Turhal
طورحال مع عشائر,Turhal maa Aşair
طورطوم,Tortum
طورغود تركمان بوز اولوس,Turgud Türkmen-i Bozulus
طورغود و بوز اولوس,Turgud ve Bozulus
طورغودلو,Turgudlu
طورغودلى,Turgudlu
طورغودلى ايليجه,Turgudlu Ilıca
طورل,Torul
طورلوطي,Turloti
طورنا,Turna
طورنالى,Turnalı
طوروغوى,Dorogoy
طورول,Torul
طوريان,Toryan
طوز,Tuz
طوز حصار,Tuzhisar
طوز خورماتو,Tuzhurmatu
طوز خورماتى,Tuzhurmatu
طوزاق مع دوشملر,Tuzak maa Döşemeler (?)
طوزبرون,Tuzburun
طوزجيان,Tuzcuyan
طوزسز,Tuzsuz
طوزلق,Tuzluk
طوزله,Tuzla
طوزله كوزى,Tuzlagözü
طوزلۀ بالا,Tuzla-i Bala
طوزلۀ زير,Tuzla-i Zir
طوزلۀ زير و بالا,Tuzla-i Zir ve Bala
طوسكر,Tavusker
طوسيه,Tosya
طوشان,Tavşan
طوشان اطه لرى,Tavşan Adaları
طوشانلو,Tavşanlı
طوشانلى,Tavşanlı
طوشنلو,Tavşanlı
طوطاق,Tutak
طوطى,Dudu
طوطيلو,Totilo
طوغان بك,Doğanbey
طوغان حصار,Doğanhisar
طوغان حصار مع دربند قادين خانى,Doğanhisar maa Derbend-i Argıdhanı (Derbend-i Kadınhanı)
طوغان حصارى,Doğanhisarı
طوغانحصار,Doğanhisar
طوغانحصارى مع دربند ارغيد خانى,Doğanhisar (Doğanhisarı) maa Derbend-i Argıdhanı
طوغانكوى,Doğanköy
طوغله,Doğla
طوغنحصار,Doğanhisar
طوغوت,Tuğut
طوق الله,Tavkullah
طوقليان,Tokluyan
طوقماق آطه لرى,Tokmak Adaları
طوقمق اطه لرى,Tokmak Adaları
طوكدرمه,Dondurma
طوكنر,Tavginer
طولاب مير حسين,Dolab-ı Mir Hüseyin
طولجى,Tulca
طولنه,Tolna
طوماتجه,Domatca
طومارزه,Tomarza
طوماش هيد,Tomaşhid
طوماشى,Tomaşi
طوماشين,Tomaşin
طومانيج,Domaniç
طومانيس,Tomanis
طوملوجه,Dumluca
طومليجه,Dumluca
طونجه,Tunca
طونس,Tunus
طونه,Tuna
طونيه,Tonya
طونيه و وقف كبير,Tonya ve Vakf-ı Kebir
طويان,Toyan (?)
طويران,Doyran
طويل رقدان,Tavil Rukdan
طويله,Tavile
طويلى مع عثمان ايلى,Toylu (?) maa Osmaneli
طوپجى,Topçu
طوپراق آطه,Toprakada
طوپچى,Topçu
طى غانى,Taygani (?)
طيبنه,Tibne
طير,Tayr
طيفور,Tayfur
طَنْطا,Tanta
طَنْظُور مع ماتِيّه ورشوان,Zanzur (Tanzur) maa Matiye ve Rişvan
طَها,Taha
طَهْطا,Tahta
طَهْطَا,Tahta
طُبرُوقْ,Tobruk
طُوتْره قان,Tutrakan
طُورْيان,Toryan
طُونه,Tuna
طِرَاوْنَه,Travna
طپان,Tapan
ظارزيس,Zarzis
ظالف,Zalif
ظالم,Zalim
ظانظور,Zanzur
ظرزيس,Zarzis
ظفير,Zafir
ظمانتى,Zamantı
ظنظور,Zanzur
ظنيه,Zıniye
ظهر الغربى,Zahrulgarbi
ظهرالغربى و قدموس و جرد العليقه,Zahrulgarbi ve Kadmus ve Cürdülulleyka
ظواره,Zuvara
ظور,Zor
ظوَارَه,Zuvara
ظَارْزِيسْ,Zarzis
ظَواره,Zuvara
عادالجواز,Adilcevaz
عادلجواز,Adilcevaz
عادلجواز مع بليس,Adilcevaz maa Bitlis (Bilis)
عادى الجواز,Adilcevaz
عاشق,Aşık
عاصى,Asi
عاصى ميخاليج,Asimihaliç
عاقو,Aku
عاليشار,Alişar
عاموده,Amuda
عانه,Ana
عاهره,Ahire
عاهم,Ahim
عبادان,Abadan
عباس,Abbas
عبانه,Abana
عبد الحليم,Abdulhalim
عبد الدره,Abduddürre
عبد الرحمن بك اوبه سى,Abdurrahmanbeyobası
عبد الرحمن غازى,Abdurrahmangazi
عبد الغاب,Abdulgab
عبد الغالي,Abdulgali
عبد الفادى,Abdulfadi
عبد الله ديه,Abdullahdiye
عبدالان,Abdalan
عبدالله,Abdullah
عبدالله قروص,Abdullahkurus
عبدى اولان,Abdiulan
عبس,Abs
عبش,Abeş
عبوس,Abus
عبوين,Abveyn
عبيد,Ubeyd
عبّاس,Abbas
عتاره مرج,Attaremerc
عتبات,Atabat
عتمه,Utma
عثمان بازارى,Osmanpazarı
عثمان پازارى,Osmanpazarı
عثمان پازارى_x001C_,Osmanpazarı
عثمان پاشالر,Osmanpaşalar
عثمان پشه لر,Osmanpaşalar
عثمانجق,Osmancık
عثمانلى,Osmanlı
عثمانلى مع الكسى,Osmanlı maa Aleksi (?)
عثمانيه,Osmaniye
عجار,Acar
عجلون,Aclun
عجلون كوره,Aclun Küre
عجلون مع توابع,Aclun maa Tevabi
عجلون و بنى وهدان,Aclun ve Benivehdan
عجم بابا,Acembaba
عجمستان,Acemistan
عجوز,Acuz
عجوز و زاخوم,Acuz ve Zahom
عجوزه,Acuze
عجوه,Acve
عجيلات,Uceylat
عدن,Aden
عديد,Udeyd
عدين,Udeyn
عراق,Irak
عراق عرب,Irak-ı Arab
عرب,Arab
عرب كندى,Arabkendi
عربستان,Arabistan
عربسون,Arabsun
عربكر,Arabgir
عربكير,Arabgir
عربى,Arabi
عربيا,Arabiya
عربگير,Arabgir
عرجه,Arca
عرد,Arad
عرفات,Arafat
عرفوش,Arfuş
عرفيه,Örfiye
عرق قورب,Irk-ı Kurab
عرقا,Arka
عرقوب,Arkub
عرقوب اعلا,Arkub-ı Ala
عرقوب شمالى,Arkub-ı Şimali
عرقوب فوقانى,Arkub-ı Fevkani
عرقوب فوقانى و تحتانى,Arkub-ı Fevkani ve Tahtani
عرمان,Urman
عرناس,Arnas
عرنون,Arnun
عروه,Arva
عريش,Ariş
عزازمه,Azazime
عزالدين,İzzeddin
عزه ورمله ومجدل,Gazze ve Remle ve Mecdel
عزير,Üzeyr
عزير اعرابى,Azir Arabı
عزير مع بقراص و قنق,Özerili (Üzeyr) maa Bakras ve Kınık
عزير مع قنق,Özerili (Üzeyr) maa Kınık
عزير و بالس,Özerili (Üzeyr) ve Balis
عزيز,Aziz
عزيزى,Azizi
عزيزيه,Aziziye
عزيزيّه,Aziziye
عزيزيۀ بالا,Aziziye-i Bala
عزيه,İzziye
عسعس,Asas
عسقلان,Askalan
عسكر,Asker
عسير,Asir
عشائر سبعه,Aşair-i Seba
عشائر عربان,Aşair-i Urban
عشائرسبعه,Aşair-i Seba
عشار,Aşşar
عشاق مع بناز,Uşak maa Banaz
عشاق مع ناحيۀ اولو كوبك,Uşak maa Nahiye-i Ulugöbek
عشاير الوس,Aşayir-i Ulus
عشاير مسكون جبل امير و چفتلكات چفته لر و موصليجه و بوز اولوس,Aşayir-i Meskun-ı Cebel-i Emir ve Çiftlikat-ı Çifteler ve Musluca ve Bozulus
عشاير مع محمودى,Aşair maa Mahmudi
عشقلر,Işıklar
عشيرت رشوان,Rişvan
عشيق,Aşık
عطاق,Atak
عفار,Affar
عفك,Afak
عقبان,Ukban
عقبه,Akabe
عقره,Akra
عقيق,Akik
عك,Akke
عكا,Akka
عكاظ,Ukaz
عكان,Ukan
عكه,Akka
علا,Ula
علائيه,Alaiye
علائيه مع قريه لر,Alaiye maa Karalar (Karyeler)
علائيه مع نواحى,Alaiye maa Nevahi
علائيه واقسكى,Alaiye ve Akseki
علائيّه,Alaiye
علاج,Alac
علان,Allan
علاونه,Alavna
علبه,Alba
علفلى,Alefli
علميا,Alimiya
علوط,Alut
علوم,Ulum
علوى,Alevi
على آغا چيفتلكى,Aliağaçiftliği
على اغا چفتلكى,Aliağaçiftliği
على الشرق,Ali eş-Şarki
على الشرقى,Ali eş-Şarki
على الغربى,Ali el-Garbi
على بكه جه,Alibeyece
عليا,Ulya (Zaruşad'da)
علياباد,Aliabad (?)
عليشار,Alişar
عليقه,Ulleyka
عليقى,Aliki
عليكانلى,Alikanlı
عم ليله,Amm-i Leyle
عماديه,İmadiye
عماديّه,İmadiye
عماره,Amare
عمامر,Amamer
عمان,Amman
عمر,Ömer
عمران,Amran
عمران مع عيال بني يزيد,Amran maa Iyal-i Beni Yezid
عمرانلى,İmranlı
عمرانيه,İmraniye
عمرانيه و حرْبتينِيه,Ümraniye ve Harbetiniye
عمركان,Ömerkan
عمرلى,Ömerli
عمق,Amik
عمقى,Amiki
عمكى,Amiki
عمه,Amme
عموطقه,Amutka
عميق,Amik
عميق اباد,Amikabad
عميكى,Amiki
عنا,Ana
عنا وهيت,Ana ve Hit
عنانور,Ananur
عنتاب,Antab
عنزه,Aneze
عنس,Anis
عنطاليه,Antalya
عنك,Anek
عنه,Ana
عواكير,Avakir
عوحه,Avha
عورت آلان,Avratalan
عورت الان,Avratalan
عورت حصارى مع ناحيۀ كولرلى,Avrathisarı maa Nahiye-i Köleli (Gülerli)
عورت حصارى مع ناحيۀ كُولَرْلى,Avrathisarı maa Nahiye-i Köleli (Gülerli)
عولاق,Ulak
عونيه,Avniye
عوينه,Avine
عياش,Ayaş
عيان كولى,Ayangölü
عيانجق,Ayancık
عيش,Abeş
عين العروس,Aynülarus
عين ترازو,Ayn-ı Terazu
عين تقفش,Ayn-ı Takfeş
عين صدر,Aynsadr
عين عيسى,Ayn-ı İsa
عينتاب و تلبشار,Ayntab ve Tilbeşar
عيون,Uyun
عَقَرْقوف,Akarkuf
عَلاج,Alac
عُرْبانِ جانب الغرب,Urban-ı Canibülgarb
عُلَّيْقه,Ulleyka
عُلَّيْقَه,Ulleyka
عُوَينه,Uveyne
غابرووه,Gabrova
غابس,Gabis
غابله,Gabele
غات,Gat
غاجقه,Gaçka
غاجه,Gaça
غاربين,Garbin
غارديجقو,Gardiçko
غارديك,Gardik
غازى كرمان,Gazikirman
غازيلر اوا جغى,Gazilerovacığı
غاسقا,Gaska
غاغرى,Gagri
غالغوفجه,Galgofça
غالغوفچه,Galgofça
غامد,Gamid
غاواثى,Gavasi
غاواليانى,Gavalyani
غاوريون,Gavriyon
غايدارو,Gaydaro
غايدارونيس,Gaydaronis
غايدرونيزى,Gaydaronizi
غاچقه,Gaçka
غاچه,Gaça
غباغب,Gabagıb
غبان,Gobban
غبروه,Gabrova
غبله,Gabele
غبّان,Gobban
غجه قلعه,Ağcakale
غدامس,Gadamis
غدوه,Gadduva
غرا,Gra
غراداجاج,Gradaçaç
غراداجاچ,Gradaçaç
غراداچچ,Gradaçaç
غرادشقه,Gradişka
غرادشقي,Gradişka
غراديشقه,Gradişka
غرادچاج,Gradçaç
غرادچانيچه مع غرادچاچ,Gradçaniçe maa Gradçaç
غرارو,Gararo
غرازو,Garazo
غراف,Garraf
غراماتك,Gramatik
غراماتيك,Gramatik
غرامتيك,Gramatik
غرامسا,Gramisa
غرامش,Gramiş
غرانيوس,Graniyos
غرانيچه,Graniçe
غرانچه,Graniçe
غراهوه,Grahova
غراووزا,Gravuza
غرب,Garb
غرب ابي عسي,Garb-ı Ebi İsa
غرب اعلا,Garb-ı Ala
غرب اقصى,Garb-ı Aksa
غرب تحتانى,Garb-ı Tahtani
غرب جانبى عربانى,Garb Canibi Urbanı
غرب شمالى,Garb-ı Şimali
غرب فوقانى,Garb-ı Fevkani
غرب ميون,Garb-ı Miyun
غرب و عمركان,Garb ve Ömerkan
غربئ امد,Garbi-i Amid
غرباوه,Gırbava
غرباوچه,Gırbavçe
غربلان,Gırbelan
غربه و رحبه,Garbe ve Rahbe
غربى طوشان,Garbitavşan
غربى لبنان,Garbi Lübnan
غربيه,Garbiye
غرجان,Gariçan (Garican)
غرزان,Garzan
غرزان مع حصن كيف,Garzan maa Hısn-ı Keyf
غرغر,Gargar
غرغرم,Gurgurum
غرغروفچه,Gırgorofça
غرغورفچه,Gırgorofça
غرغوروفچه,Gırgorofça
غره بونه,Grabuna
غروچقه,Groçka
غريان,Garyan
غريلوسسا,Grilussa
غرّاف,Garraf
غرچيقه,Groçka (Groçika)
غرژغال,Garajgal
غزه,Gazze
غزه و رمله و مجدل,Gazze ve Remle ve Mecdel
غزه ورمله ومجدل,Gazze ve Remle ve Mecdel
غزّه,Gazze
غستوار,Gostivar
غسطا,Gusta
غسطون,Gastun
غطايى,Gatayi
غفاره (؟),Gıfara (?)
غفرياد,Gaferyad
غلارو,Glaro
غلارونيسى,Glaronisi
غلاسينچه,Glasinçe
غلاطه,Galata
غلام,Gulam
غلاموج,Glamoç
غلاموچ,Glamoç
غلاواش,Glavaş
غلطه,Galata
غلوحاويچه,Gluhaviçe
غلوس,Golos
غلوس مع ارغلاستى,Golos maa Argalasti
غلوسا,Glosa
غلوغوسقه,Glogoska
غلوغوفچه,Glogofça
غلوهاويجه,Gluhaviçe
غلوچاويجه,Gluçaviçe
غليته,Galite
غلُوصْ,Golos
غماس,Gammas
غنجه ايدين,Goncaaydın
غنم,Ganem
غواثى,Gavasi
غوبن,Guben
غوتا جيدان,Guta Cidan
غودارو,Godaro
غودوميليه,Godomilye
غور,Gavr
غورانجه,Gorance
غوراژده,Gorajde
غورغشفجه,Gorgoşofça
غوره,Gora
غوره مه,Gorama
غورونا,Guruna
غورچى,Gorçi
غورژده,Gorajde
غوزدانسقى,Gvozdanski
غوستنجقه,Gostençka
غوستنچقه,Gostençka
غوسطا,Gusta
غوسينه,Gusine
غوسينه مع ناحيۀ دربناق,Gusine maa Nahiye-i Drobnak (?)
غوشقواق,Koşukavak (Goşukavak)
غوشمانچه,Goşmaniçe
غوطه,Guta
غوطه و المرج,Guta ve'l-Merc
غولاق,Golak
غولاق بالا,Golak-ı Bala
غولباره,Golubara
غولت,Gulet
غولو,Golo
غومارا,Gumara
غوماره,Gumara
غونچه آيدين مع صارى شيخ,Goncaaydın maa Sarışeyh
غويساليچه,Goysaliçe
غَبْرُوَه,Gabrova
غَدَامِس,Gadamis
غَدْوه,Gadduva
غَرٌبِيّه,Garbiye
غُرْيان,Garyan
فات,Fatsa (Fat)
فاتر,Fatir
فاتسه,Fatsa
فاتسه مع صاتلمش,Fatsa maa Satılmış
فاجت,Facet
فارسكه,Fariske
فارسى,Farisi
فارماكوزا,Farmakoza
فاره,Fare
فاس,Fas
فاش,Faş
فاشر,Faşir
فاصللر,Fasıllar
فاصللو,Fasıllar (Fasıllı)
فاضللر,Fasıllar (Fazıllı)
فاكيه,Fakiye
فالقونرا,Falkonera
فالوجه,Faluce
فالچي مع هوش,Falçi maa Huş
فانو,Fano
فانى,Fani
فاو,Fav
فاوانيانا,Favanyana
فتح اسلام,Feth-i İslam
فتحيه,Fethiye
فتوح,Fütuh
فحران,Fahran
فخرى,Fahri
فرار,Ferar
فراشارى,Fraşari
فراغوستن,Fragostin
فراغوستين,Fragostin
فراغونيس,Faragonis
فراقين,Ferrakin
فرانسز,Fransız
فرانقونيس,Frankonis
فرانچه ولايتي,Françe Vilayeti
فرت,Fırt
فرتك,Fertek
فرح,Ferruh
فرحكرمان,Or
فرسان,Ferasan
فرسان صغير,Ferasan-ı Sagir
فرسان كبير,Ferasan-ı Kebir
فرشارى,Fraşari
فرط,Fırt
فرقى,Fırkı
فرموده,Fermude
فرموده و ابو الخير مع بوجاق,Fermude ve Ebulhayr maa Bucak
فرنس,Fırnıs
فرنك حصارى,Frenkhisarı
فرنك قستلى,Frenkkasteli
فرنيس,Fırnıs
فره,Fire
فره جك,Ferecik
فرور,Ferur
فريزويك,Firizovik
فزان,Fizan
فساطو,Fessatu
فسرك,Fisirik
فسريك,Fisirik
فسطو,Fessatu
فسلكا و كرمه,Feslikan (Fesleka) ve Gereme
فسلكان,Feslikan
فسول,Fasul (?)
فسيرك,Fisirik
فشنه,Feşne
فضللر,Fasıllar (Fazıllar)
فطيسه,Futayse
فقى دره سى,Fakıderesi
فكله مع اوسكودر,Fikle maa Üsküdar
فكه,Feke
فكورنيك,Fegivernik
فل نميت,Felnemit
فلات,Filat
فلبه,Filibe
فلبه مع ناحيۀ كوپسى,Filibe maa Nahiye-i Küpsi
فلبه مع نواحى,Filibe maa Nevahi
فلتوت,Feltot
فلجه تين,Felcetin
فلشمارت,Felşömart
فلشو صولنق,Felşösolnok
فلشوح,Felşöç (Felşöh (?))
فلك,Filek
فلكه,Felege
فلمنك ولايتي,Felemenk Vilayeti
فلناق,Felnak
فله,File
فلوجه,Felluce
فلوردين,Flordin
فلورنه,Florina
فلورينه,Florina
فلوميئا,Filomia
فليوس,Filyos
فليپ,Filip
فليپ ويل,Filipvil
فليپين اطه لرى,Filipin Adaları
فنار,Fener
فنار مع پارغه,Fener maa Parga
فنار و قرديجه,Fener ve Kardiçe
فنارس,Fenaris
فنارس مع افراز,Fenaris maa İfraz
فنارلك,Fenerlik
فناريس,Fenaris
فندقلى,Fındıklı
فندك,Findik
فنديك,Findik
فنغارى,Fengari
فنك,Fenk
فنكه,Finike
فنكه مع اكدير و قارديج,Finike maa İğdir ve Kardiç
فنكه و اكردير و قارديچ,Finike ve İğdir (Eğirdir) ve Kardiç
فنوقس پنائييا,Fenokas Panayiya
فنيكه,Finike
فهرطو,Feherto
فوباس,Fubas
فوتيانيسى اطه جغى,Fotiyanisi Adacığı
فوجه,Foça
فودوار,Födvar
فورمنترا,Formentera
فورنوز,Furnoz
فورنى,Furni
فورنيس,Furnis
فورور,Forur
فوشتان,Fuştan
فوطه,Fota
فوق الطّريق,Fevkattarik
فوكارد,Fogarad
فول,Fol
فونود,Fonod
فونيا,Foniya
فونيه,Foniya
فوچه,Foça
فوچه جديد,Foça-i Cedid
فوچه عتيق,Foça-i Atik
فوچه مع وينوغان,Foça maa Voynugan
فوچۀ جديد,Foça-i Cedid
فوچۀ عتيق,Foça-i Atik
فيتنى,Fitena
فيدوز,Fidoz
فيدونيسى,Fidonisi
فير,Fiyer
فيرزويك,Firizovik
فيروز,Firuz
فيروزلى,Firuzlu
فيزان,Fizan
فيلات,Filat
فيلم,Feylem
فيلنوس,Filnos
فيلورينه,Florina
فيليوس,Filyos
فيمناكى,Fiminaki
فينكه,Finike
فيوم,Feyyum
فيّوم,Feyyum
فَره جِك,Ferecik
فَساطو,Fessatu
فَشْنَه,Feşne
فَيُّوم,Feyyum
فُوباس,Fubas
فِنِكَه,Finike
قائدى,Kaidi
قائم,Kaim
قابتول,Kaptol
قابررا,Kabrera
قابره را,Kabrera
قاتاوولو,Katavolo
قاترو,Katro
قاتوخوريو,Katohoryo
قاتوش,Katoş
قاتوقفونيزى,Katokufonizi
قاتومه,Katuma
قاجاغانى,Kaçagani
قاجاغره لى,Kaçağralı
قاددو,Kaddu
قاديرغه,Kadırga
قارا,Kara
قاراووله,Karavola
قاراوى,Karavi
قارباس,Karpas
قارتاس,Kartas
قارتال مع آيدوس,Kartal maa Aydos
قارتل مع آيدوس,Kartal maa Aydos
قارتنه,Karitena
قارجكان,Karçikan
قارداميله,Kardamile
قارده ميله,Kardamile
قارديوتيرا,Kardiyotira
قارديچه,Kardiçe
قارش,Karaş
قارشديران,Karışdıran
قارشلئ كبير,Karşılı-i Kebir
قارشلى,Karşılı
قارشولئ صغير,Karşılı-i Sagir
قارشيلى,Karşılı
قارص مرعش,Kars-ı Maraş
قارص مع اندرين,Kars-ı Maraş (Kars) maa Andırın
قارصندى,Karsandı
قارصيندى,Karsandı
قارطوز مع كسمه,Kartoz maa Kesme
قارغين,Kargın
قارفى,Kafirni
قارقار,Karkar
قارلوفچه,Karlofça
قارلوه,Karlova
قارلى,Karlı
قارلى ايلى,Karlıili
قارلىِ ايلىِ,Karlıili
قارلي ايلى,Karlıili
قارلي ايلي,Karlıili
قارمارى,Karmarı
قاره,Kara
قاره كوى,Karaköy
قارو,Karu
قاروونا,Karvuna
قارى بازارى,Karıpazarı
قارى پازارى,Karıpazarı
قاريتنه,Karitena
قاريتين,Karyeteyn
قاريجق,Karıcık
قاريس,Karyes
قاريم,Karım
قاريمش,Karımış
قارين,Karin
قاريه پولى,Karyapoli
قاريوت,Karyot
قاريوط,Karyot
قارپاس,Karpas
قارپاص,Karpas
قارچقان,Karçikan
قارچكان,Karçikan
قارچيكان,Karçikan
قاز,Kaz
قازآباد,Kazabad
قازاباد,Kazabad
قازاباد مع عشائر,Kazabad maa Aşair
قازانلى,Kazanlı
قاسترسيانقه,Kastrisyanika
قاسترو,Kastro
قاستوريا,Kastorya
قاسم اوغلى,Kasımoğlu
قاسونيزى,Kasonizi
قاسيدى,Kasidi
قاش,Kaş
قاش مع عشائر,Kaş maa Aşair
قاش يكيجه,Kaşyenice
قاشقلى,Kaşaklı
قاشنيت,Kaşnit
قاشوت,Kaşot
قاشوط,Kaşot
قاشيك,Kaşik
قاضى شهرى,Kadışehri
قاضى كوى,Kadıköy
قاضى ويران,Kadıviran
قاضي كويى,Kadıköyü
قاضي لى,Kadılı
قاضيكوى,Kadıköy
قاطاويا,Katavya
قاطاويه,Katavya
قاطيه,Katya
قاغزمان,Kağızman
قاف,Kınık (Kaf (?))
قاقوسى,Kakosi
قاقون,Kakun
قاكيراه,Kakirah
قالامباقه,Kalambaka
قالاموتى,Kalamoti
قالاموس,Kalamos
قالان دره,Kalandere
قالانه سيه اطه لرى,Kalanasya Adaları
قالاورا,Kalavra
قالغه سلطان,Kalgasultan
قالقان دلان,Kalkandelen
قالقان دلن,Kalkandelen
قالقاندلن,Kalkandelen
قالقانلو,Kalkanlı
قالقانلى,Kalkanlı
قالقونيزى,Kalkonizi
قالكلو مع الوانلى,Kalınlı maa Elvanlı
قالمت,Kalmet
قالمنوس,Kalimnos
قالو فر,Kalofer
قالوفاناس,Kalofanas
قالوكرو,Kalogero
قالولمنى,Kalolimni
قالوليمنو,Kalolimno
قالوليمونيه اطه لرى,Kalolimoniye Adaları
قالونيا,Kaloniye
قالونيه,Kaloniye
قالونْيه,Kaloniye
قالويان,Kaloyan
قالويرى اطه لرى,Kaloyiri Adaları
قالويريس,Kaloyeris
قالي براولي,Kalibravulu
قاليك ويران,Kalınviran
قاليمنوس,Kalimnos
قالين ويران,Kalınviran
قالينويق,Kalinovik
قالِمْنوس,Kalimnos
قاماموقو,Kamamoko
قامبرو,Kambro
قامبو,Kampo
قامجاق,Kamiçak
قاممنى,Kammeni
قامنسقه,Kameniska
قاميشلى,Kamışlı
قاميلا,Kamila
قامينلاكى,Kaminlaki
قامپو,Kampo
قامپوفورميو,Kampoformiyo
قانا,Kana
قاندره,Kandıra
قاندرى,Kandıra
قانديليوسه,Kandilyosa
قانلى اطه,Kanlıada
قانلى اطه لر,Kanlı Adalar
قاننه,Kanine
قانو (؟),Kanu
قاهره,Kahire
قاوالوس,Kavalos
قاورسپاثا,Gavorsipasa
قاورلوى,Kaverluy
قاولير,Kavaliyer
قايدارى,Kaydari
قايدرونيزون,Kaydaronizon
قايى,Kayı
قاييلر و فناريس,Kayılar ve Fenaris
قاپتول,Kaptol
قاپروار,Kaprivar
قاپرونى,Kaproni
قاپريوار,Kaprivar
قاپريور,Kaprivar
قاپطول,Kaptol
قاپوتا,Kapota
قاپولنه,Kapolna
قاچا,Kaça
قاچاغانى,Kaçagani
قاچاغره لى,Kaçağralı
قاچنيك (؟),Kaçanik (?)
قاچى,Kaçi
قبا آغاج,Kabaağaç
قبا حيدر,Kabahaydar
قبا صقال,Kabasakal
قبا قوز,Kabakoz
قبائل عربان بريه,Kabail-i Urban-ı Berriye
قبائل نوغاى,Kabail-i Nogay
قباخور,Kabahor
قباصقال,Kabasakal
قباق,Kabak
قباله,Kabala
قبالى,Kabalı
قبان,Kaban
قبانى,Kubani
قباو,Kabav
قبجاق,Kıbçak
قبر صغير,Kabr-i Sagir
قبرس,Kıbrıs
قبريس,Kıbrıs
قبله,Kıble
قبه,Kubbe
قبو طاغى,Kapudağı
قبيطه,Kubeyta
قبيلة الظفير,Kabiletüzzafir
قبيلۀ العبيد,Kabile-i el-Abid
قبيلۀ اورومبت اوغلى,Kabile-i Urumbetoğlu
قبيلۀ اولاد شبل,Kabile-i Evlad-ı Şibl
قبيلۀ اولادِ يتزان,Kabile-i Evlad-ı Yetzan
قبيلۀ باغرغان,Kabile-i Bağırgan
قبيلۀ بنى حكيم,Kabile-i Benihakim
قبيلۀ خلايق,Kabile-i Halayık (?)
قبيلۀ ربانيّه,Kabile-i Ribaniye
قبيلۀ رجبان,Kabile-i Receban
قبيلۀ زنتان,Kabile-i Zintan
قبيلۀ طباش سباع,Kabile-i Tabaş Siba
قبيلۀ وارنه,Kabile-i Varna (?)
قترين,Katerin
قترين مع بلاطمنه,Katerin maa Platimana
قترين مع پلاطمنه,Katerin maa Platimana
قترينه,Katerine
قتورسقه,Kotorska
قتيف,Katif
قثله,Ksele
قدرينچه,Kudrinçe
قدس,Kudüs
قدس اريحا,Kudüs Eriha
قدم الصغير,Kademüssagir
قدم الكبير,Kademülkebir
قدموس,Kadmus
قدو,Kaddu
قر جه شهر,Karacaşehir
قرا جه شهر,Karacaşehir
قرا حصار دولو,Karahisar-ı Develi
قرا قورت,Karakurt
قراآطه,Karaada
قراته,Karata
قراجه اواسي,Karacaovası
قراجه اوحد,Karacaevhad
قراجه اوغلى,Karacaoğlu
قرادل,Karadil
قرادى نيسى اطه جغى,Karadinisi Adacığı
قراسته,Karasta
قراش,Karaş
قراشوه مع بطلنيك,Kraşova maa Vitinlik (Bitilnik)
قراشوه مع ويطينليك,Kraşova maa Vitinlik
قراطه,Karata
قراطوه مع معدن,Kratova maa Maden
قراغيلر,Kırağılar
قراقو,Krakov
قرال,Kral
قرامبوزا,Karamboza
قران شبش,Karanşebeş
قراندا,Karanda
قرانيا,Kranya
قرانيه,Krayna (Kranya)
قرانيه مع نواحى,Krayna (Kranya) maa Nevahi
قراوارى,Kravari
قراوى,Karavi
قراويا,Karaviya
قراى جديد,Kura-yı Cedid
قرايلى,Kırili
قراينه مع نواحى,Krayna maa Nevahi
قراچوه,Kraçova
قرباس,Karpas
قرباوه,Kırbava
قربيه,Karbiye
قرتال مع اطه لر,Kartal maa Adalar
قرتنه,Karitena
قرجه صو,Karacasu
قرجه على,Kırcaali
قرجه لر,Karacalar
قرجوه,Kırçova
قرداحه,Kardaha
قرداشلر,Kardaşlar
قرداميله,Kardamile
قرديچه,Kardiçe
قرزولارى,Kurzolari
قرستواچ,Kristovaç
قرستوش,Karastoş
قرستوشيه,Kristoşiye
قرستوشييه,Kristoşiye
قرسنه,Krasne
قرشهرى,Kırşehri
قرشوه,Kruşova
قرطوه,Kratova
قرغالى,Kırgalı
قرق آغاج,Kırkağaç
قرق آغاچ,Kırkağaç
قرق اغاج,Kırkağaç
قرق اغاچ,Kırkağaç
قرق بولاق,Kırkbulak
قرق ديليم,Kırkdilim
قرق كليسا,Kırkkilise
قرقير,Kırkyer
قرم ام سمروع,Karam Ümm-i Semeru
قرمان,Karaman
قرمانلو,Karamanlı
قرمق,Karamık
قرمق مع شفيق,Karamık maa Şefik
قرميط,Kırmıt
قرن,Karn
قرن آباد,Karinabad
قرندوس,Korindos
قرنه و صدر سويب,Kurna ve Sadr-ı Suveyb
قرنين,Karneyn
قره آبدال,Karaabdal
قره آدا,Karaada
قره آطه,Karaada
قره آغاج يلواج,Karaağaç-ı Yalvaç
قره آغاج گول حصار,Karaağaç-ı Gölhisar
قره ارض,Karaarz
قره اطه,Karaada
قره اغاج,Karaağaç
قره اغاج كولحصار,Karaağaç-ı Gölhisar
قره اغاج كولحصارى,Karaağaç-ı Gölhisar
قره اغاج مع افشار,Karaağaç-ı Yalvaç (Karaağaç) maa Afşar
قره اغاج يلواج,Karaağaç-ı Yalvaç
قره اغاج گولحصار,Karaağaç-ı Gölhisar
قره اغاچ,Karaağaç
قره اغاچ يلواچ,Karaağaç-ı Yalvaç
قره اولوس,Karaulus
قره باغ,Karabağ
قره باغلر اطه لرى,Karabağlar Adaları
قره باغچه,Karabahçe
قره برك,Karaberk
قره برون,Karaburun
قره بك,Karabey
قره بل,Karabel
قره بوجيلو,Karaböcülü
قره بورن,Karaburun
قره بورون,Karaburun
قره بوه صوىي,Krabova Suyu
قره بيغا,Karabiga
قره بيقلو,Karabıyıklı
قره بيقلى,Karabıyıklı
قره بيكار,Karapınar
قره بيل,Karabel
قره بيل مع بكطاغى,Karabel maa Beydağı
قره بيل مع عشيرت گينلى و زاره و باليجابلى و جهانبگلى,Karabel maa Aşiret-i Ginili ve Zara ve Balıcablı (?) ve Cihanbeyli
قره تكه,Karahisar-ı Teke (Karateke)
قره تل حمدون,Karatilhamdun
قره تنوس,Karatonus
قره تيمورخان,Karatimurhan
قره تپه,Karatepe
قره جالر,Karacalar
قره جلر,Karacalar
قره جه,Karaca
قره جه آباد,Karacaabad
قره جه اباد,Karacaabad
قره جه اغاج,Karacaağaç
قره جه اوغلان مع سكى,Karacaoğlan maa Seki
قره جه حصار,Karacahisar
قره جه شهر,Karacaşehir
قره جه صالح,Karacasalih
قره جه صو,Karacasu
قره جه طاغلو,Karacadağlı
قره جه قيونلو,Karacakoyunlu
قره جه كوى,Karacaköy
قره جه لر,Karacalar
قره جه لو,Karacalı
قره جه لى,Karacalı
قره جه ويران,Karacaviran
قره جورون,Karacurun
قره جيجه لى مع قلعه جك,Karaciceli maa Kalecik
قره حاجيلو,Karahacılı
قره حايط,Karahayıt
قره حرمن,Karaharman
قره حسن,Karahasan
قره حصار بهرام شاه,Karahisar-ı Behramşah
قره حصار بهرام شاه مع قبيلۀ چينى واحسان خانه لرى,Karahisar-ı Behramşah maa Çepni (Kabile-i Çini) ve İhsanhaneleri
قره حصار بهرامشاه,Karahisar-ı Behramşah
قره حصار بهرم شاه,Karahisar-ı Behramşah
قره حصار بيغا,Karahisar-ı Biga
قره حصار تكه,Karahisar-ı Teke
قره حصار تكه مع ناحيۀ بشقوناق,Karahisar-ı Teke maa Nahiye-i Beşkonak
قره حصار تيمورلى,Karahisar-ı Demirli
قره حصار دمورلو,Karahisar-ı Demirli
قره حصار دوه لو,Karahisar-ı Develi
قره حصار شرقى,Karahisar-ı Şarki
قره حصار شرقى مع نواحى,Karahisar-ı Şarki maa nevahi
قره حصار شرقي,Karahisar-ı Şarki
قره حصار شرقی,Karahisar-ı Şarki
قره حصار مع قير حصار,Karahisar-ı Sahib (Karahisar) maa Kırhisar
قره حصار و اغجه قلعه,Karahisar ve Ağcakale
قره حصارتكه,Karahisar-ı Teke
قره حصارتيمورجى,Karahisar-ı Demirli (Karahisar-ı Timurci)
قره حصاردمورلو,Karahisar-ı Demirli
قره حصاردمورلو و بوداق اوزى,Karahisar-ı Demirli ve Budaközü
قره حصاردمورلى,Karahisar-ı Demirli
قره حصارشرقى,Karahisar-ı Şarki
قره حصارلو,Karahisarlı
قره حصارو يحيالو,Karahisar-ı Develi (Karahisar) ve Yahyalı
قره حليل,Karahalil
قره حوض,Kırahvaz
قره حيط,Karahayıt
قره خليل,Karahalil
قره دره,Karadere
قره دكز,Karadeniz
قره دكز بغازي,Karadeniz Boğazı
قره دكز ساحلى,Karadeniz Sahili
قره دكن,Karadiken
قره دكيز,Karadeniz
قره ديكين,Karadiğin
قره شار,Karaşar
قره صو,Karasu
قره صو بازارى,Karasupazarı
قره صو تماق,Karasutamak
قره صو سفلا,Karasu-yı Süfla
قره صو طماق,Karasutamak
قره طاش,Karataş
قره طاش كوى,Karataşköy
قره طاش و اوغادى,Karataş ve Avgadı
قره طاغ اوزى,Karadağözü
قره طروق,Karadoruk
قره طغان,Karadoğan
قره طوت,Karatut
قره طوره,Karatura
قره طوروق,Karadoruk
قره طوكه,Karadona
قره طونلو,Karadonlu
قره طوه,Kratova
قره طووا,Kratova
قره طوپراق,Karatoprak
قره على,Karaali
قره عيسالو,Karaisalı
قره عيسالو مع عشيرت منمنجى,Karaisalı ve Aşiret-i Menemenci
قره عيسالو مع عشيرت مَنَمَنْجى,Karaisalı ve Aşiret-i Menemenci
قره عيسى لو,Karaisalı
قره عيسى لو مع حاجيلو,Karaisalı maa Hacılı
قره غان,Karagan
قره فريه,Karaferye
قره قلقان و شانشى,Karakalkan ve Şanşi
قره قورت,Karakurt
قره قوش,Karakuş
قره قوشلو,Karakuşlu
قره قوشلى,Karakuşlu
قره قولاق,Karakulak
قره قونيچه,Karakoniçe
قره قيا,Karakaya
قره قيالى,Karakayalı
قره كوز,Karagöz
قره كول,Karagöl
قره كوللى,Karagöllü
قره كوى,Karaköy
قره كوى اوتلغى,Karaköyotlağı
قره كيجى,Karakeçi
قره كچى,Karakeçi
قره لر,Karalar
قره لوم,Karalom
قره لوم مع بولميه,Karalom maa Polomiye
قره مان,Karaman
قره مرسل,Karamürsel
قره مغاره,Karamağara
قره مق,Karamık
قره مق مع جاى,Karamık maa Çay
قره مورط,Karamurt
قره مُرْسَل,Karamürsel
قره همشين,Karahemşin
قره وادى,Karavadi
قره وار,Karavar
قره وارى,Kravari
قره وقرجه طاغ,Kara ve Karacadağ
قره وليلر,Karaveliler
قره ويا,Karaviya
قره ويران,Karaviran
قره يازى,Karayazı
قره يازي,Karayazı
قره يقه,Karayaka
قره يكيد,Karayiğid
قره يوك,Karayün
قره پرچك صغير,Karapürçek-i Sagir
قره پرچك كبير,Karapürçek-i Kebir
قره پكار,Karapınar
قره پيكار,Karapınar
قره پيڭار,Karapınar
قره چالى,Karaçalı
قروشوه,Kruşova
قروصونا,Krosona
قرون,Koron
قرووچه,Karavuça
قرويه,Kruya
قرويچه,Kriviçe
قروپا,Krupa
قروپه,Krupa
قرى بازارى,Karıpazarı
قرى طاش,Karataş
قرى يايا,Karıyaya
قريتين,Karyeteyn
قريذي,Karizi
قريش اوزى,Kureyşözü
قريش مع برندى,Kureyş maa Berendi
قريش مع ديوله,Kureyş maa Divle
قريق,Kırık
قريقلى,Karıklı (?)
قريم,Kırım
قريم عتيق,Kırım-ı Atik
قرين,Kurayn
قرين آباد,Karinabad
قرين آباد مع يانبولى,Karinabad maa Yanbolu
قرين اباد,Karinabad
قرينا,Karina (?)
قريوط,Karyot
قريوه رقه مع كريلوه,Krivarika maa Krileva
قريوه ريقه,Krivarika
قريچا,Kriça
قرپاس,Karpas
قزاق,Kazak
قزاق ولايتي,Kazak Vilayeti
قزان,Kazan
قزانجق,Kazancık
قزق,Kızık
قزل اطه,Kızılada
قزل اغاج,Kızılağaç
قزل اوز,Kızılöz
قزل اوه,Kızılova
قزل بل,Kızılbel
قزل بيل,Kızılbel
قزل حصار,Kızılhisar
قزل حصار كبير,Kızılhisar-ı Kebir
قزل رباط,Kızılribat
قزل سراى,Kızılsaray
قزل قوجه,Kızılkoca
قزل كول,Kızılgöl
قزل كوپرى,Kızılköprü
قزل يارلى,Kızılyarlı
قزلجه,Kızılca
قزلجه طوزله,Kızılcatuzla
قزلجه على,Kızılcaali
قزلجه قشلاجق,Kızılcakışlacık
قزلجه قلعه,Kızılcakale
قزلجه مسَلّم,Kılızcamüsellem
قزلحسار,Kızılhisar
قزلحصار,Kızılhisar
قزلحصارِ كبير,Kızılhisar-ı Kebir
قزلرباط,Kızılribat
قزلطاش,Kızıltaş
قزلقوجه,Kızılkoca
قزنيك,Koznik
قزيق,Kızık
قزيل آغاج,Kızılağaç
قزيل اطه,Kızılada
قزيل اغاج,Kızılağaç
قزيل بل,Kızılbel
قزيل بيكلى,Kızılbeyli
قزيل بيل,Kızılbel
قزيل حصار,Kızılhisar
قزيل رباط,Kızılribat
قزيل سراى,Kızılsaray
قزيل طاش,Kızıltaş
قزيل طاغ,Kızıldağ
قزيل قوجه,Kızılkoca
قزيل مع قورى قواق,Kızıl maa Kurukavak
قزيل ويران,Kızılviran
قزيلجه قلعه,Kızılcakale
قزيلچاقچاق,Kızılçakçak
قسبروفچه,Kasperofça
قستان,Kastan
قستل,Kastel
قستل افرنج,Kastel-i Efrenç
قستل بحريه,Kastel-i Bahriye
قستللوز,Kastelloz
قسطل,Kastel
قسطمونى,Kastamonu
قسطمونى مع ناحيۀ آق قيا,Kastamonu maa Nahiye-i Akkaya
قسطمونى مع نواحى,Kastamonu maa Nevahi
قسطموني,Kastamonu
قسطنطين,Kostantin
قسطنطين اوه,Kostantinova
قسوط,Kaşot (Kasot)
قشران,Kışran
قشلاغات,Kışlağat
قشوط,Kaşot
قصاب,Kasab
قصبۀ خندق مع بالقلى,Hendek (Kasaba-i Hendek) maa Balıklı
قصر جبل,Kasr-ı Cebel
قصر شيرين,Kasr-ı Şirin
قصر عنتر (؟),Kasr-ı Anter (?)
قصون,Kusun
قصون مع كولك,Kusun maa Gülek
قصون مع گولك,Kusun maa Gülek
قصون مع گُولَكْ,Kusun maa Gülek
قصون و كولك و تكلو,Kusun ve Gülek ve Tekeli
قصير,Kusayr
قصير مع قره موط,Cebel-i Kusayr (Kusayr) maa Karamut
قصيمه,Kusayma
قضاء ثلثه,Kaza-i Selase
قضالي,Kazalı (?)
قضيكوى,Kadıköy
قطاع الطريق,Kuttauttarik
قطافيه,Katafiye
قطب جنوبى,Kutb-ı Cenubi
قطب شمالى,Kutb-ı Şimali
قطة ابو تفاح,Kıta Ebutüffah
قطر,Katar
قطران,Katran
قطرانجى آطه لرى,Katrancı Adaları
قطرانچه,Katraniçe
قطرسراى,Katarsaray
قطرون,Katrun
قطنا,Katana
قطنه,Kutna
قطه ترمبه,Kıta Terumba
قطيف,Katif
قطيفه,Kutayfe
قعطبه,Kataba
قغزمان,Kağızman
قفاعى,Kıfai
قفر بري,Kafr Berri
قفره,Kufra
قفصه,Kafsa
قلادندره,Kaladendra
قلادنه,Kladine
قلادينه,Kladine
قلادينه مع الوه,Kladine maa Olova
قلادينه مع اولوه,Kladine maa Olova
قلاع الدعوه,Kılaüddava
قلاع دوحوك و مناخو و راخو,Kıla-ı Duhuk ve Manaho ve Zaho
قلاع دوهوك و مناخو و زاخو,Kıla-ı Duhuk ve Manaho ve Zaho
قلاع عقره و كلى دير,Akra (Kıla-ı Akra) ve Killideyr
قلاع عقره وكل دير,Akra (Kıla-ı Akra) ve Killideyr
قلاع عقره وكلّى دير,Akra (Kıla-ı Akra) ve Killideyr
قلاع پير احمد اوغلي,Kıla-ı Pirahmedoğlu
قلاغوز,Kulağuz
قلاماته,Kalamata
قلامته,Kalamata
قلامو,Kalamo
قلاموتى,Kalamoti
قلاموس,Kalamos
قلاموطى,Kalamoti
قلاموپولو,Kalamopolo
قلاوانى اطه لرى,Kalavani Adaları
قلاورته,Kalavrita
قلاورته مع ووستنجه,Kalavrita maa Voştiçe (Vostinçe)
قلاورته و باليه بادره,Kalavrita ve Balyabadra
قلاچه,Kalaça
قلبرن,Kılburun
قلبرون,Kılburun
قلعة الرماد,Kaletürramad
قلعة الشمر,Kaletüşşemer
قلعة النجم,Kalatünnecm
قلعه,Kale
قلعه ديز,Kalediz
قلعه غازي خضرى,Kale-i Gazi Hadra
قلعه كوى,Kaleköy
قلعه نما دره سى,Kalenimaderesi
قلعۀ آغجه قلعه,Kale-i Ağcakale
قلعۀ اذكان و قلعۀ ارغيف و توتوس دمسغار (؟),Kale-i Ezgan (?) ve Kale-i Argif (?) ve Totosdimisgar (?)
قلعۀ ارزين,Kale-i Erzin
قلعۀ اسكنيد,İskinid (Kale-i İskinid)
قلعۀ اچو,Kale-i Açu
قلعۀ جديد,Kale-i Cedid
قلعۀ جديد سيواس,Kale-i Cedid-i Sivas
قلعۀ حكل,Kale-i Hakl
قلعۀ ديزه,Kale-i Dize
قلعۀ زير,Kale-i Zir
قلعۀ سكر,Kale-i Sükker
قلعۀ سلطا نيه,Kale-i Sultaniye
قلعۀ سلطا نيّه,Kale-i Sultaniye
قلعۀ سلطانيه,Kale-i Sultaniye
قلعۀ سيواله,Kale-i Sivke (Sivale)
قلعۀ سيوكه,Kale-i Sivke
قلعۀ عبدالله,Kale-i Abdullah
قلعۀ عزور (؟),Kale-i Azur (?)
قلعۀ كمحنص وبناك وبريك وپشكير وبوسنك,Kale-i Kemhıs (Kemhınıs) ve Penek ve Berik (?) ve Penesker (Peşkir) ve Posik (Bosnik)
قلعۀ لنتي,Kale-i Lenti
قلعۀ لوانه باش قپان واشكفتوز ورجيك,Livane (Kale-i Livane Başkapan) ve İşkeftoz ve Recik (?)
قلعۀ مشوه,Kale-i Maşova (?)
قلعۀ هيتون,Kale-i Heytun
قلعۀ واره دين,Varadin Kalesi
قلعۀ وسريه (؟),Kale-i Vesirye (?)
قلعۀ ويران شمكور,Kale-i Viranşemkür
قلعۀ يكيجه,Kale-i Yenice
قلعۀ پسك (؟),Kale-i Pesek (?)
قلعۀ چمنتو,Kale-i Çiminto
قلقان مع قاش,Kalkanlı (Kalkan) maa Kaş
قلقاندلان,Kalkandelen
قلقاندلن,Kalkandelen
قلقانلو,Kalkanlı
قلقانلى,Kalkanlı
قلقش,Kılkış
قلقيش,Kılkış
قلمون,Kalemun
قلنوز,Klinoz
قلنيه,Klenye
قله لى برغوس,Kulelibergos
قلو فر,Kalofer
قلوبق,Klobuk
قلوبوق,Klobuk
قلوج,Kluç
قلومبه,Kolomba
قلونيه,Kaloniye
قلوپتنك,Klopotnik
قلوپوتنك,Klopotnik
قلوپوتنيك,Klopotnik
قلوچ,Kluç
قليجلو,Kılıçlı
قليسوره,Klisura
قليعه,Kuleya
قليمنوس,Kalimnos
قلينه,Kaline
قليوبيه,Kalyubiye
قليچلو,Kılıçlı
قليچلى,Kılıçlı
قلّتين جديدتين,Kuleteyn-i Cedideteyn
قلۀ كوپرى اغريبوز,Kule-i Köprü-i Ağrıboz
قماح,Kummah
قمارى,Kamari
قماريانى,Kamaryani
قماريك,Kamarik
قماعره,Kamaira
قمان,Kaman
قمران و اقوه,Komaran ve Akova
قمن العروس مع زاويه,Kımenülarus maa Zaviye
قمنجه,Kameniçe
قمنيس,Kaminis
قمنيچه,Kameniçe
قمنچه,Kameniçe
قمه,Kummah
قموتين,Komotin
قمولوس,Kimolos
قنات,Kanat
قناريا اطه لرى,Kanarya Adaları
قناسيه,Kanasiye
قنالو اطه,Kınalıada
قنبرلر بالا,Kanberler-i Bala
قنجلو,Kancalı
قندره,Kandıra
قندره مع گنجلو,Kandıra maa Genceli
قندرى,Kandıra
قندرى مع كنجلو,Kandıra maa Genceli
قندله,Kandila
قندهار,Kandahar
قندوره مع گنجلو,Kandıra maa Genceli
قنديرى مع كنجلى,Kandıra maa Genceli
قنديرى مع كنجيلى,Kandıra maa Genceli (Gencili)
قنطره بوغزي,Kantara Boğazı
قنطره و نعيم,Kuneytıra (Kantara) ve Naim
قنغال,Kangal
قنق,Kınık
قنلى اطه,Kınalıada
قنه لى اطه,Kınalıada
قنه مع قصير,Kına maa Kusayr
قنوش,Konuş
قنيطره,Kuneytıra
قنيطره / القنيطره,Kuneytıra
قو,Ko
قواته,Kovata
قواج,Kovaç
قوارونيسى اطه لرى,Kavoronisi Adaları
قواس,Kovas
قواسنچ,Kovasinç
قواق,Kavak
قواقلى,Kavaklı
قواقلى دره,Kavaklıdere
قواله,Kavala
قوالوس,Kavalos
قوالَه,Kavala
قوايا,Kavaya
قوايه,Kavaya
قوبا,Kuba
قوباش,Kobaş
قوبر,Kubber
قوبيل دول,Kobildol
قوتلو دكين,Kutludiğin
قوتلوفجه,Kutlofça
قوتلونيس,Kotolonis
قوتلى دره,Kutludere
قوتورسقا,Kotorska
قوج,Kuç
قوجاجق,Kocacık
قوجاق,Koçak
قوجاينه,Kuçayna
قوجحصار,Koçhisar
قوجقدر,Kocokdor
قوجكيرى,Koçgiri
قوجه,Koca
قوجه اوزى,Kocaözü
قوجه ايلى,Kocaeli
قوجه ايلي,Kocaeli
قوجه باش,Kocabaş
قوجه على,Kocaali
قوجه قياسى,Kocakayası
قوجه چاى,Kocaçay
قوجوه و نيقوديم,Kuçeva ve Nikodim
قوجَه ايلى,Kocaeli
قودا,Kuda
قوراقو,Korako
قوراكى,Koraki
قورباغى,Kurbağı
قوربن,Kurbin
قوربنه,Korpana
قوربين,Kurbin
قورجق (؟),Bertiz (Kurucak (?))
قورد,Kurd
قوردوفان,Kurdufan
قوردومت,Kurdumit
قورزاف,Korzaf
قورسقه ژوپه,Korskajupe
قورشته,Koreşta
قورشه دول,Kurşedol
قورشونلو كليسا,Kurşunlukilise
قورشونه,Kuruşuna
قورشوه,Kruşova
قورفو,Korfu
قورقماز,Korkmaz
قورماكيتي,Kormakiti
قورنا,Kurna
قورناكيا,Kurnakiya
قورندوس,Korindos
قورنه,Kurna
قوره,Kura
قوره نيك,Kurenik
قورو بازارى,Korupazarı
قورو چاى,Kuruçay
قوروجه شيله,Kurucaşile
قوروم,Korum
قورون,Koron
قوروى همايون,Koru-yı Hümayun
قورى بازارى,Korupazarı
قورى بيكار,Kurupınar
قورى جاى,Kuruçay
قورى قواق,Kurukavak
قورى پازار,Korupazarı
قورى پازار مع نعللوخان,Korupazarı (Korupazar) maa Nalluhan
قورى پازارى,Korupazarı
قورى چاى,Kuruçay
قوريانيك,Kuryanik
قوريتوس,Koritos
قوريجه شيله,Kurucaşile
قوريجى,Korucu
قوريقواق,Kurukavak
قوريلوچه,Kurilovça
قوريه وصدرصويت ومحمل,Kurna (Kurye) ve Sadr-ı Suveyb (Sadr-ı Suveyt) ve Muhmel
قوريچاى,Kuruçay
قورپنه,Korpana
قورچولا,Kurçola
قورچوله,Kurçola
قوز اباد,Kuzabad
قوز ايل,Kuzil
قوز قشله,Kuzkışla
قوز يقه,Kuzyaka
قوزارجه,Kozarçe
قوزارچه,Kozarçe
قوزاق,Kozak
قوزاق مع فسلكه,Kozak maa Fesleğe
قوزان شرقى,Kozan-ı Şarki
قوزان غربى,Kozan-ı Garbi
قوزانه,Kozana
قوزاى ارزنجان,Kuzeyerzincan
قوزاى كماح,Kuzeykemah
قوزاى كماخ,Kuzeykemah
قوزاى پاسين,Kuzeypasin
قوزاي,Kuzey (Ardahan-ı Küçük)
قوزاي اولتى,Kuzeyoltu
قوزجغاز,Kozcuğaz
قوزجه,Kuzca
قوزقشله,Kuzkışla
قوزقيا,Kozkaya
قوزقيشله,Kuzkışla
قوزكولجك,Kuzgölcük
قوزلق,Kozluk
قوزلو,Kozlu
قوزلى,Kozlu
قوزليجه,Kozluca
قوزنيق,Koznik
قوزنيك,Koznik
قوزى كودنلى,Kuzugüdenli
قوزى كودنلى عشيرتى,Kuzugüdenli Aşireti
قوزيب صولنق,Kozibsolnok
قوزيقا,Kuzyaka
قوزيقه,Kuzyaka
قوزيچان,Kızuçan (Kuziçan)
قوسوه,Kosova
قوش آطه سى,Kuşadası
قوش اطه سى,Kuşadası
قوش اطه سي,Kuşadası
قوش اطه لرى,Kuş Adaları
قوش اووا,Kuşova
قوش تپه,Kuştepe
قوش طاش,Kuştaş
قوش طاغى,Kuşdağı
قوشتمر,Kuştemur
قوشتمر و قره قيالو,Kuştemur ve Karakayalı
قوشتمور,Kuştemur
قوشطاش,Kuştaş
قوشقه,Koşka
قوشقه مع نيونه,Koşka maa Niyona
قوشقواق,Koşukavak
قوشلات,Kuşlat
قوشلى عشيرتى,Kuşlu Aşireti
قوشمشاد,Koşmuşad
قوشيقواق,Koşukavak
قوصور,Kosor
قوصوه,Kosova
قوطقوفجى,Kutkofci
قوطو دره سى,Kutuderesi
قوطى دره سى,Kotideresi
قوغه جايرى,Koğaçayırı
قوفجغاز,Kofcuğaz
قوفه,Kufa
قوفونيزى,Kofonizi
قوفيدى,Kofidi
قوقالى,Kukali
قوقله,Kukla
قوقنوفچه,Kokinofça
قوقينوفچه,Kokinofça
قوكر,Konur
قوكور,Konur
قول اطه,Kulada
قول اوغلى,Kuloğlu
قول اوغلى باش اغالغى,Kuloğlu
قول محمود,Kulmahmud
قولات,Kolat
قولاشين,Kolaşin
قولاغوز,Kulağuz
قولتك,Koltik
قولتيك,Koltik
قولجق,Kolçak
قولحضراوغلى,Kulhızıroğlu
قولقواچ,Kulokovaç
قولن وقف,Kulenvakıf
قولن وقفى,Kulenvakfı
قوله لى برغوس,Kulelibergos
قوله مع چاقرجه,Kula maa Çakırca
قوله وقزل ارباط وزنكى اباد,Kula ve Kızılribat (Kızılirbat) ve Zengiabad
قولوس,Kolos
قولوكتييا,Kolokitiya
قولونيا,Kolonya
قولونيه,Kolonya
قولپاق و عراقلو,Kulpak ve Araklı
قولۀ بالاى غلطه,Kule-i Bala-yı Galata
قوم قلعه,Kumkale
قوماح,Kummah
قومار,Komar
قوماران,Komaran
قوماراوزى و مناخوس,Kumarözü ve Manahos
قومارن,Komaran
قوماريد,Kumarid
قومران,Komaran
قومرى,Kumru
قومصور,Komsor
قومليجه,Kumluca
قومنات,Komenat
قومنات و جنجفه,Komenat ve Cincife
قومنات و كافرنى,Komenat ve Kafirni
قومه صور,Komasor
قوموثى,Kumusi
قومى,Kumi
قومياد,Komyad
قوناغى,Konağı
قوناق پيكار,Konakpınarı
قوناقلى,Konaklı
قوندو مخو,Kondomiho
قونديه,Kondiye
قونطونيس,Kontonis
قونلونيسى,Konlonisi
قونملات,Konomlat
قونيجه,Koniçe
قونيه مع نواحى,Konya maa Nevahi
قونيچه,Koniçe
قووارجه,Kovarçe
قويطع,Kuveyta
قويطع ثلثِ عكّار,Kuveyta [maa] Sülüs-i Akkar
قويطعِ جبيل,Kuveyta-i Cübeyl
قويق,Kuveyk
قويلحصار,Koyluhisar
قويلو حصار,Koyluhisar
قويلوج,Koyluç
قويلوحصار,Koyluhisar
قويلى حصار,Koyluhisar
قوينه,Kvoyna
قويون آغيلى,Koyunağılı
قويوه,Koyva
قوپ مع بولانقليز و عشيرت ممكى,Kop maa Bulanakliz ve Aşiret-i Memeki
قوپاتوس,Kopanos
قوپاكى,Kupaki
قوپانيك,Kopanik
قوپلاد,Koplad
قوپنك,Kupinik
قوپنيك,Kupinik
قوپورنوه,Kopornova
قوپوريك,Koporik
قوپينك,Kupinik
قوپَان,Kopan
قوچ حصار,Koçhisar
قوچ على,Koçali
قوچاق,Koçak
قوچاينه,Kuçayna
قوچحصار,Koçhisar
قوچحصار مع اسبكشان اين اوى,Koçhisar maa Esbkeşan-ı İnevi
قوچكيرى,Koçgiri
قوچوميتى,Koçomiti
قوچى,Koçi
قوژل اووه,Kojulova
قوژول اوه,Kojulova
قوژول اووه,Kojulova
قوڭر,Konur
قوڭرپه,Konrapa
قوڭور,Konur
قيا,Kaya
قيالر,Kayalar
قياپا,Kayapa
قير ايلى,Kırili
قير حصار,Kırhisar
قيراجوه,Kraçova
قيرايلى,Kırili
قيرجه على,Kırcaali
قيرجوه,Kırçova
قيرحصار,Kırhisar
قيرزاوه,Kırzava
قيرشهرى,Kırşehri
قيرشهري,Kırşehri
قيرميل,Kırmıl
قيره طوه,Kratova
قيروان,Kayravan
قيريق,Kırık
قيريق مندول,Kırık-ı Mindaval
قيزل ايرمق,Kızılırmak
قيزلجه,Kızılca
قيزيل ايرمق,Kızılırmak
قيصالو,Kısalo
قيطع,Kayta
قيل برون,Kılburun
قيل بورون,Kılburun
قيلدونلى,Kıldonlu Cemaatleri
قيلقيش,Kılkış
قيلْ بُرُون,Kılburun
قيماس,Kaymas
قيمولوس,Kimolos
قينار,Kaynar
قيناق,Kaynak
قينه لى اطه,Kınalıada
قيو محمودى,Kuyumahmudi
قيوجاق,Kuyucak
قيوجق,Kuyucak
قيولحصار,Koyluhisar
قيون ايلى,Koyuneli
قيون تپه,Koyuntepe
قيون دپه,Koyuntepe
قيى,Kayı
قَتَرِينْ مع بلاطمنه,Katerin maa Platimana
قَره اَرْض,Karaarz
قَسْتَلْ,Kastel
قَسْطمُونى,Kastamonu
قَلْيُوبِيّه,Kalyubiye
قَمَنُ العروس مع زاويه,Kımenülarus (Kamenülarus) maa Zaviye
قَوزْليجَه,Kozluca
قَيْرَوان,Kayravan
قُصير,Kusayr
قُوريِچَاىْ,Kuruçay
قُوس,Kus
قُونيچَه,Koniçe
قِنَه مع قُصَير,Kına maa Kusayr
قپان,Kapan
قپروار,Kaprivar
قپرور,Kaprivar
قپنوه,Kapinova
قپو اغزى,Kapuağzı
قپو طائفسى,Kaputaifesi
قپو طائفه سى,Kaputaifesi
قپو طاغى,Kapudağı
قپو كوى,Kapuköy
قپو محمودى,Kapumahmudi
قپودان برغازى,Kapudanburgazı
قپودانلق دريا,Kapudanlık-ı Derya
قپوداني,Kapudani
قپوريك,Koporik
قپوش,Kapoş
قپوشوار,Kapoşvar
قپوطاغي,Kapudağı
كا راز,Karaz
كابل,Kabil
كاحته,Kahta
كاخته,Kahta
كاختى و كركر,Kahta ve Gerger
كاخيد,Kahid
كارجقان,Karçikan
كارجكان,Karçikan
كاركار,Karkar
كارو,Karu
كارير,Karir
كارچكان,Karçikan
كاشعت,Kaşat (?)
كاظميه,Kazımiye
كاظميه و جواديه,Kazımiye ve Cevadiye
كاغدكنان,Kağıdkonan
كاف مع عمدون و مكنه و سنان و تستور و طبرسوق,Kef (Kaf) maa Amdun ve Mikne ve Sinan ve Testur ve Tabersuk
كاف مع عَمْدُونْ و مِكْنَه و سِنانْ و تَسْتُور و طَبَرْسُوقْ,Kef (Kaf) maa Amdun ve Mikne ve Sinan ve Testur ve Tabersuk
كافرنى,Kafirni
كافرني,Kafirni
كافورنى و توزانلو,Kafirni ve Tozanlı
كالو,Kallo
كالور,Kalur
كان,Kan
كانغرى,Kengırı
كانغرى مع قره جه ويران,Kengırı maa Karacaviran
كاهكك,Kahkik
كاودول,Gavdul
كاوركان,Gavurgan
كاوروان,Gavrevan
كاوورذى,Gavurzi
كاوورزى,Gavurzi
كبامه,Gebeme
كبان معادن همايون,Keban Maadin-i Hümayunu
كبرولى,Köprülü (?)
كبسل,Kebsil
كبسود,Kepsud
كبسيل,Kebsil
كبشه,Kebişe
كبمه,Gebeme
كبن,Geben
كبه مه,Gebeme
كبيسه,Kubeyse
كبّر,Kübber
كتاتس,Kütatis
كتاتيس,Kütatis
كتاى حورات,Kitayhorad
كتاى حوراد,Kitayhorad
كته,Kite
كته قيا الى,Kite Kayaili
كته مع بروسه,Kite maa Bursa
كته مع ناحيۀ جبل عتيق,Kite maa Nahiye-i Cebel-i Atik
كتهل,Kethel
كتور,Kötür
كثير,Kusir
كجكه,Geçge
كجنوس,Koçanos
كجوان,Geçvan
كدك,Gedik
كدك چبق,Gedik-i Çubuk
كدكجيق,Gedik-i Çubuk
كدكچبق,Gedik-i Çubuk
كدكچبوق,Gedik-i Çubuk
كده غره و غازيلر اوجاغى,Vezirköprü (Kedegara) ve Gaziler Ocağı
كدوس,Gedüs
كدوس مع قصبۀ شبخانه,Gediz (Gedüs) maa kasaba-ı Şabhane
كدول,Güdül
كديز,Gediz
كرار,Kerar
كراسيه,Kirasiye
كرامكا,Keramena
كرامڭا,Keramena
كرانس,Gerenis
كراى,Giray
كربران,Kerburan
كربلا,Kerbela
كربلا و نجف,Kerbela ve Necef
كربوران,Kerburan
كرتوان,Kertuvan
كرج,Kerc
كرجانس,Gercanis
كرجانس مع كماح,Gercanis maa Kemah
كرجانيس,Gercanis
كرجوش,Gercüş
كرخ جهتى,Kerh ciheti
كرده,Gerede
كردى,Gerdi
كردى [مع] هريكى,Gerdi [maa] Heriki
كردى مع چيناره,Kürdi maa Çınare
كرديك,Gerdik
كرر,Kerar
كرز الياس,Gürzilyas
كرزه,Gerze
كرزه و سراى,Gerze ve Saray
كرسئ بولى,Kürsü-i Bolu
كرسو,Kerso
كرسى,Kürsi
كرشوه,Kreşova
كرفتو,Keraftu
كرفتو و كوره قلا,Keraftu ve Gürekale
كرك,Kerek
كرك شبك,Kerek-i Şubek
كرك شوبك,Kerek-i Şubek
كرك نوح النبى,Kerek-i Nuhnebi
كركر,Gerger
كركر و كاخته,Gerger ve Kahta
كركه ناج,Kerkenac
كركوتلى,Kerkütlü
كركوك,Kerkük
كركوك شروان,Kerkük Şirvan
كركى,Gireği
كركيس,Gerenis
كركيل,Görgil
كرلاباد,Kirilabad
كرليه,Kirliye
كرمات,Germat
كرماستى,Kirmasti
كرمان شاهان,Kirmanşahan
كرمتر,Germiter
كرمرود,Keremrud
كرمكى,Girmeği
كرمل,Kermel
كرمن,Kermen
كرمنات,Kremenat
كرموجك,Germücek
كرمى,Girmeği (Girmi)
كرميان,Germiyan
كرميد,Kiremid
كرميل,Kirmil
كرميلى,Germili
كرمچ,Kirmiç
كرمگي,Girmeği
كرنح,Kernih
كرند,Kerend
كرنكير,Giringir
كرنيچه,Kerniçe
كره تنه,Keretine
كره ده,Gerede
كره ده لى,Geredeli
كره سون,Giresun
كره شوه,Kreşova
كره كوسك,Giregösek
كره كى,Gireği
كره كى و التون طاش,Gireği ve Altıntaş
كره منات,Kremenat
كره موتى,Kiremuti
كروانسراى,Kervansaray
كرون,Gürün
كروّس,Kerevvus
كرياكى,Kiryaki
كريتا,Krita
كريز يقاسى,Gerizyakası
كريش,Geriş
كريلوه,Krileva
كريلوه مع قريوه رقه,Krileva maa Krivarika
كرينه بولكه سى,Gerine bölgesi
كريه,Gerye
كريوه ريقه,Krivarika
كريچقه,Kriçka
كريچقه_x001C_,Kriçka
كرپ,Kerpe
كرپه,Kerpe
كرپى,Kerpi
كرپي,Kerpi
كرچ,Kireç
كرچقه,Kriçka
كرچكان,Karçikan
كرچلى,Kireçli
كرژغال,Garajgal
كزه مع زپره نه,Geze (?) maa Zeprene (?)
كزّاز,Kezzaz
كسامو,Kisamo
كسان,Kisan
كستانبولى,Kestanbolu
كستانه,Kestane
كستره,Göstere
كستل,Kestel
كستنيچ,Kösteniç
كستوج,Kestuc
كسره,Kesre
كسروان,Kisrevan
كسريجه,Kesriçe
كسريه,Kesriye
كسريّه,Kesriye
كسكانلو عشيرتى,Keskanlı Aşireti
كسكم,Kiskim
كسكيم,Kiskim
كسكين قلعجك,Keskin-i Kalecik
كسكين قلعه جك,Keskin-i Kalecik
كسلنه,Keslene
كسندره,Kesendire
كسنديره,Kesendire
كسون,Kesriye (Kesven (?))
كسوه,Kisve
كش دره سى,Keşderesi
كشاب,Keşab
كشاف,Keşşaf
كشان مجيديه,Keşan Mecidiye
كشتاسب,Guştasb
كشرلوى صغير و كبير,Keşirli (Keşirli-yi Sagir ve Kebir)
كشلو,Keşli
كشلو و ارملو و بولاجله و تاتار و قره بوجيلو و قره حاجيلو و بخشش و كوردجى و صندللو و خير ايللو و قبطيان,Keşli ve İremli ve Bulacalı ve Tatar ve Karaböcülü ve Karahacılı ve Bahşeş ve Kürdeci ve Sandallı ve Hayrilli ve Kıbtiyan
كشم,Kişm
كشنوز,Keşanoz
كشيش,Keşiş
كشيشلك,Keşişlik
كشّاف,Keşşaf
كصور,Kosor
كف,Kef
كفالنيه,Kefalonya
كفالوس,Kefalos
كفالونيا,Kefalonya
كفالونيه,Kefalonya
كفر تحارم,Kefreteharim
كفراور,Kefraver
كفرة حاريم,Kefreteharim
كفرديز,Keferdiz
كفرطاب,Kefertab
كفرنجه,Küfrence
كفرى,Kifri
كفكن,Kefken
كفل,Kifl
كفندر,Küfündür
كفندير,Küfündür
كفه,Kefe
كفه قصبه سى,Kefekasabası
كفوزى,Kefozi
كفيل,Kufil
ككبوزه مع طاش كوپرى,Gekboze maa Taşköprü
ككله,Kikle
ككليك,Keklik
ككه برد,Kekeberd
ككوه,Kekova
كل بغچه,Gülbağçe
كلادره,Gladra
كلارو,Glaro
كلاش ديكر,Kelaş-ı diğer
كلاش و الان,Kelaş ve Alan
كلام,Külam
كلان,Gilan
كلانكرن,Gelengeren (?)
كلانه ارزان,Kelane-i Erzan
كلاهلى,Külahlı
كلبازار بولى,Gölpazar-ı Bolu
كلبرد,Güleberd
كلدكلان,Geldiklan
كلريچ,Keleriç
كلزمان,Kilizman
كلستان,Gülistan
كلشهرى,Gülşehri
كلعنبر,Gülanber
كلغره,Keligra
كلفار,Kilifar
كلكيد وصداق,Kelkid ve Sadak
كلمغاد,Kilmigad
كلمغاد مع يقه جق,Kilmigad maa Yakacık
كلميغاد,Kilmigad
كلميه,Kelemiye
كلنار,Gülnar
كلنار مع كورة النور,Gülnar maa Küretünnur
كلناراووه جق,Gülnar Ovacık
كلنجك,Gelencik
كلندر,Kilindir
كلندره,Gilindire
كلندير,Kilindir
كلنديره,Gilindire
كلنكراس,Gelingiras
كلنوس,Gülnos
كله ريچ,Keleriç
كله موس,Kelemus
كلوج,Kluç
كلوچ,Kluç
كلى,Kili
كليبولى مع اجه اباد و قصبۀ سد البحر و كليد البحر,Gelibolu maa Eceabad ve Kasaba-i Seddülbahir ve Kilidülbahir
كليبولى مع نواحئ بولاير,Gelibolu maa nevahi-i Bolayır
كليبولى مع نواحى,Gelibolu maa Nevahi
كليسه حصار,Kilisehisar
كليسوره,Klisura
كليوره,Gelivera
كليوس بغدادجغى,Kilyos Bağdadcığı
كليچواج,Kliçovaç
كليچويچ,Kliçovaç (Kliçoviç)
كماح,Kemah
كماح و قورى جاى و كرجانس,Kemah ve Kuruçay ve Gercanis
كماخ,Kemah
كماريك,Kamarik
كمال پاشا,Kemalpaşa
كماللى,Kemalli
كمر,Kemer
كمر بورغاس,Kemerburgaz
كمر حميد,Kemer-i Hamid
كمر مع كولحصار,Kemer-i Hamid (Kemer) maa Gölhisar
كمرحميد,Kemer-i Hamid
كمرك,Gemerek
كمش,Gümüş
كمش حاجى كويى,Gümüşhacıköy
كمشحانه,Gümüşhane
كمشخانه,Gümüşhane
كمصور,Komsor
كمليك,Gemlik
كمليك و مدانيه,Gemlik ve Mudanya
كمندوار,Kemendvar
كموش,Gümüş
كموش حاجى كوى,Gümüşhacıköy
كموشخانه,Gümüşhane
كموشكون,Gümüşgün
كميت,Kumeyt
كميلى,Gemili
كنار اب طونه,Kenar-ı Ab-ı Tuna
كنار ارماق,Kenar-ı Irmak
كناربل,Kenarbel
كناربيل,Kenarbel
كنارس,Ginares
كنج,Genç
كنجلى,Genceli
كنجه,Gence
كنجه بصان,Gencebasan
كنجه لى,Genceli
كندهرك,Gindehrek
كندوان,Kenduvan
كنرش,Kenireş
كنزين,Kenzin
كنشت,Keneşt
كنغرى,Kengırı
كنغرى مع قره جه ويران,Kengırı maa Karacaviran
كنكان,Kenekan
كنكوش,Göngöş
كنن,Knin
كنه ز,Kenez
كنوريو,Kenoryo
كنوريو مع پيريوتيچه,Kenoryo maa Piryotiçe
كنوريو و پريوتيچه,Kenoryo ve Piryotiçe
كنوريو و پيريوتيچه,Kenoryo ve Piryotiçe
كنيز,Keniz
كنين,Knin
كه آ,Kea
كه دورونيزى,Kedoronizi
كه سته ل,Kestel
كه قووا,Kekova
كهابر,Kehabir
كهرام,Kehram
كهروز,Kehruz
كهريز,Kehriz
كهف,Kehf
كواخور,Kevahor
كوار,Gevar
كوارسليم,Gevarselim
كواش,Gevaş
كواش رشاديه,Gevaş Reşadiye
كواور,Govavar
كوبدره,Küpdere
كوبريلى,Köprülü
كوبسى,Küpsi
كوبك ويران,Göbekviran
كوبكويران,Göbekviran
كوبيان,Kübyan
كوتاتس,Kütatis
كوتاتس مع بغدادجق,Kütatis maa Bağdadcık
كوتالى,Kütalı
كوتاهيه,Kütahya
كوتاهيه مع طوشانلو,Kütahya maa Tavşanlı
كوتاهيه مع نواحى,Kütahya maa Nevahi
كوتاهيّه,Kütahya
كوتك,Kötek
كوتور,Kötür
كوتون,Kütün
كوجك,Göcek
كوجك باره,Küçükbare
كوجك بوغاز,Küçükboğaz
كوجك ده لوس,Küçükdelos
كوجك صوليجه,Küçüksuluca
كوجك قلعه,Küçükkale
كوجك پاقسو,Küçükpakso
كوجك چامليجه,Küçükçamlıca
كوجك چوقه,Küçükçuka
كوجنوس,Koçanos
كوحئ كبير,Kuhi-i Kebir
كودل,Güdül
كودنه,Gödene
كوده يوزى,Gödeyüzü
كودول,Güdül
كور,Gevar
كورا و انفه,Küre ve Enfe
كوراله,Görele
كوران,Goran
كورت قچاغى,Kürtkaçağı
كورتان,Kürtan
كورتل,Kürtül
كورتن بالا,Kürtün-i Bala
كورتن زير,Kürtün-i Zir
كورتون,Kürtün
كورتون بالا,Kürtün-i Bala
كورتون زير,Kürtün-i Zir
كورتون زير و بالا,Kürtün-i Zir ve Bala
كورجستان,Gürcistan
كورجين,Görçin
كورد,Kürd
كورد عشيرتى,Kürdaşireti
كوردس,Gördos
كوردفان,Kurdufan
كوردقران,Kürdkıran
كوردوس,Gördos
كورديلان,Kürdilan
كورزه لك,Gürzelik
كورزوت,Körzut
كورسواك,Korsuvak
كورفى,Korfu
كورك بصان,Kürekbasan
كورك قلعه,Kürekkale
كوركجى,Kürkçü
كوركجيلو,Kürkçülü
كوركيل,Görgil
كورلشن,Gürleşen
كورلك,Gürlek
كورمشلى,Kürmeşli
كورمند,Körmend
كورن,Güren
كورنه,Kürne
كورنه قيرايشته,Gornakrayişte
كورنه موراچه,Gornamoraça
كوره جك,Kürecik
كوره سلندى,Güre [ve] Selendi
كوره كه,Küreke
كوره لر,Güreler
كوره له,Görele
كوره مع ايان دون,Küre maa Ayandon
كوره مع سركه,Güre maa Sirge
كوره و انفه,Küre ve Enfe
كوره و سلندى,Güre ve Selendi
كورون,Gürün
كورويران,Gürviran
كورى,Gori
كوري,Gori
كورّانى,Kürrani
كورچين,Görçin
كورۀ حديد,Küre-i Hadid
كورۀ قويطع,Küre-i Kuvayta
كورۀ معموره,Küre-i Mamure
كورۀ نحاس,Küre-i Nühas
كورۀ نخاس,Küre-i Nühas
كورۀ وسطى,Küre-i Vusta
كورۀحاس,Küre-i Nühas
كوز / كور,Göz (Gür (?))
كوزل دره,Güzeldere
كوزلحصار ايدين,Güzelhisar-ı Aydın
كوزلحصار ايدين مع ناحيۀ قره پيكار,Güzelhisar-ı Aydın maa Nahiye-i Karapınar
كوزلحصار ايدين مع نواحى,Güzelhisar-ı Aydın maa Nevahi
كوزلحصار منمن,Güzelhisar-ı Menemen
كوزلحصارايدين,Güzelhisar-ı Aydın
كوزنه,Gözene
كوزه نه,Gözene
كوزيد,Gevezid
كوستره,Göstere
كوستره لك,Kösterelik
كوستن,Kösten
كوستنجه,Köstence
كوسه برونى,Köseburnu
كوسه دره سى,Kösederesi
كوسه لى,Köseli
كوسه مع لر سنانلو,Köseler maa Sinanlı
كوسيه,Kusiyye
كوشك دره سى,Köşkderesi
كوشك دره سى مع ناحيۀ چاكلى,Köşkderesi maa Nahiye-i Çanlı
كوصور,Kosor
كوطالى,Kütalı
كوفه,Kufe
كوفو اطه لرى,Kofo Adaları
كوفونيسى اطه جقلرى,Kofonisi Adacıkları
كوك آباد,Gökabad
كوك اباد,Gökabad
كوك اورن,Gökören
كوك اووه,Gökova
كوك اويوك,Gököyük
كوك ايرمق,Gökırmak
كوك ايوك,Gököyük
كوك دره,Gökdere
كوكانس و يغموردره سى,Koğans ve Yağmurdere (Yağmurderesi)
كوكب,Kevkeb
كوكبان,Kevkeban
كوكجه,Gökçe
كوكجه اوزى,Gökçeözü
كوكجه صو,Gökçesu
كوكجه طاغ,Gökçedağ
كوكجه لو,Gökçeli
كوكدره,Gökdere
كوكدين,Gökdin
كوكرجنلك,Güğercinlik
كوكرجنليك,Güğercinlik
كوكرجين,Güğercin
كوكرجين اطه لرى,Güğercin Adaları
كوكس,Kukes
كوكسون مع اندرين,Göksun maa Andırın
كوكصو,Göksu
كوكصى,Göksu
كوكيلى,Gevgili
كوكچه,Gökçe
كوكچه اطه,Gökçeada
كوكچه دكز,Gökçedeniz
كوكچه لو,Gökçeli
كوكچه لى,Gökçeli
كول,Göl
كول باشى,Gölbaşı
كول حسين,Gölhüseyin
كول طاغى,Göldağı
كول لك,Güllük
كول مرمره,Gölmarmara
كول مع صورقون,Göl maa Sorkun
كول مع طاطاى,Göl maa Daday
كول پيكار,Gölpınar
كولبازار بولى,Gölpazar-ı Bolu
كولبازارى مع لفكه,Gölpazar-ı Bursa (Gölpazarı) maa Lefke
كولجك,Gölcük
كولجك سفلا,Gölcük-i Süfla
كولجك عليا,Gölcük-i Ulya
كولحصار,Gölhisar
كولحصار حميد,Gölhisar-ı Hamid
كولحصار مع يايچه,Gölhisar maa Yayçe
كولحصار و ايرله,Gölhisar-ı Hamid (Gölhisar) ve İrle
كولخان,Gölhan
كولك,Gülek
كوللجۀ كبير و صغير,Göllüce-i Kebir maa Sagir
كوللك,Güllük
كوللى,Göllü
كوله صور,Gölesor
كوله كيرن,Gölegiren
كولو فونوس,Golofonos
كولورى,Kuluri
كولوفونوس,Kolofonos
كولوندور,Külündür
كولپازارى مع لفكه,Gölpazar-ı Bursa (Gölpazarı) maa Lefke
كولچ,Küleç
كومبت,Kümbet
كومبه,Gömbe
كومش,Gümüş
كوملان,Gümelen
كومنيجه,Gomaniçe
كومى,Gömü
كومين,Komin
كون يوزى,Günyüzü
كونان,Gönen
كونان حميد,Gönen-i Hamid
كونان و كچى بورلو,Gönen-i Hamid (Gönen) ve Keçiborlu
كوندوز,Gündüz
كونش,Güneş
كونشلر,Güneşler
كونك,Gönek
كونكوش,Göngöş
كونومايموايلى,Gonomaymoili
كونى ارزنجان,Güneyerzincan
كونى طاشكپرى,Güneytaşköprü
كونى كماح,Güneykemah
كونى كماخ,Güneykemah
كونى مع طاشكبرى,Güney maa Taşköprü
كونى معه ونك,Güney maa Vank
كونى يكيجه سى,Güney Yenicesi
كونى پاسين,Güneypasin
كوني ارزنجان,Güneyerzincan
كوني پنبك,Güneypenbek
كونيك,Göynük
كونيك مع كيغى,Göynük maa Kiğı
كونيه,Goniya
كونيه مع باطوم,Goniya maa Batum
كونيوزى,Günyüzü
كوه,Kuh
كوه دشت,Kuhdeşt
كوه زيد,Gevezid
كوه زيد و معادن اربعه مع قره حصار شرقى,Gevezid ve Maadin-i Erbaa maa Karahisar-ı Şarki
كوه ماردين,Kuh-ı Mardin
كوهستان,Kuhistan
كوهپايه,Kuhpaye
كوى,Hoy (Köy (?))
كوي,Hoy (Köy (?))
كوي جكز,Köyceğiz
كويت مع مَعامِر,Kuveyt maa Meamir
كويجكز,Köyceğiz
كويجگز,Köyceğiz
كوين (؟),Göben (Göyen (?))
كوينك,Göynük
كوينوك,Göynük
كوپرز,Küprez
كوپرلو,Köprülü
كوپرو حصار,Köprühisar
كوپروحصار,Köprühisar
كوپرولو,Köprülü
كوپرى,Köprü
كوپرى مع پراكين,Köprü maa Perakin
كوپريلو,Köprülü
كوپريلى,Köprülü
كوپسى,Küpsi
كوپل,Küplü
كوپلى,Küplü
كوپه لى,Küpeli
كوچاريد,Göçarid
كوچز,Köçez
كوچك اوه,Küçükova
كوچك باره,Küçükbare
كوچك باغچه,Küçükbağçe
كوچك بغچه,Küçükbağçe
كوچك حابور,Küçükhabur
كوچك خالكى,Küçükhalki
كوچك دره سى,Köçekderesi
كوچك ساداب,Küçüksadab
كوچك سرفو,Küçükserfo
كوچك سريغو,Küçükserigo
كوچك طوشان اطه لرى,Küçüktavşan Adaları
كوچك غاوذو,Küçükgavzo
كوچك قره صو,Küçükkarasu
كوچك قوفونيزه,Küçükkofonize
كوچك كوز,Küçükgöz
كوچك و بيوك روده,Küçük ve Büyük Ruda
كوچك ويران,Küçükviran
كوچك چكمجه,Küçükçekmece
كوچك چوقه,Küçükçuka
كوچنوس,Koçanos
كوچه باغات تبريز,Kuçebağat-ı Tebriz
كوچوك غالانيس,Küçükgalanis
كوچوك قويو,Küçükkuyu
كوچوك قيو,Küçükkuyu
كى,Kiy
كيتره,Kitre
كيته,Kite
كيدروس,Kidros
كيدوس مع قصبۀ شبخانه,Gediz (Gidos) maa kasaba-i Şabhane
كيدوس و شابخانه,Gediz (Gidos) ve Şabhane
كيدونيه,Kidonya
كير واسيلى,Kirvasili
كير وقور,Krevukor
كيرانس,Gerenis
كيرشوه,Kreşova
كيركى,Gireği
كيره,Geyre
كيره جك,Girecik
كيره سون,Giresun
كيره كوز,Giregöz
كيرواسيلى,Kirvasili
كيرياكى,Kiryaki
كيريقوس,Kiryakos
كيرپوزك,Kirpüzek
كيرچقه,Kriçka
كيزير,Kizir
كيسامو,Kisamo
كيسان,Kisan
كيسه مو,Kisamo
كيسوس,Kisos
كيسون,Keysun
كيش بنديك,Kişbenedik
كيش طوپوجان,Kiştopocan
كيغونيه,Kigonya
كيغى,Kiğı
كيغي,Kiğı
كيغيك,Kiğik
كيفسه,Kifse
كيك,Geyik
كيكل عشيرتى,Geygil Aşireti
كيكل و مودانلى جماعتلرى,Geygil ve Modanlı Cemaatleri (?)
كيكلر,Geyikler
كيكلى,Geyikli
كيكى,Kiki
كيكى خلجان,Kiki Halecan
كيكى چركان,Kiki Çerikan
كيكي,Kiki
كيل,Keyl
كيل و كتيبان,Keyl ve Küteyban
كيلان,Gilan
كيلان مع نوه برده,Gilan maa Novabırda
كيلى,Kili
كيلي,Kili
كيموش,Gimoş
كينزو,Kinzö
كينه روز,Kineroz
كينوريه,Kenoryo
كينوس,Kinos
كيوانك,Keyvank
كيوه مع اق حصار,Geyve maa Akhisar
كيوه نات,Kivenan
كييكلى,Geyikli
كيچى سنجانلو,Kiçisincanlı
كَاف مع عَمْدُونْ و مِكْنَه و سِنَانْ و تَسْتُورْ و طَبَرْسُوق,Kef (Kaf) maa Amdun ve Mikne ve Sinan ve Testur ve Tabersuk
كَرْپَه,Kerpe
كَشْلو,Keşli
كَفَه,Kefe
كُبَيْسه,Kubeyse
كُرْكيل,Görgil
كُوسِيّه,Kusiyye
كُوسْتَنْجَه,Köstence
كُولَه,Gule
كِلِى,Kili
كپز,Kepez
كپسود,Kepsud
كپسوط مع قصبۀ بلاط,Kepsud (Kepsut) maa Kasaba-i Balat
كچكلى,Gicikli
كچكمت,Keçkemet
كچكه,Geçge
كچنوس,Koçanos
كچوان,Geçvan
كچى سنجانلو,Kiçisincanlı
كچيك,Keçik
كچيلر و بيراملو,Keçiler ve Bayramlu
لآذِقِيَّه,Lazkiye
لؤنيس,Leonis
لئونيس,Leonis
لا دق,Ladik
لا ذقيه,Lazkiye
لا رنده,Larende
لا شيد,Laşid
لا لا باشا,Lalapaşa
لاب,Lab
لاباد,Labad
لابدوس,Labdos (?)
لابوۀ زير,Labova-i Zir
لاتذاده,Latzade
لاترونيسى,Latronisi
لاتن,Latin
لاتچوه,Latiçeva
لاجان,Lacan
لاجان زرزا,Lacan-ı Zerza
لاحقا,Lahka (?)
لاحنه قصرى,Lahanakasrı
لاديق,Ladik
لاديك,Ladik
لاذقيه,Lazkiye
لاذقيّه,Lazkiye
لارتيك,Lartik
لارسه,Larisa
لارنده,Larende
لازاره,Lazara
لازاره تنو,Lazaretto
لازقيه,Lazkiye
لازكيه,Lazkiye
لاس پالماس,Las Palmas
لاستوه,Lastva
لاسپى,Laspi
لاشيد,Laşid
لاشِيدْ,Laşid
لاغوسته,Lagosta
لاقاپرارا,La Kaprara
لاقه,Lakka
لاكوديا,Lakudiya
لامبه روز,Lambaroz
لامبيس,Lambis
لامپدوزه,Lampedusa
لانقاذا,Lankaza
لانقازه,Lankaza
لانقذا,Lankaza
لاهة,Lahe
لاپ,Lab
لاپسكى مع چارطاق,Lapseki maa Çardak
لاپچه,Lapça
لبده,Lebde
لبسوس,Lipsos
لبهوه,Libohova
لبوشقه,Lubuşka
لبوويك,Lipovik
لبويك,Lipovik
لتخور,Litohor
لجا,Leca
لجون,Leccun
لجّون,Leccun
لحسا,Lahsa
لحيه,Luhayye
لريوز,Leryoz
لريوز اطه سى,Leryoz Adası
لريوز جزيره سى,Leryoz Ceziresi
لزكى,Lezgi
لسحاط,Leshat
لسسان,Lissan
لسقاو,Liskav
لسقوجه,Leskofça
لسقوويچه,Leskoviçe
لسقويق,Leskovik
لسقويك,Leskovik
لسقويچه,Leskoviçe
لسك,Lesk
لسپوس,Lespos
لش,Leş
لش ما ليسياسى,Leş Malisyası
لفتره,Leftere
لفقامورى,Lefkamori
لفقو,Lefko
لفقو اطه لرى,Lefko Adaları
لفقوشه,Lefkoşa
لفقوشي,Lefkoşa
لفكه,Lefke
لفكوشه,Lefkoşa
لفچه,Lefçe
لقه,Lika
لقورس,Likurs
لمنى,Limni
لمنى جزيره سى,Limni Ceziresi
لمنى مع بوز بابا,Limni maa Bozbaba
لمني,Limni
لنجه,Luniçe
لندوز,Lindos (Lindoz)
لندوس,Lindos
لندوه,Lendeva
لنغراد,Lengrad
لنقزه,Lankaza
لنقضه,Lankaza
لنقظه,Lankaza
لنقظه و بغدان,Lankaza ve Boğdan
له ولايتي,Leh Vilayeti
لوا,Leva
لوادى,Livadi
لواديه,Livadiye
لواديّه,Livadiye
لوانه,Livane
لوانه و برتك,Livane ve Pertek
لوانه و پرتك,Livane ve Pertek
لوانۀ عليا,Livane-i Ulya
لوبشقه,Lubuşka
لوبنه,Lubine
لوبوچيك,Lubovçik
لود,Löd
لودريك,Ludrik
لورئ عليا,Lori-i Ulya
لوروس,Luros
لورى,Lori
لوري,Lori
لوز,Luz
لوشان طارم سفلا و عليا,Loşantarım-ı Süfla ve Ulya
لوشانجى,Loşanci
لوشديكن,Löşdiğin
لوط,Lut
لوفجه,Lofça
لوفچه,Lofça
لوفچه مع اتره بولى,Lofça maa Etrepoli
لوقاوچه,Lukaviçe
لوله برغوس,Lülebergos
لوم,Lom
لوم مع پولميه,Lom maa Polomiye
لوم و بولميه,Lom ve Polomiye
لومبونيا,Lumboniya
لومه,Luma
لومه قاليس,Luma Kalis
لوند,Levend
لونقوز,Lonkoz
لونچه,Luniçe
لوه,Leva
لويت و بيت الشباب,Livin (Livit) ve Beytüşşebab
لويتا,Levita
لويته,Levita
لويسى,Luvisi
لوپتنه,Luptine
لوچيچه,Luçiçe
لوچچه,Luçiçe
لوژنجه,Lujnica
ليبوشقه مع ايموچقه,Lubuşka (Libuşka) maa İmoçka
ليت,Lit
ليتخور,Litohor
ليجه,Lice
ليرا,Lira
ليز,Liz
ليس,Lis
ليسا,Lissa
ليسنا,Lesina
ليسّا,Lissa
ليف,Lif
ليف عليا,Lif-i Ulya
ليقه,Lika
ليقوريما,Likorima
ليل,Lil
ليلان,Leylan
ليماسول,Limasol
ليمان,Liman
ليمسول,Limasol
ليمنوس,Limnos
ليمنى,Limni
ليمون ازمير,Limon-ı İzmir
لينارى,Linari
لينه,Leyne
ليوادستروزه,Livadostroza
ليوادى,Livadi
ليواديه,Livadiye
ليوانه,Livane
ليونو,Livno
ليوين,Livin
ليپارا,Lipara
ليپسوقوتاله اطه جغى,Lipsokutala Adacığı
ليپوه مع رادنه,Lipova maa Radna
ليچيك,Liçik
لَاشيد,Laşid
لَحْسا مع قطيف,Lahsa maa Katif
لُوفْچَه,Lofça
لُومْ,Lom
لپانيچ,Lepaniçe
لپانيچه,Lepaniçe
لپانچ,Lepaniçe
لپسو طاقم اطه لرى,Lipso Takımadaları
لپسوس,Lipsos
لپنچه,Lepeniçe
لپورى,Lipori
لپويك,Lipovik
لچيك,Liçik
مئس,Meis
مات,Mat
ماتاروغا,Mataruga
ماتاروغه,Mataruga
ماتراكى,Matraki
ماتروغه,Mataruga
ماثه,Mase
ماجين,Maçin
ماحب بحر,Mahib-i Bahr
ماحيرى,Mahırı
مادراس,Madras
مادراك,Madrak
مادونا,Madona
ماذون,Mazun
ماراتو,Marato
ماراتونيزى,Maratonizi
ماراكى,Maraki
مارتاقلا,Martakala
مارجنه,Marçine
مارخو,Marho
مارداليج,Mardaliç
ماردلچ,Mardaliç
ماردين قوچحصار,Mardin Koçhisar
مارغاريتس,Margaritis
مارغليج,Margaliç
ماركش,Markeş
ماركى,Maraki
مارمار,Marmar
مارماره,Marmara
مارماريس ليمانى,Marmaris Limanı
ماره,Mara
ماروشه,Maroşa
ماروليه,Marula (Marulya)
مارونيه,Maroniye
ماروو,Marvo
مارچل,Marçal
مارچنه,Marçine
مازتو,Mazoto
مازكرد,Mazgird
مازكيرد,Mazgird
مازو طاغى,Mazıdağı
مازوتو,Mazoto
مازون,Mazun
مازين,Mazin
مازگرد,Mazgird
ماسرو,Masro
ماط,Mat
ماطالا,Matala
ماعرّه,Maarra
ماغلى,Mağlı
ماغوسه,Magosa
ماغون,Magun
ماغُوسَه,Magosa
ماقارييا,Makariya
ماقرا,Makra
ماقرونيس,Makronis
ماقرونيسى,Makronisi
ماقرونيسى اطه جغى,Makronisi Adacığı
ماقرى,Makri
ماقري,Makri
ماقرييا,Makriya
ماقلار,Maklar
ماقور,Makur
ماكغط,Mangıt
مالامون,Malamon
مالتپه,Maltepe
مالش,Maleş
مالقاص,Malakas
مالقاصره,Malakasra
مالك,Malik
مالولى نيسى,Malolinisi
مالونشيك,Malonşik
مالويز,Maleviz
ماليزى,Malizi
ماليسيا,Malisya
ماليسيه بالا,Malisya-i Bala
ماليه,Malya
مالَوِيزْ,Maleviz
ماماشارود,Mamaşarud
ماماله,Mamala
مامروان,Mamervan
ماموغه,Mamuga
مانا,Mana
مانجيلق,Mancılık
ماندجه,Mandiçe
ماندره,Mandıra
ماندلك (؟),Mandelik
ماندنه,Mandina
مانده كومه,Mendegüme
مانده مانده,Mandemande
ماندود,Mandud
مانديجه,Mandiçe
مانديره,Mandıra
مانديچه,Mandiçe
مانص,Mans
مانغت,Mangıt
مانغط,Mangıt
مانقاليه,Mankalya
مانكوب,Mangub
مانيا,Manya
مانياس,Manyas
مانيان,Manyan
مانيه,Manya
ماهرى,Mahiri (?)
ماوت,Mavet
ماور,Maver
ماوروه,Mavrova
ماوريك,Mavrik
ماوغه,Mavga
مايدوس,Maydos
مايورقا,Mayorka
ماپا ورى,Mapavri
ماچاخل,Maçahel
ماچقه,Maçka
ماچوۀ بالا,Maçova-i Bala
ماچوۀ زير,Maçova-i Zir
ماچين,Maçin
ماژانى,Majani
مبارك كرمان,Mübarekkirman
مباورى,Mapavri
متاولۀِ جبّة المنيطره و هَرْمِل,Metavile-i Cübbetülmüneytara ve Hermel
متبرهن,Metberhin
متروويچه,Mitroviçe
مترويچه,Mitroviçe
متروپولى,Mitropoli
متسقوه,Metisfov
متن مع توابع,Metn (Meten) maa tevabi
متوح,Metveh
متون,Moton
متوپى,Metopi
مجار,Macar
مجار سودين,Macar Svodin
مجدل,Mecdel
مجدل غزه,Mecdel-i Gazze
مجر كبير,Mecer-i Kebir
مجركبير,Mecer-i Kebir
مجريحان,Mecrihan
مجنكرد,Mecingerd
مجنگرد,Mecingerd
مجيد,Mücid
مجيد اوزى,Mecidözü
مجيد اوزى مع عشائر,Mecidözü maa Aşair
مجيديه,Mecidiye
محائل,Mihail
محابيس,Mehabis
محال زند و زنگنه و شيخان و داوده,Mahall-i Zend ve Zengene ve Şeyhan ve Davuda
محاويل,Mehavil
محاچ,Mohaç
محتسب,Muhtesib
محجه,Mehacce
محراب,Mihrab
محرزي,Mehrazi
محرق,Muharrak
محركان,Mihrikan
محصللق موره مع محافظلق انابولى,Mora (Muhassıllık-ı Mora) maa Muhafızlık-ı Anabolu
محصللق موره مع محافظلق قلعۀ انابولى,Mora (Muhassıllık-ı Mora) maa Muhafızlık-ı Kale-i Anabolu
محكمه,Mahkeme
محل متينان,Mahall-i Metinan
محلات و چفتلكات,Mahallat ve Çiftlikler
محلة الكبرى,Mahalletülkübra
محلة المرحوم,Mahalletülmerhum
محلة دَمَنَه,Mahalletü Demene
محلةُ دَمَنَه,Mahalletü Demene
محله,Mahalle
محله الكبرى,Mahalletülkübra
محلّةُ الكُبْرى,Mahalletülkübra
محلّةُ دَمَنَه,Mahalletü Demene
محلّه,Mahalle
محلۀ ابا على,Mahalle-i Ebaali
محمر,Mahmer
محمره,Muhammere
محمل شريف,Mahmil-i Şerif
محمليه,Muhammeliye
محمود بك,Mahmudbey
محمود شوكت پاشا,Mahmudşevketpaşa
محمودلر,Mahmudlar
محمودلى,Mahmudlu
محمودى,Mahmudi
محمودى قره صو,Mahmudi Karasu
محمودي,Mahmudi
محموديه,Mahmudiye
محويت,Mahvit
محيرجه,Muhayrice
مخا,Muha
مخائل,Mihail
مخادر,Mehadir
مخالچ,Mihaliç
مخدوملر,Mahdumlar
مخش,Muhuş
مخويت,Mahvit
مداق,Medak
مدانيه,Mudanya
مداوه,Modava
مداين,Medayin
مداين صالح,Medayin-i Salih
مدحتيه قلعه سى,Midhatiye Kalesi
مدرنى چهارشنبه,Mudurnu Çarşamba
مدللو,Midilli
مدللو مع يونده,Midilli maa Yunda
مدللى,Midilli
مدللى سنجاغى,Midilli Sancağı
مدللي,Midilli
مدللّو,Midilli
مدلّلو,Midilli
مدلّلوُ,Midilli
مدلّلى,Midilli
مدنه,Medene
مدوش,Moduş
مدوكه,Medvege
مدون,Medun
مدونيچه,Modoniçe
مدوه,Modava
مديات,Midyat
مديلّلو,Midilli
مدينه,Medine
مدينه منوره,Medine-i Münevvere
مدينۀ منوره,Medine-i Münevvere
مدينۀ منورّه,Medine-i Münevvere
مدينۀ منوّره,Medine-i Münevvere
مدينۀ مُنَوَّره,Medine-i Münevvere
مر كوزه,Mergüze
مرأت,Murat
مرابطين,Murabıtayn
مرابلو,Merabilo
مرابيلو,Merabilo
مراجقين,Meracıkayn (?)
مراد,Merc (Murad (?))
مراد صويي,Muradsuyu
مراد قولى,Muradkulu
مرادلى,Muradlı
مرادول,Maradol
مراط,Marrat
مراغه,Maraga
مراق,Marak
مرالظهران,Merrüzzahran
مرام,Meram
مربوط چفتلكات,Çiftlikat-ı Şarköy
مرتار,Murtar
مرتاضى اباد,Murtazaabad
مرتد,Mürted
مرتضى آباد,Murtazaabad
مرتضى اباد,Murtazaabad
مرج القبلى و الشمالى,Mercülkıbli ve'ş-Şimali
مرج القبلى و الشمالي,Mercülkıbli ve'ş-Şimali
مرج بنى عامر,Merc-i Beniamir
مرج عيون,Merc-i Uyun
مرج غوطه,Merc-i Guta
مرج مع شوبره شهاب,Merc maa Şubreti Şihab (Şubreşihab)
مرج و غوطه,Merc ve Guta
مرج وغوطه,Merc ve Guta
مرجان,Mercan
مرجعيون,Merc-i Uyun
مرجين و غوطه,Merceyn ve Guta
مرحيص,Merhis
مرد,Merd
مردانغم,Merdangım
مرديتا,Mirdita
مرزبان,Merzuban
مرزق,Murzuk
مرزوق,Murzuk
مرزيفون آباد,Merzifonabad
مرزيفون اباد,Merzifonabad
مرس قولى,Mürskulu
مرسوله,Mersula
مرطبان,Martaban
مرعش پازارجق,Maraş Pazarcık
مرقب,Merkab
مرقب و بانياس,Merkab ve Banyas
مرقب و خوابه و زمرين,Merkab ve Havabi ve Zimrin
مرقلعه (؟),Mirkale (?)
مرقو,Mrako
مركاوار,Mergevar
مركاوه,Mergava
مركب,Merkeb
مركز يانيه,Yanya
مركزر,Mergezer
مركور,Mergevar
مركوزه,Mergüze
مرلر,Merler
مرمر,Mermer
مرمرجك,Mermercik
مرمرس,Marmaris
مرمره,Marmara
مرمره اركلى,Marmara Ereğli
مرمره جق,Marmaracık
مرمره جك,Marmaracık
مرمره مع پاشا ليمانى,Marmara maa Paşalimanı
مرمريس,Marmaris
مرمريس رشاديه,Marmaris Reşadiye
مرمي,Mermi
مره,Merre (?)
مرونا,Merona
مرويك,Morovik
مريسم (؟),Merisim (?)
مرگه مع نواحى و پژدر مع عشيرت منگور و مامِش و رمك,Merge maa Nevahi ve Pijder maa Aşiret-i Mengür ve Mamiş ve Remek
مرگوزه,Mergüze
مزاراق,Mazarak
مزارق,Mazarak
مزارق مع مارغاليچ,Mazarak maa Margaliç
مزان شهرى,Mazanşehri
مزدغان,Mezdegan
مزده,Mizde
مزراق,Mazarak
مزرعه,Mezraa
مزرق,Mazarak
مزستره,Mizistre
مزستره و مغالى مانى,Mizistre ve Megalimani
مزقف,Mazakıf
مزكدان,Mezgidan
مزكيرد,Mazgird
مزواولود,Mezö Ölved
مزورى,Mezuri
مزورى و مزورئ بالا عشائرى,Mezuri ve Mezuri-i Bala Aşairi
مزيزاخ,Mizizah
مسا,Mesa
مسابلك,Mesablik
مساح,Messah
مساريه,Mesarya
مسالاشيت,Mesalaşit
مستانلى,Mestanlı
مستجاب,Müstecab
مستجب,Müstecab
مسترلمه,Müsterlime
مسجدلى,Mescidli
مسعوديه,Mesudiye
مسقط,Maskat
مسكره,Meskere
مسكن,Mesken
مسكنه,Meskene
مسلاته,Masallata
مسلاطه,Masallata
مسلطه,Masallata
مسلمان ايدين,Müselleman-ı Aydın
مسلمان ايدين و صاروخان و منتشا و قره سي و بيغا و حداوندكار و قوجه ايلي و سلطان اوكي,Müselleman-ı Aydın ve Saruhan ve Menteşe ve Karesi ve Biga ve Hüdavendigar ve Kocaeli ve Sultanönü
مسلمان ايدين و صاروخان وقراسى و منتشا و سلطان اوكى و حداوندكار,Müselleman-ı Aydın ve Saruhan ve Karesi (Karasi) ve Menteşe ve Sultanönü ve Hüdavendigar
مسلمان بولى,Müselleman-ı Bolu
مسلمان بولى و قسطمونى و انقره و كانقرى,Müselleman-ı Bolu ve Kastamonu ve Ankara ve Kengırı (Kankırı)
مسلمان بولي و قسطموني و انقره و كانقري,Müselleman-ı Bolu ve Kastamonu ve Ankara ve Kengırı
مسلمان تكه و منوغات,Müselleman-ı Teke ve Manavgat
مسلمان قرق كليسا,Müselleman-ı Kırkkilise
مسلمان كوتاهيه,Müselleman-ı Kütahya
مسلمان كوتاهيه و قره حصار صاحب و حميد,Müselleman-ı Kütahya ve Karahisar-ı Sahib ve Hamid
مسلمان كوتاهيه و قره حصار و حميد,Müselleman-ı Kütahya ve Karahisar-ı Sahib (Karahisar) ve Hamid
مسميه,Mismiye
مسمّعيه,Müsemmaiye (?)
مسور,Mesver
مسورى,Misivri
مسولى,Mesevli
مسيب,Müseyyib
مسيس,Misis
مسيس و آياس مع برندى,Misis ve Ayas maa Berendi
مسينه,Messina
مش,Mes (Meş (?))
مشابه,Meşabih
مشابيح,Meşabih
مشار,Muşar
مشارق جرار,Meşarık-ı Cerrar
مشاريق جرار,Meşarık-ı Cerrar
مشاريق جرّار,Meşarık-ı Cerrar
مشرأالرك,Meşreerrek
مشراء الرك,Meşreerrek
مشغره,Meşgara
مشغولورى,Meşgolori
مشقان,Mişkan
مشقللى,Meşkullu
مشقوفچه,Mişkofça
مشقوللى,Meşkullu
مشهد اباد,Meşhedabad
مشهد حسين,Meşhed-i Hüseyin
مشهداباد,Meşhedabad
مشيرات,Müşeyrat
مصاد,Masad
مصر,Mısır
مصر اصلى,Mısr-ı Asli
مصر عليا,Mısr-ı Ulya
مصر قاهره مع سويش و خانقاه,Kahire (Mısr-ı Kahire) maa Süveş ve Hankah
مصر وسطى,Mısr-ı Vüsta
مصراطه,Mısrata
مصرخديويتى,Mısır Hidiviyeti
مصرِ قاهره مع سويش و حانِقاه,Kahire (Mısr-ı Kahire) maa Süveyş ve Hanikah
مصطفالى,Mustafalı
مصطفى صوفيلر,Mustafasofular
مصطفى پاشا,Mustafapaşa
مصطفي بك,Mustafabey
مصطكى قريه لرى,Mastaki Karyeleri
مصوريجه,Masurica
مصوع,Massava
مصويا,Masoya
مصياف,Masyaf
مصياف و جبل كلبيه و جرد مصياف,Masyaf ve Cebel-i Kelbiye ve Cerd-i Masyaf
مصياف وقليعه,Masyaf ve Kuleya
مصياف وقليه,Masyaf ve Kuleya
مصيره,Masire
مصيرۀ صغرى,Masire-i Suğra
مصيّون و ناحيۀ طور,Masıyyun ve Nahiye-i Tur
مضرب,Madrab
مطح,Matah
مطخ,Matah
مطره,Madara
مطمور,Mutmur
مع بوز اويوك اين اوكى,Bozöyük maa İnönü
مع كشلى,Keşli
معادن اربعه,Maadin-i Erbaa
معادن همايون,Maadin-i Hümayun
معارض,Muarız
معارض اطه لرى,Muarız Adaları
معدان,Madan
معدن,Maden
معدن ايپك,Maden-i İpek
معدن كابى مع صامسون,Maden-i Kabi maa Samsun
معدن يانوه,Maden-i Yanova
معر الشحور,Maarruşşahur
معرالشهور,Maarruşşahur
معران,Maran
معرة المصرين,Maarratülmısrin
معرة النعمان مع ناحيۀ كفرطاب,Maarra (Maarratünnuman) maa Nahiye-i Kefrtab
معره,Maarra
معرّا,Maarra
معرّه,Maarra
معلقره,Malkara
معلقه,Muallaka
معمره,Mamere
معممورة العزيز,Mamuretülaziz
معمورة الحميد,Mamuretülhamid
معمورة العزيز,Mamuretülaziz
معموره,Mamure
معموريه,Mamuriye
معموريه وانامور,Mamuriye ve Anamur
معموريّه,Mamuriye
معّره,Maarra
مغاره و صاريز,Mağara ve Sarız
مغالو سوفرانو اطه لرى,Megalo Sofrano Adaları
مغالونيسى,Megalonisi
مغالى مانى,Megalimani
مغاليوريسى,Megalivirisi
مغان,Mogan
مغانجق,Mugancık
مغانيس,Meganis
مغاوز,Magaviz
مغاويز,Magaviz
مغرب,Mağrib
مغرب انس,Mağrib-i Anis
مغرب عنس,Mağrib-i Anis
مغربيه,Mağribiye
مغرس,Muarız
مغله بوزاويوك,Muğla Bozöyük
مغليج,Magliç
مغوسه,Magosa
مغيس,Mığıs
مفحق,Mefhak
مفلقان,Meflakan
مقاريا,Makariya
مقاسب,Mekasib
مقاطره,Mekatire
مقبنه,Makbene
مقرا,Makra
مقره,Mıkra
مقرو,Makro
مقرونيزى,Mikronizi
مقرى,Makri
مقرينچه,Makriniçe
مقرييا,Makriya
مقصودلى,Maksudlu
مقلار,Maklar
مقنوس,Mikonos
مقوا,Makava
مقورى عشيرتى,Makuri Aşireti
مكاسب,Mekasib
مكرم كومى,Mekrümgömü
مكرى,Mekri
مكرى مع سمادرك,Mekri maa Semadirek
مكرى مع فره جك,Mekri maa Ferecik
مكس,Müküs
مكنوس,Mikonos
مكه مكرمه,Mekke-i Mükerreme
مكو,Makü
مكور,Makur
مكوريچ,Megoriç
مكّۀ مكرّمه,Mekke-i Mükerreme
مكّۀمكرّمه,Mekke-i Mükerreme
مكۀ مكرمه,Mekke-i Mükerreme
ملا سليمان,Mollasüleyman
ملا طيه,Malatya
ملا فنارى,Mollafenari
ملا قاسم,Mollakasım
ملا كندى,Mollakendi
ملادا,Melada
ملاذكرد,Malazgird
ملاذكيرد,Malazgird
ملازكرد,Malazgird
ملازكيرد,Malazgird
ملازگرد,Malazgird
ملاشوه,Mileşeva
ملاطيه,Malatya
ملاطيه و كاحته و كركر,Malatya ve Kahta ve Gerger
ملاطيّه,Malatya
ملاقاس,Malakas
ملاقاص,Malakas
ملاقاصرۀ زير,Malakasra-i Zir
ملاقص,Malakas
ملاوه,Milava
ملاير,Melayir
ملح,Milh
ملحان,Milhan
ملحه,Melha
ملشوحه,Felşöç (Melşoha (?))
ملشوه,Mileşeva
ملفان,Melefan
ملقره,Malkara
ملك ارسلانلو,Melikarslanlı
ملك شهسوار,Mülkşehsuvar
ملكشريف,Melikşerif
ملكوفچه,Melkofça
مللو,Milli
ملناس,Malnas
ملندز,Melendiz
ملنسه,Melense
مله كوبى,Melegöbü
ملوشوه و پودغرديه,Mileşeva (Miloşeva) ve Podgradya
ملونيسى,Melonisi
ملويز,Maleviz
ملوچ,Moluç
مليانه,Milyana
مليج,Miliç
مليحه,Müleyha
مليك ارسلانلو,Melikarslanlı
ممالو,Mamalı
ممكان,Memikan
مملح,Memlah
مملحه,Memlaha
مملكتين,Memleketeyn
مناتش,Menateş
مناحه,Menaha
منار,Minar
مناره لو,Minareli
مناس,Minas
مناستر,Manastır
مناستراكى,Manastıraki
مناستراكي,Manastıraki
مناصتر,Manastır
مناصف,Menasıf
مناغرى,Manağrı
منافوجه,Manafoça
منافوچه,Manafoça
مناوغات,Manavgat
منبج,Menbic
منبج تحتانى,Menbic-i Tahtani
منبج و راوندان,Menbic ve Ravendan
منتفق,Müntefik
منتفك,Müntefik
منجوان,Mincivan
منجيلق,Mancılık
مندخوره و ناحيۀ كولده,Mendehora ve Nahiye-i Gölde
مندراكى,Mandıraki
مندمى,Mendemi
منشكوت,Menşkut
منشورلى,Menşurlu
منشيه,Menşiye
منشيه مع ساحل,Menşiye maa Sahil
منشيه و ساحل,Menşiye ve Sahil
منصورلى,Mansurlu
منصوره,Mansure
منصوره مع منية المزاح,Mansure maa Minyetülmizah
منصوريه,Mansuriye
منغط,Mangıt
منفلوط مع سنبو,Menfelut maa Senbu
منقاليه,Mankalya
منكب,Mangub
منكسر,Mengeser
منكن,Mengen
منلا جمعه,Monlacuma
منلك,Menlik
منمن مع فوچه لر,Menemen maa Foçalar
منوشتور,Monoştor
منوغات,Manavgat
منوفاچ و ريزو,Manafoça (Monofaç) ve Rizo
منوفيه,Menufiye
منوفيّه,Menufiye
منياس,Manyas
منيقه,Müneyka
منگن,Mengen
مه ئيس,Meis
مه توحيا,Metohiya
مه سونيسى,Mesonisi
مه لامبس,Melambes
مه لت,Melet
مه له خا,Meleha
مه له دا,Melada
مه پاورى,Mapavri
مهاج,Mohaç
مهاجرين مسعوديه,Muhacirin-i Mesudiye
مهاچ,Mohaç
مهديه,Mehdiye
مهر وفا,Mihrivefa
مهرانى,Mihrani
مهراني,Mihrani
مهرزي,Mehrazi
مهروان,Mihrivan
مهرود,Mehrud
مهلبيه,Mehlebiye
مهوميه,Mehomye
مواضع خاتون,Mevazi-i Hatun
مواضع فراتيه,Mevazi-i Fıratiye
موتون,Moton
موتيچنه,Motiçine
موجي بابا,Muçibaba
موحسن,Muhasan
مود مع سنانلى,Mut (Mud) maa Sinanlı
مود و سنانلو,Mut (Mud) ve Sinanlı
موداوه,Modava
مودريچ,Modriç
مودنيچه,Modoniçe
مودوش,Modoş
مودونيچه,Modoniçe
مودوه,Modava
مودى,Modi
موديون,Modyon
مور طوغان,Mordoğan
موران,Muran
موراوا,Morava
موراوه,Morava
موراوه رودنيك,Morava-i Rudnik
موراوه مع پرشتنه,Morava maa Priştine
موراويچه,Moraviçe
موراوۀ بالا,Morava-i Bala
موراي صونباتهل,Mura-yı Sonbathel
مورت,Murt
مورتو,Murto
مورحوه,Morihova
مورسى,Murosi
مورش,Mureş
مورطنه,Murtana
مورغول,Murgul
مورق,Morak
مورنس,Murnis
موره,Mora
موره اداس,Mora Adası
موره لى,Moralı
موره وه رودنيك,Morava-i Rudnik
موروا,Morava
مورونك,Moronik
موروه,Morava
موروه رودنيك,Morava-i Rudnik
مورويك,Morovik
موروۀ رودنيك,Morava-i Rudnik
موريحوه,Morihova
موريخوه,Morihova
موريس,Moris
موريك,Mörik
موزع,Muza
موس بكلو,Musabeyli
موسبكلو,Musabeyli
موستار و ناحيۀ غبله,Mostar ve Nahiye-i Gabele
موسقو,Mosko
موسلاوينه,Moslavine
موسلو,Muslu
موسى بكلو,Musabeyli
موسى بكلى,Musabeyli
موش مع موطلو و خيطه و ابتر,Muş maa Mutki (Mutlu) Hayta (?) ve Ester (?) (Ebter)
موشار,Muşar
موشتل,Moştel
موصل,Musul
موصل و نواحئ شيك و باجوان و بوط و مقلوب و كيگلان و قائدى و دنادى و مندان و حمام على,Musul maa nevahi-i Şiyik ve Bacıvan ve But ve Maklub ve Giglan ve Kaidi ve Dinadi ve Mindan ve Hammam-ı Ali
موصون,Musun
موطكى,Mutki
موطمور,Mutmur
موطيچنه,Motiçine
موعلاب,Mulab (?)
موقرى,Mokri
موقوف,Mevkuf
مولارى,Molari
مولسقه,Moloska
مولوه,Molova
موناستراكى,Monastraki
مونجوسون,Muncusun
موندروس,Mondros
موندوز,Mondoz
مونظور,Munzur
مونوشتور,Monoştor
مونى,Moni
موهى,Muhi
مويا,Muya
مويقواج,Moykovaç
موُرَه,Mora
موچى بابا,Muçibaba
ميا طاغى,Mayadağı
ميادين,Meyadin
ميان دواب,Miyanduab
ميانه,Miyane
ميتروپولى,Mitropoli
ميحاليج,Mihaliç
ميحاليج جق,Mihaliçcık
ميحايلوه,Mihaylova
ميحولچه,Miholiçe
ميخائل,Mihail
ميخال غازى,Mihalgazi
ميخالج جق,Mihaliçcık
ميخالججق,Mihaliçcık
ميخالجق,Mihaliçcık
ميخاليج,Mihaliç
ميخاليج جق,Mihaliçcık
ميخاليج چق,Mihaliçcık
ميخاليججق,Mihaliçcık
ميخاليجق,Mihaliçcık
ميخاليچ,Mihaliç
ميخاليچجق,Mihaliçcık
ميخالچجق,Mihaliçcık
ميخالچه,Mihalçe
ميخلو,Mihlo
ميدان,Meydan
ميدلّلو,Midilli
ميدو,Mido
ميدى,Meydi
مير بدران (؟),Mirbedran (?)
مير حاجلق مصر,Mirhaclık-ı Mısır
مير حاجلك طرابلس غرب,Mirhaclık-ı Trablusgarb
مير حاجلك مصر,Mirhaclık-ı Mısır
مير على,Mirali
مير عليان,Miraliyan
مير ناصر زريقي,Mirnasır-ı Ziriki
مير يوسفى,Miryusufi
ميراباد,Mirabad
ميرار,Mirar
ميرانغو,Mirango
ميرتوس,Mirtos
ميرديته,Mirdita
ميرسوله,Mirsula
ميرقود,Mirkud
ميرمنغا,Mirmanga
ميزاك,Mizak
ميزستره,Mizistre
ميس,Meis
ميسك,Misk
ميسورى,Misivri
ميشجواحيد,Mişecevahid
ميشه,Mişe
ميشه جواخيد,Mişecevahid
ميعار,Miar
ميقرو,Mikro
ميقروس,Mikros
ميقرى ايلى,Mıkriili
ميقنوس,Mikonos
ميقونوس,Mikonos
ميكائللو,Mikailli
ميكائللو عشيرتى,Mikailli Aşireti
ميكنوس,Mikonos
ميلاك,Milan
ميلان,Milan
ميلان عشيرتى,Milan Aşireti
ميلاوه,Milava
ميلاپوطم,Milopotam
ميلج مع فشه,Milic maa Fişe
ميللو,Milli
ميللى,Milli
ميلوبولرمه,Milobolerme
ميلوپوطم,Milopotam
ميلى,Milli
مينا,Mina
ميناس,Minas
مينورقا,Minorka
مينورقه,Minorka
ميهاج وشقلوش,Mohaç (Mihaç) ve Şikloş
ميِسْ,Meis
مَازكرد,Mazgird
مَاغُوسَه,Magosa
مَرج مع شوبرةِ شِهاب,Merc maa Şubreti Şihab
مَركَوَرْ,Mergevar
مَرْمَرِيس,Marmaris
مَسَارْيَه,Mesarya
مَكّۀ مُكرّمه,Mekke-i Mükerreme
مَكّۀ مُكرّمَه,Mekke-i Mükerreme
مَليج مع فَشَه,Milic (Melic) maa Fişe
مَلْحه,Melha
مَلْوى مع آشْمُونين,Melva maa Aşmunin
مَلْوَى مع آشمونين,Melva maa Aşmunin
مَنُوفِيّه,Menufiye
مَنْشِيّه مع ساحل,Menşiye maa Sahil
مَنْصُوره,Mansure
مَنْفَلُوط مع سَنْبُو,Menfelut maa Senbu
مَنْفَلُوطْ مع سَنْبُو,Menfelut maa Senbu
مَنْقَالْيَه,Mankalya
مُخا,Muha
مُرْسقُولي,Mürskulu
مُسَلّطه,Musallata
مُسَيّبْ,Müseyyib
مُنَيْقَه,Müneyka
مُوصُل,Musul
مِدِلّلوُ,Midilli
مِصْرَاطَه,Mısrata
مِهرانى,Mihrani
مِهراني,Mihrani
مِيت قَمَر,Mitkamer
مپا ورى,Mapavri
مپاورى,Mapavri
مچار سودين,Macar Svodin
مچحانوس,Maçhanos
مچوه و نواحئ ملاقاص و قورندوس و آطه و چرقويشته و زاغور,Meçova ve Nevahi-i Malakas ve Korindos ve Ada ve Çerkovişte ve Zagor
مژاكه,Mujake
مژاكيه,Mujake
مژي بوژى,Mejiboji
ن واحئ فَيُّوم,Nevahi-i Feyyum
نا صريه,Nasıriye
ناؤسا,Nausa
نائب,Naib
نائبلو,Naibli
نائبلو مع سيس اورته,Naibli maa Sisorta
نائبلى,Naibli
نابلس,Nablus
نابلس مع جنين,Nablus maa Cenin
نابلس و صفد,Nablus ve Safed
نابلوس,Nablus
نابيوه فرور,Nabyuh Ferur
ناتا,Nata
ناتيه,Natiye
ناجه,Nace
ناحه لك,Nahalek
ناحيۀ جاموستل مع بولانق و شكر اوبه سى,Camustil maa Bulanık ve Şekerobası
ناحيۀ زير و بالا و عشيرت حجيانلو انقره,Nahiye-i Zir ve Bala ve Aşiret-i Hacıyanlı-i Ankara
ناحيۀ قير,Kırnahiyesi
ناحيۀ وادى,Nahiye-i Vadi
ناخزير,Nahzır
ناداودوار,Nadavdavar
نادر,Nadir
نادرلو,Nadirli
نادره,Nadire
نادين,Nadin
نار,Nar
نارده,Narda
نارده دكزي,Narda Denizi
نارده مع حواص عايشه سلطان,Narda maa Havass-ı Ayşe Sultan
نارده مع نواحى,Narda maa Nevahi
نارهد,Narhid
نارهيد,Narhid
ناريك,Narik
نازللى,Nazilli
نازللى قيوجق,Nazilli Kuyucak
نازلو,Nazilli
نازيللى,Nazilli
نازيلى,Nazilli
ناسلج,Nasliç
ناسليج,Nasliç
ناسليچ,Nasliç
ناشجقى,Naşicka
ناشچقه مع ازغون,Naşicka (Naşiçka) maa Izgon
ناصره,Nasıra
ناصره و شفاعمر,Nasıra ve Şifaamr
ناصرى,Nasıra
ناطه,Nata
ناغلو,Nağlu
ناقسو,Nakso
ناك اروس فالو,Nagiorosfalu
ناك اوروس فالو,Nagiorosfalu
ناك باطور,Nagibator
ناك حارشان,Nagiharşan
ناك شارلو,Nagişarlo
ناك طاليه,Nagitalya
ناك طوبوجان,Nagitopocan
ناك طورنه,Nagiturna
ناك فالوه,Nagifalva
ناك قارول حايدوساق,Nagikarol-i Haydusak
ناك قالوه,Nagikallova
ناك هداش,Nagihedaş
ناك هيچ,Nagihiç
ناك وك,Nagivek
نالكز,Nalgez
ناللى باللى مع دونكسه آباد,İnallıballı (Nallıballı) maa Dönekseabad
نالوت,Nalut
نامرون,Namrun
ناناس,Nanas
ناوسه,Navise
ناڭ شارلو,Nagişarlo
نبروه,Neberuh
نبك,Nebek
نتره,Nitra
نجد,Necid
نجد الدار,Necdüddar
نجد عربانى,Necid Urbanı
نجف,Necef
نجواى,Necvay
نجوى,Necvay
نحجوان,Nahcıvan
نحودلى,Nohudlu
نخل,Nahl
نخيله,Nahile
نداژد,Nadajd
نرا,Nera
نرادين,Neradin
نرتوه,Neretva
نرتوه مع قونيچه,Neretva maa Koniçe
نركس,Nergis
نركله,Nergele
نركه له,Nergele
نره,Nera
نروه,Nirve
نريب,Nerib
نريمان,Neriman
نزار,Nizar
نزب,Nizib
نزكيب,Nezgib
نزيب,Nizib
نس قوچانه,Koçana merkez
نسترام,Nestram
نسى پوله,Nisipole
نش,Niş
نشاوه,Nişava
نشنود,Neşnud
نشنوط,Neşnud
نشوه,Neşve
نصارا,Nasara
نصايبين,Nusaybin
نصبين,Nusaybin
نصرت كرمان,Nusretkirman
نصرتيه,Nusretiye
نصيب,Nasib
نصيبن,Nusaybin
نصيبين,Nusaybin
نصيرالدين بجاغى,Nasırüddinbucağı
نعلبند,Nalband
نعللو,Nallı
نعللو خان,Nallıhan
نعللوخان,Nallıhan
نعلين,Nilin
نعم,Neam
نعمان,Numan
نعمت باقه ناكه,Nimet Bananagi
نعمت بانه ناكه,Nimet Bananagi
نعمت سودين,Nimet Svodin
نغره,Nağra
نغروپونته,Neğroponte
نغوقاز,Nigokaz
نفس آطنه,Adana merkez
نفس آقحصار,Akhisar merkez
نفس آقسكى,Akseki merkez
نفس آقشهر,Akşehir merkez
نفس آلاشهر,Alaşehir merkez
نفس آماسيه,Amasya merkez
نفس آنامور,Anamur merkez
نفس آنس,Anis merkez
نفس آنطاليه,Antalya merkez
نفس آيدين,Aydın merkez
نفس ابها,Abha merkez
نفس ابو عريش,Ebuariş merkez
نفس اخلاط,Ahlat merkez
نفس اخى چلبي,Ahiçelebi merkez
نفس ادرميد,Edremid merkez
نفس ادرنه,Edirne merkez
نفس ادنه,Adana merkez
نفس اذميد,İzmid merkez
نفس اذينه,Ezine merkez
نفس اردك,Erdek merkez
نفس ارزنجان,Erzincan merkez
نفس ارغنى,Ergani merkez
نفس ارغنى معدنى,Erganimadeni merkez
نفس اركلى,Ereğli merkez
نفس ارمناك,Ermenek merkez
نفس اروه,Eruh merkez
نفس ازميد,İzmid merkez
نفس ازمير,İzmir merkez
نفس استاروه,İstarova merkez
نفس استانكوى,İstanköy merkez
نفس استانوس,İstanos merkez
نفس استرميچه,İstirmiçe merkez
نفس اسكوب,Üsküb merkez
نفس اسكى زغره,Zağra-i Atik (Eskizağra) merkez
نفس اسكيشهر,Eskişehir merkez
نفس اسكچه,İskeçe merkez
نفس اسلميه,İslimye merkez
نفس اسپارطه,Isparta merkez
نفس اسپر,İspir merkez
نفس اشتيب,İştib merkez
نفس اشقودره,İşkodra merkez
نفس اشمه,Eşme merkez
نفس اطنه,Adana merkez
نفس اكردير,Eğirdir merkez
نفس اكرى,Eğri merkez
نفس اكرى دره,Eğridere merkez
نفس اكيل,Eğil merkez
نفس الاصونيه,Alasonya merkez
نفس الشكرد,Eleşkird merkez
نفس الوجره,Alucra merkez
نفس اماسيه,Amasya merkez
نفس انطاليه,Antalya merkez
نفس انقره,Ankara merkez
نفس اوخرى,Ohri merkez
نفس اوده مش,Ödemiş merkez
نفس اوردى,Ordu merkez
نفس اورفه,Ruha (Urfa) merkez
نفس اوسك,Ösek merkez
نفس اينه بولى,İnebolu merkez
نفس ايپك,İpek merkez
نفس باجل,Bacil merkez
نفس بارطين,Bartın merkez
نفس بازيان,Bazyan merkez
نفس باطوم,Batum merkez
نفس باليكسر,Balıkesri (Balıkesir) merkez
نفس بايبورد,Bayburd merkez
نفس بايزيد,Bayezid merkez
نفس بتليس,Bitlis merkez
نفس برات,Berat merkez
نفس برغمه,Bergama merkez
نفس بروسه,Bursa merkez
نفس بكشهرى,Beyşehri merkez
نفس بلغراد انكروس,Belgrad-ı Üngürüs merkez
نفس بنا لوقه,Banaluka merkez
نفس بنغازى,Bingazi merkez
نفس بنى صعب,Benisaab merkez
نفس بوبوجي,Popovci merkez
نفس بوردور,Burdur merkez
نفس بوزطغان,Bozdoğan merkez
نفس بوزقير,Bozkır merkez
نفس بوسنه,Bosna merkez
نفس بولدان,Buldan merkez
نفس بولى,Bolu merkez
نفس بوى آباد,Boyabad merkez
نفس بيروت,Beyrut merkez
نفس بيغا,Biga merkez
نفس بيله جك,Bilecik merkez
نفس تراونيك,Travnik merkez
نفس ترجان,Tercan merkez
نفس تعز,Taiz merkez
نفس تنوس,Tonus merkez
نفس توقاد,Tokat (Tokad) merkez
نفس جنين,Cenin merkez
نفس جيده,Cide merkez
نفس حافيك,Hafik merkez
نفس حجريه,Haceriye merkez
نفس حديده,Hudeyde merkez
نفس حران,Harran merkez
نفس حكارى,Hakkari merkez
نفس حلب,Haleb merkez
نفس حما,Hama merkez
نفس حمص و حصن الاكراد,Humus merkez ve Hısnülekrad
نفس حميديه,Hamidiye merkez
نفس حوران,Havran merkez
نفس حوران و جيدور,Havran ve Cidur merkez
نفس حوضه,Havza merkez
نفس حيفا,Hayfa merkez
نفس خاصكوى,Hasköy merkez
نفس خمس,Hums merkez
نفس خيره بولى,Hayrabolu merkez
نفس خيماره,Hımara merkez
نفس دارنده,Darende merkez
نفس دبره,Debre merkez
نفس دبره چين,Debreçin merkez
نفس درامه,Drama merkez
نفس دهوك,Duhuk merkez
نفس دوات,Davat merkez
نفس دوزجه,Düzce merkez
نفس ديادين,Diyadin merkez
نفس دياربكر مع كيكى و تركمان,Diyarbekir merkez maa Gigi ve Türkmen
نفس دير زور,Deyr-i Zor merkez
نفس ديرازنيا,Dirazniya merkez
نفس ديرك,Derik (Dirik) merkez
نفس ديوريكى,Divriği merkez
نفس رانيه,Raniye merkez
نفس رداع,Rada merkez
نفس رسمو,Resmo merkez
نفس ريزه,Rize merkez
نفس ريمه,Reyme merkez
نفس زبيد,Zebid merkez
نفس زيله,Zile merkez
نفس سرايكوى,Sarayköy merkez
نفس سرفيچه,Serfiçe merkez
نفس سكتوار,Sigetvar merkez
نفس سكدين,Segedin merkez
نفس سكود,Söğüd merkez
نفس سلطان اوكي,Sultanönü merkez
نفس سلطانيه,Sultaniye merkez
نفس سليمانيه,Süleymaniye merkez
نفس سنجار,Sincar merkez
نفس سيس,Sis merkez
نفس سينوب,Sinob merkez
نفس شاركوى,Şarköy merkez
نفس شتاق,Şatak merkez
نفس شهر پازار,Şehirpazar merkez
نفس شوف,Şuf merkez
نفس شياق,Şiyak merkez
نفس صاسون,Sason merkez
نفس صاطانوه,Satanova merkez
نفس صامسون,Samsun merkez
نفس صندوقلى,Sandıklı merkez
نفس صنعا,Sana merkez
نفس طاشلوجه,Taşlıca merkez
نفس طاطاى,Daday merkez
نفس طرابلس,Trablusgarb (Trablus) merkez
نفس طرابلس مع مينه,Trablus merkez maa Mina
نفس طربزون,Trabzon merkez
نفس طرسوس,Tarsus merkez
نفس طره بزون,Trabzon merkez
نفس عدين,Udeyn merkez
نفس عزيزيه,Aziziye merkez
نفس عشا ق,Uşak merkez
نفس عكا,Akka merkez
نفس علائيه,Alaiye merkez
نفس عورتحصار,Avrathisarı merkez
نفس غرزان,Garzan merkez
نفس فكه,Feke merkez
نفس فلبه مع نواحى,Filibe merkez maa Nevahi
نفس فوچه تين,Foçateyn merkez
نفس فيلورينه,Florina merkez
نفس قدس شريف,Kudüs (Kuds-i Şerif) merkez
نفس قرجوه,Kırçova merkez
نفس قرق آغاج,Kırkağaç merkez
نفس قرق كليسا,Kırkkilise merkez
نفس قره حصار,Karahisar-ı Sahib (Karahisar) merkez
نفس قره حصار صاحب,Karahisar-ı Sahib merkez
نفس قره فريه,Karaferye merkez
نفس قره مرسل,Karamürsel merkez
نفس قريچوه,Kriçova merkez
نفس قسبروفچه,Kasperofça merkez
نفس قسطمونى,Kastamonu merkez
نفس قسطنطين اوه,Kostantinova merkez
نفس قلعۀ سنكوب,Sengob Kalesi merkezi
نفس قنديه,Kandiye merkez
نفس قنفده,Kunfuda merkez
نفس قورو چاى,Kuruçay merkez
نفس قوزانه,Kozana merkez
نفس قوش آطه سى,Kuşadası merkez
نفس قولب,Kulb merkez
نفس قوله,Kula merkez
نفس قونيه,Konya merkez
نفس قيرشهرى,Kırşehri merkez
نفس قيريوچه,Kırivçe merkez
نفس قيصريه,Kayseri (Kayseriye) merkez
نفس كدوس,Gediz (Gedüs) merkez
نفس كرجانيس,Gercanis merkez
نفس كركوك,Kerkük merkez
نفس كره بنه,Grebene merkez
نفس كره ده,Gerede merkez
نفس كرون,Gürün merkez
نفس كسروان,Kisrevan merkez
نفس كسريه,Kesriye merkez
نفس كلدكلان,Geldiklan merkez
نفس كلعنبر,Gülanber merkez
نفس كلنار,Gülnar merkez
نفس كليبولى,Gelibolu merkez
نفس كماح,Kemah merkez
نفس كماخ,Kemah merkez
نفس كمشخانه,Gümüşhane merkez
نفس كموش حاجى كوى,Gümüşhacıköy merkez
نفس كنج,Genç merkez
نفس كنجه لى,Genceli merkez
نفس كنغرى,Kengırı merkez
نفس كنقرى,Kengırı (Kenkırı) merkez
نفس كوتاهيه,Kütahya merkez
نفس كوردس,Gördos merkez
نفس كوريجه,Görice merkez
نفس كوكبان,Kevkeban merkez
نفس كوكيلى,Gevgili merkez
نفس كوملجنه,Gümülcine merkez
نفس كوى سنجاق,Köysancak merkez
نفس كوپريلى,Köprülü merkez
نفس كيغى,Kiğı merkez
نفس كيلان,Gilan merkez
نفس كيوه,Geyve merkez
نفس لاذقيه,Lazkiye merkez
نفس لاپسكى,Lapseki merkez
نفس لحيه,Luhayye merkez
نفس لسقويك,Leskovik merkez
نفس لش,Leş merkez
نفس لوروس,Luros merkez
نفس لوشنه,Luşne merkez
نفس لوله برغوس,Lülebergos merkez
نفس ليجه,Lice merkez
نفس ماردين,Mardin merkez
نفس مازكرد,Mazgird merkez
نفس متن,Metn merkez
نفس مديه,Midye merkez
نفس مرجعيون,Merc-i Uyun merkez
نفس مرسين,Mersin merkez
نفس مرعش,Maraş merkez
نفس مرفته,Mürefte merkez
نفس مرقب,Merkab merkez
نفس معمورة الحميد,Mamuretülhamid merkez
نفس مغله,Muğla merkez
نفس مغنيسا,Manisa merkez
نفس ملاطيه,Malatya merkez
نفس مناستر,Manastır merkez
نفس موداوه,Modava merkez
نفس موستار,Mostar merkez
نفس موش,Muş merkez
نفس موصل,Musul merkez
نفس موغله,Muğla merkez
نفس مولوه,Molova merkez
نفس ميحايلوه,Mihaylova merkez
نفس مژي بوژى,Mejiboji merkez
نفس نا صريه,Müntefik (Nasıriye) merkez
نفس نابلس,Nablus merkez
نفس نازللى,Nazilli merkez
نفس ناسليج,Nasliç merkez
نفس نصايبين,Nusaybin merkez
نفس نيكده,Niğde merkez
نفس نيو,Niv merkez
نفس هفوف,Hufuf merkez
نفس وارطو,Varto merkez
نفس واروش بابا,Babadağı (Baba) Varoşu
نفس وان,Van merkez
نفس ويزه,Vize merkez
نفس يانيه,Yanya merkez
نفس يكيشهر,Yenişehir merkez
نفس يلواج,Yalvaç merkez
نفس يوزغاد,Yozgad merkez
نفس پالو,Palu merkez
نفس پرلپه,Pirlepe merkez
نفس پره وزه,Preveze merkez
نفس پوزه غه,Pojega merkez
نفس پولوس كيروف,Poloskirof merkez
نفس پوژه غه,Pojega merkez
نفس پياس,Payas merkez
نفس پچوى,Peçuy merkez
نفس پچوي,Peçuy merkez
نفس چتالجه,Çatalca merkez
نفس چشمه,Çeşme merkez
نقرۀ بنى اسد,Nukra-i Beniesed
نقشك,Nikşik
نقشه و برّه,Nakşa ve Barre
نقشيك,Nikşik
نقول,Nakol
نقيب الاشرافلق,Nakibüleşraflık
نكزوان,Nikzevan
نكسار,Niksar
نكشك,Nikşik
نكشكلر,Nikşik (Nikşikler)
نكشيك,Nikşik
نكوجك,Nügücük
نكيه,Nikiye
نلچه,Nemçe (Nelçe )
نمتن,Nemetin
نمتين,Nemetin
نمجه,Nemçe
نمران,Namran
نمرود,Nemrud
نمرون,Namrun
نمچه,Nemçe
نمچه ولايتي,Nemçe Vilayeti
نناوشته,Nenavişte
ننته,Nenite
ننيته,Nenite
نه را,Nera
نه رتوه,Neretva
نهاوند,Nihavend
نهر الاسود,Nehrülesved
نهر الكب,Nehrülkelb
نهر الكبير,Nehrülkebir
نهر الكلب,Nehrülkelb
نهر المنقطع,Nehrülmunkatı
نهر بشترك,Nehr-i Beşterek
نهر تيسه,Nehr-i Tisa
نهر جديد شريف سلطان سليمان,Nehr-i Cedid-i Şerif-i Sultan Süleyman
نهر زاويه,Nehr-i Zaviye
نهر شاه,Nehr-i Şah
نهر طاشلى,Nehr-i Taşlı
نهر عنتر,Nehr-i Anter
نهر قبارطى,Nehr-i Kabartay
نهرى,Nehri
نهم,Nehm
نهيلى,Nehili
نوا,Neva
نوا برده,Novabırda
نوابردا,Novabırda
نوابرده,Novabırda
نوابرى,Novabırda
نواج,Novaç (?)
نواحئ اربعه,Nevahi-i Erbaa
نواحئ بارچنلو,Nevahi-i Barçınlı
نواحئ بارچنلى,Nevahi-i Barçınlı
نواحئ بارچينلو,Nevahi-i Barçınlı
نواحئ بارچينلى,Nevahi-i Barçınlı
نواحئ برغمه,Nevahi-i Bergama
نواحئ فيوم,Nevahi-i Feyyum
نواحئ نابلس,Nevahi-i Nablus
نواحئ يانبولى,Nevahi-i Yanbolu
نواحئ پاولى,Nevahi-i Pavlu
نواحى,Nevahi
نواحى بارجنلو,Nevahi-i Barçınlı
نواحى برغمه,Nevahi-i Bergama
نواحى مع ازمير و اورله,İzmir maa Nevahi ve Urla
نواحى يانبولى,Nevahi-i Yanbolu
نواصره,Nevasıra
نواصره مع قرداحا,Nevasıra maa Kardaha
نواصره مع قرداحه,Nevasıra maa Kardaha
نوامه (؟),Navama (?)
نوتياق,Nutyak
نوتيلاز,Nevtilaz
نور الدين,Nureddin
نور قوب,Nevrekob
نورا,Nora
نورالدين,Nureddin
نورحق,Nurhak
نورحق و چوماق بازارى,Nurhak ve Çomakpazarı
نوردوز,Norduz
نوردوز مع شيوه له,Norduz maa Şivelan (Şivele)
نورقوب,Nevrekob
نوركاه,Norgah
نوركوح,Norkoh
نوركوخ,Norkoh
نوره قوب,Nevrekob
نوسقه,Nevaska
نوشهر مع اركوب,Nevşehir maa Ürgüb
نوشهر مع اوركوب,Nevşehir maa Ürgüb
نوطياق,Nutyak
نوكاي,Nogay (?)
نوكوجك,Nügücük
نوكوچك,Nügücük
نوه,Nova
نوه برده,Novabırda
نوه سل مع كلوچ,Novasil maa Kluç
نوه سنه,Nevesine
نوه سين و تتمۀ فوچه,Nevesine (Nevesin) ve Tetimme-i Foça
نوه سينه,Nevesine
نوه شناوه,Novaşinava
نووه,Nova
نووين,Novin
نوين,Novin
نيابت فرموده,Niyabet-i Fermude
نيابت كاريش احتيار,Niyabet-i Gariş İhtiyar
نيالسقور,Niyaliskur
نيامج مع پياتره,Niyamiç maa Piyatra
نياندرو,Niyandoro
نياندورو,Niyandoro
نيروه,Nirve
نيزيب مع بايشته,Nizib maa Barişa (Bayişte)
نيس,Nis
نيسومى,Nisomi
نيف,Nif
نيقاريه,Nikarya
نيقسيج,Niksiç
نيكسار,Niksar
نيكشان,Nikişan
نيكلى,Nikli
نيكوريا,Nikuriya
نيل,Nil
نيمبروس,Nimbros
نيمت سودين,Nimet Svodin
نيپورى,Nipori
نَخُيلَه,Nahile
نَخِيلَه,Nahile
نَضْرين,Nazrin
نَضْرِين مع توابع,Nazrin maa Tevabi
نَهْرَوان,Nehrevan
هارثه,Harise
هارنيش,Harniş
هارون اباد,Harunabad
هارونيه,Haruniye
هارونيّه,Haruniye
هازو,Hazzo
هاشميه,Haşimiye
هاشميّه,Haşimiye
هافيك,Hafik
هاكپونيزيا,Hakiponiziya
هامو,Hamo
هامور,Hamur
هاوار,Havar
هاوانا,Havana
هاويك,Havik
هاچين,Haçin
هتش,Heteş
هدويك,Hidvig
هدى,Hedi
هرات,Herat
هراقليا,Herakliya
هرتو,Hertev
هرسك,Hersek
هرسه,Herese
هرسينى,Hersini
هرطه,Herita
هرقوص,Herkus
هركه وقلعۀ صغه جق,Hereke ve Kale-i Sığacık
هركى,Heriki
هركيان,Herekiyan
هرمان,Herman
هرمانلى,Harmanlı
هرمز,Hürmüz
هرمونيزى,Hermonizi
هرناد,Hernad
هره ك,Herek
هروتيان,Herutyan
هريكى,Heriki
هريوانلى,Herivanlı (?)
هرّه (؟),Hirra (?)
هرّو,Hurru
هرْسك,Hersek
هزارشاه,Hezarşah
هزارغراد,Hezargrad
هزارمرد,Hezarmerd
هزاره,Hezara
هزق,Hezek
هزك,Hezek
هشين,Hişin
هفوف,Hufuf
هكبلى اطه,Heybeliada
هكبه لى اطه,Heybeliada
هكيم,Hekim
همت,Himet
همدان,Hemedan
همشين,Hemşin
همشين بالا,Hemşin-i Bala
همشين زير,Hemşin-i Zir
هنجام,Hencam
هندرابى,Henderabi
هندستان,Hindistan
هنديه,Hindiye
هنديّه,Hindiye
هه رو,Hero
هوار,Hevar
هواكل,Hovakil
هوبان,Hüban
هوتاليج,Hotaliç
هودى دده,Hodidede
هودي,Hudi
هور,Hevr
هورالله,Havrullah
هوراه,Havrullah
هورمز,Hürmüz
هوسنك,Hösnek
هوش,Heveş
هوشين,Hoşin
هوك,Hevek (?)
هوللوق,Hollok
هون,Hun
هونين,Hunin
هونين و ساحل قانه,Hunin ve Sahil-i Kana
هونين و ساحل قانه و مرج عيون,Hunin ve Sahil-i Kana ve Merc-i Uyun
هوواكل,Hovakil
هويدان,Hüveydan
هويدى,Hevidi
هويران مع مازكرد,Hozat (?)(Hoyran (?)) maa Mazgird
هيت,Hit
هيرون,Hiron
هيه,Hih
هيوك,Höyük
هَرْسك,Hersek
هَونين,Hunin
هُورَمُتْ,Hüremüt
هِيهْ,Hih
و عشيرت بوز اولوس,Tabanlı ve Aşiret-i Bozulus
وآرآديه,Varadya
وآن,Van
واتقه,Vatika
واتون,Vaton
واتى,Vati
واتيقه,Vatika
واثى,Vasi
واج,Vac
وادئ جمول,Vadi-i Cumul
وادئ شرقى,Vadi-i Şarki
وادئ عتبه,Vadi-i Utbe
وادئ غربى,Vadi-i Garbi
وادئ غربىNakhalat,Vadi-i Garbi
وادئ موسى,Vadi-i Musa
وادئ نخله,Vadi-i Nahle
وادالتيم,Vaditteym
وادى,Vadi
وادى الاخضر,Vadilahdar
وادى التيم,Vaditteym
وادى التيم و عرقوب,Vaditteym ve Arkub
وادى الشعرا,Vadişşuara
وادى الشعراء الغربى,Vadişşuara el-Garbi
وادى العجم,Vadilacem
وادى اللوا,Vadilliva
وادى النبى,Vadinnebi
وادى برده,Vadi-i Berada
وادى بره ده,Vadi-i Berada
وادى بَرده,Vadi-i Berada
وادى بَرَدَه,Vadi-i Berada
وادى شعير,Vadi-i Şair
وادى قنديل,Vadi-i Kandil
وادى موسى,Vadi-i Musa
وادى وانك,Vadivank
وادي برده,Vadi-i Berada
وادي جمول,Vadi-i Cumul
واديه,Vadiye
واديّه,Vadiye
واراد,Varad
واراديه,Varadya
واربا,Varba
وارتو,Varto
وارتين,Vartin
واردار,Vardar
واردار صوي,Vardar suyu
وارش,Varoş
وارطان,Vartan
وارطن,Vartin
وارطو,Varto
وارطوى عليا و سفلا مع عشيرت جبرانلو,Varto (Varto-yı Ulya ve Süfla) maa Aşiret-i Cibranlı
وارنقه,Varnaka
واروش,Varoş
واروش سوله,Varoş-ı Sole
واروش فروزبك,Varoş-ı Firuzbey
واروش قلعۀ مكوريجيه,Varoş-ı Kale-i Mikuriçye
واروش قلعۀ مكوريچيه,Varoş-ı Kale-i Mikuriçye
واروش قلعۀ نفس نوى,Novi Kalesi Varoşu
واروش لشنيجه,Varoş-ı Leşniçe
واروششته,Varoşişte
وارچاروقف,Varçarvakıf
واسط,Vasıt
واسقوان,Vaskovan
واسقووان,Vaskovan
واسكرد,Vasgird
واسوويك,Vasovik
واسيل آطه,Vasilada
واسيلقو,Vasiliko
واسيلى,Vasili
واسيليقو,Vasiliko
واشقه سنمارتين,Vaşka Senmartin
واشيان,Vaşyan
واصار,Vasar
واصط,Vasıt
واصلقه,Vasilika
واصلقو,Vasiliko
واظلدان,Vazıldan
واق,Vak
والاندووه,Valandova
والتوز,Valtoz
والطه,Valta
والير,Valir
واليوه,Valyeva
والپوه,Valpova
والپووه,Valpova
والچترين,Vulçıtrın
واموس,Vamos
وان,Van
وان ادرميد,Van Edremid
وان و اختمار,Van ve Ahtamar
وايونتيا,Vayonetya
واچ,Vaç
واچنه,Vaçne (?)
واژون,Vajon
وبش,Vebeş
وتحى,Vethi
وتحي,Vethi
وته,Vate
وتهي,Vethi
وثيقوق,Visikuk
وثيقوك,Visikuk
ودرينچه,Vidriniçe
ودنه,Vodine
ودنيچه,Vodeniçe
وده نيچه,Vodeniçe
ودين,Vidin
ودين مع ناحيۀ صحراء بلغرادجق و لوم و پولميه,Vidin maa Nahiye-i Sahra ve Belgradcık ve Lom ve Polomiye
ودين مع نواحى,Vidin maa Nevahi
ودين و نواحى,Vidin ve Nevahi
ودينه,Vodine
وراتار,Vratar
وراخاس,Vrahas
وراد,Varad
وراديه,Varadya
ورانيك,Vranik
وراى,Varay
وراژن,Verajne (Verajn (?))
وربيل,Verebil
ورتنك (؟),Vertenk (?)
وردور,Verdura
وره بيل,Vrabil
وروش,Varoş
ورومونا,Vromuna
ورومونه,Vromuna
وريشان,Verişan
وزير كوپريسى,Vezirköprü (Vezirköprüsü)
وزيرخانى,Vezirhanı
وزيركوپرى,Vezirköprü
وزيركوپريسى,Vezirköprü (Vezirköprüsü)
وساليط,Vussalit
وسطه,Vusta
وسوره,Visora
وسوقه,Visoka
وشتران,Voşteran
وشتيجه,Voştiçe
وشتيچه,Voştiçe
وشغراد,Vişegrad
وشوه,Vişova
وشين,Veşin
وصابين,Vasabeyn
وفس,Vefs
وقف,Vakıf
وقف حمزه بيك,Vakf-ı Hamzabey
وقف زير,Vakf-ı Zir
وقف صغير,Vakf-ı Sagir
وقف كبير,Vakf-ı Kebir
وقف كبير مع اسكيه,Vakf-ı Kebir maa İskefiye (İskeye)
وقه,Vuka
وكره,Vekre
ولا,Vela
ولاقسا,Valaksa
ولايت افلاق,Eflak Vilayeti
ولايشته,Vlayişte
ولجترين,Vulçıtrın
ولق,Vılk
ولقوار,Vulkovar
ولوس,Volos
ولوندوس,Velvendos
ولى بابا,Velibaba
وليامن,Valyemin
وليقه,Velika
وليقه سچن,Velika Seçen
ولين,Velin
وليه,Velye
ولچترن,Vulçıtrın
ولچترين,Vulçıtrın
ولچترين مع نظارت اسكوب,Vulçıtrın maa Nezaret-i Üsküb
ولچترين مع نظارت قراطوه و اسُكُوبْ,Vulçıtrın maa Nezaret-i Kratova ve Üsküb
ولچه,Velçe
ولچه مع رمنيق,Vulçe maa Rimnik
ونديقواطه جغى,Venediko Adacığı
ونديك مملكتي,Venedik Memleketi
ونك,Venk
ونوس,Vunos
ونيچه,Voniçe
ونچه,Vençe
وه لزه,Veleze
وه نه تيقو,Venetiko
ووئيدى,Voidi
وودنا,Vodine
وودينه,Vodine
وودينه مع قره جه آباد,Vodine maa Karacaabad
وورقولاقه,Vurkolaka
ووسالت,Vussalit
ووشتيجه,Voştiçe
ووشتيچه,Voştiçe
ووقه,Vuka
ووقوليس,Vukolis
ووكين مع اسوتي مقلوش,Vokin maa İsvetimikloş
وولغارو,Vulgaro
وولوس,Volos
ووليسو,Voliso
وونا,Vona
وونوس,Vunos
وونيچه,Voniçe
ووولوس,Vuvalos
ويانو,Viyano
ويجه,Viçe
ويد,Vid
ويدهر,Vidher
ويدو,Vido
ويدوسقه,Vidoska
ويدين,Vidin
ويران شهر,Viranşehir
ويرانش,Vıraneş
ويرانشهر,Viranşehir
ويرباشقى,Virbaşkı
ويربانيه,Virbanya
ويرجه,Virce
ويرح بليجه,Virhbiliçe
ويرح ريقه,Virhrika
ويرحوينه,Virhovine
ويرخ قروپنه,Virhkrupine
ويردنك,Virdnik
ويردنيك,Virdnik
ويرشيجه,Virşice
ويرغوراج,Virgoraç
ويره وتيچه,Virevitiçe
ويرهووينه,Virhovine
ويرهوينه,Virhovine
ويروتيچه,Virevitiçe
ويروير,Vırvır
ويزه,Vize
ويسوره,Visora
ويسوقه,Visoka
ويسيّه,Veysiye
ويشغراد,Vişegrad
ويشقراد,Vişegrad
ويشه غراد,Vişegrad
ويشوه,Vişova
ويطولشته,Vitoleşte
ويلاغوش,Vilagoş
وينقوفچه و ايوانقوه,Vinkofça ve İvankova
وينوغراچ,Vinograç
ويوده,Voyvoda
ويچه,Viçe
وَادِى,Vadi
وُدِنَه,Vodine
وِدِينْ,Vidin
وپراش,Vapraş
وچرا,Viçra
وچيچه,Vuçiçe
يابلاق وماقرق (؟),Yablak (?) ve Makrak (?)
ياج اغاچ,Yaçağaç
يادره,Yadara
يادره مع اتبكار,Yadara maa Atpınar
يادكين,Yadgin
يارحصار مع پازارجق,Yarhisar maa Pazarcık
يارقه,Yaraka
يارلق,Yarlık
يارمجه,Yarımca
يارنكومه,Yarangüme
ياره پتره,Yerapetra
ياروشوقه,Yaroşevka
يارچه,Yarçe
يازى يرى,Yazıyeri
ياسنوويك,Yasenovik
ياسنويك,Yasenovik
ياسنچه,Yaseniçe
ياش,Yaş
ياش طاغ,Yaşdağ
ياصنوفچه,Yasanofça
ياصيجه,Yassıca
ياغان,Yağan
ياغداش,Yağdaş
ياغده,Yağda
ياغودنه,Yagodine
ياغودينه,Yagodine
يافع (؟),Yafi (?)
يافه,Yafa
ياقوريت,Yakorit
ياله,Yale
يالواچ قره اغچ,Yalvaç ve Karaağaç
يالوميچا,Yalomiça (?)
يالوميچه,Yalomiçe
يالى,Yalı
يالي,Yalı
يان,Yan
يانبولى,Yanbolu
يانبولى مع نواحى,Yanbolu maa Nevahi
يانسقار,Yaniskar
يانق,Yanık
يانوس هذه,Yanoşheze
يانوه مع ساموكش,Yanova maa Şamukeş (Samukeş)
يانيق,Yanık
يانيه,Yanya
يانيه مع قرندوس,Yanya maa Korindos
يانيه مع قروندوس,Yanya maa Korindos
يانيه مع قورندوس,Yanya maa Korindos
يانيه مع نواحى,Yanya maa Nevahi
يانيچه,Yaniçe
ياوه بولى,Yavebolu
ياووز كمال,Yavuzkemal
ياياكوي,Yayaköyü
يايقل,Yaykıl
يايقيل,Yaykıl
يايلاجيلر,Yaylacılar
يايلاق صغير,Yaylak-ı Sagir
يايلاق كبير,Yaylak-ı Kebir
يايچه,Yayçe
يبان آباد,Yabanabad
يبان اباد,Yabanabad
يبان اووه,Yabanova
يبان حمامى,Yabanhamamı
يحيا لو,Yahyalı
يحيا لى,Yahyalı
يحيالو,Yahyalı
يخكيك,Yahkik
يدى آطه,Yediada
يدى ديوان,Yedidivan
يدي ديوان,Yedidivan
ير كسكى,Yerkesiği
ير كسيكى,Yerkesiği
ير كسيگى,Yerkesiği
يرا پتره,Yerapetra
يراپترا,Yerapetra
يراپتره,Yerapetra
يركان,Yörükan
يركوكى,Yergöğü
يرلى صو,Yerlisu
يرنيكومه,Yarangüme
يره پتره,Yerapetra
يرونيسى,Yeronisi
يزه رو,Yezero
يزيدى,Yezidi
يشيل ايرمق,Yeşilırmak
يصى,Yassı
يصى آطه,Yassıada
يصيجه آطه لرى,Yassıca Adaları
يصيچه,Yassıca
يغان,Yağan
يغلو بياده (؟),Yağlıbayada (?)
يغلو دره,Yağlıdere
يغما,Yağma
يغودنه,Yagodine
يفا,Yafa
يفرين,Yifrin
يقارو زغوريه,Yukarızagorye
يقه,Yaka
يقه جق,Yakacık
يقه جق و آق شهر آباد و تامزاره,Yakacık ve Akşehirabad ve Tamzara
يكانه,Yegana
يكشار,Yenişar
يكشار مع قشاقلى,Yenişar maa Kaşaklı
يكشهر ايدين,Yenişehir-i Aydın
يكى ايل عشيرتى,Yeniil Aşireti
يكى ايل و قنغال و طنوس و دلكلى طاش,Yeniil ve Kangal ve Tonus ve Deliklitaş
يكى بازار مع ترقوشته,Yenipazar maa Tirgovişte (Tırkovişte)
يكى جمعه,Yenicuma
يكى حصار,Yenihisar
يكى خان,Yenihan
يكى سادا,Yenisada
يكى قلعه,Yenikale
يكى مسلمان,Yenimüslüman
يكى مسلمان و قوشتاش,Yenimüslüman ve Kuştaş
يكى ملا طيه,Yenimalatya
يكى پازار ايدين,Yenipazar-ı Aydın
يكى پازار مع متروفچه,Yenipazar maa Mitroviçe (Mitrofça)
يكى پازار مع ناحيۀ سنيچه و سراى,Yenipazar maa Nahiye-i Seniçe ve Saray
يكى پازار مع نواحى,Yenipazar maa Nevahi
يكى پازارايدين,Yenipazar-ı Aydın
يكي قصبه,Yenikasaba
يكيجه افلانى,Yenice-i Eflani
يكيجه اوبه,Yeniceoba
يكيجه جمعه,Yenicecuma
يكيجه حصار,Yenicehisar
يكيجه قره جه اباد,Yenice Karacaabad
يكيجه قره صو,Yenice-i Karasu
يكيجه قزل اغاج مع خاتون ايلى,Yenice-i Kızılağaç maa Hatunili
يكيجه قلعه,Yenicekale
يكيجه واردار,Yenice-i Vardar
يكيجۀ قره صو,Yenice-i Karasu
يكيجۀ قزل آغاج مع خاتون ايلى,Yenice-i Kızılağaç maa Hatunili
يكيجۀ قزل اغاچ مع خاتون ايلى,Yenice-i Kızılağaç maa Hatunili
يكيجۀ واردار,Yenice-i Vardar
يكيجۀ واردار مع ودينه,Yenice-i Vardar maa Vodine (Vodena)
يكيجۀ وردار,Yenice-i Vardar
يكيجۀافلانى,Yenice-i Eflani
يكيشهر ايدين,Yenişehir-i Aydın
يكيشهر فنارمع نواحى,Yenişehir-i Fener maa Nevahi
يكيشهر مع نواحئ ابنوس و غلوس و ارغلاستى,Larisa (Yenişehir) maa nevahi-i İbnos ve Golos maa Argalasti
يكيشهر و فنار,Yenişehir ve Fener
يكيشهروفنار,Yenişehir ve Fener
يكيچرى اطه لرى,Yeniçeri Adaları
يلا نجى,Yalancı
يلاسون,Yalasun
يلاصون,Yalasun
يلاق آباد,Yalakabad
يلاق اباد,Yalakabad
يلج,Yelec
يلدزايلى,Yıldızeli
يلديز ايلى,Yıldızeli
يلديزايلى,Yıldızeli
يلسون,Yalasun
يللجه,Yellice
يلليجه,Yellice
يلواج و قره اغاج,Yalvaç ve Karaağaç
يلواج و قره اغاچ,Yalvaç ve Karaağaç
يليل,Yelil
يمانية السفلا,Yemaniyetüssüfla
يمره مع وقف صغير,Yomra maa Vakf-ı Sagir
يمشلو,Yemişli
يمهوره,Yemhura
يمورطه آطه,Yumurtaada
يمورطه لق مع قره طاش,Yumurtalık maa Karataş
ينبع البحر,Yenbuulbahr
ينبوع,Yenbu
ينبوع البحر,Yenbuulbahr
ينكى,Yengi
ينوه,Yanova
ينوه مع شاموكس,Yanova maa Şamukeş (Şamukes)
ينوه مع شاموكش,Yanova maa Şamukeş
ينيجه لى,Yeniceli
يهوديان,Yahudiyan
يهوديه و زين,Yahudiye ve Zeyn
يهولنجه,Yeholniça
يوادى,Yavadı
يواش,Yavaş
يوبا,Yuba
يورتان,Yortan
يورد,Yurd
يورس,Yoros
يورس و قره صو و شيخلر,Yoros ve Karasu ve Şeyler
يورطان,Yortan
يورك,Yörük
يوركان,Yörükan
يوركان آراج,Yörükan-ı Araç
يوركان اراج,Yörükan-ı Araç
يوركان اسلاملو,Yörükan-ı İslamlı
يوركان انقره,Yörükan-ı Ankara
يوركان روم ايلى,Yörükan-ı Rumeli
يوركان زيله,Yörükan-ı Zile
يوركان طراقلى,Yörükan-ı Taraklı
يورمه,Yorma
يوره,Yora
يوره كير,Yüreğir
يوروس,Yoros
يوروس مع شيخلو و قره صو,Yoros maa Şeyhler (Şeyhli) ve Karasu
يوروك,Yörük
يوروكان,Yörükan
يوروكان بزرك,Yörükan-ı Büzürk
يوروكان روم ايلى,Yörükan-ı Rumeli
يوزباش,Yüzbaş
يوزده باره,Yüzdepare
يوزده جيان,Yüzdeciyan
يوزده پاره,Yüzdepare
يوزغات,Yozgat
يوزغاد,Yozgad
يوسفجه,Yusufca
يوشوه,Yoşava
يوقارو اووه,Yukarıova
يوقارى بوزطغان,Yukarıbozdoğan
يوقارى دندار,Yukarıdündar
يوقارى قلنجلو,Yukarıkılıçlı
يوقارى كلر,Yukarıkeler
يولاق,Yavlak
يومره,Yomra
يومره مع وقف صغير,Yomra maa Vakf-ı Sagir
يومرى,Yumru
يونان اطه لرى,Yunan Adaları
يونان دكزى,Yunan Denizi
يونجالو,Yoncalı
يوند اطه سى,Yundadası
يونده,Yunda
يونده اطه لرى,Yunda Adaları
يونس,Yunus
يوه,Yuva
يوه بولي,Yavebolu
يوه و اكيردور,Yuva ve Eğirdür
يير كسيكى,Yerkesiği
يير كوكي,Yergöğü
ييغيلجه,Yığılca
ييلاجق,Yaylacık
ييلانجق,Yılancık
ييلديز ايلى,Yıldızeli
يَانُوه,Yanova
يَرَاپَتْره,Yerapetra
يَنْبُوعُ البحر,Yenbuulbahr
يپالي,Yapalı
يڭى شهر,Yenişar (Yenişehir)
يڭى پازار آيدين,Yenipazar-ı Aydın
يڭى پازار مع متروفجه,Yenipazar maa Mitroviçe (Mitrofca)
يڭيجه قلعه,Yenicekale
يڭيجۀ آفلانى,Yenice-i Eflani
يڭيجۀ قره صو,Yenice-i Karasu
يگى واروش مع استر افلاق,Yenivaroş maa İstar Eflak
يگي دنيا,Yenidünya
پاازار كوى,Pazarköy
پاتليدا,Patelida
پاخ,Pah
پادجا,Padaca
پادجه,Padaca
پاراسا,Parasa
پارذه نى,Parzeni
پارغا,Parga
پارغه,Parga
پاروس,Paros
پاريكيا,Parikiya
پارگيرى,Bargiri
پازار,Pazar
پازار سويى,Pazarsuyu
پازار صويى,Pazarsuyu
پازار كوى,Pazarköy
پازار يرى,Pazaryeri
پازارجق,Pazarcık
پازارصويى,Pazarsuyu
پازاركاه,Pazargah
پازاركوى,Pazarköy
پازارويران,Pazarviran
پاسبارغو,Paspargo
پاستوح,Pastoh
پاستيه,Pastiye
پاسكه,Pasge
پاسوه,Passava
پاسوه مع كلفا و زارناته,Passava maa Kelefa ve Zarnata
پاسيا,Pasya
پاسين,Pasin
پاسپارغو,Paspargo
پاسپاغوزا اطه لرى,Paspagoz Adaları
پاشا,Paşa
پاشا طاغ,Paşadağ
پاشا ليمانى,Paşalimanı
پاشا يكيد,Paşayiğid
پاشالر,Paşalar
پاشاليمانى,Paşalimanı
پاشقو پوليه,Paşkopolye
پاشقوپوليه,Paşkopolye
پاشكلى,Paşikli
پاشماقلى,Paşmaklı
پاط,Pat
پاطنوس,Patnos
پاطنوس مع عنتاب,Patnos maa Antab
پاغنيك,Pağnik
پاغو,Pago
پاقرسقه ستره دا,Pakraska Sitreda
پاقريچ,Pakriç
پاقسو,Pakso
پاقسواطه سى,Pakso
پاقشه,Pakşa
پالاچ,Palaç
پالرمه,Palerme
پالو,Palu
پالو قصرى,Palokasrı
پالو و جرمك,Palu ve Çermik
پالوقصرى,Palokasrı
پالى معدن مع چسقه,Palu (Palımaden) maa Çiska
پالينورس قيالرى,Palinoris Kayaları
پاليوقاسترو,Palyokastro
پالُو,Palu
پانائيا,Panaiya
پانائييا,Panaiya
پاناغيچه اطه جغى,Panagiçe Adacığı
پاناكيا,Panagiya
پانايا,Panaya
پاندروس,Panderos
پانقوته,Pankota
پانورمه,Panorma
پانيچه,Paniça
پانچوه,Pançova
پاولئ بولى,Pavlı-i Bolu
پاولو,Pavlu
پاولى ايلى,Pavliili
پاولي ايلى,Pavliili
پاوليش,Pavliş
پاياس,Payas
پاپا,Papa
پاپنقوز,Papinkoz
پتاله,Petala
پتاليدس,Petalides
پتاليدى,Petalidi
پتربورغ,Peterburg
پترشبان,Petreşban
پترمژاك,Petremjak
پتره,Petre
پترو,Petro
پترو اطه جغى,Petro Adacığı
پتروقاراوى,Petrokaravi
پتروه پوليه,Petrovapolye
پتروواج,Petrovaç
پتروواچ,Petrovaç
پترى كونمه,Petrigonime
پتريج,Petriç
پتريل,Petril
پتريل مع رادويز,Petril maa Radoviz
پترين,Petrin
پتريچ,Petriç
پتكر,Pitkir
پتكلى,Petekli
پتكير,Pitkir
پتلش,Petleş
پته ليده,Petalide
پتيو,Pitu
پجى,Peci
پجي,Peci
پديه,Pedye
پر شتنه,Priştine
پر موريه,Premorye
پر يبوى,Priboy
پراسودا,Prasuda
پراسوده,Prasuda
پراسودو,Prasudo
پراسودى,Prasudi
پراسولوغوس,Prasologos
پراسونى,Prasoni
پراصو اطه لرى,Praso Adaları
پراقا لمه,Parakalama
پراكندۀ قنغال,Perakende-i Kangal
پراكندۀ مقاطعات,Perakende-i Mukataat
پراكندۀايدين,Perakende-i Aydın
پراكنه,Perakine
پراما,Perama
پرامه,Perama
پراموره,Pramura
پراهوه,Prahova
پراواديجك,Pravadicik
پراوشته,Pravişte
پراويشته,Pravişte
پراچه,Praça
پراچۀ زير,Praça-i Zir
پرت اكرك,Pertekrek
پرتك,Pertek
پرتكرك,Pertekrek
پرتلو,Pürtlü
پرتَكْ,Pertek
پرخنكوك,Perhangök
پرز,Prez
پرزرن,Prizrin
پرزرين,Prizrin
پرزرين مع صهريقه,Prizrin maa Suhorika
پرزرين مع نواحى,Prizrin maa Nevahi
پرسكلاني,Preseklani
پرسپه,Prespa
پرشتنه,Priştine
پرلبه,Pirlepe
پرلوغنده مع حادم,Pirlavganda maa Hadim
پرلوغنده مع خادم,Pirlavganda maa Hadim
پرلپ,Pirlep
پرلپه,Pirlepe
پرنار طاغى,Purnardağı
پرناز,Pırnaz
پرناوود,Pernavud
پرنج,Pirinç
پرنيا وور,Prinyavor
پرنچلك,Pirinçlik
پره ساقوفچه,Presakofça
پره سپه,Prespa
پره قالمه,Parakalama
پره موده,Premuda
پره موريه,Premorye
پره وزه,Preveze
پره وزه مع لامرى,Preveze maa Lamri
پره وزه مع نواحى,Preveze maa Nevahi
پرهوه,Prahova
پروارئ بالا,Pervari-i Bala
پروارئ زير,Pervari-i Zir
پروارى,Pervari
پروانه,Pervane
پرودانو,Prodano
پرورى,Perveri
پروزه,Preveze
پروزه مع نارده,Preveze maa Narda
پروزوروپوژين واستروفجه,Prozor ve Pojin (?) ve Ostrofça
پروس,Poros
پروستنيه,Prostenye
پروشك,Peruşik
پروشيك,Peruşik
پرولوژچه,Prolojaçe
پروناللو,Pıronallı
پرووليا,Perivolya
پروچه غوره,Proçegora
پرى بوى,Priboy
پرى صويى,Perisuyu
پريئيه در,Priyedor
پريبود,Pripod
پريبوى,Priboy
پريجه,Price
پريدور,Priyedor
پريدور مع قوزارچه,Priyedor maa Kozarçe
پريزرين,Prizrin
پريسترى,Peristeri
پريقه,Parika
پريم,Perim
پرين,Perin
پريوتجه,Piryotiçe
پريوتيچه,Piryotiçe
پريوتچه,Piryotiçe
پرييك,Priyeg
پريپوش شاغ,Pripuşşağ
پرپوشته,Pripuşte
پرچنچ,Perçenç
پرچه مع كنزين,Birçe (Pirçe) maa Knezin
پساتورا,Psatura
پساتونيس,Psatonis
پساتونيس ديكر,Psatonis-i diğer
پساريانو,Psaryano
پسقوبى,Piskopi
پسقوكفالو,Piskokefalo
پسقوپى,Piskopi
پسقپوپى,Piskopi
پسلورتى,Psiloriti
پسورونيسى,Pisoronisi
پسيان,Pisyan
پسيخرو,Psihoro
پسيرا,Psira
پسپريم,Besprim
پشترا,Peştera
پشتره,Peştera
پشتريك,Piştirik
پشتريچه,Peşteriçe
پشته,Peşte
پشدر,Pişder
پشلو,Peşlü
پشماقلى,Paşmaklı
پشمان,Pişman
پصوشه,Posuşe
پغانوسا,Piganusa
پقريچ,Pakriç
پكريچ,Pekeriç
پكريچ صغير,Pekeriç-i Sagir
پكريچ كبير,Pekeriç-i Kebir
پكسماد,Peksimad
پكسيماديا اطه جقلرى,Peksimadya Adacıkları
پكلن,Peklin
پكلين,Peklin
پلا تانوس,Platanos
پلا ن دوكن,Palandöken
پلاته يه اطه لرى,Plataya Adaları
پلاتى,Plati
پلاتي,Plati
پلاتيا,Platiya
پلاتيه,Platiya
پلاش,Plaş
پلاطمنه مع قترين,Platimana maa Katerin
پلاطيه,Platiya
پلاقا,Plaka
پلاقه,Plaka
پلاقونيسى,Plakonisi
پلاكا,Plaka
پلاكيدى,Plakidi
پلامود,Palamut (Palamud)
پلاموده,Palamude
پلانا,Plana
پلانقۀجديداقكنيسا,Palanka-i Cedid-i Akkenisa
پلاننۀ بزرك,Planine-i Büzürk
پلاننۀ كوچك,Planine-i Küçük
پلانه,Plana
پلاو,Plav
پلايا,Playa
پلغورا,Pelagura
پلمار,Pilimar
پلندوار (؟),Pelendvar (?)
پله رو,Plero
پلور,Pulur
پلورك,Pülürek
پلوله,Plevle
پلونه,Plevne
پليد بوكى,Pelidbükü
پناكيا,Panagiya
پنايا اطه لرى,Panaya Adaları
پنايه,Panaya
پنبك,Penbek
پنبوق اوزى,Panbuközü
پنجار,Pincar
پندايا,Pendaya
پندايه,Pendaya
پندك,Pendik
پنسكرد,Peneskird
پنسكيرد,Peneskird
پنكان,Pingan
پنيانش,Pinyaniş
په تالا,Petala
په تاليد,Petalid
په رخانكوك,Perhangök
په لاييئاس,Pelayies
په لوزو,Peluzo
پوبلاديه_x001C_,Popladiye
پوتامو,Potamo
پوتاموس,Potamos
پوتنيك,Putnik
پوحوه مكه,Puhovameke
پودرينيه,Podrinye
پودغراديه,Podgradya
پودغراچ,Podgoraç
پودغور,Podgor
پودغوراج,Podgoraç
پودغوراچ,Podgoraç
پودغوريجه,Podgoriçe
پودغوريه,Podgorya
پودغوريه و قوندروچه,Podgorya ve Kondrovçe
پودغوريچه مع اشبوزى,Podgoriçe maa İşpuzi
پودلاپچه,Podlapaça
پودمير,Podmir
پودويرشقى,Podvirşka
پودويرشقي,Podvirşka
پودپوريه,Podporye
پودژه پا,Podjepa
پوراچيك,Puraçik
پورت سعيد,Portsaid
پورتاريا,Portarya
پورتوريقو,Porto Riko
پورتى,Poreti
پورتگال ولايتي,Portugal Vilayeti
پورسوق,Porsuk
پورصوق,Porsuk
پورغه,Porga
پورنك,Pürnek
پوره تى,Poreti
پوره چه,Poreçe
پوروس,Poros
پوروى,Poroy
پورى,Pori
پوريچه,Poriçe
پورچه,Porçe
پوزاروفجه,Pozarofça
پوزانطى,Pozantı
پوزه او,Puzeo
پوزه غه جق,Pojegacık
پوسخوف,Poshof
پوشتكوه,Poştkuh
پوشوه,Puşova (?)
پوصوشه,Posuşe
پوغانوس,Puganus
پوغونيا اطه لرى,Pogoniya
پوغونيه,Pogoniye
پوفين,Pofin
پوقه,Puka
پول هنت,Polihnit
پولاتخانه,Polathane
پولاته,Polata
پولاد ايلى,Poladili
پولانه,Polana
پولانه مع ديراغوطين,Polana maa Dragotin
پولانيه,Polaniye
پولتخانه,Polathane
پولشنيك,Polişnik
پولغار,Polgar
پولنو,Polino
پولهنت,Polihnit
پولهنيت,Polihnit
پولوس,Polos
پولوس كيروف,Poloskirof
پولوميه,Polomiye
پولونى,Poloni
پولى قندري,Polikandri
پوليت ليقه,Politlika
پوليروز,Poliyiroz
پوليقاندرى,Polikandri
پوليقندرى,Polikandri
پولينو,Polino
پوليور,Polyor
پومستى,Pomesti
پومو,Pomo
پونديقو,Pondiko
پوهوه مكه,Puhovameke
پويراز,Poyraz
پوپرزيه,Poprezye
پوپلاديه,Popladiye
پوپنه,Popine
پوپول,Popol
پوپوه,Popova
پوچاپنجى,Poçapinci
پوچتل,Poçitel
پوچى تل,Poçitel
پوچيتل,Poçitel
پوژ ه غجق,Pojegacık
پوژ ه غه جق,Pojegacık
پوژغه جق,Pojegacık
پوژه غه جق,Pojegacık
پوژه غه و اوسك,Pojega ve Ösek
پي پرى,Piperi
پياده كان انقره,Piyadegan-ı Ankara
پياده كان ايدين,Piyadegan-ı Aydın
پياده كان حداوندكار,Piyadegan-ı Hüdavendigar
پياده كان حميد,Piyadegan-ı Hamid
پياده كان خداوندكار,Piyadegan-ı Hüdavendigar
پياده كان سلطان اوكى,Piyadegan-ı Sultanönü
پياده كان صاروخان,Piyadegan-ı Saruhan
پياده كان قراسى,Piyadegan-ı Karesi (Karasi)
پياده كان قره حصار,Piyadegan-ı Karahisar-ı Sahib (Karahisar)
پياده كان قره حصار صاحب,Piyadegan-ı Karahisar-ı Sahib
پياده كان كوتاهيه,Piyadegan-ı Kütahya
پياده كان كوتاهيّه,Piyadegan-ı Kütahya
پياده كان منتشا,Piyadegan-ı Menteşe
پياس,Payas
پيال,Piyal
پياملى,Payamlı
پيانچه,Piyaniçe
پيجين,Picin
پيده,Pide
پيدياس,Pidiyas
پير حياتى و چياسبز,Pirhayati ve Çeyasebz
پير عزيز,Piraziz
پير عزيز مع آق كوى,Piraziz maa Akköy
پير چوبان,Pirçoban
پيراصون,Pirason
پيران,Piran
پيران مع بتوئَن,Piran maa Bituen
پيرعزيز,Piraziz
پيرغو,Pirgo
پيرغو پسيلونه رو,Pirgopisilonero
پيرغوسا,Pirgosa
پيرغوپسيلونه رو,Pirgopisilonero
پيرغى,Pirgı
پيرلپه,Pirlepe
پيسقوپي,Piskopi
پيطيحه,Pitiha (?)
پيغانوسا,Piganusa
پيكار,Pınar
پيكار حصار,Pınarhisar
پيكارحصار,Pınarhisar
پيكارلى,Pınarlı
پيكى,Pigi
پيكي,Pigi
پيلاور,Pilaver
پيلايا,Playa
پيلمار,Pilimar
پيليمار,Pilimar
پيوه بانه,Pivebana
پيپه رى,Piperi
پيچار,Piçar
پَالو,Palu
پَريِّد,Pereyyid
پَرْلَتْستى,Perletsti
پَشْلو,Peşlü
پُشت گرى,Poştgeri
پِريوتچه,Piryotiçe
پِسْيَانْ,Pisyan
پچار,Piçar
پچن مع ميلاس,Peçin maa Milas
پچى,Peci
پچين,Peçin
چابراد,Çabrad
چاتلجه,Çatalca
چاجقه,Çaçaka
چارتلوس,Çartalos
چارداق,Çardak
چارداقلى,Çardaklı
چارسنجاق,Çarsancak
چارسنجق,Çarsancak
چارسنجق مع صغمان,Çarsancak maa Sağman
چارشانبه,Çarşamba
چارشنبه,Çarşamba
چارملك,Çarmelik
چاروحا,Çaruha
چاروه,Çarova
چاريبرود,Çaribrod
چارپان,Çarpan
چارپين,Çarpın
چاشنكير,Çaşnigir
چاط آلاڭى,Çatalanı
چاغشاق,Çağşak
چاغلايق,Çağlayık
چاغلايق مع صارى شعبان,Çağlayık maa Sarışaban
چاقراق,Çakrak
چاقرجه,Çakırca
چاقرلى مع صفالى,Çakırlı maa Safalı
چاقمق,Çakmak
چاقوه,Çakova
چاك,Çan
چاك كوپرى,Çanköprü
چاكشا,Çanşa
چاكلى,Çanlı
چاكلى كليسا,Çanlıkilise
چاكلى كليسه,Çanlıkilise
چال مع طبال و طورصوب,Hakkari Çal (Çal) maa Dabal ve Torsub (?)
چال مع طيارى,Hakkari Çal maa Tayyar
چالتيجق,Çaltıcak
چالدران,Çaldıran
چالديران,Çaldıran
چالش مع طوطاق,Çalış maa Tutak
چالغان,Çalgan
چالق قواق,Çalıkkavak
چاللى,Çallı
چالى,Çalı
چاليجه,Çalıca
چام آردى,Çamardı
چام اردى,Çamardı
چام برونى,Çamburnu
چاملق,Çamlık
چاملوجه,Çamlıca
چامليجه,Çamlıca
چامور,Çamur
چامورلى,Çamurlu
چان,Çan
چاندارلو,Çandarlı
چاندارلى,Çandarlı
چاندارلي,Çandarlı
چاودار,Çavdar
چاودير,Çavdır
چاوش الآت,Çavuşulat (?)
چاى,Çay
چاى آغزى,Çayağzı
چاى حصار,Çayhisar
چاى قيو,Çaykuyu
چاى كسان,Çaykesen
چاي قويى,Çaykuyu
چايخان,Çayhan
چايدر,Çayder
چاير شيخى,Çayırşeyhi
چايراسكوب مع نوكريچه,Çayır-ı Üsküb maa Nogoriçe
چايره,Çayra
چاينيچه,Çayniçe
چاينچه,Çayniçe
چاچقه,Çaçaka
چاچونه,Çaçvine
چاچوينه,Çaçvine
چاڭ,Çan
چاڭلو,Çanlı
چاڭلى,Çanlı
چاڭْلو,Çanlı
چاڭْلى,Çanlı
چبره,Cibre (Çibre)
چبق,Çubuk
چبق آباد,Çubukabad
چبق اباد,Çubukabad
چبوق آباد,Çubukabad
چبوق اباد,Çubukabad
چبوقلى,Çubuklu
چتاق,Çatak
چتال آده لر,Çatal Adalar
چتال اده لر,Çatal Adalar
چتال برغوس,Çatalbergos
چتال برغوس مع لاپسكى,Çatalbergos maa Lapseki
چتال تپه,Çataltepe
چتال زيتون,Çatalzeytun
چتالجه مع ناحيۀ دومكه,Çatalca maa Nahiye Dömeke
چترليك,Çetirlik
چتروز,Çitroz
چتنه,Çetine
چتويردقوشته,Çetvirdkovişte
چتينه,Çetine
چراغ برمكى,Çerağ-ı Bermeki
چرشه,Çerşe
چرقان,Çırkan
چركان,Çirikan
چركس مسلم,Çerkesmüsellem
چركش,Çerkeş
چركش اووه جق,Çerkeş Ovacık
چركش مجيديه,Çerkeş Mecidiye
چركش مع گونى,Çerkeş maa Güney
چرمان,Çirmen
چرملو,Çermeli
چرمن,Çirmen
چرمن و ويزه,Çirmen ve Vize
چرمه,Çerme
چرميك,Çermik
چرنه,Çerna
چرنه رقه,Çernereka
چرنه قوزينچه,Çernekozinçe
چرنوى,Çernovi
چرنويچ,Çernoviç
چرنى كلس,Çerniklis
چرنيك,Çernik
چرنيچه,Çerniçe
چرنيچه و ناحيۀ غابله,Çerniçe ve Nahiye-i Gabele
چرنچه,Çerniçe
چره ويك,Çerevik
چروك,Çerevik
چروم,Çorum
چرى اوغرى,Çeriuğru
چرْمَه لو,Çermeli
چرپان,Çırpan
چرچر,Çırçır
چرچيلى,Çerçili
چسطا,Çista
چسقه,Çıska
چشمه,Çeşme
چشمه و ازمير,Çeşme ve İzmir
چشنيك,Çeşnik
چغا,Çağa
چغان,Çağan
چغلاغان جريدى,Çağlağanceridi
چغلايق,Çağlayık
چغلايق مع صارى شعبان,Çağlayık maa Sarışaban
چغلغان جريدى,Çağlağanceridi
چفتلك,Çiftlik
چفتلكات,Çiftlikat
چفته,Çifte
چفته خان,Çiftehan
چفته لر,Çifteler
چفنه,Çifte
چقال,Çakal
چقاللر,Çakallar
چقماق طاشى,Çakmaktaşı
چقناخور,Çıknahor
چقور,Çukur
چقور آباد,Çukurabad
چقور كوى,Çukurköy
چقور ويران,Çukurviran
چقورجه,Çukurca
چك الاك,Çekalan
چكته,Çekete (?)
چكركه,Çekirge
چكلنه,Çiğlene
چكمجۀ صغير,Çekmece-i Sagir
چكمجۀ كبير,Çekmece-i Kebir
چكمجۀ كبيرر,Çekmece-i Kebir
چلابرد,Çelaberd
چلبى,Çelebi
چلبى بازارى,Çelebipazarı
چلبى باغى,Çelebibağı
چلبى پازارى,Çelebipazarı
چلبى پازارى مع قولايش,Çelebipazarı maa Kolayiş
چلتك,Çeltik
چلدر,Çıldır
چلدير,Çıldır
چليكانلو,Çelikanlı
چم,Çem
چم نيم,Çemnim
چماش,Çamaş
چمش مع بولمان,Çamaş maa Bolaman
چمشكزك,Çemişgezek
چمشكزك و پرتك و صغمان,Çemişgezek ve Pertek ve Sağman
چمن ايلى,Çimenili
چمن يكيجه سى,Çimenyenicesi
چمنلو,Çimenli
چنارطغان,Çınardoğan (?)
چنارلو دره سي,Çınarlı Deresi
چناره,Çınare
چناق قلعه سى,Çanakkalesi
چنداوغلى,Çendoğlu
چنق,Çanak
چنكانه,Çingane
چنكرلى,Çengerli
چنكل,Çengel
چه مى چه تو,Çemiçeto
چهار شنبه,Çarşamba
چهارشنبۀ لازقيه,Çarşamba-i Lazkiye
چهرين,Çehrin
چوباس,Cubas (Çubas)
چوراق,Çorak
چوراق دره,Çorakdere
چورغوه,Çurgoh
چورك,Çürük
چورك صو,Çürüksu
چوركصو,Çürüksu
چورلو,Çorlu
چورلى,Çorlu
چورم,Çorum
چورم كوردى,Çorumkürdü
چورمشك,Çörmüşek
چورملو و قره حصار,Çorum (Çorumlu) ve Karahisar
چوره كى,Çöreği
چوروخ,Çoruh
چوروك,Çürük
چوروم,Çorum
چوروم مع ساقز و قره حصارلئ تيمورلى و مهمادالسلام,Çorum maa Sakız ve Karahisarlı-i Timurlu ve Mihmadüsselam
چورويك,Çerovik
چورى,Çuri
چوريل,Çivril
چورگى,Çöreği
چوزدره سى,Cevizderesi
چوشلى,Çuşlu
چوكالى,Çokali
چوكه,Çöke
چولا,Çola
چوللى,Çullu
چولندر,Çulender
چوله,Çola
چوماق بازارى,Çomakpazarı
چومره,Çumra
چونغراد,Çongrad
چونقور,Çukur (?) (Çonkur)
چوواز,Çuvaz
چوينجى,Çuyinci
چيت,Çit
چيت مع عبش,Çit maa Abeş
چيقناخور,Çıknahor
چيكلنه,Çiğlene
چيلدير,Çıldır
چيلليف,Çillaga (Çillif)
چيلو,Cilo
چيلو عليا,Cilo-i Ulya
چيميانلو,Çimyanlı
چين,Çin
چينه,Çine
چيپل,Çipel
چيچك,Çiçek
چيچك اطه لرى,Çiçek Adaları
چيچوه,Çiçeva
چَليكانلو,Çelikanlı
چپروفجه,Çiprofça
چپروفچه,Çiprofça
چپن,Çepin
چپنئ كره سون,Çepni-i Giresun
چپنه,Çepine
چپنى,Çepni
چپين,Çepin
چچ,Çeç
چچرك,Çeçerek
چکمجۀ صغير,Çekmece-i Sagir
چکمجۀ کبير,Çekmece-i Kebir
ژابار,Jabar
ژانبو كرك,Janbokrek
ژانبوكرك,Janbokrek
ژبجه,Jepçe
ژليز,Jeliz
ژلژنو مكوريچقي,Jelejno Megoriçka
ژه پا,Jepa
ژوپان,Jupan
ژوپه,Jupe
ژيرنوفچه,Jirnofça
ژييورا,Jiyora
ژپجه,Jepçe
ژپچه,Jepçe
ژژانيه,Jajaniye
ژژنه,Jejene
کۀ,Kie
گدكجبك,Gedik-i Çubuk
گدوس مع قصبۀ شبخانه,Gediz (Gedüs) maa Kasaba-i Şabhane
گرجانس,Gercanis
گرده,Gerede
گرمه,Gereme
گرينه,Gerine
گرگر,Gerger
گلدكلان,Geldiklan
گلعنبر,Gülanber
گلعنبر و علوجه مع وارماوا نام ديگر خُرّم آباد,Gülanber ve Alevce maa Varmava nd. Hürremabad
گلنار,Gülnar
گلناغاج مع قصروق مع كردخبر,Gelinağaç ve Kasruk maa Kirdhaber
گلنكراس,Gelingiras
گوار,Gevarselim (Gevar)
گور,Gevar
گوره له مع ياوه بولى,Görele maa Yavebolu
گورۀ يڭى شهر,Güre-i Yenişehir
گوزل حصار آيدين,Güzelhisar-ı Aydın
گوزل حصار منمن,Güzelhisar-ı Menemen
گوك آباد,Gökabad
گوك اويك,Gököyük
گوك دپه,Göktepe
گوك طاشلو,Göktaşlı
گوكجه طاغ,Gökçedağ
گوكچه لو,Gökçeli
گول حصار,Gölhisar
گول حصار حميد,Gölhisar-ı Hamid
گول پازارئ بولى,Gölpazar-ı Bolu
گولباشى,Gölbaşı
گولحصار حميد,Gölhisar-ı Hamid
گوله,Göle
گومش اباد مع افتنى,Gümüşabad maa Efteni
گومشخانه,Gümüşhane
گومشخانه مع نواحئ طورل,Gümüşhane maa Nevahi-i Torul
گونان,Gönen
گونان حميد,Gönen-i Hamid
گونى,Güney!
گونيه,Goniya
گونيوزي,Günyüzü
گوينك,Göynük
گوگرجنلك,Güğercinlik
گيره سون,Giresun
گيغى,Kiğı
گيكلر,Geyikler
گيلان,Gilan
گِيلان,Gilan
