osmanlica,transkripsiyon
آب كارون,Ab-ı Karun
آبصافى,Ab-ı Safi
ابصافى,Ab-ı Safi
اب صافي,Ab-ı Safi
اب صافى,Ab-ı Safi
آب صافى,Ab-ı Safi
آب صوفى,Ab-ı Safi/Abısofu
آبْصافى,Ab-ı Safi/Absafi
الب صوفى,Ab-ı Safi/Alpsofu
اباد,Abad
آبادان,Abadan
عبادان,Abadan
خضر,Abadan/Hazar
آبادان,Abadan/Hazar
الحضرا,Abadan/Hazar (el-Hazra)
ابغاى,Abagay
آبغاى,Abagay
ابااغا,Abagay/Abaağa
آبانه,Abana
عبانه,Abana
اورانيه,Abana/Evrenye
كينولى,Abana/Ginolu
كيونلى,Abana/Ginolu (Keyvenli)
گينولى مع آورنيه,Abana/Ginolu maa Evrenye
آباران,Abaran
اباران,Abaran
ابازا,Abaza
ابازه,Abaza
عباس,Abbas
عبّاس,Abbas
ابدال,Abdal
عبدالان,Abdalan
ابدانان,Abdanan
عبدى اولان,Abdiulan
عبدى اولان طاشليسى,Abdiulan/Abdiulantaşlısı
عبد الدره,Abduddürre
عبد الفادى,Abdulfadi
عبد الغاب,Abdulgab
عبد الغالي,Abdulgali
عبد الحليم,Abdulhalim
عبد القاف,Abdulkaf
عبدالله,Abdullah
عبد الله ديه,Abdullahdiye
عبدالله قروص,Abdullahkurus
عبد الرحمن بك اوبه سى,Abdurrahmanbeyobası
عبد الرحمن غازى,Abdurrahmangazi
عبش,Abeş
عيش,Abeş
ابها,Abha
نفس ابها,Abha merkez
ابكور,Abkur
آبكور,Abkur
ايكور,Abkur/İnör
اب پاره,Abpare
ابرى,Abrı
آبرى,Abrı
آبرى و حراله,Abrı ve Harala
ابرينك,Abrink
ابرانك,Abrink/Abranik
امرانك,Abrink/Amranik
عبس,Abs
عبوس,Abus
عبوين,Abveyn
آبيار,Abyar
ايبار,Abyar/İbar
اجاجى,Acacı
اچاجى و اوزى قواغى,Acacı (Açacı) ve Özükavağı
آجان,Acan
غريب,Acan/Garib
عجار,Acar
آچار,Acar/Açar
اجره,Acara
اجاره,Acara
اجارۀ سفلا,Acara-i Süfla
آجارۀ سفلى,Acara-i Süfla
اجرۀ سفلا,Acara-i Süfla
اجرۀ سفلى,Acara-i Süfla
اجارۀ سفلى,Acara-i Süfla
اجارۀ عليا,Acara-i Ulya
آجارۀ عليا,Acara-i Ulya
اجرۀ عليا,Acara-i Ulya
اجاره ماجقال,Acara/Acara-i Maçahel (Maçakal)
اجره دره سى,Acaraderesi
اجرى,Acari
آجرى,Acari
اجري سفلا,Acari-i Süfla/Acari-yi Süfla
اجرى عليا,Acari-i Ulya/Acari-yi Ulya
عجم بابا,Acembaba
عجمى,Acemi
عجمستان,Acemistan
آجي صُويىِ,Acısuyu
عجير,Acir
عجلون,Aclun
عجلون كوره,Aclun Küre
كوره,Aclun Küre/Küre
عجلون مع توابع,Aclun maa Tevabi
عجلون و بنى وهدان,Aclun ve Benivehdan
جبل عجلون,Aclun/Cebel-i Aclun
جبَل عَجْلُون,Aclun/Cebel-i Aclun
اجنان كارحانه,Acnan-ı Karhane
اجنان تورك,Acnan-ı Türk
عجوز,Acuz
عجوز و زاخوم,Acuz ve Zahom
اوجوس,Acuz/Ucus
عجوزه,Acuze
عجوه,Acve
اچق باش,Açıkbaş
اجق باش,Açıkbaş
آجق باش,Açıkbaş
آچيپوپولو,Açipopolo
اطه,Ada
آطه,Ada
آطه,Ada
اده,Ada
اطه بورنكى,Adaburnuki (?)
آطه كيده,Adagide
اطه هاء ملحقه,Adaha-i Mülhaka
اطه قلعه,Adakale
آطه,Adakale/Ada
اطۀ كبير,Adakale/Ada-i Kebir
اطه قلعه سى,Adakale/Adakalesi
اطۀ كبير,Adakale/Adakalesi/Ada-i Kebir
اطله,Adala
آطاله,Adala
اطاله,Adala
آطله,Adala
اطاله مع منده حوريه,Adala maa Mendehorya
اطه لر,Adalar
آطه لر,Adalar
آطه لر دكزى,Adalar Denizi
اطه,Adalar/Ada
اداليه,Adalya
ادامانلو عشيرتى,Adamanlı Aşireti
اطنه,Adana
آطنه,Adana
آطنه,Adana
ادنه,Adana
ادانه,Adana
اطانه,Adana
آدنه,Adana
آدنه,Adana
ادنَه,Adana
آدنه مع يوره كيل,Adana maa Yüreğir (Yüreğil)
آدنه مع يره كيل,Adana maa Yüreğir (Yüreğil)
آدنه مع يوره گيل,Adana maa Yüreğir (Yüreğil)
آدنه مع يره گيل,Adana maa Yüreğir (Yüreğil)
نفس آطنه,Adana merkez
نفس ادنه,Adana merkez
نفس اطنه,Adana merkez
اطه پازارى,Adapazarı
آطه پازارى,Adapazarı
اطه بازارى,Adapazarı
اطه پازارى مع صپانجه,Adapazarı maa Sapanca
آطه پازارى مع صبانجه,Adapazarı maa Sapanca (Sabanca)
آطه بازاري مع صبانجه,Adapazarı maa Sapanca (Sabanca)
اطه بازارى مع صبانجه,Adapazarı maa Sapanca (Sabanca)
آطه پازارى مع صبانجى,Adapazarı maa Sapanca (Sabancı)
اده,Adapazarı/Ada
اطه ويرن,Adaviran
آدلفا,Adelfa
آدلفى,Adelfi
آدالفى اطه لرى,Adelfi (Adalfi) Adaları
ادلفيا,Adelfiya
آدلفوپولون,Adelfopolon
عدن,Aden
اديحون,Adıhun
عادل,Adil
عادلجواز,Adilcevaz
عادالجواز,Adilcevaz
عادى الجواز,Adilcevaz
عادلجواز مع بليس,Adilcevaz maa Bitlis (Bilis)
عدليه,Adliye
عَدْلِيَه,Adliye
آدولوقو,Adoluko
آدرياتيق,Adriyatik
ونديك,Adriyatik/Venedik
عفك,Afak
عفار,Affar
افغان,Afgan
افلاطار,Aflatar
افلاتار,Aflatar
افريقا,Afrika
افريقاى عثمانى,Afrika-yı Osmani
آفرقيه مع باجه,Afrikıye maa Bace
آفْرِقِيّه مع باجه,Afrikıye maa Bace
آفريقيّه مع باجه,Afrikıye maa Bace
آفرقيه مع مطر,Afrikıye maa Matar
آفرين,Afrin
افشار,Afşar
آفشار,Afşar
آفشار,Afşar
افشار معه ناخيۀ ايرله,Afşar maa Nahiye-i Barla/Afşar maa Nahiye-i İrle
افشار و بارله,Afşar ve Barla
اوشار,Afşar/Avşar
آوشار,Afşar/Avşar
اغاچ اغيل,Ağaçağıl
اغاجرى,Ağaçeri
اغاجري,Ağaçeri
آغاجلو,Ağaçlı
اغاچلى,Ağaçlı
آغاچلو,Ağaçlı
اغاجلى,Ağaçlı
اغادوه,Ağadeve
اغاكس,Ağakis
آغاكس,Ağakis
اغاكيس,Ağakis
اخاكيس,Ağakis/Ahakis
اخكيس,Ağakis/Ahakis
ارغاكس,Ağakis/Argakis
اغاتونيس,Ağatonis
اغاتونيسى,Ağatonis
اشك,Ağatonis (Gaydaronisi)/Eşek
غاطونيسى,Ağatonis/Gatonisi
غاتونيسى,Ağatonis/Gatonisi
غايدارو,Ağatonis/Gaydaro
اغجه,Ağca
اغجه بدي,Ağcabedi
غجه قلعه,Ağcakale
اغجه قلعه,Ağcakale
قلعۀ اغجه,Ağcakale/Kale-i Ağca
آغجه قشله,Ağcakışla
املاك,Ağcakışla/Emlak
اقچه لر,Ağcalar/Akçalar
قلعۀ سيوكه,Ağcalar/Kale-i Sivke
آغين,Ağın
اغين,Ağın
اغلاصون,Ağlasun
اغلاسون,Ağlasun
اغلسون,Ağlasun
آغلاسون,Ağlasun
آغلاسون طاغلرى,Ağlasun Dağları
اغلسون مع انجير بازرارى,Ağlasun maa İncirpazarı
اغلاسون مع انجير بازارى,Ağlasun maa İncirpazarı
اغلاسون مع انجير,Ağlasun maa İncirpazarı/Ağlasun maa İncir
اغلاسون مع انجير,Ağlasun maa İncirpazarı/Ağlasun maa İncir
انجير مع اغلاسون,Ağlasun maa İncirpazarı/İncir maa Ağlasun
انجيرلى مع اغلاسون,Ağlasun maa İncirpazarı/İncirli maa Ağlasun
بل اوكى,Ağlasun/Belönü
اغلى,Ağlı
اعلى,Ağlı/Ala
اغرافه,Ağrafa
آغرافه,Ağrafa
اغرفه,Ağrafa
فنار اغرفه,Ağrafa/Fener Ağrafa
اغرلوسا,Ağralosa
اغرلوسا,Ağralosa/Ağenosa
اغريوسا,Ağralosa/Ağreyosa
اغري,Ağrı
آرارت,Ağrı/Ararat
اغريبوز,Ağrıboz
آغريبوز,Ağrıboz
اغربوز,Ağrıboz
ابوآ,Ağrıboz/Eboa
أِغرِبوز,Ağrıboz/Igrıboz
نغروپونت,Ağrıboz/Neğropont
آغريبوز,Ağrıboz/Neğroponte
اغرجان,Ağrıcan
آغريجان,Ağrıcan
اغريجان,Ağrıcan
اغردس,Ağrıdos
اغردوس,Ağrıdos
آغريدوس,Ağrıdos
اغراس,Ağrıdos/Ağras
اوغرى طاش,Ağrıdos/Uğrıtaş
اوغر يطاش,Ağrıdos/Uğrıtaş
اغريطاش,Ağrıdos/Uğrıtaş
آغرى كول,Ağrıgöl
اغريلوس,Ağrilos
اغرييا,Ağriya
آغريا,Ağriya
اغروس,Ağros
آغروس,Ağros
اغروس مع كچيبورلى,Ağros maa Keçiborlu
اغراس,Ağros/Ağras
اغرس,Ağros/Ağras
اغردوس,Ağros/Ağrıdos
آتابك,Ağros/Atabey
اغروب,Ağrub
اغوللى,Ağullu
اغونصوص,Ağunsos
اغنصوص,Ağunsos
آغستوس,Ağustos
اغستوس,Ağustos
اغوستوس,Ağustos
اغوستوس,Ağustos
اغوه,Ağva
آغوه,Ağva
اغوانس,Ağvanis
آغوانس,Ağvanis
اغوانيس,Ağvanis
اغويران,Ağviran
اغويران عليا,Ağviran/Ağviran-ı Ulya
اخا,Aha
احدلر,Ahadlar
احدلر كبير,Ahadlar-ı Kebir
احلطبا,Ahaltaba
اخبصور,Ahbisor
احجرك,Ahçirik
احچرك,Ahçirik
اخ جورك,Ahçirik/Ahçurik
اخنجى,Ahıncı
آخير طاغلرى,Ahır Dağları
اخسقه,Ahıska
اخسخه,Ahıska/Ahısha
احسحه,Ahıska/Ahısha
آخسخه,Ahıska/Ahısha
اخصتباد,Ahıstabad
اخست آباد,Ahıstabad
اخست اباد,Ahıstabad
اخى چلبى,Ahiçelebi
آخى چلبى,Ahiçelebi
اخى چلبى,Ahiçelebi
اخى جلبى,Ahiçelebi
نفس اخى چلبي,Ahiçelebi merkez
اخلكلك,Ahilkelek
احلكلك,Ahilkelek
عاهم,Ahim
احينوز,Ahinoz
اخيران,Ahiran
عاهره,Ahire
اخلاط,Ahlat
احلاط,Ahlat
آخلاط,Ahlat
آحلاط,Ahlat
نفس اخلاط,Ahlat merkez
اخلاط و چقور,Ahlat ve Çukur
احمد بك,Ahmedbey
احمدلى,Ahmedli
اخميم,Ahmim
آخْميم,Ahmim
احسا,Ahsa
آحسا,Ahsa
لَحْسا,Ahsa/Lahsa
لحسا,Ahsa/Lahsa
احصا,Ahsa/Lahsa
نجد,Ahsa/Necid
نجد شرقى,Ahsa/Necid-i Şarki
احسن دره,Ahsendere
اخسن دره,Ahsendere
اخته جى,Ahtacı
احته جئ سفلا,Ahtacı-i Süfla
احته جئ عليا,Ahtacı-i Ulya
اخطله,Ahtala
اختمار,Ahtamar
اخته پولى,Ahtapolu
اخته پولى,Ahtapolu
آخته پولى,Ahtapolu
اغاتبولى,Ahtapolu/Ağatabolu
اغتبولى,Ahtapolu/Ağtabolu
احته بولى,Ahtapolu/Ahtabolu
اخطار مع قره كليسا,Ahtar maa Karakilise
اخترين,Ahterin
اختى,Ahti
احتى,Ahti
آخيولى,Ahyolu
احيولى,Ahyolu
آق آباد,Akabad
اق اباد,Akabad
اقچه اووه,Akabad/Akçaova
آقچه اووا,Akabad/Akçaova
اقچه اوه,Akabad/Akçaova
عقبه,Akabe
اقرجه,Akarca
عَقَرْقوف,Akarkuf
آق بابا,Akbaba
اق بولاق,Akbulak
آق جيجه لى,Akciceli
اقچه,Akça
آقچه آباد,Akçaabad
اقچه اباد,Akçaabad
اقچه آباد,Akçaabad
اقجه اباد,Akçaabad
اقچه اباد مع پولادخانه,Akçaabad maa Poladhane
اقچه اباد مع پولاط[خا]نه,Akçaabad maa Polat[ha]ne
آقچه اباد مع يمهوره,Akçaabad maa Yemhura
اغجه اباد,Akçaabad/Ağcaabad
اقچه آباد,Akçaabad/Polathane
پولتخانه,Akçaabad/Polathane
پولتخانه,Akçaabad/Polathane
بولاتخانه,Akçaabad/Polathane
اقچه بيكلى,Akçabeyli
اقچه طاغ,Akçadağ
آقچه طاغ,Akçadağ
آقچه طاغ,Akçadağ
اقجه طاغ,Akçadağ
اغجه طاغ,Akçadağ/Ağcadağ
اقجه طاغ,Akçadağ/Akcadağ
آقچه طاغ,Akçadağ/Arga
ارغه,Akçadağ/Arga
آقچه حصار,Akçahisar
اقچه حصار,Akçahisar
اقجه حصار,Akçahisar
اقحصار,Akçahisar/Akhisar
قروجه,Akçahisar/Kruca
قرويه,Akçahisar/Kruya
آقچه حصار,Akçahisar/Kruya
الاجه حصار,Akçahisar/Kruya (Alacahisar)
اقچه حصار,Akçahisar/Tiran
اقچه قلعه,Akçakale
اقجه قلعه,Akçakale
اقچه قلعه,Akçakale
اغجه قلعه,Akçakale (Ağcakale)/Aşti
اغجه قلعه,Akçakale/Ağcakale
آغجه قلعه,Akçakale/Ağcakale
اَقْچه قَلعَه,Akçakale/Aşti
اقچه قزانلق,Akçakızanlık
اقجه قزانلق,Akçakızanlık
قزانلق,Akçakızanlık/Kızanlık
قزانلق,Akçakızanlık/Kızanlık
اقچه كليسا,Akçakilise
اقچه كليسا مع  قارلوه,Akçakilise maa Karlova
آقجه قيونلو,Akçakoyunlu
آقچه قويونلى,Akçakoyunlu
آقچه قيونلر,Akçakoyunlu/Akçakoyunlar
اقجه مسجد,Akçamescid
اقچان,Akçan
آقچان,Akçan
اقچار,Akçar
اقچه شهر,Akçaşehir
اسكيشر مع اسكى ايل,Akçaşehir (Eskişer) maa Eskiil
اقچه شهر مع اسكي ايل,Akçaşehir maa Eskiil
اقچه شهر مع اسكي ايل,Akçaşehir maa Eskiil
آقچه شهر بولى,Akçaşehir-i Bolu
اقجه شهر بولى,Akçaşehir-i Bolu
اقچه شهر,Akçaşehir-i Bolu/Akçaşehir
آقچه شهر,Akçaşehir-i Bolu/Akçaşehir
اقچشهر,Akçaşehir-i Bolu/Akçaşehir
اقجه شهر,Akçaşehir-i Bolu/Akçaşehir
آق چاى,Akçay
اقچاى,Akçay
اق جاى,Akçay
آق چاى مع ترمه,Akçay maa Terme
آق طاغ,Akdağ
اقطاغ,Akdağ
اق طاغ,Akdağ
اغويران,Akdağ/Ağviran
آق طاغ معدنى,Akdağmadeni
آق طاغ معدنى,Akdağmadeni
آق طاغ مع معدنجيان,Akdağmadeni/Akdağ maa Madenciyan
آق طاغ معدن همايونى,Akdağmadeni/Akdağ Maden-i Hümayunu
آق طاغ معدن,Akdağmadeni/Akdağmaden
معدن,Akdağmadeni/Maden
معدن,Akdağmadeni/Maden
معدن همايون آق طاغ,Akdağmadeni/Maden-i Hümayun-ı Akdağ
آق دكز,Akdeniz
اق دكز,Akdeniz
اق دكيز,Akdeniz
بحر سفيد,Akdeniz/Bahr-i Sefid
بحرسفيد,Akdeniz/Bahr-i Sefid
آق دره,Akdere
آق كول,Akgöl
اقحصار,Akhisar
آقحصار,Akhisar
آق حصار,Akhisar
نفس آقحصار,Akhisar merkez
آقحصار گيوه,Akhisar-ı Geyve
آقحصار كيوه,Akhisar-ı Geyve
اق حصار كيوه,Akhisar-ı Geyve
آق حصار گيوه,Akhisar-ı Geyve
اقحصار كيوه,Akhisar-ı Geyve
اقحصار,Akhisar-ı Geyve (Akhisar)/Karagöz
قره كوز,Akhisar-ı Geyve (Akhisar)/Karagöz
اق حصار,Akhisar-ı Geyve/Akhisar
آق حصار,Akhisar-ı Geyve/Akhisar
آقحصار,Akhisar-ı Geyve/Akhisar
اقحصار,Akhisar-ı Geyve/Akhisar
كيوه اق حصار,Akhisar-ı Geyve/Geyve Akhisar
اق حصار صاروخان,Akhisar-ı Saruhan
آق حصار صاروخان,Akhisar-ı Saruhan
اقحصار صاروخان,Akhisar-ı Saruhan
اقجه حصار صارى خان,Akhisar-ı Saruhan/Akçahisar-ı Sarıhan
اقچه حصار صاروخان,Akhisar-ı Saruhan/Akçahisar-ı Saruhan
اقحصار,Akhisar-ı Saruhan/Akhisar
آقحصار,Akhisar-ı Saruhan/Akhisar
آق حصار,Akhisar-ı Saruhan/Akhisar
بوغوينه,Akhisar/Bugoyna
آقحصار,Akhisar/Bugoyna
بقوژين,Akhisar/Bugoyna (Bukojin)
بقوزى,Akhisar/Bugoyna (Bukozi)
قلعۀ اقحصار,Akhisar/Kale-i Akhisar
پيلوري,Akhisar/Pilori
آق حصار,Akhisar/Uskoble-i Zir
واروش قلعۀ اقحصار,Akhisar/Varoş-ı Kale-i Akhisar
اق حصار دره سى,Akhisarderesi
اقحصار,Akhisarderesi/Akhisar
آقينجيلر,Akıncılar
اقنجيان نيكبولى و سلستره,Akıncıyan-ı Niğbolu ve Silistre
آقيز,Akız
عقيق,Akik
آكينارا,Akinara
عكا,Akka
عكه,Akka
عكا,Akka
نفس عكا,Akka merkez
اق قادينلر,Akkadınlar
عكار,Akkar
عكار,Akkar
آق قيا,Akkaya
اق قيا,Akkaya
آق قيا مع  چكلى,Akkaya maa Çanlı
اقجه طاش,Akkaya/Akçataş
آق كوى,Akkaya/Akköy
آق قيا,Akkaya/Çanlı
عك,Akke
اق كچلو,Akkeçili
اقكره,Akkere
اقكرمان,Akkirman
اق كرمن,Akkirman
اق كرمان,Akkirman
اقكرمن,Akkirman
آق كيسى,Akkisi
اق كپرى,Akköprü
آق كپرى مع  قورى همايون,Akköprü maa Koru-yı Hümayun
آق كوپرى,Akköprü/Koru-yı Hümayun
قورئ همايون,Akköprü/Koru-yı Hümayun
آق كوى,Akköy
اقكوى,Akköy
آق كوى و پازار صويى,Akköy ve Pazarsuyu
بولانجق,Akköy/Bulancak
اق ليمان,Akliman
آق لوم,Aklom
اقمسجد,Akmescid
اق مسجد,Akmescid
آقمسجد,Akmescid
آقوه,Akova
اقوه,Akova
اقوه مع بهور,Akova maa Bihor
آقوه مع  بهور,Akova maa Bihor
اقوه مع قمران,Akova maa Komaran
آق بلنقه,Akpalanka
موسى پاشا,Akpalanka/Musapaşa
آقبيكار,Akpınar
آق پيكار,Akpınar
عقره,Akra
آقرا,Akra
قلاع عقره و كلى دير,Akra (Kıla-ı Akra) ve Killideyr
قلاع عقره وكل دير,Akra (Kıla-ı Akra) ve Killideyr
قلاع عقره وكلّى دير,Akra (Kıla-ı Akra) ve Killideyr
نفس عقره,Akra merkez
اقروطور,Akrotor
اق صچلي عشيرتي,Aksaçlı Aşireti
اقصالور,Aksalur
اقصالق,Aksalur/Aksalık
اقسراى,Aksaray
آقسراى,Aksaray
اقسراى,Aksaray
اقسراي,Aksaray
اقسراى مع ايوب ايلى,Aksaray maa Eyübili
اقسرا,Aksaray/Aksara
اق ساز,Aksaz
اقصاز,Aksaz
اقسكى,Akseki
آقسكى,Akseki
اق سكى,Akseki
اقسكي,Akseki
اق سكي,Akseki
نواحئ علائيه,Akseki (Nevahi-i Alaiye)/Marulya
نفس آقسكى,Akseki merkez
ماروله,Akseki/Marula
ماروليه,Akseki/Marulya
نواحيء علائيه,Akseki/Nevahi-i Alaiye
نواحئ علائيه,Akseki/Nevahi-i Alaiye
نواحئ علائيّه,Akseki/Nevahi-i Alaiye
نواحى علائيه,Akseki/Nevahi-i Alaiye
اق سكر,Aksenir
آقسنى,Aksini
آقسنى,Aksini
آق صو,Aksu
اق شهر,Akşehir
آقشهر,Akşehir
اقشهر,Akşehir
آق شهر,Akşehir
آقشهر مع طوغانحصار,Akşehir maa Doğanhisar
نفس آقشهر,Akşehir merkez
اقشهر اباد,Akşehirabad
اق شهراباد,Akşehirabad
اقشهراباد,Akşehirabad
آق شهراباد مع يقه جق,Akşehirabad maa Yakacık
اباد اقشهر,Akşehirabad/Abad-ı Akşehir
اقشهر,Akşehirabad/Akşehir
آقشهر,Akşehirabad/Akşehir
اق طاش,Aktaş
آقطاش,Aktaş
آق طاش,Aktaş
اقطاش,Aktaş
عاقو,Aku
اكو,Aku
آق ويران,Akviran
اق ويران,Akviran
اق ويران,Akviran/Akören
اقيازى,Akyazı
آقيازى,Akyazı
اقيازى,Akyazı
اق يازى,Akyazı
آق يازى مع خندق,Akyazı maa Hendek
آق يازى مع خندق,Akyazı maa Hendek
آق يازى مع  خندق,Akyazı maa Hendek
اق يازى مع خندق,Akyazı maa Hendek
خندق,Akyazı/Hendek
اقيازى,Akyazı/Hendek
اق يورك,Akyörük
آق يورك,Akyörük
اق يورك مع حاجى حمزه,Akyörük maa Hacıhamza
آق زيارت,Akziyaret
اعلا,Ala
طار العلا,Ala/Tarulala
الااغج,Alaağaç
الابنده,Alabanda
پيراصو,Alabanda/Praso
پراصو,Alabanda/Praso
عَلاج,Alac
علاج,Alac
الاجه حاجى,Alacahacı
الاجه خان,Alacahan
الا جه خان,Alacahan
آلاجه خان,Alacahan
خان الاجه,Alacahan/Han-ı Alaca
آلاجه حصار,Alacahisar
الاجه حصار,Alacahisar
الآجه حصار,Alacahisar
الاجَه حصار,Alacahisar
الاجه حصَار,Alacahisar
الا حصار,Alacahisar/Alahisar
واروش الاجه حصار,Alacahisar/Varoş-ı Alacahisar
آلاجه لى,Alacalı
آلا چالى,Alacalı/Alaçalı
الا چام,Alaçam
آلاچام,Alaçam
الاچام,Alaçam
اله چام,Alaçam
الا جام,Alaçam
آلا چام مع حصارجق,Alaçam maa Hisarcık
الاچاطى,Alaçatı
آلا چاتى,Alaçatı
آلا چاطى,Alaçatı
الاچطى,Alaçatı
الاجه آت,Alaçatı/Alacaat
الا چات,Alaçatı/Alaçat
الا طاغ,Aladağ
آلا طاغ,Aladağ
آق طاغ,Aladağ/Akdağ
الاديكك,Aladinek
الاديكاك,Aladinek
آلافونيزى,Alafonizi
الافيوز,Alafonizi/Elafoyoz
الاكوز,Alagöz
آلا كوز,Alagöz
الاحناس,Alahnas
الاحونيه,Alahonya
الاخونيه,Alahonya
الا حتيان,Alahtiyan
الا ختيان,Alahtiyan
الاختيان,Alahtiyan/Hayati
علائيه,Alaiye
علائيّه,Alaiye
علائيه مع قره لر,Alaiye maa Karalar
علائيه مع قريه لر,Alaiye maa Karalar (Karyeler)
علائيه مع نواحى,Alaiye maa Nevahi
نفس علائيه,Alaiye merkez
علائيه واقسكى,Alaiye ve Akseki
علايه,Alaiye/Alaye
الا كليسا,Alakilise
آلا كليسا,Alakilise
الا كوى,Alaköy
الامان,Alaman
الامان دكزى,Alaman Denizi
آلان,Alan
الآن,Alan
الان,Alan
آلان و سراوِ ميرآباد,Alan ve Serav-ı Mirabad
آلان برغوش,Alanberaguş
الند,Aland
الانسه,Alansa
الاپلى,Alaplı
آلاپلى,Alaplı
آلاپلى مع صماقو,Alaplı maa Samakov
الاره,Alara
الاصونيه,Alasonya
الاصونيه,Alasonya
آلاصونيه,Alasonya
نفس الاصونيه,Alasonya merkez
الاشهر,Alaşehir
آلاشهر,Alaşehir
آلا شهر,Alaşehir
اله شهر,Alaşehir
نفس آلاشهر,Alaşehir merkez
الاشهر ايدين,Alaşehir/Alaşehir-i Aydın
الاتا,Alata
الاطه,Alata
الاتااطه سى,Alata
آلاتو,Alato
الاتو,Alato
الاتونيس,Alato/Alatonis
الاتونيسى,Alato/Alatonisi
علاونه,Alavna
علبه,Alba
البق,Albak
آلباق,Albak
الباق,Albak
الپاق,Albak/Alpak
آلپاق,Albak/Alpak
الپوه,Albak/Alpova
باش قلعه,Albak/Başkale
باشقلعه,Albak/Başkale
الجى,Alcı
الچاقلر,Alçaklar
الجقلر,Alçaklar
علفلى,Alefli
الكساندرو,Aleksandro
الكساندر,Aleksandro/Aleksandır
آلقسنچه مع اسفرلك,Aleksinçe maa İsferlik
علكسنا,Aleksinçe/Aleksina
علوى,Alevi
علوى,Alevi/Hakala
اليجق,Alıcık
الاجيق,Alıcık/Alacık
آلنجه,Alınca
النجه,Alınca
على الغربى,Ali el-Garbi
على غربى,Ali el-Garbi/Ali-i Garbi
على الشرقى,Ali eş-Şarki
على الشرق,Ali eş-Şarki
على شرقى,Ali eş-Şarki/Ali-i Şarki
علياباد,Aliabad (?)
على اغا چفتلكى,Aliağaçiftliği
على آغا چيفتلكى,Aliağaçiftliği
اليكان,Alikan
عاليقان,Alikan
جزيرۀ اليكان,Alikan/Cezire-i Alikan
عليكانلى,Alikanlı
عليقى,Aliki
آليقور,Alikor
اليمرتاريا,Alimertarya
علميا,Alimiya
اليميا,Alimiya
آليمينا,Alimiya/Alimina
آليمنيا,Alimiya/Alimniya
عللميا,Alimiya/Allimiya
اطيانه,Alimiya/Atyana
ليمانيه,Alimiya/Limaniye
ليمنى يونا,Alimiya/Limniyona
ليمنوس,Alimiya/Limnos
ليمونيا,Alimiya/Limoniya
ليمونيه,Alimiya/Limoniye
عليشار,Alişar
عاليشار,Alişar
آلقوش,Alkuş
علان,Allan
علان حما,Allan-ı Hama
علان,Allan-ı Hama/Allan
غلان حما,Allan-ı Hama/Gallan-ı Hama
علاى حما,Allan-ı Hama/Ula-yı Hama
الماش,Almaş
آلماش,Almaş
الموص,Almus
الموص,Almus
آلموص,Almus
آلموس,Almus
الپاغود,Alpagud
الپاوت,Alpavut
الپوللى,Alpullu
السو ااندريك,Also Endrik
التى كسه ك,Altıkesek
آلتون آقار,Altınakar/Altunakar
التون ايلى,Altınili
آلتون ايلى,Altınili
التون ايلى مع ياقوه,Altınili maa Yakova
التون ايلى,Altınili/Altunili
التون قلعه,Altınkale
التون قلعه مع اُوسْتَقَه,Altınkale maa Osha (Osteka)
التون قلعه,Altınkale/Altunkale
التون كوپرى,Altınköprü
آلتون كوپرى,Altınköprü
آلتون كوپرى و مَلْحه,Altınköprü ve Melha
التون,Altınköprü/Altun
آلتون كپرى,Altınköprü/Altunköprü
كوپرى,Altınköprü/Köprü
التون اوزى,Altınözü
آلتون اوزى,Altınözü
التون اوزى,Altınözü/Altunözü
التون طاش,Altıntaş
آلطونطاش,Altıntaş
آلتون طاش,Altıntaş
آلتون طاش,Altıntaş/Altuntaş
الت كندى,Altkendi
الوجره,Alucra
آلوجره,Alucra
الوجره,Alucra
الوجارا و قواتا و كواسه,Alucra (Alucara) ve Kovata ve Kevasa
الوجارا و ثووزى,Alucra (Alucara) ve Süvizi
نفس الوجره,Alucra merkez
الوجاره,Alucra/Alucara
الوجره,Alucra/Mesudiye
مسعوديه,Alucra/Mesudiye
اولوجاق,Alucra/Ulucak
اولوجره,Alucra/Ulucra
اولوجره,Alucra/Ulucra
الوجلى,Aluçlu
الوس,Alus
الوز,Alus/Aluz
علوط,Alut
آليان,Alyan
عاليات,Alyan/Aliyat
آليان,Alyan/Çillaga
اماد,Amad
عمامر,Amamer
عماره,Amare
آمارى,Amari
امارى,Amari
اماريه,Amari/Amarya
اماريا,Amari/Amarya
آمارْيه,Amari/Amarya
آماريه,Amari/Amarya
امارْيه,Amari/Amarya
آماريه,Amari/Amarya
جزيرۀ اماريه,Amari/Cezire-i Amarya
اماصرى,Amasra
آماصرى,Amasra
آماصره,Amasra
امصرى,Amasra
اماصره,Amasra
اولوس,Amasra/Ulus
آماسيه,Amasya
اماسيه,Amasya
اماسيّه,Amasya
اماسيه مع كلدكلان,Amasya maa Geldiklan
اماسيه مع نواحى,Amasya maa Nevahi
آماسيه مع نواحى,Amasya maa Nevahi
نفس آماسيه,Amasya merkez
نفس اماسيه,Amasya merkez
اماسيه و كلدكلان,Amasya ve Geldiklan
آماسيه ايدين,Amasya-i Aydın
آماسيۀ ايدين,Amasya-i Aydın
آماسيۀ آيدين,Amasya-i Aydın
اماسيه ايدين,Amasya-i Aydın
اماسيه,Amasya-i Aydın/Amasya
آماسيه,Amasya-i Aydın/Amasya
آمبلوزو,Ambelozo
آمبلوزو,Ambelozo/Ambelovo
امريقا,Amerika
امريقاى جنوبى,Amerika-yı Cenubi
امريقاى شمالى,Amerika-yı Şimali
آمد,Amid
امد,Amid
دياربكرمع نواحئ شرق و غرب,Amid/Diyarbekir maa Nevahi-i Şark ve Garb
قره امد,Amid/Karaamid
قره حميد,Amid/Karahamid
نواحى مع  ديار بكر,Amid/Nevahi maa Diyarbekir
عمق,Amik
آنطاكيه,Amik/Antakya
عميق اباد,Amikabad
عميكى,Amiki
عمقى,Amiki
عمكى,Amiki
عم ليله,Amm-i Leyle
عمان,Amman
عمه,Amme
آمناتو,Amnato
امورغو پولو,Amorgopulo
اندرو,Amorgopulo/Anidro
آندرو,Amorgopulo/Anidro
كوچك اوموغوس,Amorgopulo/Küçükomogos
كوچك اوموغوسْ,Amorgopulo/Küçükomogos
آمورغوس,Amorgos
امورغوس,Amorgos
امورغو,Amorgos/Amorgo
آمورغو,Amorgos/Amorgo
آمورغواطه سى,Amorgos/Amorgo
آمورغوز,Amorgos/Amorgoz
امورقوز,Amorgos/Amorkoz
اومورغوس,Amorgos/Omorgos
اومورغوز,Amorgos/Omorgoz
يامورغو,Amorgos/Yamorgo
يامرغى,Amorgos/Yamurgı
آموس,Amos
امراكى,Amraki
عمران,Amran
عمران مع عيال بني يزيد,Amran maa Iyal-i Beni Yezid
عمران قلعه سى,Amran/Amrankalesi
عاموده,Amuda
اموك,Amuk
آمورا,Amura
آموطقه,Amutka
سكه ديك,Amutka/Segedik
اميون,Amyon
عنه,Ana
عنا,Ana
عانه,Ana
عنا وهيت,Ana ve Hit
انابولى,Anabolu
نؤپليا,Anabolu/Neupliya
اناطولي,Anadolu
اناطُولي,Anadolu
انَاطُولى,Anadolu
اناطولى,Anadolu
آنافى,Anafi
انافى,Anafi
انفيه,Anafi/Anafiye
انافيه,Anafi/Anafiye
انماس,Anamas
اناموس,Anamas/Anamos
انموس,Anamas/Anamos
انامور,Anamur
آنامور,Anamur
آنامور,Anamur
انامور مع ناحيۀ زينه,Anamur maa Nahiye-i Zeyne
نفس آنامور,Anamur merkez
انامور,Anamur/Mamuriye
آنامور,Anamur/Mamuriye
نامور,Anamur/Namur
انانيس,Ananis
آنانس,Ananis
انانى اطه لرى,Ananis/Anani Adaları
عنانور,Ananur
اناپا,Anapa
آنا پوديارى,Anapodyari
اناوارين,Anavarin
اناوارين,Anavarin
اناوارين عتيق,Anavarin-i Atik
اناوارين عتيق وجديد,Anavarin-i Atik ve Cedid
اناوارين جديد بيرون,Anavarin-i Cedid-i Birun
اناوارغه,Anavarin/Anavarga
اناورزه,Anavarza
اناى پازارى,Anaypazarı
اناى پازار,Anaypazarı/Anaypazar
انبارجى,Anbarcı
آنبلاكى,Anbelaki
اندال,Andal
انداليقوز/اندليقوس,Andalikoz/Andalikos
اندرين,Andırın
آندرين,Andırın
اندرن,Andırın
اندرون و جامستل و يكيجه قلعه,Andırın (Enderun) ve Camustil ve Yenicekale
اندورن,Andırın/Andurın
اندرون,Andırın/Enderun
اَنْدَرون,Andırın/Enderun
اندو ماخيه,Andomahya
اندوماهيه,Andomahya
اندماهيه,Andomahya
انده ماهى,Andomahya/Andemahi
اندى ماهى,Andomahya/Andimahi
قلعۀ انده ماهيه,Andomahya/Kale-i Andamahya
اندره,Andre
اَندره,Andre
اَنْدرَه,Andre
انديره,Andre/Andire
آنديره,Andre/Andire
آنديروس,Andre/Andiros
آندروس,Andre/Andros
اندروس,Andre/Andros
اندروز,Andre/Androz
آندره آص,Andreas
اياآندره آسى,Andreas/Ayaandraasi
اياآندره آسى,Andreas/Ayaandreasi
آندريا,Andreya
اندروسه,Andrusa
اندوروس,Andrusa/Andoros
اندوغى,Anduğu
اندوغى و شجاع الدين,Anduğu ve Ulukışla (Şücaeddin)
اندوغى,Anduğu/Ortakaya
آندوغى,Anduğu/Ortakaya
اورته كوى,Anduğu/Ortaköy
اندوغى,Anduğu/Ortaköy
اندوغى,Anduğu/Ortaköy (Ortakarye)
عنك,Anek
عنزه,Aneze
انكلى قاصرى,Angelikasrı
انكلى قصرى,Angelikasrı
انكلى قاصرى,Angelikasrı
انكلى,Angelikasrı/Angeli
انكلى,Angelikasrı/Angeli
اركلى قصرى,Angelikasrı/Ereğlikasrı
آنكه لو,Angelo
انكيسترى,Angistri
آنغسترى,Angistri
انكستره,Angistri/Angistre
انژسترى,Angistri/Anjistri
اينه,Angistri/İne
اينه اطه,Angistri/İneada
آنيدروس,Anidros
انادرو,Anidros/Anadro
انادرواطه جغى,Anidros/Anadro Adacığı
انزوبوفا,Anidros/Anzobofa
انزوپوفاس,Anidros/Anzopofas
آنس,Anis
آنس,Anis
عنس,Anis
انس,Anis
نفس آنس,Anis merkez
انيه,Aniye
عنق,Ank
عنيق,Ank/Anik
عتيق,Ank/Atik
انقره,Ankara
آنقره,Ankara
آنقره,Ankara
انقره,Ankara
انقره مع نواحى,Ankara maa Nevahi
انقره مع يوزده جيان قوچحصار,Ankara maa Yüzdeciyan-ı Koçhisar
نفس انقره,Ankara merkez
انقره و قصبه,Ankara ve Kasaba
انقريه,Ankara/Ankarya
انكورى,Ankara/Engürü
آنويا,Anoya
انطاخ,Antah
انطاكيه,Antakya
آنطاكيه,Antakya
آنطاقيه,Antakya
انطاكيه مع ناحيۀ شغور,Antakya maa Nahiye-i Şugur
آنطاليه,Antalya
انطاليه,Antalya
عنطاليه,Antalya
آنطاليه,Antalya
كمر,Antalya Kemer/Kemer
انطاليه مع استانوس,Antalya maa Nahiye-i İstanos (İstanoz)
انطاليه مع ناحيۀ استانوز,Antalya maa Nahiye-i İstanoz
انطاليه مع ناحيۀ استانوز,Antalya maa Nahiye-i İstanoz
نفس آنطاليه,Antalya merkez
نفس انطاليه,Antalya merkez
اداليه,Antalya/Adalya
علائيه,Antalya/Alaiye
انتى ايپصاره,Antiıpsara
آنتى اپصاره,Antiıpsara
اندبصاره,Antiıpsara/Andibsara
آند پصاره,Antiıpsara/Andipsara
اند يپصاره,Antiıpsara/Andipsara
آنتى پسارا,Antiıpsara/Antipsara
ثي پارا,Antiıpsara/Sipara
آنتيل اطه لرى,Antil Adaları
آنتى لبنان,Antilübnan/Cebel-i Şarki
آنتى تيلو,Antitilo
آسقينونيسو,Antitilo/Askinoniso
اسكينونيسو,Antitilo/Askinoniso
تيلوس,Antitilo/Tilos
يالى,Antitilo/Yalı
آنتعفوس,Antufus
آنتورا,Antura
عينة ورا,Antura/Aynevera
انيوار,Anyavar
اينوار,Anyavar
قلعۀ انيوار,Anyavar/Kale-i Anyavar
آنزغير,Anzağır
عن ظهر,Anzağır/Anzahır
انزاو,Anzav
آپيرى,Apiri
آپودولو,Apodolu
آپوذولو,Apodolu/Apozolu
اپوقرون,Apokoron
اپوقورون,Apokoron
اپقرون,Apokoron
آپقرون,Apokoron
آبُقُرون,Apokoron
اپقرون,Apokoron
آبقرون,Apokoron
آبوقرون,Apokoron/Abokoron
ابقرون,Apokoron/Abokoron
آبقرون,Apokoron/Abokoron
جزيرۀ اپقرون,Apokoron/Cezire-i Apokoron
قلعۀ اپوقرون,Apokoron/Kale-i Apokoron
قستل اپوقرون,Apokoron/Kastel-i Apokoron
اپوقرى,Apokri
اپاقورى,Apokri/Apakoru
اپوقورى,Apokri/Apokoru
اپوليوند,Apolyond
آپوستولى,Apostoli
اپاستول,Apostoli/Apastol
سنت اپوستولا,Apostoli/Sent Apostola
آپتره,Aptera
عره,Ara
عرب,Arab
عرب,Arab/Aleusa/Alessan
قزل آده,Arab/Kızılada
عربان,Araban
ارباط,Arabat
رباط,Arabat/Ribat
عربكير,Arabgir
عربكر,Arabgir
عربگير,Arabgir
عربى,Arabi
عربستان,Arabistan
عرب كندى,Arabkendi
عرابلر,Arablar
عربلر,Arablar
افيسيا,Arablar/Afisiya
فيسا,Arablar/Fisa
عربسون,Arabsun
عربسون,Arabsun/Gülşehir
عربسون,Arabsun/Gülşehri
آراج,Araç
آراج,Araç
اراج,Araç
اراچ,Araç
آراج اكدير,Araç İğdir
اكدير,Araç İğdir/İğdir
ايكدير,Araç İğdir/İğdir
عرد,Arad
اراد,Arad
آراد,Arad
عرفات,Arafat
اراليجق,Aralıcak
اره ليجق,Aralıcak
اراليق,Aralık
اره ليق,Aralık
آرالق,Aralık
ارالق و اجوزى و بوزلان و قراقورقان وغره (؟),Aralık ve Acuzi ve Bozlan (?) ve Karakurkan ve Gara (?)
آرانئ مزبور,Arani-i Ahıstabad/Arani-i mezbur
ارآنئ جله برد,Arani-i Çelaberd
ارآنيء ديزآق,Arani-i Dizak
ارانئ كنجه,Arani-i Gence
ارآنيء انجه,Arani-i İnce
ارانئ كورك بصان,Arani-i Kürekbasan
ارانئ كورك,Arani-i Kürekbasan/Arani-i Kürek
ارآنئ نهر حسن,Arani-i Nehr-i Hasan
ارآنئ شمكور,Arani-i Şemkür
ارانيء زكم,Arani-i Zegem
آراس,Aras
ارسبار,Arasbar
ارسبآر,Arasbar
اروانص,Aravans
اراوانص,Aravans
آربه,Arba
عرجه,Arca
ارجه,Arca
آرجيش,Arciş
ارجار,Arçar
ارده باشى,Ardabaşı
اردهان بزرك,Ardahan-ı Büzürk
آردهان,Ardahan-ı Büzürk/Ardahan
اردهان,Ardahan-ı Büzürk/Ardahan
اردهان كوچك,Ardahan-ı Küçük
اردهان كُوجَكْ,Ardahan-ı Küçük/Ardahan-ı Küçek
كوله اردهان,Ardahan-ı Küçük/Göle-i Ardahan
كولۀ اردهان,Ardahan-ı Küçük/Göle-i Ardahan
كوچك اردهان,Ardahan-ı Küçük/Küçükardahan
اردان,Ardan
آروان,Ardan/Arvan
آردانوچ,Ardanuç
آردنوچ,Ardanuç
اَرْدنوچ,Ardanuç
اردنوچ,Ardanuç
اردنوج,Ardanuç
اردنوج,Ardanuç/Ardanuc
آرده شن,Ardeşen
ارده شن,Ardeşen
آردشان,Ardeşen
آرده شين,Ardeşen/Ardeşin
آردوس,Ardos
اردوس,Ardos
آردوشين,Arduşin
آردوشن,Arduşin
عرفوش,Arfuş
ارغلاستى,Argalasti
آرغيد خانى,Argıdhanı
ارغيد خانى,Argıdhanı
آرغد خانى,Argıdhanı
ارغت خان,Argıdhanı/Argıthan
ارغن,Argın
ارغين,Argın
اركيرى قصرى,Argirikasrı
ارگرى قصرى,Argirikasrı
اركرى قصرى,Argirikasrı
آرگرى مع دلوينه,Argirikasrı (Argiri) maa Delvine
اريورى قصرى,Argirikasrı (Aryurikasrı)/Zenebiş
نفس اركرى,Argirikasrı merkez/Argiri merkez
اركرى,Argirikasrı/Argiri
ارگرى,Argirikasrı/Argiri
اركيرى,Argirikasrı/Argiri
اركيرو قصرى,Argirikasrı/Argirokasrı
اركرى,Argirikasrı/Argirokastro
اكرى كسرى,Argirikasrı/Eğrikesri
اركلى قصرى,Argirikasrı/Ereğlikasrı
آركيرو,Argiro
ارغابرو اطه لرى,Argiro Adalar/Argabro Adaları
آرجيرو اطه لرى,Argiro Adaları/Arciro Adaları
ارزيرو,Argiro/Arziro
اوزيرو,Argiro/Oziro
اركيروپولي,Argiropoli
آركيرپولى,Argiropoli
ارغو,Argo
ارغوما,Argoma
ارغوست,Argust
آرگوش,Arguş
ارغوان,Arguvan
ارغوان,Arguvan
ارغاوون,Arguvan/Argavun
طاهر,Arguvan/Tahir
ارحانكلوس,Arhangelos
ارحانجل,Arhangelos/Arhancel
ارحنچل,Arhangelos/Arhançel
ارحانكيلوس,Arhangelos/Arhangilos
آرخانس,Arhanis
ارخوى,Arhavi
آرخوى,Arhavi
ارخاوى,Arhavi
ارحوى,Arhavi
ارخوه مع ويچه,Arhavi (Arhova) maa Viçe
ارخوه مع ويجه,Arhavi (Arhova) maa Viçe
ارحوه,Arhavi (Arhova)/Laz
آرحوى مع ويچه,Arhavi maa Viçe
لاز و اتنه,Arhavi ve Atina/Laz ve Atina
ارخوه,Arhavi/Arhova
ارحوه,Arhavi/Arhova
لاز,Arhavi/Laz
اورهوه,Arhavi/Orhova
ارخوس,Arhos
ارحوس,Arhos
ارغوس,Arhos/Argos
ارخوز,Arhos/Arhoz
واروش قصبۀ ارخوس,Arhos/Varoş-ı Kasaba-i Arhos
اريقلى,Arıklı
اريم,Arım
آريم,Arım
آرم,Arım
ارم و اوكسه و ايواجق,Arım ve Ökse ve Ayvacık
اريم كرچلو,Arım-ı Kireçli
آريم  كرچلو,Arım-ı Kireçli
اريم  يراشلو,Arım-ı Yaraşlı
اريدوس,Aridos
اريسترى,Aristiri
عريش,Ariş
العريش,Ariş/el-Ariş
عرقا,Arka
ارقاديه,Arkadya
ارقاكى,Arkaki
آركياكى,Arkaki/Arkiyaki
ميرانغو,Arkaki/Mirango
آرقاكى,Arkaki/Repi
ارقالوخوريو,Arkalohoryo
ارقالوخورو,Arkalohoryo/Arkalohoro
آرقصه,Arkasa
آركى,Arki
ارقى,Arki
اركى,Arki
اركى طاقم اطه لرى,Arki Takımadaları
ناقرى,Arki/Nakri
ارقونيزى,Arkonizi
آركى,Arkonizi/Arki
ارقنيزه,Arkonizi/Arkonize
آرقونيزيا,Arkonizi/Arkoniziya
عرقوب,Arkub
عرقوب اعلا,Arkub-ı Ala
عرقوب جنوبى,Arkub-ı Cenubi
عرقوب فوقانى,Arkub-ı Fevkani
عرقوب فوقانى و تحتانى,Arkub-ı Fevkani ve Tahtani
عرقوب شمالى,Arkub-ı Şimali
عرقوب تحتانى,Arkub-ı Tahtani
آرقودى,Arkudi
ارقودى,Arkudi
ايو,Arkudi/Ayu
ارمناز,Armanaz
ارمينا,Armanaz/Armina
ارميناز,Armanaz/Arminaz
ارماتيا,Armatiya
ارمتيا,Armatiya
قاشوط اطه جقلرى,Armatiya Adacıkları/Kaşot Adacıkları
اريمنا,Armatiya/Arimina
ارمينا,Armatiya/Arimina
آرماديه,Armatiya/Armadiya
ارماديا,Armatiya/Armadiya
آرمه ثيا,Armatiya/Armasiya
آرماثيا,Armatiya/Armasiya
آرماتهيا,Armatiya/Armathiya
ارموى,Armavi
آرمنوس,Armenos
ارميه,Armiye
آرميه,Armiye
آرميه مع قوقوش,Armiye maa Kokoş
ارميه مع قوقوش,Armiye maa Kokoş
ارميه مع فوقوس,Armiye maa Kokoş (Kokos)
ارميه مع قوقوس,Armiye maa Kokoş (Kokos)
ارميه و ولستين و غلوس,Armiye ve Velestin ve Golos
ايرميه,Armiye/İrmiye
آرمودان,Armudan
آرمودن,Armudan
ارمودان,Armudan
ارمودايلى,Armudili
آرمودايلى,Armudili
امود ايلى,Armudili/Amudili
ارمودلى,Armudili/Armudlu
امرود ايلى,Armudili/Emrudili
كمش,Armudili/Gümüş
ارمودلى,Armudlu
آرمودلى,Armudlu
ارمودلو,Armudlu
آرموره,Armura
عرناس,Arnas
ارناود,Arnavud
ارنودان,Arnavudan
ارنود ايلى,Arnavudili
ارانيد ايلى,Arnavudili/Aranidili
اروانيد,Arnavudili/Arvanid
ارناودلق,Arnavudluk
آرناووتى,Arnavuti
عرنون,Arnun
ارپالي,Arpalı
ارپه لو,Arpalı
ارپاز,Arpaz
آرپاز,Arpaz
ارباز,Arpaz
اوباد مع اماسيه,Arpaz maa Amasya-i Aydın/Obad maa Amasya
آرسيدا,Arsida
آرجيتى,Arsida/Arciti
ارسلان,Arslan
ارسلان اپا,Arslanapa
ارسوز,Arsuz
آرسوس,Arsuz/Arsus
ارسوس,Arsuz/Arsus
ارسوس ايلى,Arsuz/Arsusili
آرشيپل اطه لرى,Arşipel Adaları
ارتق آباد,Artukabad
ارتوق اباد,Artukabad
ارتق اباد,Artukabad
ارتوق آباد,Artukabad
آرتق آباد مع گيرون و قنغال,Artukabad maa Gürün (Girün) ve Kangal
ارتق اباد و مشهد اباد مع سلس ازوى,Artukabad ve Meşhedabad maa Silisözü
آرتووه,Artukabad/Artova
چفتلك,Artukabad/Çiftlik
ارتوشى,Artuşi
ارتوش,Artuşi/Artuş
ارود,Arud
عروه,Arva
ارواد,Arvad
ارواد,Arvad
عورت,Arvad/Avrat
جزيره,Arvad/Cezire
جزيرۀ آرواد,Arvad/Cezire-i Arvad
جزيرۀ ارواد,Arvad/Cezire-i Arvad
اروالو و كوبيان,Arvalı ve Kübyan
اروالو,Arvalı/ İncirpazarı (İncir)
اروانق,Arvanak
اروانق,Arvanak/Güney
آرزوشخو,Arzuşhav
عسعس,Asas
عسس,Asas/Ases
اصحاب الكهف,Ashab-ı Kehf/Ashabülkehf
آصى,Asi
عاصى,Asi
عسير,Asir
عسير,Asir/Abha
استانه,Asitane
اسياب,Asiyab
عسقلان,Askalan
اسقانيا,Askaniya
كوجك خريستيان,Askaniya/Küçükhristiyan
عسكر,Asker
اسكيفوس,Askifos
اصمه,Asma
اصنو ايلى,Asnuili
اصوپوز,Asopoz
اسپنزه,Aspinza
اسبنجه,Aspinza/Asbince
اسبنزه,Aspinza/Asbinza
اسپنازه,Aspinza/Aspinaza
استيزه,Aspinza/Astize
اسپرو,Aspiro
اسپروميسيا,Aspiro Misiya
آستپيزو,Aspiro/Astipizo
اصپروپوتام,Aspiropotam
اصپرپوتام,Aspiropotam
اصپره پوتام,Aspiropotam/Aspirapotam
اصپره پوتان,Aspiropotam/Aspirapotan
اصپره پوتام,Aspiropotam/Aspirepotam
آسپروپو,Aspiropotam/Aspiropo
اَسپِرُوپُوتَامُو,Aspiropotam/Aspiropotamo
اسپروپوتامو,Aspiropotam/Aspiropotamo
اصپيروپوتان,Aspiropotam/Aspiropotan
اسپورپوطام,Aspiropotam/Aspuropotam
اصپرو سپتى,Aspirospiti
اسپرونيس,Aspronis
يلانيجه,Aspronis/Yılanice
اسبرونيسيا,Aspronisya
اسپرونيسيا,Aspronisya
آسپرا اطه جقلرى,Aspronisya/Aspra Adacıkları
اسپرانيزى,Aspronisya/Aspranizi
آسپرانيزى,Aspronisya/Aspranizi
اسپرونيزون,Aspronizon
آسپرو,Aspronizon/Aspro
آسپرواطه جغى,Aspronizon/Aspro Adacığı
ساواته,Aspronizon/Savata
سرپه,Aspronizon/Sirpe
استاكيدا,Astakida
استاكيده,Astakida
استاكيد,Astakida/Astakid
استاكيه,Astakida/Astakiye
استاسدا,Astakida/Astasida
استاس ايده,Astakida/Astasida
استاسيديه,Astakida/Astasidye
قامينيا,Astakida/Kaminiya
ستاقيده,Astakida/Stakida
آصوان,Asvan
اسيا,Asya
اسياى عثمانى,Asya-yı Osmani
اشاغى,Aşağı
اشاغى اطمه,Aşağıatma
اشاغى بلاك,Aşağıbelen
اشاغى,Aşağıbelen/Aşağı
اشغه بوجاق,Aşağıbucak
اشاغى دندارلو,Aşağıdündarlı
اشاغى ديندارلو,Aşağıdündarlı/Aşağıdindarlı
آشاغى دِينْدَارْلو,Aşağıdündarlı/Aşağıdindarlı
آشاغى ديندارلو,Aşağıdündarlı/Aşağıdindarlı
اشاغى  ديندارلو,Aşağıdündarlı/Aşağıdindarlı
اشاغى دندار,Aşağıdündarlı/Aşağıdündar
اشاغه غيربلان,Aşağıgırbelan/Aşağagırbelan
آشغا غربلان,Aşağıgırbelan/Aşağagırbelan
اشاغه ايل,Aşağıil/Aşağail
اشغه ايل,Aşağıil/Aşağail
اشغه ايل كماح,Aşağıil/Aşağail-i Kemah
اشاغى كلر,Aşağıkeler
اشاغى قلجلى,Aşağıkılıçlı
اشغى زغوريه,Aşağızagorye
عشاير مع  محمودى,Aşair maa Mahmudi
عشائرسبعه,Aşair-i Seba
عشائر سبعه,Aşair-i Seba
عشائر عربان,Aşair-i Urban
عشاير مسكون جبل امير و چفتلكات چفته لر و موصليجه و بوز اولوس,Aşayir-i Meskun-ı Cebel-i Emir ve Çiftlikat-ı Çifteler ve Musluca ve Bozulus
عشاير الوس,Aşayir-i Ulus
عشيرت و اولوس,Aşayir-i Ulus/Aşiret ve Ulus
عشيق,Aşık
عاشق,Aşık
آشيد,Aşid
آشيت,Aşid/Aşit
آش قلعه,Aşkale
اشقلعه,Aşkale
اَشْمُون,Aşmun
آشْمُون,Aşmun
اشمونين,Aşmunin
اشمونين مع دلجا,Aşmunin maa Delca
عشار,Aşşar
اشتاغول,Aştagul
اشتاغول و مجيد اوزى,Aştagul ve Mecidözü
اشتاقول,Aştagul/Aştakul
آشتى,Aşti
آشودى,Aşudi
اشودى,Aşudi
اشودلو,Aşudi/Aşudlu
آت,At
عتبات,Atabat
عود,Atabat/Avd
عتبات,Atabat/Cebel-i Murays
جبل مريس,Atabat/Cebel-i Murays
مريس,Atabat/Murays
اتابك,Atabey
اتاق,Atak
اطاق,Atak
اتاقا,Atak
اَتاق,Atak
اَتَاقْ,Atak
عطاق,Atak
آتالانته,Atalanta
اتالانتى,Atalanti
آتالانتى,Atalanti
طلانته,Atalanti/Talanta
طلانتى اطه لرى,Atalanti/Talanti Adaları
آتجه,Atça
آتچه,Atça
اتجه,Atça
اتجه,Atça/Atca
آت چكن,Atçeken
اسبكشان,Atçeken/Esbkeşan
اسب كشان,Atçeken/Esbkeşan
اطفهيه,Atfihiye
اطفيهيه,Atfihiye
استوحه,Atfihiye/Astuha
اطفيه مع توابع,Atfihiye/Atfih maa Tevabi
اِطْفِيهِيّه,Atfihiye/İtfihiye
اِطفِيهيه,Atfihiye/İtfihiye
اِطفِيهيه مع توابع,Atfihiye/İtfihiye maa Tevabi
آتيكان,Atikan
اتيكان,Atikan
اتين,Atin
اتن,Atin
آتنه,Atina
اتنه,Atina
آتينه,Atina
اتنه كيفسه و اتنه ماصويه,Atina Kifse ve Atina Hasiye (Masuye)
اينه,Atina/İne
آطمه لو,Atmalı
اطمه لو,Atmalı
اطملو,Atmalı
آصمه لو,Atmalı/Asmalı
بوز اغا اطملوسى,Atmalı/Bozağaatmalusu
اطمانلو,Atmanlı
آتوقو,Atoko
اتوقو,Atoko
آتاقو,Atoko/Atako
اتوقوس,Atoko/Atokos
اوتاقو,Atoko/Otako
اطرانوس,Atranos
اطرنوس,Atranos
اطره نوس,Atranos
اطرنوس / ادرنوس,Atranos
اطرنوس مع جبل جديد و عتيق,Atranos maa Cebel-i Cedid ve Atik
جبل جديد مع  اطرنوس,Atranos maa Cebel-i Cedid/Cebel-i Cedid maa Atranos
اطرنوس مع خرمنجق,Atranos maa Harmancık
اطرنوس مع خرمنجك,Atranos maa Harmancık
اطرانوس مع ناحيۀ جبل جديد,Atranos maa Nahiye-i Cebel-i Cedid
آطره نوس مع ناحيۀ جبل جديد,Atranos maa Nahiye-i Cebel-i Cedid
ناحيۀ جبل جديد مع اطرانوس,Atranos maa Nahiye-i Cebel-i Cedid/Nahiye-i Cebel-i Cedid maa Atranos
نفس اطرانوس,Atranos merkez
اطره نوس,Atranos/Adirnas
ادرناس,Atranos/Adranas
ادره ناز,Atranos/Adranaz
ادرنوس,Atranos/Adranos
ادره نوس,Atranos/Adranos
اورخان ايلى,Atranos/Orhanili
عتاره مرج,Attaremerc
عتويد,Atvid
عواكير,Avakir
آوانوس,Avanos
آوه نوس,Avanos
آوا نوس,Avanos
اوانوس,Avanos
اواره,Avara
اوراق,Avarak
اودان,Avdan
آوغا,Avga
آوغانيسى اطه جغى,Avga/Avganisi Adacığı
اوغادى,Avgadı
آوغو,Avgo
اوغو,Avgo
آوغون,Avgon
يمورطه,Avgon/Yumurta
عوحه,Avha
عوينه,Avine
عونيه,Avine (Avniye)/Savur
عونيه,Avine/Avniye
سوركچى,Avine/Sürgücü
سوركجى,Avine/Sürgücü
اويشين,Avişin
اولاغى,Avlağı
اولاغو,Avlağı
آولاغى,Avlağı
آولونار,Avlonar
اولونار,Avlonar
آولونيه,Avlonya
اولونيه,Avlonya
اَولُونْيه,Avlonya
اولونيا,Avlonya
آولونيه,Avlonya
اولونيه,Avlonya
آولونيه مع طوپ آلتى,Avlonya maa Topaltı
اولون,Avlun
اونيك,Avnik
آونيك,Avnik
ابنك,Avnik/Abnik
آبنيك,Avnik/Abnik
ابنيك,Avnik/Abnik
آونيه,Avniye
عونيه,Avniye
عورت آلان,Avratalan
عورت الان,Avratalan
عورتحصارى,Avrathisarı
عورت حصارى,Avrathisarı
عورت حصارى مع ناحيۀ كولرلى,Avrathisarı maa Nahiye-i Köleli (Gülerli)
عورت حصارى مع ناحيۀ كُولَرْلى,Avrathisarı maa Nahiye-i Köleli (Gülerli)
نفس عورتحصار,Avrathisarı merkez
عورتحصار,Avrathisarı/Avrathisar
عورت حصار,Avrathisarı/Avrathisar
اوروپا,Avrupa
آوروپاى عثمانى,Avrupa-yı Osmani
اوروپاى عثمانى,Avrupa-yı Osmani
اوشين سفلى,Avşin-i Süfla
اونيه,Avuniye
اوينه,Avuniye
آونيه,Avuniye
اوونيه,Avuniye
ادنيه,Avuniye/Adniye
آغونيه,Avuniye/Ağunya
اغونيه,Avuniye/Ağunya
آونيه,Avuniye/Avine
قيون ايلى,Avuniye/Koyuneli
اونيه,Avuniye/Koyuneli
اوستراليا,Avustralya
آوياواتو,Avyavato
اوذانيتس,Avzanitis
ايا ديمترى,Ayadimitri
اياكئوركيوس,Ayagiorgios
اياكئوركيوس,Ayagiorgiyos
اياكيؤركيوس,Ayagiorgiyos
اغيوزيورسى,Ayagiorgiyos/Agiyozyorasi
ايايوركى,Ayagiorgiyos/Ayayorgi
يوركيوس,Ayagiorgiyos/Yorgiyos
آياكوركيوس,Ayagorgiyos
اياكوركيوس,Ayagorgiyos
آيايوركى,Ayagorgiyos/Ayayorgi
آيى اليا,Ayagorgiyos/Ayiilya
جورجى,Ayagorgiyos/Corci
اياغورغور,Ayagorgor
اياژورژى,Ayajorji
اياقنى,Ayakını
اياكرياكي,Ayakiryaki
آيا كرياكى,Ayakiryaki
ايا كيرياكي,Ayakiryaki
آيوس قايريياكى,Ayakiryaki/Ayoskayriyaki
آيوس قيريياكى,Ayakiryaki/Ayoskıriyaki
اياماوره,Ayamavra
آياموره,Ayamavra
آياماوره,Ayamavra
آياموره,Ayamavra
اياموره,Ayamavra
اياموره,Ayamavra
لفقاده,Ayamavra/Lefkada
لفقه ده,Ayamavra/Lefkada
لفقته,Ayamavra/Lefkata
لفقازه,Ayamavra/Lefkaza
آياماورا,Ayamavra/Santamavra
سانته ماوره,Ayamavra/Santamavra
صانتا ماورا,Ayamavra/Santamavra
سنت مور,Ayamavra/Sentmor
آياماوره,Ayamavra/Sentmor
عيانجق,Ayancık
ايانجق,Ayancık
استفان,Ayancık (İstefan)/Sahil
استفان,Ayancık (İstefan)/Sahil
ايانجق,Ayancık/İstefan
استفان,Ayancık/İstefan
ساحل,Ayancık/Sahil
آياندون,Ayandon
ايندون,Ayandon
اياندون,Ayandon
آيان دون,Ayandon
ايندون مع اق قيا,Ayandon maa Akkaya
عيان كولى,Ayangölü
آيا نيقولا,Ayanikola
ايا نيقوله,Ayanikola
نيقوله اطه لرى,Ayanikola/Nikola Adaları
سنت نيقولو,Ayanikola/Sentnikolo
آياپترا,Ayapetra
سوه تى پترو,Ayapetra/Svetipetro
اياپتروس,Ayapetros
اياپتره,Ayapetros/Ayapetre
ايا پترى,Ayapetros/Ayapetri
اياپترو,Ayapetros/Ayapetro
ايا روملى,Ayarumeli
اياس,Ayas
اياش,Ayas (Ayaş)
آياش مع برندى,Ayas (Ayaş) maa Berendi
اياس مع برندى,Ayas maa Berendi
يمورطه لق,Ayas/Yumurtalık
يمور طه لق,Ayas/Yumurtalık
يمورطه لق,Ayas/Yumurtalık
ايى سرانده,Ayasaranda
ايا سرانده,Ayasaranda
ايو صرانده,Ayasaranda/Ayosaranda
سراندوز,Ayasaranda/Sarandoz
اياسفيد,Ayasefid
اياسفيد,Ayasefid/Kilizman
آياسفيد,Ayasefid/Kilizman
آياثلوغ,Ayasluğ
اياثلوغ,Ayasluğ
اياسلوغ,Ayasluğ
اياسلوغ مع اذينه,Ayasluğ maa Ezine-i Ayasluğ (Ezine)
اياصولق,Ayasluğ/Ayasuluk
سلچوق,Ayasluğ/Selçuk
آياستفانوس,Ayastefanos
اياصو,Ayasu
آياصو,Ayasu
جزيرۀ اياخو,Ayasu/Cezire-i Ayahu
آياش,Ayaş
اياش,Ayaş
عياش,Ayaş
آياش,Ayaş
ايا طودورى,Ayatodori
ايى طودورى,Ayatodori/Ayitodori
آيو طودور,Ayatodori/Ayotodor
ته ىؤدوروس ديماستوس,Ayatodori/Teodoros Dimestos
آياطوما,Ayatoma
استوقنى,Ayatoma/İstokni
كوچك لطره,Ayatoma/Küçükletra
ايايانى مناسترى,Ayayanimanastırı
آيى يانى,Ayayanimanastırı/Ayiyani
ايايانيس,Ayayanis
آيايونيس,Ayayonis
لطره,Ayayonis/Letra
پانته,Ayayonis/Pante
ايايوركى,Ayayorgi
آيى يوركى,Ayayorgi/Ayiyorgi
جورجى,Ayayorgi/Corci
حاچى ژورجى,Ayayorgi/Haçijorci
كدلن,Ayayorgi/Kedelen
سنت جورجييو,Ayayorgi/Sentcorciyo
آيايوان,Ayayovan
سوه تى يوخانيا,Ayayovan/Svetiyohanya
ايازمه,Ayazma
آيازمند,Ayazmend
ايازمند,Ayazmend
ايازمند [مع] ناحيۀ چاندارلى و امرود اباد,Ayazmend [maa] Nahiye-i Çandarlı ve Emrudabad
ايازمند و بغاز حصار,Ayazmend ve Boğazhisar
ايازمند  و بغاز حصار,Ayazmend ve Boğazhisar
آلتون اووا,Ayazmend/Altınova (Altunova)
ايازمه,Ayazmend/Ayazma
ايباصدى,Aybasdı
ايبا صدى,Aybasdı
ايباسدى,Aybasdı
آي باصدى,Aybasdı
آيبصدى,Aybasdı
ايبصدى,Aybasdı
آيدين,Aydın
آيدين,Aydın
ايدين,Aydın
ايدين,Aydın
آیدین,Aydın
آيدين مع دكزلى,Aydın maa Denizli
نفس آيدين,Aydın merkez
آيدنجق,Aydıncık
ايدنجق,Aydıncık
ايدوك جق,Aydıncık/Ayduncuk
ايدنجك,Aydıncık/İdincik
آيدينجق,Aydıncık/Karahisar-ı Biga
آيدين ايلى,Aydınili
آيدونات,Aydonat
ايدونات,Aydonat
اَيْدُوناتْ,Aydonat
ايدوناد,Aydonat/Aydonad
آيدونان,Aydonat/Aydonan
پاراميتى,Aydonat/Paramiti
آيدونات,Aydonat/Paramitya
آيدوس,Aydos
ايدوس,Aydos
آيدوس,Aydos
آيدوس بالقانى,Aydos Balkanı
آيى ديمترى,Ayidimitri
آيى مريم,Ayimeryem
آي مريم اطه لرى,Ayimeryem Adaları
آيي پراسكي,Ayiparaski
آيى پراسكى,Ayiparaski
ايى وارواره,Ayivarvara
آيى وارواره,Ayivarvara
اى يانى,Ayiyani
ايي ياني,Ayiyani
اى يانى,Ayiyani
آيى يوركى,Ayiyorgi
آيى يوركى اطه لرى,Ayiyorgi Adaları
ايى يوركى مناسترى,Ayiyorgimanastırı
عين عيسى,Ayn-ı İsa
عين تقفش,Ayn-ı Takfeş
عين ترازو,Ayn-ı Terazu
آينه روز,Aynaroz
اينه روز,Aynaroz
اينه روز,Aynaroz
آينوروز,Aynaroz/Aynoroz
ايونوروس,Aynaroz/Ayonoros
جزيرۀ آيونوروس,Aynaroz/Cezire-i Aynaros
جزيرۀ اينه روز,Aynaroz/Cezire-i Aynaroz
اينه روز جزيره سى,Aynarozceziresi
عين صدر,Aynsadr
عينتاب,Ayntab
عينتاب و تلبشار,Ayntab ve Tilbeşar
عنتاب,Ayntab/Antab
عنتاد,Ayntab/Antad
عنتب,Ayntab/Anteb
غازى عينتاب,Ayntab/Gaziayıntab
عين العروس,Aynülarus
عين الكروم,Aynülkürüm
ايوانزيو,Ayoanzeyo
ايوانزلو,Ayoanzeyo/Ayoanzelo
ايو اليه,Ayoilya
ايو لندى,Ayolenidi
ايو نيقوله,Ayonikola
ايو نيقولا,Ayonikola
آيو نيقولا,Ayonikola
آيو پنوماتوس,Ayopanomatos
ايو پاولوس,Ayopavlos
آيوس جورجييوس,Ayoscorciyos
آيوس جورجييوس اطه سى,Ayoscorciyos
آيوس جوانس,Ayoscovanis
ايوس ساراندا,Ayossaranda
ايو سوزو,Ayosuzo
ايوواصيل,Ayovasil
ايوواصل,Ayovasil
آيواسيل,Ayovasil
ايواصل,Ayovasil
آى واسيل,Ayovasil/Ayvasil
ايواصل,Ayovasil/Ayvasil
ايواصيل,Ayovasil/Ayvasil
آيْواسِيل,Ayovasil/Ayvasil
آيواسيل,Ayovasil/Ayvasil
اى واصيلى,Ayovasil/Ayvasili
جزيرۀ ايواصل,Ayovasil/Cezire-i Ayovasil
قستل ايوواصل,Ayovasil/Kastel-i Ayovasil
ايو يوركى,Ayoyorgi
آيى يوركى,Ayoyorgi/Ayiyorgi
آيواجق,Ayvacık
ايواجق,Ayvacık
ايوالى,Ayvalı
ايوالو,Ayvalı
آيوالى,Ayvalı
ايوالى دره,Ayvalı/Ayvalıdere
آيوالودره,Ayvalı/Ayvalıdere
ايوالودره,Ayvalı/Ayvalıdere
ايوالق,Ayvalık
آيوالق,Ayvalık
ايوه لق,Ayvalık
آيوالق,Ayvalık
ايوالق مع كافر آغيلى,Ayvalık maa Kafirağıl
ايوالق مع كافر آغيلى,Ayvalık maa Kafirağılı
آيوالق مع كافر آغيلى,Ayvalık maa Kafirağılı
ايوالق مع كافر اغيلى,Ayvalık maa Kafirağılı
كيدونيه,Ayvalık/Kidonya
آيى واسيل,Ayvasil/Ayivasil
ايوات,Ayvat
ازاد جيران,Azadciran
ازاد چيران,Azadciran/Azadçiran
ازاق,Azak
ازآق,Azak
آزاق,Azak
آزاقپور,Azakpur
اعظميه,Azamiye
اعظميه,Azamiye
آزاپ,Azap
آزاب,Azap/Azab
اعزاز,Azaz
اعزاز,Azaz
اعراز,Azaz
اعزاز و كليس,Azaz ve Kilis
اعزاز,Azaz ve Kilis/Azaz
كليس و اعزاز,Azaz ve Kilis/Kilis ve Azaz
اعراز فلاح,Azaz-ı Fellah
فلاح,Azaz-ı Fellah/Fellah
اعراز تركمن,Azaz-ı Türkmen
تركمان اعزاز,Azaz-ı Türkmen/Türkmen Azaz
عزازمه,Azazime
ازطواى,Azdavay
ازطواى,Azdavay
آزطواى,Azdavay
ازطوى,Azdavay
ازطواى معدنجى,Azdavay-ı Madenci
ازطواى امورنجى,Azdavay-ı Madenci/Azdavay-ı Umuruncu
اذربيجان,Azerbaycan
ازغور,Azgur
ازيدين,Azidin
عزير اعرابى,Azir Arabı
عزيز,Aziz
عزيزى,Azizi
عزيزيه,Aziziye
عزيزيّه,Aziziye
نفس عزيزيه,Aziziye merkez
عزيزيه ويران شهر,Aziziye Viranşehir
ويران شهر,Aziziye Viranşehir/Viranşehir
عزيزيۀ بالا,Aziziye-i Bala
عزيزيۀ زير,Aziziye-i Zir
تجريريه,Aziziye/Tecririye
آزمير,Azmir
ازنافير,Aznafir
آزناور,Aznavur
ازناور,Aznavur
آزورت,Azort
بعبدا,Baabda
بعقلين,Baaklin
بعلبك,Baalbek
بعلبك مع كركنوح عليه السلام,Baalbek maa Kerek-i Nuh Aleyhisselam
بَعْلَبَك,Baalbek/Balebek
بعس,Baas
باب,Bab
باب جبول,Bab [ve] Cebbul
باب مع جبول,Bab maa Cebbul
نفس باب,Bab merkez
باب و جبول,Bab ve Cebbul
باب جبول,Bab ve Cebbul/Bab-ı Cebbul
باب طوپ,Bab-ı Top
الباب,Bab/el-Bab
بابا,Baba
بابااطه سى,Baba
بابا پلاوى,Baba Pilavi
باربا نيقوله,Baba/Barbanikola
پلاموط,Baba/Palamut
بابا طاغى,Babadağı
بابا طاغى,Babadağı
نفس واروش بابا,Babadağı (Baba) Varoşu
بابا,Babadağı/Baba
بابا طاغ,Babadağı/Babadağ
بابااسكى,Babaeski
بابااسكسى,Babaeski (Babaeskisi)/Danişmendeskisi
باباء عتيق,Babaeski/Baba-i Atik
باباى عتيق,Babaeski/Baba-yı Atik
بابا[ى] عتيق,Babaeski/Baba-yı Atik
بابا اسكيسى,Babaeski/Babaeskisi
بابااسكسى,Babaeski/Babaeskisi
بابا اسكسى,Babaeski/Babaeskisi
بابااسكسي,Babaeski/Babaeskisi
بابااسكيسى,Babaeski/Babaeskisi
بابا اسكى سى,Babaeski/Babaeskisi
دانشمند اسكسى,Babaeski/Danişmendeskisi
اسكى بابا,Babaeski/Eskibaba
بابان,Baban
ببه,Baban/Bebe
بابانقاش,Babanakkaş
بابرچ,Babarç
بابرجه,Babarç/Baberçe
بابورچه,Babarç/Baborçe
بابورجه,Babarç/Baborçe
بابارون,Babarun
بابيلان,Babilan
بابنا,Babinna
بابصو,Babsu
بابيانى,Babyani
باجى,Bacı
باجوان,Bacıvan
بجوان,Bacıvan
باجوانلو,Bacıvan/Bacıvanlı
باجلان,Bacıvan/Bacilan
مير عشارت باجلان,Bacıvan/Mir-i Aşaret-i Bacilan
باجل,Bacil
نفس باجل,Bacil merkez
باجركه,Bacirge
باچ,Baç
باج,Baç
باچقه,Baçka
باده,Bada
بداما,Badama
بادميه,Bademiye
بادميّه,Bademiye
باداميه,Bademiye/Badamiye
بادللو,Badıllı
بادجوان,Badicvan
باديجوان,Badicvan
بادكان,Badikan
پادگان,Badikan/Padigan
بادينه,Badine
باديه,Badiye
باديه و شيح,Badiye ve Şeyh
بادره جق,Badracık
بادرا جق,Badracık
بادره,Badracık/Badra
پاتراجق,Badracık/Patracık
باف,Baf
بافي مع چيتريا,Baf (Bafi) maa Çiterya
بافى مع چِيٍترْيا,Baf (Bafi) maa Çiterya
بافى مع چتريا,Baf (Bafi) maa Çiterya
باف قوقله,Baf [maa] Kukla
باف مع قوقله,Baf maa Kukla
بافه,Baf/Bafa
بافي,Baf/Bafi
بافى,Bafa
بافى,Bafa
باقى,Bafa/Baki
بافره,Bafra
بافره,Bafra
بافره و آلاچام,Bafra ve Alaçam
كورندر بازارى,Bafra/Güründürpazarı
بغيله,Bagile/Bugeyle
بغلاى,Baglay
باغوبيت,Bagobit
ولايت باغوبت,Bagobit/Vilayet-i Bagobit
باغوس,Bagos
باغه بيرد,Bağabird
باغ آراسى,Bağarası
خرستيان باغ,Bağarası/Hıristiyanbağ
باغچه,Bağçe
باغچه,Bağçe
باغچه جك,Bağçecik
باغچه جك,Bağçecik
بغچه جك,Bağçecik
باغچه,Bağçecik/Bağçe
باغچه,Bağçecik/Bağçe
بغچه,Bağçecik/Bağçe
بولانيق,Bağçecik/Bulanık
بولانق,Bağçecik/Bulanık
باغچه سراى,Bağçesaray
باغجه سراى,Bağçesaray
باقجه سراى,Bağçesaray/Bakçasaray
بقچه سراى,Bağçesaray/Bakçasaray
باقچه سراى,Bağçesaray/Bakçasaray
سراى,Bağçesaray/Saray
بغداد,Bağdad
بَغدَاد,Bağdad
بغداد عزيزيه,Bağdad Aziziye
عزيزيه,Bağdad Aziziye/Aziziye
عزيزيّه,Bağdad Aziziye/Aziziye
بغداد اصلاحيه,Bağdad Islahiye
اصلاحيه,Bağdad Islahiye/Islahiye
بغداد مع شهر زور,Bağdad maa Şehr-i Zor
نفس بغداد,Bağdad merkez
بغداد رشاديه,Bağdad Reşadiye
رشاديه,Bağdad Reşadiye/Reşadiye
بغداد بهشت آباد,Bağdad/Bağdad-ı Behiştabad
باغدره,Bağdere
بغدين كبير,Bağdın-ı Kebir
باغين,Bağın
باغلان,Bağlan
بغلوان,Bağlevan
باغ اواسى,Bağovası
باغ اوه سى,Bağovası
باغزق,Bağzık
بهارلى,Baharlı
بهاراوزى,Baharözü
باخمس,Bahmis
باهو,Baho
بحراحمر,Bahr-i Ahmer
بحر قلزم,Bahr-i Ahmer/Bahr-i Kulzüm
جده دكزى,Bahr-i Ahmer/Cidde Denizi
بحر محيط اطلاسى,Bahr-i Muhit-i Atlasi
بحر محيط هندى,Bahr-i Muhit-i Hindi
بحر محيط كبير,Bahr-i Muhit-i Kebir
بحر محيط منجمد جنوبى,Bahr-i Muhit-i Müncemid-i Cenubi
بحر صووق,Bahr-i Sovuk
بحر محيط منجمد شمالى,Bahr-i Sovuk/Bahr-i Muhit-i Müncemid-i Şimali
بحر عمان,Bahr-i Umman
بحرانى,Bahrani
بحرين,Bahreyn
بحرين,Bahreyn
بحرين اطه لرى,Bahreyn Adaları
بحريه,Bahriye
بحرالابيض,Bahrülebyad
بحرالغزل,Bahrülgazal
بحر الغزال,Bahrülgazal
بَخْشَشْ,Bahşeş
بخشش,Bahşeş
بقل اب باريك,Bakal Ab-ı Barik
باكئو,Bakao
باقر,Bakır
باقرچايى,Bakırçayı
باقر طاغى,Bakırdağı
بقلاك,Baklan
بقلان,Baklan
بقلاڭ,Baklan
باغلاك,Baklan/Bağlan
باقو,Bako
بقراص,Bakras
بقراص,Bakras/Belen
بقراص,Bakras/Cebel
بقرى,Bakrı
باقص,Baks
باقس,Baks
بعقوبه,Bakuba
بعقوبه,Bakuba
بعقوبه,Bakuba
خراسان,Bakuba
خراسان,Bakuba/Horasan
خراسان,Bakuba/Horasan
طريق خراسان,Bakuba/Tarik-i Horasan
باكو,Bakü
بالا,Bala
بالاى نيل,Bala-yı Nil
نيل,Bala-yı Nil/Nil
علياى نيل,Bala-yı Nil/Ulya-yı Nil
بالا حصار,Bala/Balahisar
قصبۀ بالا,Bala/Kasaba-i Bala
بلابان,Balaban
بلابانجه,Balabanca
بلابنلى,Balabanlı
بلاخور,Balahor
بلاقلوه,Balaklava
بالقلاغه,Balaklava/Balıklağa
بالقلاغا,Balaklava/Balıklağa
بالقلاغى,Balaklava/Balıklağı
بالقلاغو,Balaklava/Balıklağu
بلاط,Balat
بلاط,Balat
بلاط,Balat
بلاط مع بافى,Balat maa Bafa
بلاط مع  كبسود,Balat maa Kepsud
بلاط مع ناحيۀ بافى,Balat maa Nahiye-i Bafa
طورسون بك,Balat/Dursunbey
ملاد,Balat/Milat
بالاطوق,Balatok
بلاطون,Balaton
بحيرۀ بلاطون,Balaton/Buhayra-i Balaton
بالجى,Balcı
بالچيق,Balçık
بالچق,Balçık
بالجق,Balçık
بليخ,Balıh
بالق,Balık
باليكسرى,Balıkesri
بالى كسرى,Balıkesri
باليكسر,Balıkesri
نفس باليكسر,Balıkesri (Balıkesir) merkez
نفس باليكسرى,Balıkesri merkez
نفس قره سى,Balıkesri merkez/Karesi merkez
باليكسر,Balıkesri/Balıkesir
بالوقلو,Balıklı
بالقلى كول,Balıklıgöl
بالى بك,Balibey
بالك,Balik
بالك,Balik
مالك,Balik/Malik
باليقان,Balikan
بلينه,Baline
بالنه,Baline
باليس,Balis
بالس,Balis
باليسان,Balisan
بالاسان,Balisan/Balasan
باليان,Balisan/Baliyan
باليسان,Balisan/Fahri
بلقاجى,Balkacı
بالقان,Balkan
با لقان طاغلرى,Balkan Dağları
با لقان طاغلري,Balkan Dağları
بالقوار,Balkovar
باللى,Ballı
باللو,Ballı
بائللى,Ballı/Bailli
بالنوش,Balnuş
بلنوش,Balnuş
بالوپولو,Balopulo
بالتى,Baltı
بالتى سرايى,Baltı/Baltısarayı
بحر بالطق,Baltık/Bahr-i Baltık
بال طورنه,Baltorna (?)
باليه,Balya
باليا,Balya
باليه بادره,Balyabadra
قصبۀ باليه بادره,Balyabadra/Kasaba-i Balyabadra
باليان,Balyan
بليان,Balyan
بالانبولى,Balyanbolu
باليانبولى,Balyanbolu
بليانبولى,Balyanbolu
باليان بولى,Balyanbolu
باليامبولى,Balyanbolu/Balyambolu
بك طاغى,Balyanbolu/Beydağı
قلعۀ باليانبلو,Balyanbolu/Kale-i Balyanbolu
قلعۀ پاليانبلو,Balyanbolu/Kale-i Palyanbolu
پاليانبلو,Balyanbolu/Palyanbolu
بانا,Bana
بانه,Bana
پانه,Bana/Pana
بنادوس,Banados
بارباروس,Banados/Barbaros
بنا لوقه,Banaluka
بانه لوقه,Banaluka
بنالوقه,Banaluka
بنالوقه,Banaluka
نفس بنا لوقه,Banaluka merkez
قوباش,Banaluka/Kobaş
پنالوقه,Banaluka/Panaluka
واروش بانه لوقه,Banaluka/Varoş-ı Banaluka
بنان,Banan
بانارلى,Banarlı
بانه رودنه,Banarudine
بانه رودينه,Banarudine
بانيه رودنه,Banarudine/Banyarudine
باناز,Banaz
بناز,Banaz
بناز عشاق,Banaz/Banaz-ı Uşak
پناز,Banaz/Panaz
بانديرمه,Bandırma
باندرمه,Bandırma
بانچ,Baniç
بانوشتره,Banoştore
بانسقه,Banska
بانيه,Banya
بانياس,Banyas
بار,Bar
براديز,Baradız
برادز,Baradız
بارح,Barah
براق,Barak
براق,Barak
جرابلس,Barak/Cerablus
باراق,Baraklı (Barak (?))
براقلى جمعه,Baraklıcuma
بآرانيه,Baranya
براطلى,Baratlı
باربادا,Barbada
بارباروس,Barbaros
بارچ,Barç
بارچه,Barç/Barça
بارچنلو,Barçınlı
بارچنلى,Barçınlı
برداقجى,Bardakçı
برداروه,Bardarova
بارديز,Bardız
باردیز,Bardız
بارديز و كوب,Bardız ve Kop (Kob)
باردوينه,Bardovine
بره,Bare
باره,Bare
جزيرۀ باره,Bare/Cezire-i Bare
باركيرعن اولكاء چمشكيزك,Bargir an-ülka-i Çemişgizek
باركيرى,Bargiri
باركري,Bargiri
پارگيرى,Bargiri
باركيري,Bargiri
باركيري,Bargiri
باركيرى مع عشاير,Bargiri maa Aşair
ماركيرى,Bargiri/Margiri
بارحال,Barhal
باخال,Barhal
بارنج,Barınc
بارينج,Barınc
باريچ,Bariç
باريكصور,Bariksor
بارين,Barin
باريشا,Barişa
بارشه,Barişa
جبل باريشه مع خلقه لر,Barişa (Cebel-i Barişa) maa Halkalar
جبل بريشه,Barişa/Cebel-i Berişa
جبل بريشه,Barişa/Cebel-i Berişa
بارله,Barla
بارلا,Barla
بارله مع  اغروس,Barla maa Ağros
باوله,Barla/Bavle
بارمانه,Barmana
بار موساء كبير,Barmusa-i Kebir
بار موسى شجير,Barmusa-i Kebir/Barmusa Şecir
بر موسي الكبير,Barmusa-i Kebir/Bermusa el-Kebir
بارش,Barş
بارطين,Bartın
بارطن,Bartın
اون اكى ديوان مع يدى ديوان,Bartın (Onikidivan) maa Yedidivan
نفس بارطين,Bartın merkez
اون اكي ديوان,Bartın/Onikidivan
اون اكى ديوان,Bartın/Onikidivan
اون ايكى ديوان,Bartın/Onikidivan
بارطين,Bartın/Onikidivan
بارطن,Bartın/Onikidivan
باروطين,Barutin
باروطين,Barutin/Dospat
باصبرين,Basbirin
باصابرين,Basbirin/Basabirin
بسيط,Basit
باسكل,Baskil
بصره,Basra
بَصْره,Basra
بصره,Basra
بصره دكزى,Basra Denizi
بصره كورفزى,Basra Denizi/Basra Körfezi
بصره,Basra merkez
نفس بصره,Basra merkez
بصره و لحسا,Basra ve Lahsa
باستار,Bastar
باش اغرى,Başağrı
باش چفتلك,Başçiftlik
باش كديكلر,Başgedikler
باش كيردك,Başgirdek
باش كردك,Başgirdek
باش كول,Başgöl
باشيقه,Başika
بعشيقه,Başika
باش قشله,Başkışla
باش قلعه,Başkışla/Başkale
باش كوى,Başköy
باش كويلر,Başköy/Başköyler
باشتوه,Baştova
باش وارتنك,Başvartanik
باشوارتنك,Başvartanik
باط,Bat
باته,Bata
باطه,Bata
پاطه,Bata/Pata
باطه شك,Bataşek
باطه سك,Bataşek/Batasek
بطحا,Batha
بطحه,Batha
بطيحه,Batha/Batiha
بطمان,Batman
بطنوس,Batnos
باطوركسوى,Batorkösöy
باتوركسو,Batorkösöy/Batorkösö
بترون,Batrun
بطرون,Batrun
باترون,Batrun
بترون عليا,Batrun-ı Ulya
پترون,Batrun/Petrun
بترون اسكله سى,Batruniskelesi
باتوم,Batum
باطوم,Batum
نفس باطوم,Batum merkez
باطون,Batum/Batun
قلعۀ باتوم,Batum/Kale-i Batum
لازستان,Batum/Lazistan
باتوم,Batum/Trabzon
بوارد,Bavarid
بايا,Baya
بايه,Baya
بياد,Bayad
بيات,Bayad/Bayat
بايات,Bayat
بيات,Bayat
بيات اوزى,Bayatözü
بيات,Bayatözü/Bayat
بَيآت,Bayatözü/Bayat
بايبورد,Bayburd
بايبرد,Bayburd
بايبورد,Bayburd
بايبورد اوه رك,Bayburd Everek
اوه رك,Bayburd Everek/Everek
اورك,Bayburd Everek/Everek
نفس بايبورد,Bayburd merkez
بايبورد قرمان,Bayburd-ı Karaman
بايبرد,Bayburd-ı Karaman/Bayburd
بآى برد,Bayburd-ı Karaman/Bayburd
بايبورد,Bayburd-ı Karaman/Bayburd
بايبورد,Bayburd-ı Karaman/Bayburd
بايبورد ارضروم,Bayburd/Bayburd-ı Erzurum
بايبورت,Bayburd/Bayburt
بايبرود,Bayburd/Bayburud
بايدار,Baydar
بايزيد,Bayezid
بايذيد,Bayezid
نفس بايزيد,Bayezid merkez
قلعۀ بايزيد,Bayezid/Kale-i Bayezid
قره كوسه,Bayezid/Karaköse
بايندير,Bayındır
بايندر,Bayındır
مجيديه,Bayındır/Mecidiye
باير,Bayır
ديوان باير,Bayır/Divan-ı Bayır
باير بوجاق,Bayırbucak
بايمزو,Baymezö
واروش بايمزو,Baymezö/Varoş-ı Baymezö
بايوم,Bayom
بيرام,Bayram
بايراميج,Bayramiç
بيراميچ,Bayramiç
بيراميج,Bayramiç
بيرامج,Bayramiç
بيرامچ,Bayramiç
بيراملو,Bayramlı
بيراملو و قراجه قيونلى,Bayramlı ve Karacakoyunlu
بيرام اوغلى,Bayramoğlu
باى وديك,Bayvodik
باز,Baz
بازه وير,Bazevir (?)
بازيكى,Baziki
بازيان,Bazyan
بازيان مع چمچال و نوره و عشيرت هموند,Bazyan maa Cemcemal (Çemçal) ve Nure ve Aşiret-i Hemevend
نفس بازيان,Bazyan merkez
ببه جك,Bebecik
ببروه,Bebrova
بَبْرُوَه,Bebrova
پبروه,Bebrova/Pebrova
بجا,Beca
بچ,Beç
بچ اولكه سي,Beç ülkesi
بج,Beç/Bec
بچكرك,Beçkerek
بجكرك,Beçkerek
واروش بچكرك,Beçkerek/Varoş-ı Beçkerek
بدرلى,Bedirli
بدرله,Bedirli/Bedirle
ندرلو,Bedirli/Nedirli
بدره,Bedre
بدره و بنى لام,Bedre ve Benilam
بدرمه,Bedreme
بدورمه,Bedreme/Bedorime
بدرشين,Bedrişin
بَدْرِشِينْ,Bedrişin
بَدْرِشين,Bedrişin
بدوستان,Bedustan
بكان,Began
بكه,Bege
بكي,Bege/Begey
بهسنى,Behisni
بهسني,Behisni
بهسنى مع عشائر,Behisni maa Aşayir
بهسنى و حصنمنصور,Behisni ve Hısn-ı Mansur
بهسنى وسورك,Behisni ve Siverek
بهسنى,Behisni/Siverek
بهلوليه,Behlüliye
بهلوليّه,Behlüliye
بهلونيّه,Behlüliye/Behlüniyye
بهمرد,Behmerd
بَهْنَسَا,Behnesa
بهنساويه,Behnesa/Behnesaviye
بهنساويّه,Behnesa/Behnesaviye
بهرامكى,Behramki
بهرامگى,Behramki
بهرامگى,Behramki/Behramgi
بهرماز,Behrimaz
بهرمن,Behrimaz/Behremen
بهره من,Behrimaz/Behremen
بكدك دربندى,Bekdik Derbendi
دربند بكدك,Bekdik Derbendi/Derbend-i Bekdik
بكر,Bekir
بكيش,Bekiş
بكسا,Beksa
بكتاش,Bektaş
بل,Bel
پل,Bel/Pel
بلابرده,Belabırda
بلااستنه,Belaistene
بلا استنه,Belaistene
بيلي استنه,Belaistene/Bilaistene
قلعه بلا استنه,Belaistene/Kale-i Belaistene
قلعۀ بلا استنه,Belaistene/Kale-i Belaistene
قلعۀ بلااستنه,Belaistene/Kale-i Belaistene
بلاسنجه,Belasniçe
بلاطنس,Belatnis
بلباس عشيرتى,Belbas Aşireti
بلجنه مارى طاغى,Belcene Mari Dağı
بلده,Belde
بلدروز,Beledruz
بلد روز,Beledruz
بلادِ روزين,Beledruz/Bilad-ı Ruzin
بلد الدوالى,Beledüddevali
بلدالعناب,Beledülannab
بلدالانب,Beledülannab/Beledülanab
بلك,Belen
بلن,Belen
بلان,Belen
بيلان مع بقراص,Belen (Bilan) maa Bakras
بيلان مع بقراس نام ديكر تلك و ناحيۀ اسكندرون,Belen (Bilan) maa Bakras nam-ı diğer Tilek ve Nahiye-i İskenderun
بيلان مع ناحيۀ عزير,Belen maa Nahiye-i Özerili/Bilan maa Nahiye-i Üzeyr
بيلان,Belen/Bilan
بيلان,Belen/Bilan
بِيلاَنْ,Belen/Bilan
بلنه,Belene
بلنجه (؟),Beleniçe (?)
بيلانكوى,Belenköy (Bilanköy)/Feke
بيلانكوى,Belenköy (Bilanköy)/Kozan-ı Garbi
بكلان كوى,Belenköy/Beğlenköy
بيلانكوى,Belenköy/Bilanköy
بيلان كوى,Belenköy/Bilanköy
فكه,Belenköy/Feke
بلغراد دلاموج,Belgrad-ı Dalamuç
دلاموچ,Belgrad-ı Dalamuç
بلغراد دلاموچ,Belgrad-ı Dalamuç
بلغراد,Belgrad-ı Dalamuç (Belgrad)/Bolamaç
دلاموچ,Belgrad-ı Dalamuç (Belgrad)/Dalamuç
بلغراد,Belgrad-ı Dalamuç (Belgrad)/Dalamuç
بلغراد,Belgrad-ı Dalamuç/Belgrad
بلغراد,Belgrad-ı Dalamuç/Belgrad
دلاموج,Belgrad-ı Dalamuç/Dalamuç
دلاموچ,Belgrad-ı Dalamuç/Dalamuç
دلاموج بلغراد,Belgrad-ı Dalamuç/Dalamuç Belgrad
قلعۀ دلاموج بلغراد,Belgrad-ı Dalamuç/Dalamuç Belgrad Kalesi
واروش قلعۀ بلغراد,Belgrad-ı Dalamuç/Varoş-ı Kale-i Belgrad
بلغراد اونكروس,Belgrad-ı Üngürüs
بلغراد انگروس,Belgrad-ı Üngürüs
بلغراد مع حصارجق,Belgrad-ı Üngürüs (Belgrad) maa Hisarcık
بلغراد الانغروس,Belgrad-ı Üngürüs (Belgradülüngürüs)
نفس بلغراد انكروس,Belgrad-ı Üngürüs merkez
نواحئ بلغراد انكروس,Belgrad-ı Üngürüs nahiyeleri
بلغراد,Belgrad-ı Üngürüs/Belgrad
بلغراد,Belgrad-ı Üngürüs/Belgrad
بلغراد جهاد اباد,Belgrad-ı Üngürüs/Belgrad-ı Cihadabad
بلغراد طونه,Belgrad-ı Üngürüs/Belgrad-ı Tuna
قلعۀ بلغراد,Belgrad-ı Üngürüs/Belgradkalesi
قلعۀ بلغراد,Belgrad-ı Üngürüs/Kale-i Belgrad
بلغرادجق,Belgradcık
بلغرادچق,Belgradcık
بلغراد,Belgradcık/Belgrad
بلغرادچق,Belgradcık/Belgradçık
بلنه,Beline
بلينه,Beline
بيلينا,Beline/Bilina
پلنه,Beline/Peline
بلقا,Belka
بلقاع,Belka
بلقا مع  سلط,Belka maa Salt
بلقا,Belka/Nablus
بلقاص,Belkas
بيل قواق,Belkavak
بللوط پيكارى,Bellutpınarı
بلوپاوليك,Belopavlik
زته,Belopavlik/Zeta
بلوپاوليك,Belopavlik/Zeta
بلوپولو,Belopulo
قايمنى,Belopulo/Kaymeni
قاميوئى اطه لرى,Belopulo/Kaymeni (Kamyoi) Adaları
پيلو,Belopulo/Pilo
راپله,Belopulo/Raple
بلو ركنارسو (؟),Beloriknarso (?)
بلووا,Belova
بيلويران,Belviran
بيلوران,Belviran
بيل ويران,Belviran
بلويران,Belviran
بل ويران,Belviran
بلوران,Belviran
بيل ويران,Belviran
بل ورن,Belviran/Belveren
جويران,Belviran/Ceviran
بنابروزه,Benaberuze
بناجو,Benacu
بنالسخو,Benalesho (?)
بنانى,Benani
بند بالا كريوه,Bend-i Bala Gerive
بنده,Bende
بندر,Bender
بَندَر,Bender
بندر و ايوانشتى,Bender ve İvaneşti
بندركلى,Bendereğli
بنده اركلى,Bendereğli
بند ارگلى,Bendereğli
بندراركلى / بندركلى,Bendereğli
اركلى,Bendereğli/Ereğli
اركلو,Bendereğli/Ereğli
ارگلى,Bendereğli/Ereğli
بندركلى,Bendereğli/Ereğli
قره دكز اركلى,Bendereğli/Karadeniz Ereğli
شهراركلو,Bendereğli/Şehr-i Ereğli
بند ماهى,Bendimahi
بنديه,Bendiye
بنفشه,Benefşe
منواسيه,Benefşe/Menavasye
منواشيه,Benefşe/Menavaşye
مونمواسيه,Benefşe/Monemvasiya
بنگله,Bengale
بنها العسال,Benha el-Asal
بَنِى العسال,Benha el-Asal/Beni el-Asal
بنى العَسال,Benha el-Asal/Beni el-Asal
بنى عبدلله,Beniabdullah
بنى عَبيد,Beniabid/Beniubeyd
بنى على,Beniali
بنى علوان,Benialvan
بنى عاتكه,Beniatike
بنى عاتكه و كفارات,Beniatike ve Kefarat
بنى عوام,Beniavam
بنى عوام,Beniavam/Şifadere
بنى بهلول,Benibehlül
بنى جحمه,Benicehme
بنى جهمه,Benicehme
بنى جهيمه,Benicehme/Benicehime
بنى جهما,Benicehme/Benicehma
بنى اسد,Beniesed
بنى حبير,Benihabir
بنى حرام,Beniharam
بنى حارث,Beniharis
بنى حارث,Beniharis
بنى حارث و بنى حشيش,Beniharis ve Benihaşiş
بنى حارث و بنى حبش,Beniharis ve Benihaşiş (Benihabeş)
بنى حارث و بنى حسين,Beniharis ve Benihaşiş (Benihüseyin)
بنى حارث القبلا و الشمال,Beniharisülkıbela ve eş-Şimala
بنى حسن,Benihasan
بنى حشيش,Benihaşiş
بنى  حبش,Benihaşiş/Benihabeş
بنى هلال,Benihilal
بنى قيس,Benikays
بنى كلاب,Benikilab
بنى كنانه,Benikinane
بنى كنعان,Benikinane/Benikenan
بنى لام,Benilam
بنى الاعسر,Benilaser
بنى اعسر,Benilaser/Beniaser
بنى العوام,Benilavvam
بنى مالك,Benimalik
بنى مالك الاشراف,Benimalik/Benimaliküleşraf
وادى بنى مالك,Benimalik/Vadi-i Benimalik
بنى مالك الصدير,Benimaliküssadir
بنى منصور,Benimansur
بني منصور,Benimansur
بنى مَظَرْ,Benimazar
بنى مقلد,Benimuklid
بنى مره وبنى سالم,Benimürre ve Benisalim
بنى نشيه,Beninişye
بنى عمر,Beniömer
بنى ربيعه,Benirebia
بنى صعب,Benisaab
بنى صعب,Benisaab
نفس بنى صعب,Benisaab merkez
بنى سعيد,Benisaid
بنى صرما,Benisarma
بنى صرمه,Benisarma
بنى سويف,Benisüveyf
بنى سُوَيفْ,Benisüveyf
بنى سُوَيْف,Benisüveyf
بنى سُوَيف,Benisüveyf
بنى شهر,Benişehr
بنى شهر,Benişehr
بنى تيم,Beniteym
بنى عصبه,Beniusbe
بنى زرد,Benizerd
بنى زيد,Benizeyd
بنقويك,Benkovik
بره ده,Berada
براده,Berada
برادوست,Beradost
براروز وزين,Beradost ve Deyr/Beraruz ve Zeyn
بارادوست,Beradost/Baradost
بردوس,Beradost/Berados
برادوسي,Beradost/Beradosi
براعصه,Beraisa
برامبيل,Berambil
بران,Beran
برانه,Berane
برانه,Berane
برانه,Berane/Vasivoyik
برات,Berat
برات مع آولونيه,Berat maa Avlonya
برات مع مزاكيه و ملقسه,Berat maa Mujake (Mujakiye) ve Malakastra (Malakasa)
نفس برات,Berat merkez
ارنبود بلغرادى,Berat/Arnabud Belgradı
ارنود بلغرادى,Berat/Arnavud Belgradı
برات,Berat/Arnavud Belgradı
بلغراد,Berat/Belgrad
بلغراد ارنبود,Berat/Belgrad-ı Arnabud
بيلغراد ارنود,Berat/Belgrad-ı Arnavud
بلغراد ارنود,Berat/Belgrad-ı Arnavud
بلغرادجق,Berat/Belgradcık
بلغراد الارناود,Berat/Belgradülarnavud
برازكيرد,Berazgird
ناحيه برازكرد,Berazgird/Nahiye-i Berazgird
بربر,Berber
بربره,Berber/Berbere
برچين,Berçin
بردع,Berda
بردعه,Berda
بردنچ,Berdeniç
برديح,Berdeniç/Berdih
برديك,Berdik
بَرْدِيسْ,Berdis
بَرْديس,Berdis
بوريس,Berdis/Boris
بردونه,Berdone
برق بسرمن,Berekbösörmen
بركه,Bereke
بركتلى,Bereketli
بركتلو,Bereketli
بره كتلو,Bereketli
بره كتلو مع چام اردى,Bereketli maa Çamardı
بركت اوغلى,Bereketoğlu
بره من,Beremen
برندي,Berendi
برندى,Berendi
برندى و اياس,Berendi ve Ayas
برنوار,Berenvar
بره سيمين,Beresimin
بره زن,Berezen
پره زن,Berezen/Perezen
پره زن اطه سى,Berezen/Perezen Adası
بره زنجه,Berezenice
بره زنيجه,Berezenice
بره زنچه,Berezenice
برزلوق,Berezluk
برژلوق,Berezluk/Berejluk
برغمه,Bergama
برغمه,Bergama
نفس برغمه,Bergama merkez
بيرغمه,Bergama/Birgama
بركجى,Bergici
برغوس كبير,Bergos-ı Kebir
برغوس صغير,Bergos-ı Sagir
بركشاط,Bergüşat
برخو,Berho
بريد و الوت,Berid (?) ve Alut
برطان,Beritan
برويقا,Beriyaka/Berüyaka
برييه,Beriye
بركان,Berkan
برقاس,Berkas
پرقاس,Berkas/Perkas
برقوفچه,Berkofça
برقوفجه,Berkofça
بَرْقُوفچَه,Berkofça
برقوفچه,Berkofça/Kula
ترقوفجه,Berkofça/Terkofça
برنه,Berne
برّشامى,Berr-i Şami
بري,Berri
برسيس,Bersis
برتيز,Bertiz
برتز,Bertiz
قورجق (؟),Bertiz (Kurucak (?))
بزتولوز,Bertiz/Beztoloz
بيرتيز,Bertiz/Birtiz
پارتير,Bertiz/Partız
پارتير,Bertiz/Partiz
بَرُمّانه,Berummane
بَرُمّانَه و رأس و شبانِيّه و قالوغَو و مُتَيْن و قَرْنائِل,Berummane ve Ras ve Şebaniye ve Kaluga ve Müteyn ve Karnail (Kamail)
بروزه,Beruze
برزنجه,Berzence
بسارابيا,Besarabya
بسارابيه,Besarabya
بسپريم,Besprim
پسپريم,Besprim
پسپريم,Besprim/Pesprim
بش آطه لر,Beş Adalar
شليدونيا اطه لرى,Beş Adalar/Şilidonya Adaları
بش ديوان,Beşdivan
بشديوان,Beşdivan
بشكطاش,Beşiktaş
بشير,Beşir
بشيرى,Beşiri
بشرى,Beşiri
بشيرى مع نواحى,Beşiri maa Nevahi
بشر,Beşiri/Beşir
بش قباق,Beşkabak
بش قوناق,Beşkonak
بشقوناق,Beşkonak
بش پارمق,Beşparmak
بك,Bey
بيك,Bey
بك طاغلرى,Bey Dağları
بيالميك,Beyalemik
بيان,Beyan
بياض اطه,Beyazada
بياض قيا,Beyazkaya
بياض كوى,Beyazköy
بياض صو,Beyazsu
بكجه,Beyce
يكيجه,Beyce/Yenice
بيكجگز,Beyceğiz
بگطاغى,Beydağı
بك طاغى,Beydağı
بكطاغى,Beydağı
بيكلك (؟),Beylek (?)
بك اوغلى,Beyoğlu
بكپازارى,Beypazarı
بك بازارى,Beypazarı
بك پازارى,Beypazarı
بكبازارى,Beypazarı
بگپازارى,Beypazarı
بكبازار,Beypazarı/Beybazar
بك پيكارى,Beypınarı
بكپنارى,Beypınarı
بيروت,Beyrut
بيروت,Beyrut
بيروت,Beyrut merkez
نفس بيروت,Beyrut merkez
بيروت رشاديه,Beyrut Reşadiye
رشاديه,Beyrut Reşadiye/Reşadiye
بيروت و صيدا,Beyrut ve Sayda
بكشهرى,Beyşehri
بگشهرى,Beyşehri
بكشهري,Beyşehri
بك شهرى,Beyşehri
بيك شهرى,Beyşehri
بكشهرى مع چمن,Beyşehri maa vilayet-i Çimen
نفس بكشهرى,Beyşehri merkez
بكشهرى و سيدى شهرى,Beyşehri ve Seydişehri
بكيشهرى,Beyşehri/Beyişehri
بكشهر,Beyşehri/Beyşehir
شهر,Beyşehri/Şehir
بيت جبرين,Beyt-i Cibrin
بيت جرين,Beyt-i Cibrin/Beyt-i Cirin
بيت ابو علوانه و توابعى,Beyt-i Ebuulvane ve Tevabii
بيت اعطاب,Beyt-i Itab
بيت الدين,Beytüddin
بيت الفقيه,Beytülfakih
بيت فقيه,Beytülfakih/Beyt-i Fakih
بيت اللحم,Beytüllahm
بيت لحم,Beytüllahm/Beyt-i Lahm
بيت الشباب,Beytüşşebab
بيت الشباب مع كويان سندى و كولملى,Beytüşşebab maa Goyan-ı Sindi ve Gölmeli (?)
بيت الشباب,Beytüşşebab/Livin
بيت الشلف,Beytüşşilif
بيت الشلق و محالبه,Beytüşşilif ve Mehalibe/Beytüşşalak ve Mehalibe
جزاير حريان و مريان,Bezahlefan/Cezayir-i Haryan ve Meryan
بزنيك,Bezenik
بزم الغربى,Bezmülgarbi
برجقه,Bırçka
برچقه,Bırçka
برجقا,Bırçka
برجسقه,Bırçka/Berceska
به رچقه,Bırçka/Berçika
پريچقه,Bırçka/Priçka
واروش قلعۀ پريچقه,Bırçka/Varoş-ı Kale-i Priçka
برواراوه,Bırvarava
برونيك,Bırvenik
بروانيك,Bırvenik
بروه نيك,Bırvenik
بروانيق,Bırvenik/Bırvanık
برزاوه,Bırzava
برزوه,Bırzava
بطح,Bıttıh
بيبول,Bibol
ببور,Bibol/Bibor
ببلو,Bibol/Büblüv
ببلو ايلى,Bibol/Büblüvili
بُبْلُوْ ايلى,Bibol/Büblüvili
بيجاد,Bicad
بجنى,Bicni
بيجور مع منوف,Bicur maa Menuf
بيجُور مع منوف,Bicur maa Menuf
بچقوفجه,Biçkofça
بدعه,Bida
البداع,Bida/el-Bida
بيدلف اطه لرى,Bidelf Adaları
بيده وى,Bidevi
قره اغاج,Bidevi/Karaağaç
بيغا,Biga
بيغا,Biga
نفس بيغا,Biga merkez
پغه شهرى,Biga/Pigaşehri
بيغاديج,Bigadiç
بيغادج,Bigadiç
بيغاديچ,Bigadiç
بيغالى,Bigalı
بيغالو,Bigalı
بهار,Bihar
بيحار,Bihar
بحار,Bihar
بهكه,Bihke
نفس بهكه,Bihke merkez/Bihac
قلعۀ بهكه,Bihke/Kale-i Bihke
بهلشته,Bihlişte
بهلشته,Bihlişte/Vılkaşin
ولقاشين,Bihlişte/Vılkaşin
ولقاشن,Bihlişte/Vılkaşin
بيهور,Bihor
بهور,Bihor
بحور,Bihor
بهورنه,Bihorine
بهورينه,Bihorine
بحورينه,Bihorine
بهورينه,Bihorine
بهرينه و قورپنه,Bihorine ve Krupine (Kurpine)
بوحورينه,Bihorine/Buhorine
بقاع,Bika
بقاع شرقى مع  بعلبك,Bika-ı Şarki maa Baalbek
اقليم بقاع,Bika-i Garb/İklim-i Bika
بقاع غربى,Bika-i Garbi
غرب البقاع,Bika-i Garbi/Garbülbika
بقاع شرقى,Bika-i Şarki
بقاع شرقى,Bika-i Şarki
بقاع شرقى مع  بعلبك,Bika-i Şarki maa Baalbek
بيكارى ايلى,Bikariili
بقاع العزيز,Bikaulaziz
بقاع العزيز,Bikaülaziz
بُقاع العزيز,Bikaülaziz
بقاع العزيز معلقه,Bikaülaziz-i Muallaka
قطاع الطريق,Bikaülaziz/Kuttauttarik
بلاد خمسه,Bilad-ı Hamse
بلاد همدان,Bilad-ı Hemdan
همدان,Bilad-ı Hemdan/Hemdan
بلاد سباء,Bilad-ı Seba
بلاد ثلاثه,Bilad-ı Selase
بلاد البربر,Biladülberber
بلاد البستان,Biladülbostan
بلاد بستان,Biladülbostan/Bilad-ı Bostan
بلاد الرؤس,Biladürruus
بلاد الرؤس و بنى بهلول,Biladürruus ve Benibehlül
بلاد الرؤس و بنى بهلول,Biladürruus ve Benibehlül
بنى بهلول و بلاد الروس,Biladürruus ve Benibehlül/Benibehlül ve Biladürruus
بلاوى,Bilavi
بِلبيس,Bilbeys
بِلْبَيس,Bilbeys
بالباس,Bilbeys/Balbas
بله,Bile
بيله جك,Bilecik
بلجك,Bilecik
بيلجك,Bilecik
بلاجك,Bilecik
بله جك,Bilecik
نفس بيله جك,Bilecik merkez
ارطغرل,Bilecik/Ertuğrul
بيله كه,Bileke
بيلكه,Bileke
بليجان,Bilican
بليجان,Bilican
ابليجان,Bilican/İblican
بيلجه,Bilice
بليده,Bilida
بللسمر,Billesmer
بيك بوغا,Binboğa
بنغازى,Bingazi
نفس بنغازى,Bingazi merkez
بنغازى,Bingazi/Berka
بيك كول,Bingöl
بنكدره,Binküdre
بنكدره و طائفۀ باجلان و محلان,Binküdre ve Bacıvan (Taife-i Bacilan) ve Mahlan
بكدره,Binküdre/Beydere
بيكدره,Binküdre/Bikdere
بيكدره,Binküdre/Biküdre
نيكدره,Binküdre/Nikdere
بنشيه,Binşiye
بنت عقفش,Bint-i Akfeş
بنت قاطوف,Bint-i Katuf
بنت اصنوع,Bint-i Usnu
بنت الذل,Bintüzzel
بيرا وجبل قدس,Bira ve Cebel-i Kudüs
براستك,Birastik
برچه,Birçe
بيرچه,Birçe
برجه,Birçe
پرچه مع كنزين,Birçe (Pirçe) maa Knezin
برچه مع كنزين,Birçe maa Kenzin
برجه مع كنزين,Birçe maa Knezin
پرچه,Birçe/Pirçe
ولاسه نيچه,Birçe/Vlaseniçe
ولاسنيچه,Birçe/Vlaseniçe
بيره و كهيد,Bire ve Gühid (?)
بيره جك,Birecik
بره جك,Birecik
بيره جك تلكوران,Birecik-i Tilgören
بَرَه,Birecik-i Tilgören/Bere
بريه جك,Birecik-i Tilgören/Berriyecik
بيره,Birecik-i Tilgören/Bire
بره جك,Birecik-i Tilgören/Birecik
بيره جك,Birecik-i Tilgören/Birecik
بَيْرَه جك,Birecik/Beyrecik
بيله جك,Birecik/Bilecik
بيرة الفرات,Birecik/Biretülfırat
بئرة الفرات,Birecik/Biretülfırat
بيره جك,Birecik/Biretülfırat
بئرة الجرد,Biretülcürd
بيرة الجرد,Biretülcürd
بيرين,Bireyn
بيرين مع جبل بارشه,Bireyn maa Cebel-i Barişa
بيرين مع ناحيۀ بارشه,Bireyn maa Nahiye-i Barişa
بيرين مع ناحيۀ جبل بارشه,Bireyn maa Nahiye-i Cebel-i Barişa
بركى,Birgi
بيركى,Birgi
بيركي,Birgi
برلك,Birgi/Birlik
بيرغومه,Birgoma
برغومه,Birgoma
بيرغومه و يواش الى,Birgoma ve Yavaşili
بربر,Biribir
بيرمانه,Birmana
بيروش عشيرتى,Biroş Aşireti
بيرون باب له,Birun-ı Bab-ı Leh
بيرون باب روس,Birun-ı Bab-ı Rus
بيرون [-بار],Birun-ı Bar/Birun
بيرون يازلوفچه,Birun-ı Yazlofça
بيرون آباد,Birunabad
بورنوه,Birunabad/Bornova
برون آباد,Birunabad/Burunabad
برون اباد,Birunabad/Burunabad
برون اباد,Birunabad/Burunabad
بيرونئ سيواس,Biruni-i Sivas
بئر السبع,Birüsseba
برزيه,Birziye
بِرزَه,Birziye/Birze
برزه,Birziye/Birze
برزى,Birziye/Birzi
برزيه,Birziye/Cebel-i Hamis
بيسان,Bisan
بيسان مع  جنين,Bisan maa Cenin
بسكنتا,Biskinta
بسميل,Bismil
بي سوچنه,Bisoçna
بستريچه,Bistriçe
بازار بستريجه,Bistriçe/Pazar-ı Bistriçe
بيشه,Bişe
بيشة النخل,Bişe/Bişetünnahl
بشرى,Bişerri
بشراى,Bişerri
بشرى شماليه و جنوبيه,Bişerri/Bişerri-i Şimaliye ve Cenubiye
بشخابور,Bişhabur
بشتريچه,Biştriçe
بتليس,Bitlis
بدليس,Bitlis
نفس بتليس,Bitlis merkez
بدليس,Bitlis/Bidlis
بيتوش,Bituş
بياو,Biyav
بيلا,Biyela
بيزه رى,Bizeri
بزرى,Bizeri
بيزرطه,Bizerta
بيزرط,Bizerta/Bizert
بيزرَطْ,Bizerta/Bizert
بيزرطه مع پورت فارينا,Bizerta/Bizerta maa Port Farina
بزينه رود,Bizinerud
بلاج,Blac
بلاچ,Blac
بلاغاى,Blagay
بلاغاي,Blagay
بلغاى,Blagay
بلغاى,Blagay
بلغاى و چرنيجه,Blagay ve Çerniçe/Groçika (?)
بلقاى,Blagay/Blakay
بولاغاى,Blagay/Bulagay
واروش بلاغاى,Blagay/Varoş-ı Blagay
واروش قلعۀ بلاغاى,Blagay/Varoş-ı Kale-i Blagay
بلاژوى بازار,Blajuypazar
بازار بلاژوى,Blajuypazar/Pazar-ı Blajuy
بلاته,Blata
بلاي بارلته,Blaybarlete
بلاى بارلت,Blaybarlete/Blaybarlet
قلعۀ بيلاي,Blaybarlete/Kale-i Blay
قلعۀ بلاي بارلته,Blaybarlete/Kale-i Blaybarlete
بلاى بلاغاى,Blayblagay
بلاي بلاغاي,Blayblagay
بيلاي بلاغاي,Blayblagay
بيلاي بيلاغاي,Blayblagay
بلاى,Blayblagay/Blay
بيلاى,Blayblagay/Blay
قلعۀ بلاي بلاغاى,Blayblagay/Kale-i Blayblagay
قلعۀ بلاى بلاغاى,Blayblagay/Kale-i Blayblagay
قلعۀ بيلاي بيلاغاي,Blayblagay/Kale-i Blayblagay
بلاى بونيك,Blaybunik
بلاى,Blaybunik/Blay
قلعۀ بونيك بيلاى,Blaybunik/Kale-i Bunikblay
قلعۀ بونيك بلاي,Blaybunik/Kale-i Bunikblay
بله ترنيك,Bleternik
بوبان,Boban
بوبوفجه,Bobofça
بوبوفچه,Bobofça
بوبوجه,Bobofça/Bobovce
بوبوچه,Bobofça/Bobovçe
پوبوفجه,Bobofça/Pobofca
پوبوفچه,Bobofça/Pobofça
بوچاچ,Boçaç
واروش قلعۀ بوچاچ,Boçaç/Varoş-ı Kale-i Boçaç
بوچالا,Boçala
بوچ وديك,Boçvodik
بوچ,Boçvodik/Boç
بوچ,Boçvodik/Boç
پوج,Boçvodik/Poc
بوده (؟),Bode (?)
بودييه,Bodiye
بودوق,Bodok
بودروم,Bodrum
بودرم,Bodrum
بودورم,Bodrum
بدوروم,Bodrum/Bodurum
بودورم,Bodrum/Bodurum
بودوروم,Bodrum/Bodurum
بوغارينه,Bogarine
بغارينه,Bogarine
بوغوميل,Bogomil
بوغوميل,Bogomil/Suğla
بوغوروديچه,Bogorodiçe
بوغا,Boğa
بوغه,Boğa
بوغاز,Boğaz
بوغاز,Boğaz
بوغاز كبير,Boğaz-ı Kebir
بوغاز زير,Boğaz-ı Zir
بوغاز حصارى,Boğaz/Boğazhisar
بغاز حصار,Boğazhisar
بغاز حصار,Boğazhisar
بوغاز حصار,Boğazhisar
اياز حصار,Boğazhisar/Ayazhisar
بغازكسان,Boğazhisarı/Boğazkesen
بوغازحصارى,Boğazhisarı/Hisar-ı Rumeli
قلعۀ بوغازكسان,Boğazhisarı/Kale-i Boğazkesen
بوغزي يومرى,Boğazıyumru
بوغاز كويى,Boğazköyü
بوغاز كوى,Boğazköyü/Boğazköy
بوغازليان,Boğazlıyan
بوغزليان,Boğazlıyan
بوغچه,Boğça
بوغدان,Boğdan
بغدان,Boğdan
بُغدَان,Boğdan
ولايت بغدان,Boğdan/Vilayet-i Boğdan
بغدانوس,Boğdanos
بغدان,Boğdanos/Boğdan
بغدان رپه,Boğdanripe
بوغناريت,Boğnarit
بوغناد,Boğnarit/Boğnad
بهتان,Bohtan
بوهتان,Bohtan
بوهتان,Bohtan
بولامان,Bolaman
بولمان,Bolaman
بولمان و جماش,Bolaman ve Çamaş
پولمان,Bolaman/Polaman
بولاوادين,Bolavadin
بوليوادين,Bolavadin/Bolivadin
بولوه دين,Bolavadin/Bolvadin
بولوادين,Bolavadin/Bolvadin
بولوادين,Bolavadin/Bolvadin
نفس بولوادين,Bolavadin/Bolvadin merkez
بولاير,Bolayır
بلهوه,Bolhova
بولى,Bolu
بولي,Bolu
بولى مع اركلى,Bolu maa Bendereğli (Ereğli)
بولى مع نواحى,Bolu maa Nevahi
نفس بولى,Bolu merkez
بوليجان,Bolucan
پوليجان,Bolucan/Polican
بولولى,Bolulu
بولوان,Bolvan
بومبورى,Bombori
بون,Bone/Bon
بوپاقچه,Bopakça
بور,Bor
بور,Bor
بور مع قايى,Bor maa Kayı
بور مع قاف,Bor maa Kayı (Kaf)
بور مع قانى,Bor maa Kayı (Kani)
بوراچ,Boraç
بوراج,Boraç
واروش بوراج,Boraç (Varoş-ı Boraç)/İzvovik
بوراج,Boraç/Praça
بوراواج,Boravac
بوربوچقو,Borboçko
بورپوچقو,Borboçko/Borpoçko
بورچقه,Borçka
بورچو,Borçov
بوريچوچه,Boriçeviçe
بوريچواچ,Boriçeviçe/Boriçevac
قلعۀ بوريچوچه,Boriçeviçe/Kale-i Boriçeviçe
قلعۀ بوريچوچه,Boriçeviçe/Kale-i Boriçeviçe
بورسقوفچه,Boriskofça
بورلى,Borlu
بورلو,Borlu
بورلى,Borlu
بورلئ صاروخان,Borlu/Borlu-i Saruhan
بورلى,Borlu/Timurci
بورهوه,Borohova
بوريه,Borye
بوريو,Borye/Boryo
بوسنه,Bosna
بوسه,Bosna
بوسنه,Bosna
بوسنه برودى,Bosna Brodu
برود و اسرم چرنيك (؟),Bosna Brodu (Brod) ve İsrem-i Çernik (?)
بوسنه برود,Bosna Brodu/Bosna Brod
برود,Bosna Brodu/Brod
برود,Bosna Brodu/Brod
بروت,Bosna Brodu/Brot
بوسنه برودى,Bosna Brodu/Travnik
بوسنه طاغلرى,Bosna Dağları
نفس بوسنه,Bosna merkez
بوسنه شامچه,Bosna Şamiçe
بوسنه و هرسك,Bosna ve Hersek
سراى,Bosna/Saray
سراى بوسنه,Bosna/Saraybosna
بصود,Bosud
بوصود,Bosud
بوصوت,Bosud/Bosut
پوصوت,Bosud/Posut
بوشاد,Boşad
بوشقه پلانه,Boşkaplana
بوشقه بلانه,Boşkaplana
بوشقو بلاته,Boşkaplana/Boşkoblata
بوطوچانى,Botuçani
بويدى اطه جغى,Bovidi Adacığı
بوى آباد,Boyabad
بوى اباد,Boyabad
بوى آباد,Boyabad
بوى اباد مع يورتان,Boyabad maa Yortan
نفس بوى آباد,Boyabad merkez
بوى اواسى,Boyabad/Boyovası
بوى اباد,Boyabad/Boyovası
بويالى,Boyalı
بويالو,Boyalı
بويان,Boyan (?)
بويانه,Boyana
بويانه كنارى,Boyana/Boyanakenarı
بويميه,Boyimiye
بويناق,Boynak
بوينى يوغنلى,Boynuyoğunlu
بوينوبوغنلى,Boynuyoğunlu/Boynuboğunlu
بوزا,Boza
بوز آباد,Bozabad
بوز ابآد,Bozabad
بوز اباد,Bozabad
بوى اباد,Bozabad/Boyabad
بوزاغاج,Bozağaç
بوزآغاج,Bozağaç
بوزآغاج,Bozağaç
بوزاغاج بولكه سيله كلنار,Bozağaç bölgesiyle Gülnar
بلكۀ بوزآغاج,Bozağaç/Bölge-i Bozağaç
بوزات,Bozat
بوزاتلو,Bozatlı
بوز بابا,Bozbaba
آتاستراتى,Bozbaba/Atastrati
ايوس ستراتى,Bozbaba/Ayosstrati
بوبابا,Bozbaba/Bobaba
بوز بابا لمنى,Bozbaba/Bozbaba-i Limni
ستراتى,Bozbaba/Strati
بوزبرون,Bozburun
بوز برون,Bozburun
بوز بورن,Bozburun
بوزجه آطه,Bozcaada
بوزجه اطه,Bozcaada
بوزجه آطه,Bozcaada
بوزجه اده,Bozcaada
بوزجه اطه,Bozcaada
اطۀ بوزجه,Bozcaada/Ada-i Bozca
بوغچه,Bozcaada/Boğça
بوزجه,Bozcaada/Bozca
بوزجه,Bozcaada/Bozca
بوزجا,Bozcaada/Bozca
بوزجه جزيره سى,Bozcaada/Bozca Ceziresi
جزيرۀ بوزجه,Bozcaada/Cezire-i Bozca
جزيرۀ بوزجه اطه,Bozcaada/Cezire-i Bozcaada
بوزجه آطه,Bozcaada/Tenedos
بوزطاغى,Bozdağı
بوزطغان,Bozdoğan
بوزدوغان,Bozdoğan
بوزطغان مع ناحيۀ قواق,Bozdoğan maa Nahiye-i Kavak
نفس بوزطغان,Bozdoğan merkez
بوزطغان بالا,Bozdoğan-ı Bala
بوزطان,Bozdoğan/Bozdan
بوزطوغان,Bozdoğan/Pazarköy
بوزغوش,Bozguş
بوزين,Bozin
بوزقير,Bozkır
بوز قير,Bozkır
نفس بوزقير,Bozkır merkez
بوزقير و بكشهر,Bozkır ve Beyşehir
بوزقيرى,Bozkır/Bozkırı
بوزقير,Bozkır/Siristad
سرستاد,Bozkır/Siristad
بوزلى,Bozlu
بوزلق,Bozluk
بوزلق و تودرغه و الپى و عشرلو يوزى,Bozluk ve Todurga ve Alpı ve Öşürlüyüzü
بوزوق,Bozok
بوزاوق,Bozok
بوز اوق,Bozok
بزور اوق,Bozok
بوزاوق صورقونى,Bozok Sorkunu
صورقون,Bozok Sorkunu (Sorkun)/Öyük
صورغين,Bozok Sorkunu/Sorgın
صورغين بوز اوق,Bozok Sorkunu/Sorgın-ı Bozok
صورغون,Bozok Sorkunu/Sorgun
صورقون,Bozok Sorkunu/Sorgun
صورقون,Bozok Sorkunu/Sorkun
بوزوق,Bozok/İrdig
يوزغاد,Bozok/Yozgad
بوزاووه,Bozova
بوز اووا,Bozova
بوزووار,Bozovar
بوزويچه,Bozoviçe
بوز اويوك,Bozöyük
بوز اويك مع اين اوڭى,Bozöyük maa İnönü
مع بوز اويوك اين اوكى,Bozöyük maa İnönü
بوزايوك,Bozöyük/Karadona
بوزاولوس,Bozulus
بوزياقه,Bozyaka
بوزيير مع قوريجق,Bozyer maa Kurucak
بكور دلن,Böğürdelen
بوگر دلن,Böğürdelen
بوكور دلن,Böğürdelen
بوكور ده لن,Böğürdelen
قلعۀ بوگر دلن,Böğürdelen/Kale-i Böğürdelen
قلعۀ بكور دلن,Böğürdelen/Kale-i Böğürdelen
شاباچ,Böğürdelen/Şabaç
بلكۀ جبل و عشيرت خيرويللى و قره بوجيلى و بخشش و قره حاجيلى,Bölge-i Cebel ve Aşiret-i Hayrilli ve Karaböcülü ve Bahşeş ve Karahacılı
بلوك باشى,Bölükbaşı
بلوكباشى,Bölükbaşı
بسرمن,Bösörman
بسرمان,Bösörman
براحوه,Brahova
برانيچوه,Braniçeva
برانچوه,Braniçeva
برانيجوه,Braniçeva
براصدم,Brasadim
براتسا,Bratsa
براچه,Bratsa/Braça
برازا,Bratsa/Braza
براتوشش,Bratuşeş/Yenice
برژنچه و بكش و قومار,Brejniçe/Berezeniçe ve Bekiş ve Komar
برسنيچه,Bresniçe
بره زه بانا (؟),Brezebana (?)
برزيقه,Brezika
برزنه,Brezne
برزنچه,Brezniçe
برزنيك,Breznik
برزنيق,Breznik
بريزنيك,Breznik/Briznik
پرزنيك,Breznik/Preznik
ترونيك,Breznik/Travnik
بره زوه پوله,Brezovapole
پرزوو پوله,Brezovapole/Prezovopole
برزويچه,Brezoviçe
بره زويچه,Brezoviçe
برتويك,Britvik
برود,Brod
اشغه برود,Brod/Aşağıbrod
دسپوت برودى,Brod/Despot Brodu
برودار,Brodar
برولوشجه,Broloşce
برلوشجه,Broloşce
بورسلنوفقه,Bruslinofka
بوبكان,Bubikan
بوبيان,Bubiyan
ببيان,Bubiyan
بوجاق,Bucak
بوحاق,Bucak
بجاق,Bucak
بوجاق مع عشائر,Bucak maa Aşair
بجوره,Bucura
بچوره,Bucura
بيجوراوه,Bucura/Bicurova
بيجوراوا,Bucura/Bicurova
بجوروه,Bucura/Bucurova
بوداق,Budak
بداقلو,Budaklı
بوداقلى اوتلغى,Budaklıotlağı/Budaklıotluğu
بودى,Budi
بوديمله,Budimle
بودمله,Budimle
بودمله مع بلاو,Budimle maa Plav
بودمله,Budimle/Goşta
قومنن,Budimle/Komnin
چومنين,Budimle/Komnin (Çomnin)
بودين,Budin
بدون,Budin
بُدين,Budin
بدون و پشته,Budin (Budun) ve Peşte
بدون,Budin/Budun
بُدُون,Budin/Budun
بودن,Budin/Budun
بودون,Budin/Budun
بدون عتيق,Budin/Budun-ı Atik
پاشا,Budin/Paşa
بحيره,Buhayra
بحيره,Buhayra
بُحَيْره,Buhayra
بحريه,Buhayra
بُحَيْرَه,Buhayra
بخيره,Buhayra
بحيرۀ حجانيه,Buhayra-i Hıcaniye
بحيرۀ عتيبه,Buhayra-i Uteybe
بحيرةالبالا,Buhayratülbala
بحيرۀ اعلا,Buhayratülbala/Buhayra-i Ala
بحيرة الببان,Buhayratülbiban
بوژيم,Bujim
بوژور,Bujor
پوژور,Bujor/Pujor
بقعه (؟),Buka (?)
بوكان,Bukan
بوكده,Bukede
بوقوفچه مع اسلاتنيك,Bukofça maa Islatnik
بوقويچه,Bukoviçe
بوقوويك,Bukovik
بو قشاشيه,Bukuşaşiye
بوقويك,Bukvik
بولاجالى,Bulacalı
بولا جه لى,Bulacalı
بولاجلو,Bulacalı
بولاجلو,Bulacalı
بوله جلى,Bulacalı
بولاجلو و كشلو و تاتار عشيرتى,Bulacalı ve Keşli ve Tatar Aşireti
بولاق,Bulak
بولام,Bulam
بولماج,Bulamaç
بولماچ,Bulamaç
فارماقونيزى,Bulamaç (Farmakonizi)/Farmakoza
فارماقو,Bulamaç/Farmako
فورماقو,Bulamaç/Farmako (Furmako)
فارماقونيزى,Bulamaç/Farmakonizi
فارماقوس,Bulamaç/Farmakos
بولانيق,Bulanık
بولانق,Bulanık
بولدان,Buldan
نفس بولدان,Buldan merkez
بولدان,Buldan/Çarşamba
چهارشنبه,Buldan/Çarşamba
چهارشنبۀ لازقيه,Buldan/Çarşamba-i Lazkiye
بولدان,Buldan/Çarşamba-i Lazkiye
چهارشنبۀ لادقيه,Buldan/Çarşamba-i Lazkiye
بولدق,Bulduk
بولغناق,Bulganak
نهر بولغنق,Bulganak/Nehr-i Bulganak
نهر بولغناق,Bulganak/Nehr-i Bulganak
بلغار,Bulgar
بولغار مملكتي,Bulgar Memleketi
بلغارستان,Bulgaristan
بلغارستان امارتى,Bulgaristan Emareti
بومبا,Bumba
بنه,Buna
بنّه,Buna/Bunna
بنّا,Buna/Bunna
بونيغيا,Bunigiya
باركير,Bunigiya/Bargir
برع,Bura
جبل برع,Bura/Cebel-i Bura
براق,Burak
برج,Burç
بوردور,Burdur
بوردر,Burdur
بوردير,Burdur
بوردور,Burdur
نفس بوردور,Burdur merkez
بوردور و اورله,Burdur ve İrle (Urla)
بوردور,Burdur/Terkemiş
تركمش,Burdur/Terkemiş
بورغاس,Burgas
نفس بورغاس,Burgas merkez
برغوس,Burgas/Bergos
بورغاز,Burgaz
برغازجديد,Burgaz-ı Cedid
برغاز جديد,Burgaz-ı Cedid
برغوس اطه,Burgaz/Burgosada
ترغوس,Burgaz/Tergos
بورغى,Burgu
بورهان,Burhan
برهان,Burhan
برهانيه,Burhaniye
كمر,Burhaniye/Kemer
كمر,Burhaniye/Kemer
كمر ادرميد,Burhaniye/Kemer-i Edremid
كمر ادره ميد,Burhaniye/Kemer-i Edremid
بورلات,Burlat
بورناز,Burnaz
بورماز,Burnaz/Burmaz
بروسه,Bursa
بروسا,Bursa
بورسه,Bursa
برسه,Bursa
بروسه,Bursa merkez
نفس بروسه,Bursa merkez
بروسه يكيجه,Bursa Yenice
يكيجه,Bursa Yenice/Yenice
بروسه,Bursa/Burusa
بروجرد,Burucerd
بوري كول,Burugöl
بورلجه,Burulca
بوريلجه,Burulca/Burılca
بورلچه,Burulca/Burulça
بورلوس,Burulus
بوسان,Busan
بصيره,Busayra
بصره,Busayra/Busra
بثينه,Buseyne
بوصولجه,Busolca
بصرى اسكى شام,Busra/Busra Eskişam
بصراسكى شام,Busra/Busra Eskişam
بصره اسكى شام,Busra/Busra Eskişam
بصرا,Busra/Eskişam
اسكى شام,Busra/Eskişam
بصرالحرير,Busrulharir
بوستا,Busta
بوشاط,Buşat
بوشير,Buşeyr
بوط,But
بطيحه,Butayha
بتيل,Butil
بو تينى,Butina
بوتما,Butma
بوترنتو,Butrinto
بوير,Buveyr
بوياق,Buyak
بوياق,Buyak
بويانوفچه,Buyanofça
بوزى,Buzi
بوزمرت,Buzmeret
بوبر,Büber
ببرلر,Büber/Büberler
بكرش,Bükreş
بلبلجه,Bülbülce
بلبلجه,Bülbülce
اطۀ بلبلجه,Bülbülce/Ada-i Bülbülce
بليجه,Bülbülce/Belice
بلبلجك,Bülbülcük
بلبل جك,Bülbülcük
عتيق بلبلجه,Bülbülcük/Atik Bülbülce
اسكى بلبلجه,Bülbülcük/Eski Bülbülce
اسكى تريكه رى,Bülbülcük/Eski Trikeri
پالاقو ترى خورى,Bülbülcük/Palako Trihori
پاليو تريكيرى,Bülbülcük/Palyo Trikiri
بنيان,Bünyan
بنيان حميد,Bünyan/Bünyan-ı Hamid
بنيان حميد,Bünyan/Bünyan-ı Hamid
بنيان,Bünyan/Sarımsaklı
صارمساقلى,Bünyan/Sarımsaklı
بريقه,Büreyka
بريقه [و] جدابيه,Büreyka [ve] Cidabiye
برقه,Büreyka/Berka
بشورم,Büşürüm
بشروم,Büşürüm
بيوك آطه,Büyükada
بيوك اطه,Büyükada
بيوك اطه,Büyükada/Ada-i Kebir
اطۀ كبير,Büyükada/Ada-i Kebir
بيوك چكمجه,Büyükçekmece
بيوك فنطه,Büyükfanta
فنطه بزرك,Büyükfanta/Fanta-i Büzürk
بيوك غالانيس,Büyükgalanis
مغالوغلارونيس,Büyükgalanis/Megalo Galaronis
مغالوغلارونيسى,Büyükgalanis/Megalo Galaronisi
مقالوغالانوريس,Büyükgalanis/Mekalo Galanoris
بيوك اسماعيلجه,Büyükismailce
بيوك قره قرلى,Büyükkarakarlı
بيوك قره قارلى,Büyükkarakarlı
بويك قره صو,Büyükkarasu
استروما,Büyükkarasu/Siroz Karasuyu/Ustruma
بيوك قارشديران,Büyükkarışdıran
بيوك ليمان,Büyükliman
بيوك مندرس,Büyükmenderes
بيوك مركب,Büyükmerkeb
ماغاله,Büyükpetali/Magala
بيوك پتالى,Büyükpetali/Megalo
بيوك طوشان,Büyüktavşan/Mavro
بيوك وديك,Büyükvodik
جبانس,Cabanis
جاف عشائرى,Caf Aşairi
جفتين,Cafatin
جفاتين,Cafatin
جافاتين,Cafatin
جعفري,Caferi
جعفريه,Caferiye
جَعْفَرِيّه,Caferiye
جَغاوَه,Cağave
جالو,Calu
جامع على پاشا,Cami-i Alipaşa
جامع اياصوفيه,Cami-i Ayasofya
جامع داود پاشا,Cami-i Davudpaşa
جامع ابراهم پاشا,Cami-i İbrahimpaşa
جامع سلطان بايزيد خان,Cami-i Sultanbayezidhan
جامع سلطان محمد خان,Cami-i Sultanmehmedhan
جامع سلطان سليم خان,Cami-i Sultanselimhan
جامستل,Camustil
جاموستيل,Camustil
جاموستل,Camustil
جاموستل مع بولانق و شكر اوبه سى,Camustil maa Bulanık ve Şekerobası
ناحيۀ جاموستل مع بولانق و شكر اوبه سى,Camustil maa Bulanık ve Şekerobası
جامزطل,Camustil/Camuztıl
جنان,Canan
جانباز,Canbaz
جانجه,Canca
جانجكه,Canciğe
جان فدا,Canfeda
جانب شهر,Canib-i Şehr
جانب عربان غرب,Canib-i Urban-ı Garb
جانب عربان شرق,Canib-i Urban-ı Şark
جانب الصِرتْ و قَصْر,Canibüssırt ve Kasr
جانب الصرت و قصر,Canibüssırt ve Kasr
جانيك,Canik
جانيك قواق,Canik Kavak
قواق,Canik Kavak/Kavak
جانيك مع نظارت كندز,Canik maa Nezaret-i Gündüz
جانيك كول,Canik-i Göl
جانيت كول,Canik-i Göl/Canit-i Göl
كول,Canik-i Göl/Göl
جانيت قرق خرمن,Canik-i Kırkharman/Canit-i Kırkharman
جانيت  قرق خرمن,Canik-i Kırkharman/Canit-i Kırkharman
جانيت,Canik/Canit
جانيك,Canik/Samsun
جانوس,Canus
جاروه,Carva
جاسم,Casim
جايم,Cayim
جبارات,Cebbarat
جبول,Cebbul
جبول و باب و منبج,Cebbul ve Bab ve Menbic
جبل,Cebel
جبل,Cebel
جبل مع  عشيرت بوله جلى,Cebel maa Aşiret-i Bulacalı
جبل و ترشيحا,Cebel ve Terşiha
جبل و ترسيحا,Cebel ve Terşiha
جبل عبد العزيز,Cebel-i Abdülaziz
جبل احمر,Cebel-i Ahmer
جبل اقراع,Cebel-i Akra
جبل اقرع,Cebel-i Akra
جبل اقرع,Cebel-i Akra
جبل اعلا,Cebel-i Ala
جبل على,Cebel-i Ali
جبل عامله,Cebel-i Amile
جبل عتيق,Cebel-i Atik
جبل بنى عليم,Cebel-i Benialim
جبل بركت,Cebel-i Bereket
جبل بركت,Cebel-i Bereket/Osmaniye
جبل بركت,Cebel-i Bereket/Yarpuz
جبل بكر,Cebel-i Buker
جبل بو كر,Cebel-i Buker
جبل جن,Cebel-i Cin
جبل جسر,Cebel-i Cisr
جبل جرد,Cebel-i Cürd
جبل دمعراض,Cebel-i Demaraz
جبل درزى,Cebel-i Dürzi
جبل دروز,Cebel-i Dürzi/Cebel-i Düruz
درزى,Cebel-i Dürzi/Dürzi
جبل ادهميه,Cebel-i Edhemiye
جبلۀ ادهمى,Cebel-i Edhemiye/Cebele-i Edhemi
جبل اكراد,Cebel-i Ekrad
جبل الا كراد,Cebel-i Ekrad/Cebelülekrad
جبل الاكراد,Cebel-i Ekrad/Cebelülekrad
جبل اربعه,Cebel-i Erbaa
جبل ارجيس,Cebel-i Erciyes
جبل حبش,Cebel-i Habeş
جبل جيش,Cebel-i Habeş/Cebel-i Ceyş
جبل حبيش,Cebel-i Habeş/Cebel-i Hubeyş
حبيش,Cebel-i Habeş/Hubeyş
جبل حميده,Cebel-i Hamide
جبل حمرين,Cebel-i Hamrin
جبل حوران,Cebel-i Havran
جبل خوت,Cebel-i Hot
جبل حفاش,Cebel-i Hufaş
جبل حفش,Cebel-i Hufaş
جبل حوله,Cebel-i Hula
جبل كلبيه,Cebel-i Kelbiye
جبل قبلى,Cebel-i Kıbli
جبل كسروان,Cebel-i Kisrevan
جبل كسروان,Cebel-i Kisrevan
جبل كسروان و الجردين,Cebel-i Kisrevan ve'l-Cürdeyn
جبل كسروانين و الحرادين,Cebel-i Kisrevaneyn ve'l-Harradin
جبل قوزان,Cebel-i Kozan
قرص جبل,Cebel-i Kozan/Kars Cebel
جبل قدس,Cebel-i Kudüs
جبل قصير,Cebel-i Kusayr
قصير مع قره موط,Cebel-i Kusayr (Kusayr) maa Karamut
قصير,Cebel-i Kusayr/Kusayr
قصره,Cebel-i Kusayr/Kusra
جبل قطه,Cebel-i Kuta
جبل لبنان,Cebel-i Lübnan
جبل لبنان,Cebel-i Lübnan/Garbi Lübnan
لبنان طاغي,Cebel-i Lübnan/Lübnan Dağı
جبل ملحان,Cebel-i Milhan
جبل محمد,Cebel-i Muhammed
جبل محمل,Cebel-i Muhammel
جبل موسى,Cebel-i Musa
جبل نصارا,Cebel-i Nasara
جبل نصيرى,Cebel-i Nusayri
جبل ريحان,Cebel-i Reyhan
جبل الريحان,Cebel-i Reyhan/Cebelürreyhan
جبل ريمه,Cebel-i Reyme
جبل صبيار,Cebel-i Sabyar
جبل سانين,Cebel-i Sannin
جبل سانتين,Cebel-i Sannin/Cebel-i Santeyn
جبل سمعان,Cebel-i Seman
جبل سمعان حانطومان,Cebel-i Seman
جبل سمعان,Cebel-i Seman
جبل سمعان,Cebel-i Seman
جبل شمعان مع شروانلو,Cebel-i Seman (Şeman) maa Şirvanlı
سمعان,Cebel-i Seman/Seman
جبل سمّاق,Cebel-i Summak
جبل سماق,Cebel-i Summak
جبل شامى,Cebel-i Şami
شامى,Cebel-i Şami/Şami
جبل شرقى,Cebel-i Şarki
جبل شرق,Cebel-i Şarki/Cebel-i Şark
جبل الشرق,Cebel-i Şarki/Cebelüşşark
جبال تير,Cebel-i Teyr
جبل تير,Cebel-i Teyr
جبل طور,Cebel-i Tur
جبل زوكور,Cebel-i Zukur
جبل سقور,Cebel-i Zukur/Cebel-i Sukur
روقبا,Cebel-i Zukur/Rukba
بلكۀ جبل,Cebel/Bölge-i Cebel
بولكۀ جبل,Cebel/Bölge-i Cebel
چپل,Cebel/Çepel
جبله,Cebele
جبله,Cebele
جبليه,Cebele/Cebeliye
جبليّه,Cebele/Cebeliyye
جبلى,Cebeli
جبل الشيخ,Cebelüşşeyh
جبرشن,Ceberşin
جبهة على,Cebhetü Ali
جبرين,Cebrin
جبور و ابو سليمان و حديدى و گرگرى,Cebur ve Ebusüleyman ve Hadidi ve Gergeri
جدري,Cederi
جديد,Cedid
جديد اندرونئ سيواس,Cedid Enderuni-i Sivas (?)
يكى كوى,Cedid/Yeniköy
جفر,Cefr
جعفر,Cefr/Cafer
جكده,Ceğde
جهران,Cehran
جلالى,Celali
جلالى و خيدرانلو و زيلانلو,Celali ve Haydaranlı ve Zilanlı
جلالى عشيرتى,Celali/Celali Aşireti
جلاير,Celayir
جلبلى,Celebli
جلبلى,Celebli
جماعت شهدلو,Cemaat-i Şehidli
جمادانلى,Cemadanlı
جمادتلو عشيرتى,Cemadanlı/Cemadetli Aşireti
جماله,Cemale
جم جمال,Cemcemal
جمجمال,Cemcemal
جميل بك,Cemilbey
جماعين,Cemmain
جمّاعين,Cemmain
جماعين اول,Cemmain-i Evvel
جماعين ثانى,Cemmain-i Sani
جماعين ناحيتى,Cemmainnahiyeti
جمّاسه,Cemmase
جمماسه,Cemmase
جماسه,Cemmase
جمّاسَه,Cemmase
جماسيه,Cemmase
جماسى,Cemmase/Cemmasi
جماسيه,Cemmase/Cemmasiye
جنجكه,Cenciğe
چنجكه,Cenciğe
جنويز ولايتي,Ceneviz Vilayeti
جنكوله,Cengula
جنكوله,Cengula/Beksa
جنين,Cenin
جنين عطا قولنه,Cenin Atakulna (?)
نفس جنين,Cenin merkez
جنابة,Cennabe
جنت آباد,Cennetabad
جنوب,Cenub
جربه,Cerbe
جَرْبَه,Cerbe
جربو عيه,Cerbuiye
جربوعيه,Cerbuiye
جرجر,Cercer
جرش,Cereş
جريد,Cerid
جِرِيدْ,Cerid
جرم الكوع,Cermülku
جرونه,Cerovina
جره,Cerre (?)
جرءالعلفه,Cerrilalife
جصان,Cessan
جسان,Cessan
جسّان,Cessan
جسان و بدره,Cessan ve Bedre
جسان بداره,Cessan ve Bedre/Cessan-Bedara
جسّان بداره,Cessan ve Bedre/Cessan-Bedara
جصّان بدره,Cessan ve Bedre/Cessan-Bedre
جسّان بدره,Cessan ve Bedre/Cessan-Bedre
جسان بداره,Cessan ve Bedre/Cessan-Bedre
جواد,Cevad
جوانرود,Cevanrud
جوارى,Cevari
جوازر,Cevazir
جوازير,Cevazir
حراز و اشتفه طره ال حناح وقصر حور ومحمر و رو بطن,Cevazir (Haraz) ve İştifa [ve] Turra-i Al-i Cenah ve Kasr-ı Hur ve Muhammer ve Rubatın
جوازير و اشفه طره ال حناح وقصر حور ومحمر و روبطن (؟),Cevazir ve İştifa (İşfa) [ve]  Turra-i Al-i Cenah ve Kasr-ı Hur ve Muhammer ve Rubatın
جوازير و اشتفه طرۀ ال حناح وقصر حور ومحمر فرد بطن (؟),Cevazir ve İştifa ve Turra-i Al-i Cenah ve Kasr-ı Hur ve Muhammer ve Rubatın (Ferd-i Batın)
چوزدره سى,Cevizderesi
جوز دره سى,Cevizderesi
جويز دره سى,Cevizderesi
جويز دره سى و فنارس و افراز و اونيه و چوره كى,Cevizderesi ve Fenaris ve İfraz ve Ünye ve Çöreği
جويزلى,Cevizli (?)
جيحان,Ceyhan
جيحون,Ceyhan/Ceyhun
حميديه,Ceyhan/Hamidiye
حميديه,Ceyhan/Hamidiye
جيحان,Ceyhan/Hamidiye
مهاجرين,Ceyhan/Muhacirin
جيحان,Ceyhan/Örfiye
يارصوات,Ceyhan/Yarsuvat
جيرود,Ceyrud
جزآير,Cezayir
جزاير,Cezayir
جزاير و قپودانلق دريا,Cezayir ve Kapudanlık-ı Derya
جزاير بحر سفيد,Cezayir-i Bahr-i Sefid
جزائر بحر سفيد,Cezayir-i Bahr-i Sefid
جزايربحرسفيد,Cezayir-i Bahr-i Sefid
جزاير بحر سفيد,Cezayir-i Bahr-i Sefid/Kapudani
جزاير بوّارين و مصطفاعيه و لافيه و العين,Cezayir-i Bevvarin ve Mustafaiye ve Lafiye ve el-Ayn
جزاير جديد,Cezayir-i Cedid
جزاير غرب,Cezayir-i Garb
جزاير غرب,Cezayir-i Garb
جزاير,Cezayir-i Garb/Cezayir
جزاير مغرب,Cezayir-i Garb/Cezayir-i Mağrib
مغرب,Cezayir-i Garb/Mağrib
جزائراثنى عشر,Cezayir-i İsna Aşer
جزائراثنا عشر,Cezayir-i İsna Aşer
جزائرسبعه,Cezayir-i Seba
جزيرۀ سبعه,Cezayir-i Seba/Cezire-i Seba
جزيره,Cezire
جزيرۀ قاتوقصري,Cezire-i Katokasrı
جزيرۀكبير,Cezire-i Kebir
جزيرۀ كوچك,Cezire-i Küçük
جزيرۀ عليا,Cezire-i Ulya
جزيرۀ على,Cezire-i Ulya/Cezire-i Ali
جزاير,Cezire/Cezayir
جزين,Cezzin
جزيين,Cezzin
اقليم جِزّين,Cezzin/İklim-i Cezzin
اقليم جزين,Cezzin/İklim-i Cezzin
جباع,Ciba
جُباع,Ciba/Cüba
جبارى,Cibari
جبره,Cibre
جبرى,Cibre/Cibri
جبري,Cibre/Cibri
سبره,Cibre/Sibre
جبره,Cibre/Sibre
سيره,Cibre/Sibre
جدابيه,Cidabiye
جده,Cidde
جدّه,Cidde
جدّۀ معموره,Cidde/Cidde-i Mamure
جدۀ معموره,Cidde/Cidde-i Mamure
جده معموره,Cidde/Cidde-i Mamure
جيده,Cide
جيده,Cide
جده,Cide
جيده در اسكلۀ كيدوس,Cide der-İskele-i Kidos
نفس جيده,Cide merkez
چيده,Cide/Çide
جفاره,Cifare
جِفَارَه,Cifare
جكر دلن,Ciğerdelen
جهان بك,Cihanbey
جهانبكلى,Cihanbeyli
جهان بكلى,Cihanbeyli
جهانبگلو,Cihanbeyli
جهانبكلى عشيرتى,Cihanbeyli Aşireti/
جلانكر,Cilanger
جلاره,Cilara
جليما,Cilima
چيلو,Cilo
چيلو عليا,Cilo-i Ulya
جيلوانا,Cilvana
جمين,Cimin
جيمين,Cimin
جين,Cin/Kuyumahmudi
جنبى,Cinbi
جنجفه,Cincife
جنيس,Cinis
جنس,Cinis
جرباز,Cirbaz
جرجه,Circa
جرجه,Circa
جرجا,Circa
جرجه,Circa/Cerca
جَرْجَا,Circa/Cerca
جَرْجا,Circa/Cerca
جرجه,Circa/Circe
دجرجا,Circa/Decirca
جسر چاشنيگير,Cisr-i Çaşnigir
جسرصاحب,Cisr-i Sahib
جوارق,Civarık
جزان,Cizan
جيزان,Cizan
جزان و فرسان,Cizan ve Ferasan
جازان,Cizan/Cazan
جيزه,Cize
جِزَه,Cize
جيزۀ صفد,Cize-i Safed
جيزه و طبريه,Cize-i Safed (Cize) ve Taberiye
جبره,Cize-i Safed/Cebre
جيزه,Cize-i Safed/Cize
جزره,Cizre
جزره,Cizre
جزيرۀ عمريّه مع نواحى,Cizre maa Nevahi/Cezire-i Ömeriye maa Nevahi
جزيره,Cizre/Cezire
جزره,Cizre/Cezire
جزيرۀ ابن عمر,Cizre/Cezire-i İbni Ömer
جوندورون,Condoron
خوندورون,Condoron/Hondoron
قوندورن,Condoron/Kondoron
جوره,Cora
جورس,Coras
جورش,Coras/Coraş
جورجيو,Corciyo
جوبال,Cubal
جبال,Cubal
جوباس,Cubas
جوباش,Cubas/Cubaş
اسپندره,Cubas/İspendere
جودى,Cudi
جوف,Cuf
جهود قلعه سى,Cuhudkalesi
جولان غربى,Culan-ı Garbi/Cevelan-ı Garbi
جولان شرقى,Culan-ı Şarki/Cevelan-ı Şarki
جولان,Culan/Cevelan
الجولان,Culan/el-Cevelan
جوم,Cum
جوم,Cum
جوم,Cum/Gavurgan
جمعه,Cuma
جمعۀ بالا,Cuma-i Bala
جمعه,Cuma-i Bala/Cuma
جمعه بازارى,Cuma-i Bala/Cumapazarı
جمعه پازارى,Cuma-i Bala/Cumapazarı
جمعه اباد,Cumaabad
جمعه آباد,Cumaabad
حميد اباد,Cumaabad/Hamidabad
جمعه چاى,Cumaçay
جومه ثلثِ عكّار,Cume [maa] Sülüs-i Akkar
جوم قطع بلا عكام,Cume ve Kuveyta bilad-ı Akkar/Cum ve Katı bila-Akkam
جب آبّلات,Cübb-i Abbelat
جبل عبيله,Cübb-i Abbelat/Cebel-i Abile
جبّه,Cübbe
جبه,Cübbe
جبل و الوس,Cübbe (Cebel) ve Alus
جبه آلوس,Cübbe [ve] Alus
جبه الوس,Cübbe [ve] Alus
جبه و الوس,Cübbe ve Alus
جبه والوس,Cübbe ve Alus
جبه آلوس,Cübbe ve Alus (Cübbealus)
جبة العسال,Cübbetülassal
جبل,Cübbetülassal/Cebel
جبل عسال,Cübbetülassal/Cebel-i Assal
جبة الغسال,Cübbetülassal/Cübbetülgassal
جبّة البشرى مع توابع,Cübbetülbeşera maa tevabi
جبيل,Cübeyl
جبيل عليا,Cübeyl-i Ulya
جبل عليا,Cübeyl-i Ulya/Cebel-i Ulya
جبيل العليا,Cübeyl-i Ulya/Cübeylülulya
جرد جبيل,Cübeyl/Cürd-i Cübeyl
جبيله,Cübeyle
جبيل اسكله سى,Cübeyliskelesi
جبل اسكله سى,Cübeyliskelesi/Cebeliskelesi
جبن,Cübün
جبين,Cübün/Cübin
جُدَيده,Cüdeyde
جديده,Cüdeyde/Burumana
برمانا,Cüdeyde/Burumana
جولاب,Cülab
جلاب,Cülab
جنينه,Cüneyne
جونيه,Cünye
جنيه,Cünye
جراب,Cürab
جرد,Cürd
جرد جنوبى,Cürd-i Cenubi
جرد الجنوبى,Cürd-i Cenubi/Cürdülcenubi
جرد كسروان,Cürd-i Kisrevan
جرد شمالى,Cürd-i Şimali
جرد الشمالى,Cürd-i Şimali/Cürdüşşimali
جريد,Cüreyd
الجريد,Cüreyd/el-Cüreyd
چشته,Cüşte
چابراد,Çabrad
چاچقه,Çaçaka
چاجقه,Çaçaka
جاجقه,Çaçaka
چاچاق,Çaçaka/Çaçak
جاصقه,Çaçaka/Çaska
واروش چاچقه,Çaçaka/Varoş-ı Çaçaka
جاجوينه,Çaçvine
چاچوينه,Çaçvine
چاچونه,Çaçvine
چاچوينه,Çaçvine/Çaporiçe
چغا,Çağa
جغا,Çağa
چغا كول,Çağa/Çağa Göl
چقا,Çağa/Çaka
چيغا,Çağa/Çığa
چغان,Çağan
جغان كدوكى,Çağan/Çağangediği
چغان كدوكى,Çağan/Çağangediği
چاغرغان,Çağırkan/Çağırgan
چغلاغان جريدى,Çağlağanceridi
چغلغان جريدى,Çağlağanceridi
جريد,Çağlağanceridi/Cerid
چاغلايق,Çağlayık
چغلايق,Çağlayık
چاغلايق مع صارى شعبان,Çağlayık maa Sarışaban
چغلايق مع صارى شعبان,Çağlayık maa Sarışaban
جغلايق مع صارى جاير,Çağlayık maa Sarışaban (Sarıçayır)
چاغشاق,Çağşak
چقال,Çakal
چقاللر,Çakallar
چقاللو,Çakallı
چقاللو,Çakallı
چقاللو,Çakallı
چقاللو و آطمه لو,Çakallı ve Atmalı
چاقرجه,Çakırca
چاقرلى مع صفالى,Çakırlı maa Safalı
چاقلوفچه,Çaklofça
چاقلاواچ,Çaklofça/Çaklavaç
چاقلواچ,Çaklofça/Çaklovaç
چاقمق,Çakmak
چقماق طاشى,Çakmaktaşı
چاقوه,Çakova
چاقراق,Çakrak
چاقراق,Çakrak
چاكوى,Çakvi
نفس چاكوى,Çakvi merkez
چال,Çal
چال,Çal
جال,Çal
چال ايلى,Çal/Çalili
چاك,Çal/Çan
دمرجى كوى,Çal/Demirciköy
تيمورجى,Çal/Timurcu
چالا,Çala/Cala
جالا,Çala/Cala
چالديران,Çaldıran
چالدران,Çaldıran
چالغان,Çalgan
چالقان,Çalgan/Çalkan
چالى,Çalı
چاليجه,Çalıca
جاليجه,Çalıca
چالق قواق,Çalıkkavak
چالى قواق,Çalıkkavak/Çalıkavak
چالش مع طوطاق,Çalış maa Tutak
چالى يازى,Çalıyazı
چال كوى,Çalköy
چاللى,Çallı
چالتيجق,Çaltıcak
چام اردى,Çamardı
چام اردى,Çamardı
چام اردى,Çamardı/Bereketli
بركتلو,Çamardı/Bereketli
بره كتلو,Çamardı/Bereketli
بركتلو,Çamardı/Bereketli
بركتلو معدن همايونى,Çamardı/Bereketli Maden-i Hümayunu
بركتلى معدنى,Çamardı/Bereketli Madeni
بركتلى معدن,Çamardı/Bereketlimaden
بركتلو معدن,Çamardı/Bereketlimaden
شام اردى,Çamardı/Şamardı
چماش,Çamaş
جماش,Çamaş
چمش مع  بولمان,Çamaş maa Bolaman
چام برونى,Çamburnu
چام ايچى,Çamiçi
چتاق مع اوزويران,Çamiçi/Çatak maa Özviran
چناق مع اوزويران,Çamiçi/Çatak maa Özviran
جاملى بل,Çamlıbel
چامليجه,Çamlıca
جامليجه,Çamlıca
چامليجه,Çamlıca
جامليجه,Çamlıca
چاملوجه,Çamlıca
چامليجۀكبير,Çamlıca/Çamlıca-i Kebir
هيدرا,Çamlıca/Hidra
هيدره,Çamlıca/Hidra
بايدرا,Çamlıca/Hidra (Baydara)
حايدرا,Çamlıca/Hidra (Haydra)
جاملجه لر,Çamlıcalar
چاملق,Çamlık
چامور,Çamur
چامورلى,Çamurlu
چاك,Çan
چاڭ,Çan
چان,Çan
جاك,Çan
چَنَادْ,Çanad
چناد,Çanad
جناد,Çanad
چناط,Çanad
چناد و بچي و پچكرك,Çanad ve Beçey ve Beçkerek (Peçkerek)
چنق,Çanak
چناقجى,Çanakçı
چاندارلى,Çandarlı
چاندارلو,Çandarlı
چاندارلي,Çandarlı
جاندارلى,Çandarlı
جاندارلو,Çandarlı
جاندارلو,Çandarlı/Candarlı
جاندارلى حصار,Çandarlı/Çandarlıhisar
چاك كوپرى,Çanköprü
چاكلى,Çanlı
چاڭْلو,Çanlı
چاڭلو,Çanlı
چاڭلو,Çanlı
چاڭْلى,Çanlı
چاڭلى,Çanlı
چكلى,Çanlı
جانلى,Çanlı
چاكلى مع آق قيا,Çanlı maa Akkaya
چالى,Çanlı/Çalı
چاكلى كليسا,Çanlıkilise
چاكلى كليسه,Çanlıkilise
چاكشا,Çanşa
چپاقجور,Çapakçur
چباقچور,Çapakçur
چباقچور,Çapakçur
چپاقچور,Çapakçur
جبقجور,Çapakçur
چَپَاقچُور,Çapakçur
چپقچور,Çapakçur
چَپَقْچُورْ,Çapakçur
چپقجور,Çapakçur
جباقجور,Çapakçur
جباقچور,Çapakçur
چوليك,Çapakçur/Çevlik
جمعه,Çaputlu/Cuma
جمعه بازارى,Çaputlu/Cumapazarı
چارداق,Çardak
چارداق,Çardak
چارداقلى,Çardaklı
چارطاق,Çardaklı/Çardak
چارداق,Çardaklı/Çardak
چارطاق,Çardaklı/Çardak
جارداق,Çardaklı/Çardak
چارداول,Çardavel
چاريبرود,Çaribrod
چاريبورود,Çaribrod/Çariburod
چارملك,Çarmelik
چاروه,Çarova
چارويچه,Çaroviçe
چارپان,Çarpan
چارپين,Çarpın
چارسنجاق,Çarsancak
چارسنجاق,Çarsancak
چارسنجق,Çarsancak
جارسنجاق,Çarsancak
چارسنجق مع صغمان,Çarsancak maa Sağman
جارسنجاق,Çarsancak/Carsancak
پرى,Çarsancak/Peri
چهارشنبه,Çarşamba
جهارشنبه,Çarşamba
چارشانبه,Çarşamba
چارشنبه,Çarşamba
چهارشنبه,Çarşamba/Çeharşenbe
چارتلوس,Çartalos
چاشنكير,Çaşnigir
چات,Çat
چتاق,Çatak
چتال آده لر,Çatal Adalar
چتال اده لر,Çatal Adalar
چاط آلاڭى,Çatalanı
چتال برغوس,Çatalbergos
جتال برغوس,Çatalbergos
چتال برغوس  مع  لاپسكى,Çatalbergos maa Lapseki
برغوس,Çatalbergos/Bergos
بورغاس,Çatalbergos/Burgas
چتال برغوز,Çatalbergos/Çatalbergoz
اموربك,Çatalbergos/Umurbey
چتالجه,Çatalca
چتالجه,Çatalca
چاتلجه,Çatalca
جتالجه,Çatalca
جتالجه,Çatalca
چتالجه مع دومكى,Çatalca maa Dömeke/Dömeki
چتالجه مع ناحيۀ دومكه,Çatalca maa Nahiye Dömeke
چتالجه,Çatalca merkez
نفس چتالجه,Çatalca merkez
قضاء اربعه,Çatalca/Kaza-i Erbaa
چتال قلعه,Çatalkale
چتال كوى,Çatalköy
چتال كوي,Çatalköy
چتال تپه,Çataltepe
چتال زيتون,Çatalzeytun
چاودار,Çavdar
چاودير,Çavdır
چاوش الآت,Çavuşulat (?)
چاى,Çay
جاى,Çay
چاى اطه,Çayada
چاى آغزى,Çayağzı
چاى جمعه,Çaycuma
خضر بك ايلى مع دورك و چهارشنبه,Çaycuma (Hızırbeyili) maa Devrek ve Çarşamba
خضر بك ايلى,Çaycuma (Hızırbeyili)/Çarşamba
جهارشنبه,Çaycuma/Çarşamba
چهارشنبه,Çaycuma/Çarşamba
جهارشنبه,Çaycuma/Çarşamba
چهارشنبۀ بولى,Çaycuma/Çarşamba-i Bolu
جهارشنبه بولى,Çaycuma/Çarşamba-i Bolu
خضر بك ايلى,Çaycuma/Hızırbeyili
چايدر,Çayder
چايخان,Çayhan
چاى حصار,Çayhisar
قلعۀ جاماش,Çayhisar/Kale-i Çamaş
ذاماس,Çayhisar/Zamas
چايراسكوب مع نوكريچه,Çayır-ı Üsküb maa Nogoriçe
چاير شيخى,Çayırşeyhi
آق طاغ,Çayırşeyhi/Akdağ
اقطاغ,Çayırşeyhi/Akdağ
اق طاغ,Çayırşeyhi/Akdağ
آق طاغ,Çayırşeyhi/Akdağ
چاى كسان,Çaykesen
چاى كسه,Çaykesen/Çaykese
جاى قيو,Çaykuyu
چاي قويى,Çaykuyu
چاى قيو,Çaykuyu
چاى,Çaykuyu/Çay
چايلا و ودوروش,Çayla (?) ve Vodoroş (?)
چاينچه,Çayniçe
چاينيچه,Çayniçe
جاينجه,Çayniçe
معدن چاينچه,Çayniçe/Maden-i Çayniçe
بازار چاينچه,Çayniçe/Pazar-ı Çayniçe
واروش,Çayniçe/Varoş
واروش چاينچه,Çayniçe/Varoş-ı Çayniçe
چچ,Çeç
چچ,Çeç
چچ,Çeç/Bük
چچ,Çeç/Şince
چچرك,Çeçerek
ججرك,Çeçerek
جبه جك,Çeçerek/Cebecik
جبه جرك,Çeçerek/Cebecirek
ججرك,Çeçerek/Göle
حاجرك,Çeçerek/Hacrek
چه ولايتي,Çeh Vilayeti
جهرين,Çehrin
چهرين,Çehrin
چك الاك,Çekalan
چكته,Çekete (?)
چكركه,Çekirge
چكمجۀ كبير,Çekmece-i Kebir
چکمجۀ کبير,Çekmece-i Kebir
چکمجۀ کبير,Çekmece-i Kebir
چكمجۀ كبيرر,Çekmece-i Kebir
جكمجۀ كبير,Çekmece-i Kebir
جكمجه كبير,Çekmece-i Kebir
بيوك چكمجه,Çekmece-i Kebir/Büyükçekmece
بيوك چكمجه,Çekmece-i Kebir/Büyükçekmece
بيوك چكمه,Çekmece-i Kebir/Büyükçekmece
بويوك چكمجه,Çekmece-i Kebir/Büyükçekmece
چكمجه,Çekmece-i Kebir/Çekmece
چكمجۀ بزرك,Çekmece-i Kebir/Çekmece-i Büzürk
چكمجۀ صغير,Çekmece-i Sagir
چکمجۀ صغير,Çekmece-i Sagir
جكمجۀ صغير,Çekmece-i Sagir
جكمجه صغير,Çekmece-i Sagir
چكمجۀ صغير,Çekmece-i Sagir
چكمجۀ كوچك,Çekmece-i Sagir/Çekmece-i Küçük
كوچك چكمه,Çekmece-i Sagir/Küçükçekme
كوچوك چكمجه,Çekmece-i Sagir/Küçükçekmece
كچوك چكمجه,Çekmece-i Sagir/Küçükçekmece
كوچك چكمجه,Çekmece-i Sagir/Küçükçekmece
كوچك چكمجه,Çekmece-i Sagir/Küçükçekmece
چلابرد,Çelaberd
جلبرد,Çelaberd
جله برد,Çelaberd
چلبى,Çelebi
چلبى باغى,Çelebibağı
جلبيلر,Çelebiler
چلبى پازارى,Çelebipazarı
جلبى بازارى,Çelebipazarı
چلبى پازارى مع قولايش,Çelebipazarı maa Kolayiş
بازار روغاتجه,Çelebipazarı/Pazar-ı Rogatiçe
روغاتيچه,Çelebipazarı/Rogatiçe
چلبى پازارى,Çelebipazarı/Rogatiçe
بازار بوراج,Çelebipazarı/Rogatiçe/Pazar-ı Boraç
بازار ايوراجه,Çelebipazarı/Rogatiçe/Pazar-ı İvraca
چلبى بازارى,Çelebipazarı/Varoşişte
چليك,Çelik
جلكان,Çelikan/Arabiya
چَليكانلو,Çelikanlı
چليكانلو,Çelikanlı
جليكانلى,Çelikanlı
چلپنه,Çelpine
چلتك,Çeltik
چلتوك,Çeltük
چم,Çem
جم,Çem
جمرنيك,Çemernik
چمرنك,Çemernik
چومرنيك,Çemernik/Çömernik
چمشكزك,Çemişgezek
جمشكزك,Çemişgezek
چمشكزك,Çemişgezek
چمشكزك و پرتك و صغمان,Çemişgezek ve Pertek ve Sağman
چمشكيزك,Çemişgezek/Çemişgizek
چم نيم,Çemnim
جنداوغلى,Çendoğlu
چنداوغلى,Çendoğlu
چنكل,Çengel
چنكر,Çenger
چنكرلى,Çengerli
جنكرلى,Çengerli
جنكرلى,Çengerli/Cengerli
چنكى,Çengi
چپن,Çepin
چپين,Çepin
چپنه,Çepine
چپنه,Çepine
چپنى,Çepni
چبنى جونقار,Çepni-i Çonkar
چپنئ كره سون,Çepni-i Giresun
چپنى,Çepni-i Giresun/Çepni
چپنى,Çepni-i Giresun/Çepni
ناحيۀ چپنى,Çepni-i Giresun/Nahiye-i Çepni
چراغ برمكى,Çerağ-ı Bermeki
چرقويشته,Çerakovişte
چراقويسته,Çerakovişte/Çerakoviste
چرنوقوشته,Çerakovişte/Çerkovişte
چرنوقوشته,Çerakovişte/Çernokoşta
چروقويشته,Çerakovişte/Çerokovişte
چرچيلى,Çerçili
جره ويك,Çerevik
چروك,Çerevik
چره ويك,Çerevik
چرين,Çerin
چوين,Çerin/Çevin
چرى اوغرى,Çeriuğru
چركس مسلم,Çerkesmüsellem
چركش,Çerkeş
جركش,Çerkeş
چركش مع گونى,Çerkeş maa Güney
مجيديه,Çerkeş Mecidiye/Mecidiye
اووه جق,Çerkeş Ovacık/Ovacık
اوه جق,Çerkeş Ovacık/Ovacık
چرمه,Çerme
ليچيك,Çerme/Liçik
چرمه,Çerme/Liçik
چرملو,Çermeli
چرْمَه لو,Çermeli
چرملو ارض روم,Çermeli-i Erzurum/Çermelü-yi Erzurum
چرملو اسپر,Çermeli-i İspir/Çermelü-yi İspir
چرميك,Çermik
چرمك,Çermik
جرمك,Çermik
جرميك,Çermik
چرموق,Çermik/Çermuk
چرموك,Çermik/Çermük
چَرْمُكْ,Çermik/Çermük
جرمياذو,Çermiyazo
چرنه,Çerna
چرناغوره,Çernagora/Karadağ
چرنه قوزينچه,Çernekozinçe
چرنلوو زير,Çernelovo-i Zir
چرنه رقه,Çernereka
جرنه رقه,Çernereka
چرنيچه,Çerniçe
چرنچه,Çerniçe
چرنيچه و ناحيۀ غابله,Çerniçe ve Nahiye-i Gabele
چرنيچه,Çerniçe/Groçika (?)
بازار چرنچه,Çerniçe/Pazar-ı Çerniçe
بازار چرنيچه,Çerniçe/Pazar-ı Çerniçe
چرنيك,Çernik
جرنيك,Çernik
چرنى كلس,Çerniklis
چرنوستورو,Çernostoro
چرنوى,Çernovi
جرنوى,Çernovi
چرنويچ,Çernoviç
چورويك,Çerovik
چرونيك,Çerovnik
چرشه,Çerşe
چشمه,Çeşme
چشمه,Çeşme
جشمه,Çeşme
نفس چشمه,Çeşme merkez
چشمه و ازمير,Çeşme ve İzmir
چشنيك,Çeşnik
چتنه,Çetine
چتينه,Çetine
چترليك,Çetirlik
جترليك,Çetirlik
نهر چترلك,Çetirlik/Nehr-i Çetirlik
چتويردقوشته,Çetvirdkovişte
بازار چتويردقوشته,Çetvirdkovişte/Pazar-ı Çetvirdkovişte
چبقدان,Çıbıkdan
چِبِق قلعه و قلعهء سيوكه نام ديگر سيف الدين و آغجه لر و عسكر و عشيرت اسماعيل,Çıbıkkale ve Kale-i Sivke (Süyüke) nd. Seyfeddin ve Ağcalar ve Asker ve Aşiret-i İsmail
چيقناخور,Çıknahor
چقناخور,Çıknahor
چاقناخور,Çıknahor/Çaknahor
چلدر,Çıldır
چيلدير,Çıldır
چلدير,Çıldır
چنارطغان,Çınardoğan (?)
چناره,Çınare
چنارلو دره سي,Çınarlı Deresi
چپلاق,Çıplak
چيپلاق,Çıplak
چيبلاق,Çıplak
جيمنو,Çıplak/Cimno
چبلاق اطه,Çıplak/Çıblakada
چرچر,Çırçır
جيرقان,Çırkan
چرقان,Çırkan
چرپان,Çırpan
چرپان,Çırpan
جربان,Çırpan
چرپان يكيجه سى,Çırpan/Çırpan Yenicesi
يكيجۀ چرپان,Çırpan/Yenice-i Çırpan
چسقه,Çıska
چيچك,Çiçek
چيچك اطه لرى,Çiçek Adaları
چچك,Çiçek Adaları/Çiçek
چيچك طاغى,Çiçekdağı
ججك طاغى,Çiçekdağı
مجيديه,Çiçekdağı (Mecidiye)/Boyalık
بويالق,Çiçekdağı/Boyalık
مجيديه,Çiçekdağı/Mecidiye
مجيديه,Çiçekdağı/Mecidiye
چيچوه,Çiçeva
چفنه,Çifte
جفته,Çifte
چفته,Çifte
چفته خان,Çiftehan
چفته لر,Çifteler
چفته لر,Çifteler/Mahmudiye
چفتلكى جديد,Çiftlik-i Cedid/Çiftliği Cedid
چفتلكات,Çiftlikat
مربوط چفتلكات,Çiftlikat-ı Şarköy
چكلنه,Çiğlene
چيكلنه,Çiğlene
جكلنه,Çiğlene
چكلى,Çiğli
جلبوغاز,Çilboğaz
چلاغه,Çillaga
چللغه,Çillaga
جللقه,Çillaga/Çillaka
چمن ايلى,Çimenili
چمن,Çimenili/Çimen
چمن,Çimenili/Çimen
چمنلو,Çimenli
چمنلك,Çimenlik
چمن يكيجه سى,Çimenyenicesi
چمن يكيجه,Çimenyenicesi/Çimenyenice
چيمى,Çimi
چمنلك,Çiminlik
چيميانلو,Çimyanlı
جمياتلو,Çimyanlı/Cimyatlı
چين,Çin
چينه,Çine
چينه مع اقچه اباد,Çine maa Akçaabad
اقچه اباد مع  چينه,Çine maa Akçaabad/Akçaabad maa Çine
جنبه,Çine/Cenbe
چينه,Çine/Hamidabad
چنكانه,Çingane
جنكانه,Çingane
جنكانه,Çingane/Cingane
جنكنه,Çingane/Cingene
جنكان روم ايلى,Çingane/Çingan-ı Rumeli
قبطيان روم ايلى,Çingane/Kıbtiyan-ı Rumeli
قبطيون,Çingane/Kıbtiyyun
جنكه,Çinge
چنكى,Çinge/Çingi
چيپل,Çipel
چپروفچه,Çiprofça
چپروفجه,Çiprofça
چتروفجه,Çiprofça/Çitrofça
چپروفجه,Çiprofça/Jelezine Maden
چرح (؟),Çirh (?)
چركان,Çirikan
چرقويچه,Çirkviçe
چرمن,Çirmen
چرمن,Çirmen
جرمن,Çirmen
چرمان,Çirmen
چرمن و ويزه,Çirmen ve Vize
جرمنلى,Çirmen/Çirmenli
چرمنيقه,Çirmenika
چرمنقه,Çirmenika
چرمنيچه,Çirmenika/Çirmeniçe
جرمونقه,Çirmenika/Çirmonika
چرنيقه,Çirmenika/Çirnika
چرپازين,Çirpazin
چارپازان,Çirpazin/Çarpazan
چسطا,Çista
چيت,Çit
چيت مع  عبش,Çit maa Abeş
چين,Çit/Çin
چتروز,Çitroz
چيزنا صوىي,Çizna Suyu
چوبان قيرى,Çobankırı/Piştikoz
چوقاق,Çokak
چوكالى,Çokali
چولا,Çola
چوله,Çola
چول آباد,Çola/Çölabad
چول اباد,Çola/Çölabad
چوله اباد,Çola/Çöleabad
چوله آباد,Çola/Çöleabad
چوماق بازارى,Çomakpazarı
چونغراد,Çongrad
چونراد,Çongrad/Çonrad
چوراق,Çorak
چوراق دره,Çorakdere
چورلى,Çorlu
چورلو,Çorlu
جورلى,Çorlu
چورلى,Çorlu
نفس چورلى,Çorlu merkez
چورتقو,Çortkov
چوروخ,Çoruh
چوروم,Çorum
چورم,Çorum
چروم,Çorum
جورم,Çorum
چورملو و قره حصار,Çorum (Çorumlu) ve Karahisar
چوروم مع ساقز و قره حصارلئ تيمورلى و مهمادالسلام,Çorum maa Sakız ve Karahisarlı-i Timurlu ve Mihmadüsselam
چورملو,Çorum/Çorumlu
چوكندر,Çöğender
چوكه,Çöke
چوكه,Çöke
جوكه,Çöke
چوملك,Çömlek
چوپ,Çöp
عمر بك,Çöp/Ömerbey
چورگى,Çöreği
چوره كى,Çöreği
جوره كى,Çöreği
جوره,Çöreği/Cöre
چورمشك,Çörmüşek
چورموشاك اوزي,Çörmüşek/Çörmüşeközü
چرشنوه,Çreşneva
چبق,Çubuk
چبق اباد,Çubukabad
چبق آباد,Çubukabad
چبوق آباد,Çubukabad
چبوق اباد,Çubukabad
چيبق آباد,Çubukabad/Çıbıkabad
چبيق اباد,Çubukabad/Çıbıkabad
چبوق,Çubukabad/Çubuk
چبق,Çubukabad/Çubuk
چبوقلى,Çubuklu
چوقه,Çuka
چوقا,Çuka
اطۀ چوقه,Çuka/Ada-i Çuka
قلعۀ اطۀ چوقه,Çuka/Kale-i Ada-i Çuka
چقور,Çukur
چونقور,Çukur (?) (Çonkur)
چقور,Çukur/Çor
چقور آباد,Çukurabad
چقورجه,Çukurca
چقورجق,Çukurcak
چقور جاق,Çukurcak
جقورجاق,Çukurcak
چقورچاق,Çukurcak
چقورجه,Çukurcak/Çukurca
چقور اوغرمق,Çukuruğurmak
چقور اوغرمق,Çukuruğurmak
چقور,Çukuruğurmak/Çukur
چوقور,Çukuruğurmak/Çukur
چقور,Çukuruğurmak/Çukur
نواحئ چقور,Çukuruğurmak/Nevahi-i Çukur
نورشين,Çukuruğurmak/Norşin
چقور ويران,Çukurviran
چولندر,Çulender
چوللى,Çullu
چومره,Çumra
چورغوه,Çurgoh
چورى,Çuri
چوشلى,Çuşlu
چوواز,Çuvaz
چوينجى,Çuyinci
چونكش,Çüngüş
چونكوش,Çüngüş
چونگش,Çüngüş
جنكوش,Çüngüş
جونكش,Çüngüş
چوروك,Çürük
چورك,Çürük
چورك صو,Çürüksu
چوركصو,Çürüksu
دابرى,Dabri
دابري,Dabri
داده,Dada
طاطاى,Daday
طاطاى,Daday
نفس طاطاى,Daday merkez
پازار,Daday/Pazar
پازار محلى,Daday/Pazar mahalli
داديه,Dadya
طاطيه,Dadya
داچه,Dadya/Daça
رشاديه,Dadya/Marmaris Reşadiye
رشاديه,Dadya/Reşadiye
داديان,Dadyan
درديان,Dadyan/Derdyan
طاغ,Dağ
طاغ,Dağ
طاغ,Dağ
قره طاغ,Dağ/Karadağ
طاغ آردى,Dağardı
طاغ اردى,Dağardı
طاغ باشى,Dağbaşı
طاغ ايلى,Dağili
طاغستان جله برد,Dağistan-ı Çelaberd
طاغستان ديزاق,Dağistan-ı Dizak
طاغستان كنجه,Dağistan-ı Gence
طاغستان كنجه بصان,Dağistan-ı Gence/Dağıstan-ı Gencebasan
طاغستان انجه,Dağistan-ı İnce
طاغستان كورك,Dağistan-ı Kürek
طاغستان كورك بصان,Dağistan-ı Kürek/Dağıstan-ı Kürekbasan
طاغستان سنقور اباد,Dağistan-ı Sunkurabad
طاغستان شمكور,Dağistan-ı Şemkür
طاغستان زكم,Dağistan-ı Zegem
طاغ كنارى,Dağkenarı
طاغلى,Dağlı
طاغلو,Dağlı
طاغلو,Dağlı
طاغ مرمره,Dağmarmara
طاغ,Dağmarmara/Dağ
طاغ مرمره سى,Dağmarmara/Dağmarmarası
ضحى,Dahi
داخل مع سليمان,Dahil maa Süleyman
دَاخِلْ مع سُلَيْمَانْ,Dahil maa Süleyman
داخل,Dahil/Süleyman
ضهرة سقاره,Dahra-i Sekare
داخراب,Dahrab
داقوق,Dakuk
طاقوق,Dakuk
دقوق,Dakuk
داحوق كركوك,Dakuk (Dahuk ve) Kerkük
دهوك و كركوك,Dakuk (Dahuk) ve Kerkük
دقوق و كركوك,Dakuk ve Kerkük
داقوق,Dakuk/Tavuk
دال,Dal
دالاق,Dalak
دهالاق,Dalak/Dahalak
هلك,Dalak/Helek
ذلك,Dalak/Zelek
طالمه مع قره حايط,Dalama maa Karahayıt/Keçiler ve Bayramlı
طلمان,Dalaman
دالامان,Dalaman
دالمان,Dalaman
طلامان,Dalaman
طلمانى,Dalaman/Dalamani
طلامان,Dalaman/Pırnaz
پرناز,Dalaman/Pırnaz
طالمن,Dalaman/Pırnaz
دالليجه,Dallıca
داللوجه,Dallıca
دالمه,Dalma
دلماح,Dalma/Dalmah
دلمى,Dalma/Delmi
دالماجيا طاغلرى,Dalmaçya Dağları
داليان,Dalyan
داليان,Dalyan/Karaman
قره مان,Dalyan/Karaman
دامال,Damal
دامباسلر,Dambaslar
دامبازلر,Dambaslar/Dambazlar
دانا,Dana
وانه,Dana/Vana
دانده قبا,Dandakaba
دانيمارقه,Danimarka
دانشمند,Danişmend
دانشمندلو مع  كيكلر,Danişmend maa Geyikler
دانشمندلو,Danişmend/Danişmendli
دانشمندلو كبير,Danişmend/Danişmendli-yi Kebir
دانشمندلوى كبير,Danişmend/Danişmendli-yi Kebir
دانشمندلو,Danişmendli
دانشمندلى,Danişmendli
دانشمندلوى كبير,Danişmendli-yi Kebir
دانشمندلوى صغير,Danişmendli-yi Sagir
دانقى,Dankı
دانوفچه,Danofça
دانوفجه,Danofça
دانزيك,Danzik
دانزك,Danzik
دانزيق,Danzik
دارا,Dara
دارابى,Darabi
دارنده,Darende
درنده,Darende
نفس دارنده,Darende merkez
دارفور,Darfur
داريجه,Darıca
دارى دره,Darıdere
داريدره,Darıdere
دارى دره,Darıdere
دارى دره,Darıdere
نفس دارى دره,Darıdere merkez
طارو اوزى,Darıözü
طارى ويران,Darıviran
دارقوش,Darkuş
دارمابا,Darmaba
دارزاسيه,Darzasye
داس,Das
داسى,Das/Dasi
داسقاليا,Daskalya
واسقوليا,Daskalya/Vaskolya
داسقاليو,Daskalyo
واسقاليو,Daskalyo/Vaskalyo
داسقوليو,Daskolyo
داسنى,Dasni
داَسْنى,Dasni
داسني,Dasni
اسنى,Dasni/Asni
داسينى,Dasni/Dasini
داوات,Davat
نفس دوات,Davat merkez
طاوغانه,Davgana
طوغان بك,Davgana/Doğanbey
داود,Davud
داوده,Davuda
داودان,Davudan
داوديه,Davudiye
داودلر,Davudlar
داوودلر,Davudlar
داير,Dayir
ديرُوت,Dayrut
طازقيرى,Dazkırı
طازقيري,Dazkırı
طازقرى,Dazkırı
طاسقرى مع دانشمندلو كيكلر,Dazkırı (Daskırı) maa Danişmendli-yi Geyikler
بولادلى,Dazkırı/Boladlı
طازقير,Dazkırı/Dazkır
قوجه اولوق,Dazkırı/Kocaoluk
پولادلى,Dazkırı/Poladlı
داضلينه,Dazline
دبى,Debi
دبير,Debir
دبير مع كلادره,Debir maa Gladra
دبره,Debre
نفس دبره,Debre merkez
دبرئ بالاوزيرورقۀ بالاوزير,Debre-i (Debri-i) Bala ve Zir ve Raka-i Bala ve Zir
دبرۀ بالا,Debre-i Bala
دبره بالا,Debre-i Bala
نفس دبرۀ بالا,Debre-i Bala merkez
دبرۀ بالا و زير,Debre-i Bala ve Zir
دبرۀبالاوزيرورقه,Debre-i Bala ve Zir ve Raka
دبرۀ زير و بالا,Debre-i Bala ve Zir/Debre-i Zir ve Bala
دبرئ بالا,Debre-i Bala/Debri-i Bala
دبرى بالا,Debre-i Bala/Debri-yi Bala
يوقارو دبرى,Debre-i Bala/Yukarıdebri
دبرۀ زير,Debre-i Zir
دبرۀ زير,Debre-i Zir
دبره زير,Debre-i Zir
اشغى دبرى,Debre-i Zir/Aşağıdebri
دبرى زير,Debre-i Zir/Debri-i Zir
دبري زير,Debre-i Zir/Debri-yi Zir
دبرى,Debre/Debri
دبره چين,Debreçin
دبره جين,Debreçin
نفس دبره چين,Debreçin merkez
دوبره جين,Debreçin/Dobracin
دوبره چين,Debreçin/Dobraçin
دبرى,Debri
دبرى مع ناحيۀ رقۀ بالا و زير مع چرمنقه,Debri maa Nahiye-i Raka-i Bala ve Zir maa Çirmenika
دبرچه,Debriçe
دبريچه,Debriçe
دبريجه,Debriçe/Debrice
دبرجه,Debriçe/Debrice
دورجه,Debriçe/Devrice
دبرشته,Debrişte
دبريشته,Debrişte
دجه,Decce
دچانى,Deçani
دده آغاج,Dedeağaç
ده ده اغاج,Dedeağaç
ده ده آغاج,Dedeağaç
دده اغاج,Dedeağaç
ددك,Dedek
دوك,Dedek/Devek
دده قرقن,Dedekarkın
دده كوى,Dedeköy
دده لى,Dedeli
ده فوليزا,Defoliza
دفتران,Defteran
دغاره,Degara
دكرمان برونى,Değirmenburnu
دكرمنجك,Değirmencik
دكرمنجك,Değirmencik
دكرمن چايرى,Değirmençayırı
دكرمن دره,Değirmendere
دكرمن دره,Değirmendere
دكرمن دره سى,Değirmenderesi
دكرمنلك,Değirmenlik
دگرمنلك,Değirmenlik
دكرمنلك,Değirmenlik
دكرمانلك,Değirmenlik
دكرمنلك و سنطورين,Değirmenlik ve Santorin
دكرمنلك و مسنطورى,Değirmenlik ve Santorin (Mesantori)
دكرمنلك و صنطورى,Değirmenlik ve Santorin (Santori)
بيوك دكرمنلك,Değirmenlik/Büyükdeğirmenlik
دكرمنلك كبير,Değirmenlik/Değirmenlik-i Kebir
ميلو,Değirmenlik/Milo
دكرمنلك,Değirmenlik/Milo
دكرمن اوزى,Değirmenözü
دكرمان اوزى,Değirmenözü
دهلوم,Dehlum
دهلو,Dehlü
دهنة,Dehne
دقهليه,Dekahliye
دكّه,Dekke
ده قونيزا,Dekoniza
دقورى,Dekori
دلبوچچه,Delboçiçe
دلبوچيچه,Delboçiçe
لسقوجه,Delboçiçe/Leskofça
لسقوفچه,Delboçiçe/Leskofça
لسقوفجه,Delboçiçe/Leskofça
دلبوچيچه,Delboçiçe/Leskofça
بسقوفجه,Delboçiçe/Leskofça (Beskofça)
دلجه,Delca
دليجه,Delice
دلوجه اوزى,Deliceözü
دلى الياس,Deliilyas
دلكانى,Delikani
دليكانلو,Delikanlı
دلكانلو,Delikanlı
دلكانلى,Delikanlı
دليك طاش,Deliktaş
دليكطاش,Deliktaş
دليكلى طاش,Deliktaş/Deliklitaş
دليكلو طاش,Deliktaş/Deliklitaş
دربند دليكلو طاش,Deliktaş/Derbend-i Deliklitaş
دربند دلكلى طاش,Deliktaş/Derbend-i Deliklitaş
دلى اورمان,Deliorman
دلو اورمان,Deliorman
ديوانه اورمان و ايورانه,Deliorman (Divaneorman) ve İvrana
دلى اورمان مع طورنو,Deliorman maa Turnu
ديوانه اورخان,Deliorman/Divaneorhan
ديوانه اورمان,Deliorman/Divaneorman
دللى عباس,Delliabbas
ده لوس,Delos
دلوس,Delos
ده لوس,Delos
ديلور,Delos/Dilor
رنيأ,Delos/Renia
صغرجقلر,Delos/Sığırcıklar
دلتاوه,Deltave
دلويناكى,Delvinaki
دلوينه,Delvine
دلونه,Delvine
دلوينه مع ايدونات,Delvine maa Aydonat
دلوينه مع برغوز,Delvine maa Bergoz
دلوينه مع رزه و قوردلن و قروه لش,Delvine maa Reze ve Kurdelen ve Kurveleş
دلوينو,Delvine/Delvino
دماله,Demala
دمنحور,Demenhur
دمنهور,Demenhur
دَمَنْهُور,Demenhur
دَمَنْهور,Demenhur
تيمورجه ويرن,Demirceviran
دميرجى,Demirci
دمورجى,Demirci
دمرجى,Demirci
پراكندۀ تيمورجى,Demirci/Perakende-i Timurcu
شهر,Demirci/Şehir
تيمورجى,Demirci/Timurci
تيمورجئ بورلى,Demirci/Timurci-i Borlu
تيمورجى بورلى,Demirci/Timurci-i Borlu
تيمورجى,Demirci/Timurcu
تمورجى,Demirci/Timurcu
تيموجي حسنلو,Demircihasanlı
دميرجى قولى,Demircikolu
دمور جيلى,Demircili
تيمورجيلى و اقچه قيونلى,Demircili (Timurculu) ve Akçakoyunlu
دمورجى بازارى,Demircipazarı
تمورجى بازارى,Demircipazarı
دمورجى بازارى,Demircipazarı/Gluçaviçe
دمورجى بازارى,Demircipazarı/Gluhaviçe
بازار غلوچاويچه,Demircipazarı/Pazar-ı Gluçaviçe
دمورقپو,Demirkapı
تيمورقپو,Demirkapı
تيمور قپو,Demirkapı/Timurkapı
تيمورلر,Demirler/Timurlar
دميرلى,Demirli
تيمورطاش,Demirtaş
دمير طاش,Demirtaş
دمام,Demmam
دمره,Demre
ده موتو,Demuto
دنادى,Denadi
دكزلى,Denizli
دڭزلى,Denizli
دكيزلى,Denizli
نفس دكزلى,Denizli merkez
دگزلو,Denizli/Denizlü
لاذقيه,Denizli/Lazkiye
دڭزلى,Denizli/Lazkiye
لازقيه,Denizli/Lazkiye
طكوزلو,Denizli/Tonuzlu
طوكوزلو,Denizli/Tonuzlu
دكزاوبه,Denizoba
در,Der
در,Der
درعا,Dera
دراي اله كز و درو,Dera-yı Alagez ve Dero (?)
دراريان,Derariyan
درعيه,Deraye
درب,Derb
دربند,Derbend
دربند كبير,Derbend-i Kebir
دربند,Derbend-i Kebir/Derbend
دربند كبير,Derbend-i Kebir/Fakıderesi
دروند,Derbend/Dervend
دربساك,Derbisak
دربساك,Derbisak/Gündüzlü
درب الحوت,Derbülhut
درب الشط,Derbüşşat
دره,Dere
دره,Dere
درۀ ايواجق,Dere-i Ayvacık
ناحيت درۀ ايواجق,Dere-i Ayvacık/Nahiyet-i Dere-i Ayvacık
درۀ جديد,Dere-i Cedid
يكى دره كوى,Dere-i Cedid/Yenidereköy
نهر دره,Dere/Nehr-i Dere
دره الاكس,Derealakes
دره الاكز,Derealakes/Derealakez
درجكى,Derecki
درچقه,Derecki/Dereçka
دره ججك,Dereçiçek
دره چچك,Dereçiçek
دره ايلى,Dereili
دره ايل,Dereili/Dereil
دره لو,Dereli
دره لى,Dereli
دره لى,Dereli
دره نوركوت,Derenürgüt
دره صاغى,Deresağı
دره شاهبوز,Dereşahbuz
دره شام,Dereşam
دركله,Dergele
دركزين,Dergüzin
درى,Deri
درك,Derik
نفس ديرك,Derik (Dirik) merkez
ديرك,Derik/Dirik
ديريك,Derik/Dirik
ديريك,Derik/Dirik
درعيه,Deriye
دره كيش,Derkiş/Derekiş
دركيش,Derkiş/ed-Duraykiş
دركوش,Derkuş
درگوش,Derkuş/Derguş
ديركوش,Derkuş/Dirkuş
درنه,Derne
دَرْنَه,Derne
درنه مع درتك,Derne maa Dertenk (Dertek)
نفس درنه,Derne merkez
قلعۀ درنه,Derne/Kale-i Derne
درسم,Dersim
درسيم,Dersim
درسم مع خوزاث,Dersim maa Hozat
نفس خوزات,Dersim merkez/Hozat merkez
درسم,Dersim/Hozat
حوزات,Dersim/Hozat
خوزات,Dersim/Hozat
خوزان,Dersim/Hozat (Hozan)
درشيفى,Derşifi
درتنك,Dertenk
درتنك صاهره (؟),Dertenk-i Sahire (?)
درتنك  كلهر مندليجين,"Dertenk, Gülhur, Mendeli (Mendelicin)"
درونيك,Dervenik
دروونيك,Dervenik/Dervonik
قلعۀ درونيك,Dervenik/Kale-i Dervenik
درويش بالقانى,Derviş Balkanı
درياز,Deryaz
درزيلر,Derziler
درزيلى,Derziler/Derzili
درزين,Derzin
دسنه,Desne
دسنى,Desne/Desni
ده سو,Deso
ده زو,Deso/Dezo
دسپوتكى,Despotiki
دسپوديقو,Despotiki/Despodiko
دسپوتيق,Despotiki/Despotik
دسپوتيقو,Despotiki/Despotiko
اپسقوپى,Despotiki/Episkopi
اسپوتيقو,Despotiki/İspotiko
دستك,Destek
دشتكور,Deştigur
دواسله,Devasile
دواسر,Devasir
دوه جى,Deveci
دوه جر,Deveçer
دو جر,Deveçer
دوه چر,Deveçer
ده وه جر,Deveçer
دوه كچيدى,Devegeçidi
دوه لو,Develi
دوه لو,Develi
دوه لى,Develi
دوه لو,Develi/Everek
اوه رك,Develi/Everek
سعد آباد دوه لو,Develi/Sadabad Develi
ده ولن,Devlen
دولن,Devlen
دولت قلعه,Devletkale
دول,Devol
دول,Devol
دول كوهى,Devolkuhu
دَوْرِمَلِك,Devr-i Melik
دورِ ملك,Devr-i Melik
دورك,Devrek
حميديه,Devrek/Hamidiye
حميديه,Devrek/Hamidiye
نفس حميديه,Devrek/Hamidiye merkez
دوركانى,Devrekani
دوره كانى,Devrekani
دوره كاني و اياندون,Devrekani ve Ayandon
دوره كانى و كورۀ معموره,Devrekani ve İnebolu (Küre-i Mamure)
بازار دوره كانى,Devrekani/Pazar-ı Devrekani
دير,Deyr
دير و نشوه,Deyr ve Neşve
دير و رحبه,Deyr ve Rahbe
دير و رهبه,Deyr ve Rahbe
دير رهبه,Deyr ve Rahbe/Deyr-i Rahbe
دير رهبه,Deyr ve Rahbe/Deyr-Rahbe
دير رحبه,Deyr ve Rahbe/Deyr-Rahbe
دير و شرش,Deyr ve Şeriş
دير مقلوب,Deyr-i Maklub/Şiyobaysan
ديرسلمان,Deyr-i Selman
دير سلمان,Deyr-i Selman
دير شميل,Deyr-i Şumeyl
ديرزور,Deyr-i Zor
زور,Deyr-i Zor (Zor)/Deyr
نفس دير زور,Deyr-i Zor merkez
دير,Deyr-i Zor/Deyr
دوز,Deyr-i Zor/Duz
زور,Deyr-i Zor/Zor
دير فور,Deyrfur
دير الاحمر,Deyrulahmer
ديرالقمر,Deyrulkamer
دير القمر,Deyrulkamer
دير القمر قائممقاملغى,Deyrulkamer Kaymakamlığı
دير قمر,Deyrulkamer/Deyr-i Kamer
ديروت,Deyrut
دير ويرى,Deyrviri (?)
ديوزناو (؟),Deyuznav (?)
دينه,Deyyine
دانى,Deyyine/Dani
ديوينه,Deyyine/Divine
ديونيه,Deyyine/Divniye
ضِغاره,Dıgara
دلغوبرده,Dılgobırda
ديغورده,Dılgobırda/Dıgorda
دشقاط,Dışkat
ديشقاط,Dışkat
ديشقاطه,Dışkat/Dışkata
ديشلق,Dışlık
ديباكي,Dibaki
ديباكى,Dibaki
ديباكى قريه سى,Dibaki Karyesi
ديبان,Diban
دبيل,Dibil
دبيلعى,Dibil'i
دجله,Dicle
ديچمه,Diçme
ديچمه و كليس,Diçme ve Klis
ديدقوفچه,Didkofça
ديدوش,Didoş
دفنان,Difnan
ديفنان,Difnan
ديغور,Digor
دكنلو,Diğinli
ديكنلو,Diğinli
دكنلى,Diğinli
ديكنلو كماح,Diğinli/Diğinli-i Kemah
دكنلوى كماح,Diğinli/Diğinli-yi Kemah
دكرنصور,Diğrensor
ديكرنصور,Diğrensor
ديكرانصور,Diğrensor/Diğransor
دكرنصور كماح,Diğrensor/Diğrensor-ı Kemah
ده بالا,Dih-i Bala
ديشنج,Dih-i Şeyh/Dişenc
دهخوارقان,Dihharkan
دهحوارقان,Dihharkan
ديكيلى,Dikili
ديكلى,Dikili
دكلس,Diklis
ديل,Dil
دليجاب,Dilincat/Dilicab
ديليصوص,Dilisos
ديليصو,Dilisos/Diliso
دلتاوه,Diltava
ديمبوويچه,Dimboviçe
ديميوويچه,Dimboviçe/Dimyoviçe
ديم دره سى,Dimderesi
ديم,Dimderesi/Dim
ديمتوقه,Dimetoka
ديمه توقه,Dimetoka
ديمتوقه,Dimetoka
ديميناقى,Diminaki
ديمترى كونمه,Dimitrigonime
ديمتروفچه,Dimitrofça
ديمتروفجه,Dimitrofça
ديمترفچه,Dimitrofça
ديمترويجه,Dimitrofça/Dimitroviçe
ديمترويچه,Dimitrofça/Dimitroviçe
متروفچه,Dimitrofça/Mitrofça
مترفچه,Dimitrofça/Mitrofça
ديمورطه,Dimorta
ديم صويى,Dimsuyu
دمياط,Dimyat
دميات,Dimyat
دمياد مع رشيد,Dimyat (Dimyad) maa Reşid
دمياط مع رشيد,Dimyat maa Reşid
دمياط و رشيد,Dimyat ve Reşid
دمياد,Dimyat/Dimyad
ديناور,Dinaver
دينك,Dinek
دينك كسكون,Dinekkeskin
دڭك كسكين,Dinekkeskin
دكك كسكين,Dinekkeskin
دڭك كسكينى مع سنجانلو,Dinekkeskin (Denekkeskini) maa Sincanlı/Maden
كسكين,Dinekkeskin (Keskin)/Dinekmaden
دينك,Dinekkeskin/Dinek
دكك,Dinekkeskin/Dinek
ديكك كسكنى,Dinekkeskin/Dinekkeskini
ديكك كسكينى,Dinekkeskin/Dinekkeskini
ديكك كسكون,Dinekkeskin/Dinekkeskün
دنك معدن,Dinekkeskin/Dinekmaden
دنك معدنى,Dinekkeskin/Dinekmadeni
كسكين,Dinekkeskin/Keskin
كسكن,Dinekkeskin/Keskin
كسكون,Dinekkeskin/Keskin
كسكين,Dinekkeskin/Keskin
كسكين دكنك,Dinekkeskin/Keskin-i Dinek
دينحوراد,Dinhorad
دينلى,Dinli
ذينلى,Dinli/Zinli
دينوسه,Dinosa
استوره,Dinosa/İstora
دينوسيادس اطه لرى,Dinosyadis Adaları
ديونيساذى,Dinosyadis/Diyonisazi
دينسر,Dinser (Dinsez (?))
دينور,Dinver
ديپ چونغار,Dipçongar
ديب چونغار,Dipçongar/Dibçongar
ديب چونقار,Dipçongar/Dibçonkar
تيب چونغار,Dipçongar/Tibçongar
ديب قرپاس,Dipkarpas
ديب كرش,Dipkerş
ديبكرش,Dipkerş
ديپلى,Dipli
زفيره,Dipli/Zefira
ديپ پويراز,Dippoyraz
ديبسز كول,Dipsizgöl
ديب تارخان,Diptarhan
تب ترخان,Diptarhan/Tiptarhan
ديراغان,Diragan
ديرازنيا,Dirazniya
نفس ديرازنيا,Dirazniya merkez
ديراژنيه,Dirazniya/Dirajniya
ديره,Dire
ديرال,Dire/Diral
ريرال,Dire/Riral
ديركلى,Direkli
ديره كلى,Direkli
ديره تنيجه,Diretniçe
ديركنه,Dirgene
دركنه,Dirgine
ديركنه,Dirgine
درگنه مع سكز ديوان,Dirgine maa Sekizdivan
ديركول,Dirgül
ديرگول,Dirgül
دايركول,Dirgül/Dayirgöl
ديره كول,Dirgül/Diregöl
دريجان,Dirican
ديرجانلى,Dirican/Diricanlı
ديرممان,Dirmeman
ديرممكان,Dirmemikan
ديرميل,Dirmil
درنيش,Dirniş
ديرنيش,Dirniş
قلعۀ ديرنش,Dirniş/Kale-i Dirniş
قلعۀ ديرنيش,Dirniş/Kale-i Dirniş
واروش قلعۀ درنيش,Dirniş/Varoş-ı Kale-i Dirniş
واروش قلعۀ ديرنيش,Dirniş/Varoş-ı Kale-i Dirniş
ديرون,Diron
درة جرع,Dirret-i Cirra
ديسان,Disan
دعسان,Disan/Diasan
ديوان قوغا,Divan-ı Koğa
ديوانيه,Divaniye
ديوانيّه مع قبيلۀ خُزاعِل شاميّه,Divaniye maa Kabile-i Hazail ve Şamiye
ديوين,Divin
ديوله,Divle
ديوله مع قريش,Divle maa Kureyş
ديوريكى,Divriği
ديوركى,Divriği
ديوركي,Divriği
دوركى,Divriği
ديوريكي,Divriği
ديويركي و درنده,Divriği (Diviriği) ve Darende
ديوريكى مع اشدى,Divriği maa Nahiye-i Aşudi
ديوريگى مع نواحى,Divriği maa Nevahi
نفس ديوريكى,Divriği merkez
ديوركى و درنده,Divriği ve Darende
ديادين,Diyadin
ديادين,Diyadin
نفس ديادين,Diyadin merkez
دياقوه,Diyakova
قلعۀ دياقوه,Diyakova/Kale-i Diyakova
ياقوه,Diyakova/Yakova
دياله,Diyale
دياپاروس,Diyaparos
دياپاروس,Diyaparos/Dimitri
دياپورى,Diyaparos/Diyapori
سنت ديمترى,Diyaparos/Sentdimitri
دياپر,Diyapor
دياپونيا,Diyapor/Diyaponiya
دياربكر,Diyarbekir
ديار بكر,Diyarbekir
ديار بكْر,Diyarbekir
ديارْبكر,Diyarbekir
ديار بكر,Diyarbekir merkez
نفس دياربكر مع كيكى و تركمان,Diyarbekir merkez maa Gigi ve Türkmen
دياربكر,Diyarbekir/Diyarbakır
دياوته س,Diyavatas
ديزاق,Dizak
دزاق,Dizak
ديزآق,Dizak
ديزه جرود,Dizecrud
ديزي,Dizi
دزمار,Dizmar
دزى,Dizzi
ديزل,Dizzi/Dizel
دوبوقه,Doboka
دوبور,Dobor
دوبور,Dobor
دوبوى,Doboy
دبوى,Doboy
واروش دوبوى,Doboy/Varoş-ı Doboy
واروش قلعۀ دوبوي,Doboy/Varoş-ı Kale-i Doboy
دوبره,Dobra
دوبره نيوه,Dobraniva
دوبره وير,Dobravir
دوبريجه,Dobrice (?)
دوبريچان,Dobriçan
دبرچان,Dobriçan
دوبريجان,Dobriçan
دوبرى,Dobriçan/Dobri
دوبريچانى,Dobriçan/Dobriçani
دوبروغراد,Dobrograd
دوبريغراد,Dobrograd/Dobrigrad
دوبروقوكا,Dobrokuka
دوبروقوكاني,Dobrokuka/Dobrokukani
دوبروه,Dobrova
دوبروجه,Dobruca
دوبريجه,Dobruca/Dobrice
يمشنلى,Dobruca/Yemşenli
دوبروجه,Dobruca/Yemşenli
دوبرون,Dobrun
بازار دبرون,Dobrun/Pazar-ı Dobrun
واروش دوبرون,Dobrun/Varoş-ı Dobrun
واروش قلعۀ دوبرون,Dobrun/Varoş-ı Kale-i Dobrun
طودرغى,Dodurga
طودورغه,Dodurga
دودرغه,Dodurga
طودرغه,Dodurga
توطرغا,Dodurga/Todurga
تودرغه,Dodurga/Todurga
تودورغه,Dodurga/Todurga
طوغان بك,Doğanbey
دوغان بك,Doğanbey
ايپسيلى,Doğanbey/İpsili
طغانجيلر اوتلوغى,Doğancılarotluğu
طغان كچيدى,Doğangeçidi
طغان كچدى,Doğangeçidi
طوغان حصار,Doğanhisar
طوغنحصار,Doğanhisar
طوغانحصار,Doğanhisar
طوغانحصارى مع دربند ارغيد خانى,Doğanhisar (Doğanhisarı) maa Derbend-i  Argıdhanı
طوغان حصارى مع ازى خانى,Doğanhisar maa Argıdhanı/Doğanhisarı maa Azıhanı
طوغان حصار مع دربند قادين خانى,Doğanhisar maa Derbend-i Argıdhanı (Derbend-i Kadınhanı)
طوغنحصارى,Doğanhisar/Doğanhisarı
طغانحصارى,Doğanhisar/Doğanhisarı
طوغان حصارى,Doğanhisar/Doğanhisarı
طوغانحصارى,Doğanhisar/Doğanhisarı
طغان حصارى,Doğanhisar/Doğanhisarı
طوغان حصارى,Doğanhisarı
طغانجه,Doğanhisarı/Doğanca
طغان حصار,Doğanhisarı/Doğanhisar
طوغانكوى,Doğanköy
طوغله,Doğla
دوق,Dok
طقوزپاره كوي,Dokuzpareköy
طقوزپاره كوى,Dokuzpareköy
طولاب مير حسين,Dolab-ı Mir Hüseyin
دولاشدير,Dolaşdır
دولاوشته,Dolavişte
دولجى مع قرايوه,Dolci maa Krayova
دولچه,Dolçe
دولجه,Dolçe
دولچى,Dolçe/Dolçi
بازار دولچه,Dolçe/Pazar-ı Dolçe
دولنجي,Dolenci
دولغا اطه جغى,Dolga Adacığı
دولگه,Dolge
دوليجه,Dolice
دولنه دوبره كيور,Dolnadobragyör
دولنه دراچه ويچه,Dolnadraçeviçe
دولنه موراچه,Dolnamoraça
دولنه رودينه,Dolnarudine
دومانيج,Domaniç
دوما نيچ,Domaniç
طومانيج,Domaniç
طومانيج,Domaniç
طوماتجه,Domatca
دومبو,Dombo
دونبو,Dombo/Donbo
پارقان دومبو,Dombo/Parkan-ı Dombo
پارقان دونبو,Dombo/Parkan-ı Donbo
دومييقه,Dominika/Domiyka
دوموقلت,Domoklat
دوننماى همايون,Donanma-yı Hümayun
طوكدرمه,Dondurma
ضوران,Doran/Zoran
دورغه,Doroga
طوروغوى,Dorogoy
دوروق,Dorok
دورسنه,Dorosina
دوسنه,Dosene
دوسكى,Doski
دوسكى,Doski
دوستكى,Doski/Dostki
دوسپاط,Dospat
طويران,Doyran
طويران,Doyran
طويران كولي,Doyran (Doyrangölü)/Piskobiye/Polanine
طويران كولي,Doyran/Doyrangölü
كولى طويران,Doyran/Gölü Doyran
پولانيه,Doyran/Polanine (Polaniye)
دوبروكس,Döbrökes
دوبره كس,Döbrökes/Döbrekes
دبره كس,Döbrökes/Döbrekes
دوكر,Döğer
دوگر,Döğer
دوكر مع اغروس,Döğer maa Ağros
دوار,Döğer/Düvar
دوكرلو,Döğerli
دوكرلى,Döğerli
دوگرلى و اويوم آغاج,Döğerli ve Oyumağaç
دومكه,Dömeke
دومكى,Dömeke/Dömeki
دومنجه (؟),Dömenice (?)
دومنيك,Dömenik
دومه نيك,Dömenik
دومنك,Dömenik
دومنيك و نفس دومنك,Dömenik ve Dömenik merkez
دومنكه,Dömenik/Dömenike
دونك,Dömenik/Dönek
دومنوك,Dömenvik
دونكسه اباد,Dönekseabad
دونكللى,Döngelli
درت ديوان,Dörtdivan
درت ديوان,Dörtdivan (?)
درت يول,Dörtyol
دوشك خانه,Döşekhane
دوش قيا,Döşkaya
دوش قيا و تبريز ميشه سي و يدي حلب وقرض,Döşkaya ve Tebrizmişesi ve Yedikilise (Yedihaleb) ve Karz
دراج,Drac
دراج,Drac
دراچ,Drac
دراج,Drac
نفس دراج,Drac merkez
ديراج,Drac/Dırac
دراچ,Drac/Draç
دراج,Drac/Duraso
قلعۀ دراج,Drac/Kale-i Drac
دراچويچه,Draçeviçe
دراج,Draçeviçe/Drac
دراچوويچه,Draçeviçe/Draçoviçe
درغومشته,Dragomeşte
دراغونارا,Dragonara
دراغونه ره,Dragonara
دراغونره,Dragonara
دراغونه را اطه لرى,Dragonara Adaları
دره غونه را اطه لرى,Dragonara Adaları
دارغونار,Dragonara/Daragonar
دراغونا,Dragonara/Dragona
ديراغونار,Dragonara/Dragonar
دراغونار اطه لرى,Dragonara/Dragonar Adaları
دراغوناراطه لرى,Dragonara/Dragonar Adaları
زراغوناره,Dragonara/Zragonara
دراغونيزى,Dragonizi
بلاىه,Dragonizi (Blana (?))
دراغونيسى,Dragonizi/Dragonisi
دراقو,Dragonizi/Drako
دراقو اطه جغى,Dragonizi/Drako Adacığı
درغوس,Dragos
ديراغوش,Dragos/Dıragoş
درغوز,Dragos/Dragoz
دراغوتين,Dragotin
دراغوطين,Dragotin
ديراغوطين,Dragotin
ديراغوتين,Dragotin
دراژنچه,Drajniçe
درازنجه,Drajniçe/Drazniçe
دراقيه,Drakiya
درامه,Drama
ديرامه,Drama
نفس درامه,Drama merkez
درامتين,Drametin
دره متين,Drametin
درانه,Drana
دراته,Drana/Drata
ديرانوه,Dranova
ويرانوه,Dranova/Vranova
دراپانو,Drapano
دره پانو,Drapano
ده پانو,Drapano/Depano
دراپالو,Drapano/Drapalo
اوراق,Drapano/Orak
ذراپانو,Drapano/Zrapano
دراپى,Drapi
دراوه,Drava
ديراوه,Drava
دركل,Dregel
ديره كل,Dregel
ديره غل,Dregel/Dregal
درغل,Dregel/Dregal
دره منيك,Dremenik
دره نيچه,Dreniçe
دره نوفچه,Drenofça
ديره نوفچه,Drenofça
ديره نوفجه,Drenofça
درنوه,Drenova
دره پولى,Drepoli
دريما,Drima
درين,Drin
درم,Drin/Drim
درينا,Drin/Drina
درين كنارى,Drin/Drinkenarı
دواوان,Duavan
دُعَيْجى,Duayci
دُعَيْجى مع بور,Duayci maa Bur
دوب,Dub
ضبا,Duba/Zuba
دباره,Dubare
دوبيچه,Dubiçe
دوبجه,Dubiçe
دوبيجه,Dubiçe
دوبيچه,Dubiçe
دوبنيجه,Dubiçe/Dubniçe
قلعۀ دوبجه,Dubiçe/Kale-i Dubiçe
واروش قلعۀ دوبجه,Dubiçe/Varoş-ı Kale-i Dubiçe
دوبنيچه,Dubniçe
دوبنيجه,Dubniçe
دوبنجه,Dubniçe
دوبنيچه,Dubniçe
دوبنيجه مع جمعه,Dubniçe maa Cuma-i Bala (Cuma)
دوبنيجه مع جمعه پازارى,Dubniçe maa Cumapazarı
روسيجه,Dubniçe/Rusice
دوبوجاج,Duboçaç
دوبوچاج,Duboçaç
دوبوچاچ,Duboçaç
دوبوجاج عتيق,Duboçaç-ı Atik
دوبوچاچ عتيق,Duboçaç-ı Atik
دوبره وه,Dubrava
دوبراوه,Dubrava
دوبروه,Dubrava
دوبرونيك,Dubrovnik
دوبره ونديك,Dubrovnik/Dubra Venedik
دوبره ونيك,Dubrovnik/Dubravnik
بازار دوبرونيك,Dubrovnik/Pazar-ı Dubrovnik
واروش دوبرونيك,Dubrovnik/Varoş-ı Dubrovnik
واروش قلعۀ دوبرونيك,Dubrovnik/Varoş-ı Kale-i Dubrovnik
طوطى,Dudu
دودوللى,Dudullu
ضهره,Duhara
دوحارا اطه جقلرى,Duhara Adacıkları
دهراب,Duhrab
دحراب,Duhrab
زهراب,Duhrab/Zuhrab
ضوهره,Duhrab/Zuhre
دوخرات آبيد,Duhrat Abid
ضهرة عبيد,Duhrat Abid/Zuhrat Abid
دهوك,Duhuk
دهوك,Duhuk
دخوك,Duhuk
نفس دهوك,Duhuk merkez
دوبوك,Duhuk/Dubuk
دهول,Duhul
دوحول,Duhul
دوق,Duk
دوقه كين,Dukakin
دُوقه كين,Dukakin
دول,Dul
دوله,Dula
دول قران,Dulkıran
دول قران,Dulkıran
دو الجوران,Dulkıran/Dulcuran
دلخوران,Dulkıran/Dulhavran
دطوران,Dulkıran/Duturan
دوما,Duma
دوما,Duma
دوما,Duma/Cebel-i Kalemun
دومام,Dumam
دومينه,Dumine
دومنه,Dumine
دومنه مع نرتوم,Dumine maa Neretva (Nertum)
دوغنه,Dumine/Duğna
دورنان,Dumine/Durnan
ژوپانياچ,Dumine/Jupanyaç
دوملى,Dumlu
دوملى,Dumlu (?)
طوملوجه,Dumluca
طومليجه,Dumluca
دوموشتيجه,Dumoştiçe
دوموشتيچه,Dumoştiçe
دونغله,Dungula
دونغالا,Dungula/Dungala
دونيه,Dunye
طوراچلى,Duraçalı
طوراغان,Durağan
طوره غان,Durağan
طورغان,Durağan
دوره غان,Durağan
دور غان,Durağan
دروغان,Durağan/Durugan
پازار طوراغان,Durağan/Pazar-ı Durağan
دورق,Durak
دراما,Durama
دوردول,Durdul
دعرش,Duriş
دورس,Duriş/Duris
دورقة البحر,Durkatülbahr
درسه,Durse
دوشتيچه,Duştiçe
دوشتچه,Duştiçe
طوتلى,Dutlu
ضُوير,Duvayr
ضُوَيرْ,Duvayr
ضُويَرْ,Duvayr
دوزيق,Duzik
دُجيل,Düceyl
دجيل,Düceyl
دوكنجى ايلى,Düğüncüili
دوكوويران,Düğüviran
دليم,Düleym
دليم,Düleym
دَليم,Düleym
دَلِيم مع قلعة الرَّمادى,Düleym (Delim) maa Kaletürramadi
انبار,Düleym/Anbar
دَليم,Düleym/Delim
دومرك,Dümrek
دوندار,Dündar
دوندارلو,Dündarlı
دندارلو,Dündarlı
دوندارلو و بلغارلو,Dündarlı ve Bulgarlı
ديندارلوء كبير,Dündarlı/Dindarlı-i Kebir
ديندارلوى كبير,Dündarlı/Dindarlı-yı Kebir
دِينْدَارْلوى كبير,Dündarlı/Dindarlı-yı Kebir
ديندارلوى صغير,Dündarlı/Dindarlı-yı Sagir
دريب,Düreyb
دُرَيب ثلثِ عكّار,Düreyb [maa] Sülüs-i Akkar
دريب ثلث عكار,Düreyb [maa] Sülüs-i Akkar
درّ فرامان,Dürr-i Feraman
دوشنبه,Düşenbe
دوشنبه مع سكر,Düşenbe maa Senir
دشمن ايلى,Düşmanili
دويريج,Düveyric
طويريج,Düveyric
دورك,Düvrek
دوزجه,Düzce
قوكره پا,Düzce (Konrapa)/Düzcepazarı
دوزجه مع  اقچه شهر,Düzce maa Akçaşehir
دوزجه مع قوكرپا,Düzce maa Konrapa
قوكرپا مع اسكوبى,Düzce maa Üskübi/Konrapa maa Üskübi
قوكره پا مع اسكوبى,Düzce maa Üskübi/Konrapa maa Üskübi
نفس دوزجه,Düzce merkez
دوزجه بازار,Düzce/Düzcepazar
قوكرپا,Düzce/Konrapa
دوزجه,Düzce/Konrapa
قوكره پا,Düzce/Konrapa
قوكرپه,Düzce/Konrapa
دياقوپو,Dyakopo
دياپلو,Dyapolo
ديابلون,Dyapolo/Dyabolon
دياپلى,Dyapolo/Dyapoli
ابا الابياض,Eba el-Ebyaz
ابر,Eber
ابش,Ebeş
ابهر,Ebher
ابى الححا,Ebilhaha
ابرومان,Ebruman
ابو على,Ebuali
ابو عريش,Ebuariş
ابو عَرِيش,Ebuariş
ابو عريش,Ebuariş
نفس ابو عريش,Ebuariş merkez
ابو جوارير,Ebucevarir
جوارز,Ebucevarir/Cevariz
البو جوارير,Ebucevarir/Elbucevarir
ابو جِرْجَه مع بَهْنَسَا,Ebucirce maa Behnesa
ابو جِرْجَه مع بَهْنَسا,Ebucirce maa Behnesa
ابو فرح عميش,Ebuferah Amiş
ابو غربه,Ebugarbe
شط ابو غربه,Ebugarbe/Şatt-ı Ebugarbe
شطّ ابو غربه,Ebugarbiye/Şatt-ı Ebugarbe
ابو غريب,Ebugureyb
ابو قلقل,Ebukalkal
ابو كبير,Ebukebir
ابو كَلْتِك,Ebukeltik
ابو كمال,Ebukemal
البو كمال,Ebukemal/el-Bukemal
البو كمال,Ebukemal/Elbukemal
ابو قبيس,Ebukubeys
ابو لعد,Ebulad
ابو لاد,Ebulad
ابو لاد,Ebulad
ابوالحصيب,Ebulhasib
ابوالخصيب,Ebulhasib
ابوالخير,Ebulhayr
ابوالخير بوجاق,Ebulhayr/Ebulhayr-ı Bucak
ابوالحسر,Ebulhisar
بول هسر,Ebulhisar/Bulhiser
ابو القلوع,Ebulkalu
ابو مردفه,Ebumirdefe
ابو مورينا,Ebumurina
ابو مرنيع,Ebumurina/Ebumerini
ابو موسى,Ebumusa
بوموز,Ebumusa/Bumuz
ابن موسى,Ebumusa/İbn-i Musa
ابو مطاره,Ebumutara
ابو موتارا,Ebumutara
ابو ردوع,Eburadu
ابو روبا,Eburuba
ابو سعفه,Ebusafe
ابو صحين,Ebusahin
ابو سراى,Ebusaray
ابو شجر,Ebuşecer
ابو شد,Ebuşedd
ابو شوكه,Ebuşevke
ابو شوق قيالرى,Ebuşevke (Ebuşevk) Kayaları
ابو شوقر,Ebuşukar
ابو طاهر,Ebutahir
ابو تج,Ebutic
ابو نجه,Ebutic/Ebunece
اجه آباد,Eceabad
اجه آباد,Eceabad
آجه آباد,Eceabad
اجه اباد,Eceabad
أجه آباد,Eceabad
اجه اباد,Eceabad
اجه اباد,Eceabad
نفس اجه آباد,Eceabad merkez
اجه اباد و مايدوس,Eceabad ve Maydos
اجه اواسى,Eceabad/Eceovası
اجه اوآسى,Eceabad/Eceovası
اجى آباد,Eceabad/Eciabad
اجى اباد,Eceabad/Eciabad
اجمده,Ecmede
اوچ كليسا,Eçmiyazin/Üçkilise
ئه ده,Ede
اَدفو,Edfu
اَدْفُو مع اِبْرِم,Edfu maa İbrim
ادرنه,Edirne
ادرنه,Edirne
ادرنه,Edirne
ادرنه,Edirne
ادرنه مع  جسر مصطفى پاشا,Edirne maa Cisr-i Mustafapaşa
ادرنه مع قرق كليسا,Edirne maa Kırkkilise
ادرنه مع نواحى,Edirne maa Nevahi
نفس ادرنه,Edirne merkez
محروسۀ ادرنه,Edirne merkez/Mahruse-i Edirne
شهر ادرنه,Edirne merkez/Şehr-i Edirne
الحقات ادرنه,Edirne/İlhakat-ı Edirne
ميرميران,Edirne/Mirimiran
پاشا,Edirne/Paşa
ادرميد,Edremid
ادره ميد,Edremid
ادرميد,Edremid
نفس ادرميد,Edremid merkez
افاميه,Efamiye
افكره,Efkere
كسى,Efkere/Gesi
افلاق,Eflak
افلَاقْ,Eflak
ولايت افلاق,Eflak Vilayeti
افلاق بزرك,Eflak-ı Büzürk
افلاق بزرگ,Eflak-ı Büzürk/Eflak-ı Büzürg
افلاك كوچك,Eflak-ı Küçük
قره افلاق,Eflak-ı Küçük/Kara Eflak
افلاقان,Eflakan
افلاقان موصتار,Eflakan-ı Mostar
افلاقان روجه,Eflakan-ı Rofça/Eflakan-ı Rovce
افلاقان ولق ايلى,Eflakan-ı Vılkili
افلاقان زوبچه,Eflakan-ı Zubçe
افلاقلر,Eflaklar
افلانى,Eflani
افلانى بورلى,Eflani-i Borlu
افلانى,Eflani-i Borlu/Eflani
آفلانئ بولى,Eflani-i Borlu/Eflani-i Bolu
افلانئ بولى,Eflani-i Borlu/Eflani-i Bolu
افلانى بولى,Eflani-i Borlu/Eflani-i Bolu
آفلانئ طاطاى,Eflani-i Daday
افلانى طاطاى,Eflani-i Daday
افلانى,Eflani-i Daday/Eflani
افلانى مع طاطاى,Eflani-i Daday/Eflani maa Daday
اولانى,Eflani/Evlani
افسوس,Efsus
يارپوز,Efsus/Yarpuz
يارپوز,Efsus/Yarpuz
افتانا اطه جقلرى,Eftana Adacıkları
افتني,Efteni
افتنى,Efteni
آفتنه,Efteni/Aftene
اكه جك,Eğercik/Eğecik
اكرجلى,Eğercili
اكرسك,Eğersek
اكهازش بل,Eğihazeşbel
اكيل,Eğil
أكيل,Eğil
اگيل,Eğil
اَكِيلْ,Eğil
اكل,Eğil
نفس اكيل,Eğil merkez
اكين,Eğin
اگين,Eğin
اكين مع پشادى,Eğin maa Puşadı
كماليه,Eğin/Kemaliye
اكينه,Eğine
اكنه,Eğine
اكنه,Eğine
اژين,Eğine (Ejin)/Atina
اكينه,Eğine/Atina
اطنه,Eğine/Atina
اجينه,Eğine/Ecine
اكين,Eğine/Egin
اژين,Eğine/Ejin
اپكينه,Eğine/Epkine
اينه,Eğine/Eyne
اكردير,Eğirdir
اكردر,Eğirdir
اكيردر,Eğirdir
اگردر,Eğirdir
اكيردير,Eğirdir
اڭردر,Eğirdir
اكردير مع جزيرۀ نيس,Eğirdir maa Cezire-i Nis
نفس اكردير,Eğirdir merkez
اكدير,Eğirdir/Eğdir
اكيردور,Eğirdir/Eğirdür
اكدير,Eğirdir/İğdir
اكرى,Eğri
اكره مع سچان,Eğri maa Seçen/Eğre maa Seçan
نفس اكرى,Eğri merkez
اكري و حطوان,Eğri ve Hatvan
اكره,Eğri/Eğre
اكرى بجاق,Eğribucak
اكرى بوجاق,Eğribucak
اكرى بوجق,Eğribucak
اگرى بوجاق مع قوژانى,Eğribucak maa Kozana (Kojani)
اكرى بوجاق,Eğribucak/Kozana
اكرى طاغ,Eğridağ
اكرى دره,Eğridere
اكرى دره,Eğridere
نفس اكرى دره,Eğridere merkez
يايلا,Eğridere/Yayla
اكريكوز,Eğrigöz
اكرى كوز,Eğrigöz
اگرى كوز,Eğrigöz
اكرى كوز مع امد,Eğrigöz maa Emed
اكرى كوز مع قصبۀ امد,Eğrigöz maa Kasaba-i Emed
اكرى كوز و سماو,Eğrigöz ve Simav
اكرى دره,Eğrigöz/Eğridere
اكريكوز,Eğrigöz/Emed
امد,Eğrigöz/Emed
اگرى گوز,Eğrigöz/Emed
اكري قپو,Eğrikapı
اڭري قپو,Eğrikapı
اكريلر,Eğriler
اكرى اوغلى,Eğrioğlu
اكرى پلانقه,Eğripalanka
اكرى دره,Eğripalanka/Eğridere
اگرى دره,Eğripalanka/Eğridere
اكرى دره,Eğripalanka/Eğridere
اكرى دره,Eğripalanka/Eğridere/Bayrampaşakalesi
اكرى دره,Eğripalanka/Eğridere/Bayrampaşapalankası
اكرى دره پلنقه سى,Eğripalanka/Eğriderepalankası
پلنقه,Eğripalanka/Palanka
پلانقه,Eğripalanka/Palanka
پلنقۀ اكرى دره,Eğripalanka/Palanka-i Eğridere
اكريوار,Eğrivar
اكروار,Eğrivar
احد,Ehad
اكباز,Ekbaz
اكه جك,Ekecik
اكجك,Ekecik
ايه جك,Ekecik/Eyecik
اكنجك,Ekincik
اكراد,Ekrad
اكراد لك,Ekrad-ı Lek
اكراد و كليس,Ekrad/Ekrad ve Kilis
اكرادلك,Ekradlık
اكرادلك,Ekradlık/Çorumkürdü
اكرك,Ekrek
اكرنه,Ekrene
اكرتو,Ekretu (?)
اكرتو,Ekretu/Hemidbaru (?)
هميدبارو (؟),Ekretu/Hemidbaru (?)
اكسانوس,Eksanos
العبشيره,el-Abşire
العماير,el-Amayir
جزيرة العماير,el-Amayir/Ceziretülamayir
العرض,el-Araz
العين,el-Ayn
البوع,el-Bu
البدير,el-Budeyr
البدير,el-Budeyr/Şuha Meliha
البقيعه,el-Bukaya
البوثر,el-Buser
الجارم,el-Carim
الجريف,el-Cerif
الجنينا,el-Cüneyna
جنر,el-Cüneyna/Cener
الفيحاء,el-Feyha
الفيحا,el-Feyha
الفزيه,el-Fezaye
الفزايه,el-Fezaye
الغشا,el-Gaşa
الحوار,el-Havar
الحوار و دوحة,el-Havar ve Davha
الحاواز,el-Havar/el-Havaz
الحله,el-Hille
القصر شمير,el-Kasru Şemir
القصر ام الامير,el-Kasru Ümmilemir
القرايين,el-Kurayin
المناظ,el-Minaz
الازيرج,el-Uzeyric
الازبريج,el-Uzeyric
الازمرج,el-Uzeyric
الازبرج,el-Uzeyric
الازيريج,el-Uzeyric
بنى اسد,el-Uzeyric/Beniesed
الازبرج,el-Uzeyric/el-Ezbiric
الواحات,el-Vahat
الواح,el-Vahat/Elvah
الوجه,el-Vech
الوسيم,el-Vesim
الوسيم اسكله سى,el-Vesim/el-Vesimiskelesi
الافونيزى,Elafonizi
الافو نيزى,Elafonizi
دلافوغ,Elafonizi/Dalafuğ
الافونيسى,Elafonizi/Elafonisi
اَلْبَه,Elbe
البستان,Elbistan
البستان مع افسوس,Elbistan maa Efsus
البجه,Elebce
الفتار,Eleftar
الوثرا,Eleftar/Elosra
له فته ويده,Eleftar/Leftevide
النه,Elene
اَلَنَه,Elene
پله,Elene/Pele
ئه له ئوس,Eleos
القوصى,Eleos/Elekosi
الوس,Eleos/Elos
فنار,Eleos/Fener
ليوز فنار,Eleos/Liyozfener
الشكرد,Eleşkird
الشكرد,Eleşkird
آلشگرد,Eleşkird (Aleşgird)/Toprakkale
نفس الشكرد,Eleşkird merkez
الاژكرد,Eleşkird/Alajgird
طوپراق قلعه,Eleşkird/Toprakkale
الفين,Elfin
الى اشتر,Elieşter
اليكه,Elige
اليزا,Eliza
الاصا,Eliza/Elasa
الاسسا,Eliza/Elassa
پلاسه,Eliza/Plasa
الكريملو خاس,Elkerimlühas
الما طاغى,Elma
الماجق,Elmacık
الما طاغى,Elmadağı
الما,Elmadağı/Elma
المالو,Elmalı
آلمالو,Elmalı
المالى,Elmalı
المالي,Elmalı
المه لو,Elmalı
نفس المالو,Elmalı merkez
المالو و پير عزيز,Elmalı ve Piraziz
آلمالو,Elmalı/Almalı
الما,Elmalı/Elma
المالى دره,Elmalıdere
الملو,Elmalıdere/Elmalı
المالى,Elmalıdere/Elmalı
المدين,Elmedin
الوس,Elos
الوسس,Eloses
الوان چلبى,Elvançelebi
الوانلى,Elvanlı
الوانلو,Elvanlı
الوانلى و قالكلو,Elvanlı ve Kalınlı
الويۀ ثلثه,Elviye-i Selase
اماليپوليس,Emalipolis
امينه بالقانى,Emine Balkanı
امير,Emir
امير طاغى,Emirdağı
عزيزيه,Emirdağı/Aziziye
جبل امير,Emirdağı/Cebel-i Emir
موصليجه,Emirdağı/Musluca
امرلر,Emirler
اميرلر,Emirler
امير سعيد,Emirsaid
املا,Emla
املاك,Emlak
ديوان املاك,Emlak/Divan-ı Emlak
امرود آباد,Emrudabad
امرود اباد,Emrudabad
آرمود اووا,Emrudabad/Armudova
امرود ايلى,Emrudabad/Emrudili
كومچ,Emrudabad/Gömeç
الناحشا,en-Nahşa
النحوه,en-Nahve
النفارى,en-Nefari
انچتى,Ençiti
اندرون بار,Enderun-ı Bar
اندرون قلعۀ قمنيچه,Enderun-ı Kale-i Kameniçe
اندرون قلعۀ  مژي بوژى,Enderun-ı Kale-i Mejiboji
اندرون يازلوفچه,Enderun-ı Yazlofça
اَندرسْ,Endiris
آندرس,Endiris/Anderis
اندريش,Endiris/Endiriş
اندريك,Endrik
واروش اندريك,Endrik/Varoş-ı Endrik
اندلس,Endülüs
انفه,Enfe
انكيس,Engis
انكوجك,Engücek
انهم,Enhem
انزل,Enzel
اپانو,Epano
اپانو مريه,Epano/Epanomarye
الرياض,er-Riyad
ارامل,Eramil
اربعه,Erbaa
اربعه,Erbaa
اربعه,Erbaa/Herek
هرك,Erbaa/Herek
اربعه,Erbaa/Herek
اراك,Erbaa/İrek
ايرك,Erbaa/İrek
ايراك,Erbaa/İrek
صونيسا و ايراك و طاش آباد و قره يقه,Erbaa/Sonisa ve İrek ve Taşabad ve Karayaka
ازنيق,Erbea/İrik (İznik)
اربيل,Erbil
اربل,Erbil
اربل مع تلعفر,Erbil maa Telafer
سلطانيه,Erbil Sultaniye/Sultaniye
سلتانيه,Erbil Sultaniye/Sultaniye
اوريل,Erbil/Avril
ارجيش,Erciş
آرجيش,Erciş
اَرْجيش,Erciş
ارجش,Erciş
ارجيش حيدرانلى عشيرتى,Erciş Haydaranlı Aşireti
اكانس,Erciş/Ağanis
ارجياس,Erciyes
ارچار,Erçar
ارچك,Erçek
ارجك,Erçek/Ercek
ارچل,Erçel
ارجل,Erçel/Ercel
ارجيل,Erçel/Ercil
اردبيل,Erdebil
اردك,Erdek
اَرْدَكْ,Erdek
اردك مع قپو طاغى,Erdek maa Kapudağı
نفس اردك,Erdek merkez
اردك و قپو طاغى,Erdek ve Kapudağı
اردل,Erdel
اردل ولايتي,Erdel Vilayeti
اردلان,Erdelan
اردود,Erdud
اردوت,Erdud/Erdut
ارج,Erec
اركلى,Ereğli
نفس اركلى,Ereğli merkez
اركلئ آق دكز,Ereğli-i Akdeniz
اركلى,Ereğli/Akgöl
ارن كوى,Erenköy
ارنكوى,Erenköy
ارنكوي,Erenköy
عيدكيرمز,Erenköy/İtgirmez
ارش,Ereş
ارغنى,Ergani
ارغني,Ergani
اَرْغنى,Ergani
ارغنى مع حساران,Ergani maa Hasaran
ارغنى مع  كبان معدنى,Ergani maa Kebanmadeni
ارغنى مع قواجيلر سرملى حضران,"Ergani maa Kovacılar Sürmeli, Hasaran (Hazaran)"
ارغنى مع ناحيۀ خساران,Ergani maa Nahiye-i Hasaran
ارغنى مع نواحى و حضران,Ergani maa Nevahi ve Hasaran (Hazaran)
نفس ارغنى,Ergani merkez
عثمانيه,Ergani/Osmaniye
ارغنى معدنى,Erganimadeni
نفس ارغنى معدنى,Erganimadeni merkez
نفس معدن,Erganimadeni merkez/Maden merkez
معادن,Erganimadeni/Maadin
معادن همايون,Erganimadeni/Maadin-i Hümayun
معدن,Erganimadeni/Maden
معدن,Erganimadeni/Maden
معدن ارغنى,Erganimadeni/Maden-i Ergani
معدن همايون,Erganimadeni/Maden-i Hümayun
اركه,Erge
ارحب,Erhab
بلاد ارحب,Erhab/Bilad-i Erhab
ارحمى,Erhami
اريحا,Eriha
اريحه / اريحا,Eriha
اريحه,Eriha
آريحا,Eriha/Ariha
ريحا,Eriha/Riha
ريحه,Eriha/Riha
اركلي,Erikli
اركلى,Erikli
اريمونيسوس,Erimonisos
ارينيا,Eriniya
آرينى,Eriniya/Arini
اريسوس,Erisos
اركنك,Erkenek
اركلت,Erkilet
اركنس,Erkinis
اركنيس,Erkinis
ارمناك,Ermenek
ارمناك مع نواحى,Ermenek maa Nevahi
نفس ارمناك,Ermenek merkez
آرمناك,Ermenek/Armanak
ايرمناك,Ermenek/İrmenek
ارمنيك,Ermenik
ارملك,Ermenik/Ermelik
ايرمنيك,Ermenik/İrmenik
ارمنى كوى,Ermeniköy
ارمني بازاري,Ermenipazarı
ارمني,Ermenipazarı/Ermeni
ارمنى,Ermenipazarı/Ermeni
پازارجق,Ermenipazarı/Pazarcık
بازارجق,Ermenipazarı/Pazarcık
ارمنيه,Ermeniye
ارميشه,Ermişe
آق ميشه,Ermişe/Akmişe
ارنيج,Erniç
اره نج,Erniç/Ereniç
ارسك,Ersek
هرسقه,Ersek/Herseka
ارسيس,Ersis
ارشوشين,Erşuşin
ارطاش,Ertaş
ار طوشيان,Ertuşiyan Aşireti
اروه,Eruh
اروه,Eruh
نفس اروه,Eruh merkez
آروچ,Eruh/Aruç
ده,Eruh/Dih
ارزن,Erzen
ارزين,Erzin
ارزنجان,Erzincan
ارزنجان مع قورى چاى وكرجانس,Erzincan maa Kuruçay ve Gercanis
ارزنجان مع قوزاى ارزنجان,Erzincan maa Kuzeyerzincan
ارزنجان مع قوزاى ارزنجان,Erzincan maa Kuzeyerzincan
ارزنجان مع قوزاى,Erzincan maa Kuzeyerzincan/Erzincan maa Kuzey
نفس ارزنجان,Erzincan merkez
ارزينه,Erzine
ارزنه,Erzine
ارضروم,Erzurum
ارض روم,Erzurum
اَرضْ رُومْ,Erzurum
نفس ارضروم,Erzurum merkez
نفس ارض روم,Erzurum merkez
ارضروم اووه جق,Erzurum Ovacık
اووه,Erzurum Ovacık/Ova
اوه,Erzurum Ovacık/Ova
اووه,Erzurum Ovacık/Ova
اووه جق,Erzurum Ovacık/Ovacık
اواجق,Erzurum Ovacık/Ovacık
اوواجق,Erzurum Ovacık/Ovacık
ارض روم و بايبورد و كماخ,Erzurum ve Bayburd ve Kemah
ارزن الروم,Erzurum/Erzenürrum
ارض روم اباد,Erzurum/Erzurumabad
ارضروم اوه سى,Erzurum/Erzurumovası
اسابعِ كربه,Esabi-i Kerbe
اسبوب,Esbub
اسد اباد,Esedabad
اسداباد,Esedabad
اسفاتى,Esfati
اسكره,Eskere
اسكى,Eski
اسكئ بالا,Eski-i Bala
اسكى بوقه اطه لرى,Eskibuka Adaları
اسكى جمعه,Eskicuma
جمعه,Eskicuma/Cuma
جمعۀ عتيق,Eskicuma/Cuma-i Atik
جمعۀ عتيق,Eskicuma/Cuma-i Atik
جمعه بازارى,Eskicuma/Cumapazarı
خيره بولى,Eskicuma/Hayrabolu
اسكدير,Eskidir
اسكى غرانبوسه,Eskigranbusa
اغرياغرابوزا,Eskigranbusa/Agriya Grabuza
اغريا غرانبوسه,Eskigranbusa/Agriya Granbusa
اغرياقرابوزا,Eskigranbusa/Agriya Krabuza
غرانبوزه,Eskigranbusa/Granbuza
اسكى حصار,Eskihisar
اسكيحصار,Eskihisar
اسكى ايل,Eskiil
اسكي ايل,Eskiil
اسكى ايل مع آقچه شهر و دربند خوطن,Eskiil maa Akçaşehir ve Derbend-i Hotamış (Derbend-i Hotan)
اسكيشهرمع اقشهر,Eskiil maa Akçaşehir/Eskişehir maa Akşehir
اسكيشهر مع يكى ايل,Eskiil maa Akçaşehir/Eskişehir maa Yeniil
اسكى ايل مع قريش اوزى,Eskiil maa Kureyşözü
اسكى كلى,Eskikili
اسكى كيلى,Eskikili/İsmail
اسكى قوچكرى,Eskikoçgiri
قوجكيرى,Eskikoçgiri/Koçgiri
قوچكوپرى,Eskikoçgiri/Koçgiri (Koçköprü)
قاواليور,Eskimekri/Kavaliyor
قاداليوز,Eskimekri/Kavaliyor (Kadalyoz)
مكرى,Eskimekri/Mekri
اسكى منداروس,Eskimendaros
اسكى مندروس,Eskimenderos
اسكى منده روس,Eskimenderos
اسكى موصل,Eskimusul
اسكي موصل,Eskimusul
اسكى موصل مع حسن كيف,Eskimusul maa Hısn-ı Keyf
اسكى ناغوريچ,Eskinagoriç
اسكى پاره,Eskipara
اسكى پولوس,Eskipolos
اسكى سوده,Eskisuda
ماناتى اطه جغى,Eskisuda/Manati Adacığı
اسكيشهر,Eskişehir
اسكى شهر,Eskişehir
اسكيشهرمع قره جه شهر,Eskişehir maa Karacaşehir
اسكى شهر مع قرجه شهر,Eskişehir maa Karacaşehir
نفس اسكيشهر,Eskişehir merkez
اسقلاونيه,Esklavonya
اسله مز,Eslemez
اسمر,Esmer
اسنه,Esne
اسپيه,Espiye
اسرك,Esrik
استرغون,Estergon
استورغون,Estergon
اوسترغون,Estergon
استرغون,Estergon
اُوستُرغُونْ,Estergon/Ostorgon
استورغون,Estergon/Ostorgon
اُسْتُرغُونْ,Estergon/Ostorgon
اوستورغون,Estergon/Ostorgon
اوستروغون,Estergon/Ostorogon
اوستروغون,Estergon/Ostorogon
الشبوك,eş-Şubuk
اشك,Eşek
اشك,Eşek
غودارو,Eşek (Godaro)/Fener
غايدارو,Eşek/Gaydaro
غايدورنيسى,Eşek/Gaydoranisi
غايدورونيسي,Eşek/Gaydoronisi
غايدرونيسي,Eşek/Gaydoronisi
غودارو,Eşek/Godaro
كوچك,Eşek/Küçük/Godaro
اشكلر,Eşekler!
اشن,Eşen
أشن,Eşen
اشن,Eşen/Döğer
اشمه,Eşme
اشمه,Eşme
اشمه مع اناى,Eşme maa İnay
اشمه مع سلندى و انار و سركه,Eşme maa Selendi ve Enar (İnay) ve Sirge
نفس اشمه,Eşme merkez
اشرف,Eşref
اشرفى اطه لرى,Eşrefi Adaları
اطراف شهر,Etraf-ı Şehir
اطرافشهر,Etraf-ı Şehir
اطراف شهري مدلّلى,Etraf-ı Şehr-i Midilli
اتراكيۀ بزرك,Etrakiye-i Büzürk
اتره (؟),Etre (?)
اترپول,Etrepol
اتره پول,Etrepol
اتره بول,Etrepol
اتروپول,Etrepol
اتره بولى,Etrepol/Etrebolu
اتره بولى,Etrepol/Etrepoli
پولى,Etrepoli/Poli
اوجله,Evcile
اوجله,Evcile
اوجله و جالو,Evcile ve Calu
اُوجَلَه و جالُو,Evcile ve Calu/Evcele ve Calu
اُوجَلَه,Evcile/Ucele
اوجيلر,Evciler
اوديم,Evdim
اودم,Evdim
اوديم,Evdim
اودِيمْ,Evdim
اوديمو,Evdim/Evdimo
اوه رك,Everek
اوقاف,Evkaf
اوقاف,Evkaf
اولادِ محمود,Evlad-ı Mahmud
اورنجك,Evrencik
اورن دره سى,Evrenderesi
اورنيه,Evrenye
اورانيه,Evrenye
اوره شه,Evreşe
اورشه,Evreşe
آوْرَشه,Evreşe
اودرشه,Evreşe/Evderşe
اورشه أيلى,Evreşe/Evreşeili
اورشل,Evreşe/Evreşil
اوره شه,Evreşe/Kavak
اورى,Evri
ادرى,Evri/Edri
اوريه اونيس,Evriyeonis
جوان,Evriyeonis/Civan
يهودى,Evriyeonis/Yahudi
ايمير,Eymir
ايمر,Eymir
اينه سيل,Eynesil
ايوب ايلى,Eyübili
ايّوب ايلى,Eyübili
ايوب,Eyübili/Eyüb
ايوان,Eyvan
ابى ايوب انصارى,Eyyüb-i Ensari/Ebi Eyyüb-i Ensari
ايّوب,Eyyüb-i Ensari/Eyyüb
خاصهاء استانبول,Eyyüb-i Ensari/Hasha-i İstanbul
خواص رفيعه,Eyyüb-i Ensari/Havass-ı Refia
الظفير,Ez-Zafir
الضهاير,ez-Zahayir
ديرقال,ez-Zahayir/Dirkal
ازبيدر,Ezbider
ازبدر,Ezbider
ازبدر بالا,Ezbider/Ezbider-i Bala
ازينه,Ezine
اذينه,Ezine
ازينۀ قاز طاغى,Ezine (Ezine-i Kazdağı)/İnepazarı
اينه,Ezine (İne)/Ezinepazarı
نفس اذينه,Ezine merkez
اينه اباد,Ezine-i Ayasluğ (Ayasluğ)/İneabad
اذينه,Ezine-i Ayasluğ/Ezine
اينه آباد,Ezine-i Ayasluğ/İneabad
اينه باد,Ezine-i Ayasluğ/İneabad
اينه اباد,Ezine-i Ayasluğ/İneabad
اَيْنه باد,Ezine-i Ayasluğ/İneabad (Eyneabad)
آينه آباد,Ezine-i Ayasluğ/İneabad (Eyneabad)
اَيْنه آباد,Ezine-i Ayasluğ/İneabad (Eyneabad)
ازينۀ قاز طاغى,Ezine/Ezine-i Kazdağı
ازينۀ قازطاغى,Ezine/Ezine-i Kazdağı
ازينه بازارى,Ezine/Ezinepazarı
اذينه,Ezine/Ezinepazarı
اينه جك,Ezine/İnecik
اينه بازارى,Ezine/İnepazarı
اذينه,Ezine/İnepazarı
اذينه,Ezine/Kazdağı
ازينه,Ezine/Kazdağpazarı
ازنه بازارى,Ezinepazarı
ازينه بازارى,Ezinepazarı
اذينه پازارى,Ezinepazarı
ازينه پازارى,Ezinepazarı
اذينه بازارى,Ezinepazarı
ازينه پازار,Ezinepazarı/Ezinepazar
ازينه بازار,Ezinepazarı/Ezinepazar
زينه,Ezinepazarı/Zine
ازنارد,Eznard
ازرع,Ezra
ازرع,Ezra
فاجت,Facet
فحران,Fahran
فقاز,Fakaz
فقه,Fakih
فاكيه,Fakiye
فاكيه,Fakiye
فالچي مع هوش,Falçi maa Huş
فالقونرا,Falkonera
فاقونيزه,Falkonera/Fakonize
فلاقونرا,Falkonera/Falakonera
قالقونارا,Falkonera/Kalkonara
قالقونرا,Falkonera/Kalkonera
پوليقور,Falkonera/Polikor
فالوجه,Faluce
قالوغه,Faluce/Kaluga
فالوه,Falva
فانى,Fani
فانو,Fano
قانو,Fano/Kano
فراغونيس,Faragonis
قراغونيس,Faragonis/Karagonis
فونديقونيس,Fare/Fondikonis
پتاليده,Fare/Patalide
پونديقونسى,Fare/Pondikonisi
پونديقونيسى,Fare/Pondikonisi
پنديقونيزى,Fare/Pondikonizi
پونتقونيزى,Fare/Pontikonizi
فارسى,Farisi
فارسكه,Fariske
فاس,Fas
فسول,Fasul (?)
فاش,Faş
فاشه,Faş/Faşe
پوطى,Faş/Poti
پوتى,Faş/Poti
فاشر,Faşir
فشط,Faşt
فاتر,Fatir
فاتسه,Fatsa
فاتسه مع صاتلمش,Fatsa maa Satılmış
فاتسه و سركش و كش دره سى و ميدان,Fatsa ve Serkis (Serkeş) ve Keşderesi ve Meydan
اسكلۀ فاتسه,Fatsa/İskele-i Fatsa
صاتلمش,Fatsa/Satılmış
صاتلمش مزيد بك,Fatsa/Satılmış-ı Mezidbey
فاو,Fav
فاوانيانا,Favanyana
فكورنيك,Fegivernik
فهرطو,Feherto
فكه,Feke
فكه,Feke
نفس فكه,Feke merkez
فلجه تين,Felcetin
فلكه,Felege
فلمنك ولايتي,Felemenk Vilayeti
فلنبل,Felenbel
فلانبل,Felenbel/Felanbel
فلوجه,Felluce
فلناق,Felnak
فل نميت,Felnemit
فلشوح,Felşöç (Felşöh (?))
ملشوحه,Felşöç (Melşoha (?))
فلشمارت,Felşömart
فلشمارته,Felşömart/Felşömarta
فلشو صولنق,Felşösolnok
فلتوت,Feltot/Tutniçe
توتنچه,Feltot/Tutniçe
فناريس,Fenaris
فنارس,Fenaris
فنارس مع افراز,Fenaris maa İfraz
فنارى مع افراز فنارى,Fenaris maa İfraz-ı Fenaris/Fenari maa İfraz-ı Fenari
فنار,Fener
فنار مع  پارغه,Fener maa Parga
فنار و قرديجه,Fener ve Kardiçe
فنارلك,Fenerlik
فنارليك,Fenerlik/Kaştel
فنغارى,Fengari
فنك,Fenk
فنوقس پنائييا,Fenokas Panayiya
فرافر,Ferafer
اور,Ferahkirman/Or
فرار,Ferar
فرار,Ferar
فرسان,Ferasan
فرسان,Ferasan
فرسان كبير,Ferasan-ı Kebir
فرسان صغير,Ferasan-ı Sagir
فارسان,Ferasan/Farasan
فراوار,Feravar
فره جك,Ferecik
فَره جِك,Ferecik
فرموده,Fermude
فرموده و ابو الخير مع  بوجاق,Fermude ve Ebulhayr maa Bucak
مرفوده,Fermude/Merfude
فراقين,Ferrakin
فرح,Ferruh
فرشوط,Ferşut
فَرْشُوطْ,Ferşut
فرتك,Fertek
فرور,Ferur
فسلكه,Fesleğe
فسلكى,Fesleğe/Fesleki
فسلكه,Fesleke
فسلكان,Feslikan
فسلكا و كرمه,Feslikan (Fesleka) ve Gereme
فسلكان كره م,Feslikan/Feslikan-ı Kerem
فسلكان كرم,Feslikan/Feslikan-ı Kerem
فساطو,Fessatu
فَساطو,Fessatu
فسطو,Fessatu
فشنه,Feşne
فَشْنَه,Feşne
مشت,Feşne/Meşt
فشت ام جناح,Feşt-i Ümm-i Cinah
فشت العديد,Feştüladid
فتح اسلام,Feth-i İslam
فتح الاسلام,Feth-i İslam (Fethulislam)/Kladova
فتح الاسلام,Feth-i İslam/Fethulislam
فتح الاسلام,Feth-i İslam/Fethulislam
واروش فتح الاسلام,Feth-i İslam/Varoş-ı Fethulislam
فتحيه,Fethiye
فتحيۀ طرّۀ جزاير,Fethiye/Fethiye-i Turra-i Cezayir
قلعۀ فتحيّه,Fethiye/Kale-i Fethiye
مگرى,Fethiye/Meğri
فتحيه,Fethiye/Mekri
مكرى,Fethiye/Mekri
نفس مكرى,Fethiye/Mekri merkez
طرّۀ جزاير,Fethiye/Turra-i Cezayir
طرۀ جزاير,Fethiye/Turra-i Cezayir
فوق الطّريق,Fevkattarik
فيلك,Feylek
فائلقا,Feylek/Faileka
فلج,Feylek/Felec
فليقه,Feylek/Filika
فيلم,Feylem
فيوم,Feyyum
فَيُّوم,Feyyum
فيّوم,Feyyum
فَيُومِيّه,Feyyum/Feyyumiye
فيوميه,Feyyum/Feyyumiye
فَيُّومِيه,Feyyum/Feyyumiye
فندقلى,Fındıklı
فرات,Fırat
فراتيه,Fıratiye
فرقى,Fırkı
فرنس,Fırnıs
فرنيس,Fırnıs
جغلغان,Fırnıs/Çağlağan
فرنوز,Fırnıs/Fırnoz
قارنوس,Fırnıs/Karnos
قارنوس,Fırnıs/Karnos
فرط,Fırt
فرت,Fırt
فرط,Fırt
فرط مع شامى,Fırt maa Şami
فرط مع شاملى,Fırt maa Şami/Fırt maa Şamlı
فرط مع شامى,Fırt maa Şami/Susığırlık
فرط مع شامى,Fırt maa Şami/Susığırlık
فرط,Fırt/Susığırlık
صو صغيرلق,Fırt/Susığırlık
فيدوز,Fidoz
فيدوزا,Fidoz/Fidoza
فكله,Fiğle
فكله,Fikle
فكله مع اوسكودر,Fikle maa Üsküdar
فيلات,Filat
فلات,Filat
فيليات,Filat/Filyat
فله,File
فالقود,File/Falkod
فالقوندى,File/Falkondi
فلك,Filek
فيلك,Filek
فلبه,Filibe
فلبه,Filibe
فلبه,Filibe
فلبه مع ناحيۀ كوپسى,Filibe maa Nahiye-i Küpsi
فلبه مع نواحى,Filibe maa Nevahi
نواحى مع  فلبه,Filibe maa Nevahi/Nevahi maa Filibe
نفس فلبه مع نواحى,Filibe merkez maa Nevahi
فلنه,Filibe/Filine
فليقور,Filikor
فليپ,Filip
فليب,Filip/Filib
فليپين اطه لرى,Filipin Adaları
فليپ ويل,Filipvil
فيلنوس,Filnos
فيلوس,Filnos/Filos
فلوميئا,Filomia
فيليوس,Filyos
فلياس,Filyos/Filyas
فيمناكى,Fiminaki
فندك,Findik
فنديك,Findik
فنيكه,Finike
فينكه,Finike
فنكه,Finike
فِنِكَه,Finike
فنكه مع اكدير و قارديج,Finike maa İğdir ve Kardiç
فنكه و اكردير و قارديچ,Finike ve İğdir (Eğirdir) ve Kardiç
فينقوس,Finikos
فينيقوس,Finikos
فردنه,Firdena
فره,Fire
فريزويك,Firizovik
فيرزويك,Firizovik
فيروزبك,Firizovik/Firuzbey
فيروز,Firuz
فيروزلى,Firuzlu
فسيرك,Fisirik
فسرك,Fisirik
فسريك,Fisirik
فيتنى,Fitena
فير,Fiyer
فير,Fiyer
فيه رى,Fiyer/Fiyeri
فزان,Fizan
فيزان,Fizan
نفس فزان,Fizan merkez
فَزَان,Fizan/Fezan
فلوردين,Flordin
فيلورينه,Florina
فلورينه,Florina
فلورنه,Florina
نفس فيلورينه,Florina merkez
فيلورينه,Florina/Filorina
فوچه,Foça
فوجه,Foça
فوچه مع الوغ,Foça maa Ulog
فوجه مع الوغ,Foça maa Ulog
فوچه مع وينوغان,Foça maa Voynugan
فوچۀ عتيق,Foça-i Atik
فوچه عتيق,Foça-i Atik
قلعۀ قريجه فوچه,Foça-i Atik/Kale-i Karıcafoça
قرره جه فوچه,Foça-i Atik/Karacafoça
قره فوچه,Foça-i Atik/Karafoça
قريجه فوچه,Foça-i Atik/Karıcafoça
فوچۀ جديد,Foça-i Cedid
فوچه جديد,Foça-i Cedid
قلعۀ يكيجه فوچه,Foça-i Cedid/Kale-i Yenicefoça
يكيجه فوچه,Foça-i Cedid/Yenicefoça
دره پانو,Foça/Drapano
دراپانو,Foça/Drapano
اوراق,Foça/Orak
بازار فوچه,Foça/Pazar-ı Foça
واروش فوچه,Foça/Varoş-ı Foça
فوچتين,Foçateyn
فوچه تين,Foçateyn
فوجتين,Foçateyn
فوجتين,Foçateyn
نفس فوچه تين,Foçateyn merkez
فوچۀ عتيق و جديد,Foçateyn/Foça-i Atik ve Cedid
فوچه لر,Foçateyn/Foçalar
فوكارد,Fogarad
فوقونس,Fokonis
فوكونيسى,Fokonis/Fokonisi
قوكينيس,Fokonis/Kokinis
قوكنيس,Fokonis/Kokinis
فول,Fol
بيوك ليمان,Fol/Büyükliman
فول دره سى,Fol/Folderesi
فونيا,Foniya
فونيه,Foniya
فونود,Fonod
فورمنترا,Formentera
فورميقا,Formiçe/Formika
فورميچه,Formiçe/Formikula
قورميچا,Formiçe/Kormiça
فورور,Forur
فوطه,Fota
فاطه,Fota/Fata
كوكجن,Fota/Gökçen
فوتيانيسى اطه جغى,Fotiyanisi Adacığı
فوون,Foven
فوينيچه,Foyniçe
فوينچه,Foyniçe
قونيچه,Foyniçe/Koniçe
بازار فوينيجه,Foyniçe/Pazar-ı Foyniçe
بازار فوينچه,Foyniçe/Pazar-ı Foyniçe
بازار قونچه,Foyniçe/Pazar-ı Foyniçe (Koniçe)
فودوار,Födvar
فراغوستين,Fragostin
فراغوستن,Fragostin
فراغوستى,Fragostin/Fragosti
فرانچه ولايتي,Françe Vilayeti
فرانقونيس,Frankonis
قراغونيس,Frankonis/Fragonis
فرانقونيسى,Frankonis/Frankonisi
فرانقونيزى,Frankonis/Frankonizi
فرانسز,Fransız
فراشارى,Fraşari
فرشارى,Fraşari
فراشر,Fraşari/Fraşer
فرنك حصارى,Frenkhisarı
فرنك حصارى,Frenkhisarı
فرنك حصار,Frenkhisarı/Frenkhisar
فرنك قستلى,Frenkkasteli
فوباس,Fubas
فُوباس,Fubas
فرمة عده,Furme Udde
فورنى طاقم اطه لرى,Furni Takımadaları
فورنيس,Furnis
فوشتان,Fuştan
فطيسه,Futayse
فتوح,Fütuh
فتوح بني رجال,Fütuh/Fütuh-ı Benirical
فوه,Füve
فُوه,Füve
ربض و قليعه,Füveyrisat/Rabaz u Kuleya
غباغب,Gabagıb
غباغب,Gabagıb
غبله,Gabele
غابله,Gabele
غبله,Gabele
غابس,Gabis
قابس,Gabis/Kabis
قابص,Gabis/Kabis
قابز,Gabis/Kabiz
قابضه,Gabis/Kabiza
غبروه,Gabrova
غَبْرُوَه,Gabrova
غابرووه,Gabrova
غاچه,Gaça
غاجه,Gaça
اجى يوركى,Gaça/Acıyorgi
غاچقه,Gaçka
غاجقه,Gaçka
غاچقو,Gaçka/Gaçko
غدامس,Gadamis
غَدَامِس,Gadamis
غَدامُس,Gadamis/Gadamus
غدوه,Gadduva
غَدْوه,Gadduva
غادارو,Gadoro
غفرياد,Gaferyad
غفرياد,Gaferyad/Mahmudlar
غاغرى,Gagri
غاغارى,Gagri/Gagari
غلطه,Galata
غلاطه,Galata
غلاط,Galata/Galat
محميۀ غلطه,Galata/Mahmiye-i Galata
غالغوفجه,Galgofça
غالغوفچه,Galgofça
غالقوفجه,Galgofça/Galkofça
غليته,Galite
جالته,Galite/Calite
غاليت,Galite/Galit
غامد,Gamid
غماس,Gammas
غنم,Ganem
غانوس,Ganos
غانوز,Ganos/Ganoz
غنوز,Ganos/Ganoz
غرژغال,Garajgal
كرژغال,Garajgal
غريژغال,Garajgal/Garijgal
غارن (؟),Garan (?)
غرارو,Gararo
غرازو,Garazo
غرب,Garb
غرب جانبى عربانى,Garb Canibi Urbanı
غرب و عمركان,Garb ve Ömerkan
غرب اقصى,Garb-ı Aksa
غرب اعلا,Garb-ı Ala
غرب جنوبى,Garb-ı Ala/Garb-ı Cenubi
غرب ابي عسي,Garb-ı Ebi İsa
غرب فوقانى,Garb-ı Fevkani
غرب ميون,Garb-ı Miyun
غرب شمالى,Garb-ı Şimali
غرب تحتانى,Garb-ı Tahtani
غربه و رحبه,Garbe ve Rahbe
غربئ امد,Garbi-i Amid
غرب,Garbi-i Amid/Garb
غرب,Garbi-i Amid/Garb
غاربين,Garbin
غربيه,Garbiye
غَرٌبِيّه,Garbiye
غريبه,Garbiye/Garibe
غارديجقو,Gardiçko
غارديك,Gardik
غره,Gare
غزه,Gare/Gaze
غرغر,Gargar
كارنى,Garni
غراف,Garraf
غرّاف,Garraf
غراق و رسله و صافيه,Garraf (Garrak) ve Resle ve Safiye
غراف و رسله و صافيه,Garraf (Garrak) ve Resle ve Safiye
غراق,Garraf/Garrak
غريان,Garyan
غُرْيان,Garyan
غرزان,Garzan
غرزان,Garzan
غرزان مع حصن كيف,Garzan maa Hısn-ı Keyf
نفس غرزان,Garzan merkez
خرزان,Garzan/Harzan
غاسقا,Gaska
خاسقا,Gaska/Haska
غسطون,Gastun
غات,Gat
غطايى,Gatayi
غاواليانى,Gavalyani
غاواثى,Gavasi
غواثى,Gavasi
غاندوروالى,Gavasi/Gandorovali
غواتى,Gavasi/Gavati
غاودو,Gavdo
غاودو,Gavdo/Avlis
غاودوس,Gavdo/Gavdos
غورا,Gavdo/Gavra
غوتذو,Gavdo/Gavtzo
غاوذو,Gavdo/Gavzo
غاوذوس,Gavdo/Gavzos
غوچو,Gavdo/Goço
غاودوپلو,Gavdopulo
غاودوپولو,Gavdopulo
انديغوچو,Gavdopulo/Andigoço
كاودول,Gavdul
قاورسپاثا,Gavorsipasa
غور,Gavr
كاوروان,Gavrevan
غاوريون,Gavriyon
غادارو,Gaydaro
غايدارو,Gaydaro
اشك,Gaydaro/Eşek
غايدارونيسى,Gaydaro/Gaydaronisi
غايدورا,Gaydaro/Gaydora
غايذارو,Gaydaro/Gayzaro
خايدارونيمى,Gaydaro/Haydaronimi
غايدارونيس,Gaydaronis
غايدارونيسى,Gaydaronisi
غايذارونيسى,Gaydaronisi/Gayzaronisi
غايدرونيزى,Gaydaronizi
قدرينه,Gaydaronizi/Kadarine
قايدرو,Gaydaronizi/Kaydaro
غايذارو,Gayzaro
غازى كرمان,Gazikirman
غازيلر اوا جغى,Gazilerovacığı
غازورونيس,Gazoronis
غازورونيسى,Gazoronis/Gazoronisi
غزه,Gazze
غزّه,Gazze
غزه مع خانِ يونس,Gazze maa Hanyunus
غزّه و رمله,Gazze ve Remle
عزه ورمله ومجدل,Gazze ve Remle ve Mecdel
غزه و رمله و مجدل,Gazze ve Remle ve Mecdel
غزه ورمله ومجدل,Gazze ve Remle ve Mecdel
غزيه آل قشعم (؟),Gazziye/Gazziye-i Al-i Kaşam (?)
كبه مه,Gebeme
كبمه,Gebeme
كبامه,Gebeme
كبان,Geben
كبن,Geben
كبيز,Gebiz
كبز,Gebiz
كچكه,Geçge
كجكه,Geçge
كچوان,Geçvan
كجوان,Geçvan
كيچوان,Geçvan/Giçvan
كدك,Gedik
كدكچبوق,Gedik-i Çubuk
كدك چبق,Gedik-i Çubuk
گدكجبك,Gedik-i Çubuk
كدكچبق,Gedik-i Çubuk
كدكجيق,Gedik-i Çubuk
كدك جبيق,Gedik-i Çubuk/Gedik-i Çıbık
كديك اباد,Gedik-i Çubuk/Gedikabad
كدوك,Gedik/Gedük
كديز,Gediz
كدوس مع قصبۀ شبخانه,Gediz (Gedüs) maa kasaba-ı Şabhane
گدوس مع قصبۀ شبخانه,Gediz (Gedüs) maa Kasaba-i Şabhane
كدوس مع مضافات,Gediz (Gedüs) maa Muzafat
كدوس مع مضافات,Gediz (Gedüs) maa Müzafat
نفس كدوس,Gediz (Gedüs) merkez
كيدوس مع قصبۀ شبخانه,Gediz (Gidos) maa kasaba-i Şabhane
كيدوس و شابخانه,Gediz (Gidos) ve Şabhane
كدوس,Gediz/Gedüs
گدوس,Gediz/Gedüs
كدوز,Gediz/Gedüz
كديز,Gediz/Serabad
كدوس,Gedüs
ككبوزه,Gekboze
گگبوزه,Gekboze
ككبويزه و يوروس,Gekboze (Gekbovize) ve Yoros
ككبوزه مع طاش كوپرى,Gekboze maa Taşköprü
كبزه,Gekboze/Gebze
ككبويزه,Gekboze/Gekbovize
ككيبوزه,Gekboze/Gekiboze
كلدكلان,Geldiklan
كلدكلان,Geldiklan
گلدكلان,Geldiklan
نفس كلدكلان,Geldiklan merkez
اباد,Geldiklan/Abad
كلدكون,Geldiklan/Geldiğün
كلدكلان اباد,Geldiklan/Geldiklanabad
قوزاى,Geldiklan/Kuzey
قوزى,Geldiklan/Kuzey
ظره,Geldiklan/Zara
زاره,Geldiklan/Zara
زارى,Geldiklan/Zarı
كلنبه,Gelenbe
كله نبه,Gelenbe
باش كلمبه,Gelenbe/Başgelembe
باش كلمبه,Gelenbe/Başgelenbe
باش گلنبه,Gelenbe/Başgelenbe
كلمبه,Gelenbe/Gelembe
كلنجك,Gelencik
كلندوس,Gelendos
كلانكرن,Gelengeren (?)
كليبولى,Gelibolu
گليبولى,Gelibolu
گليبولى,Gelibolu
كليبولي,Gelibolu
كليبولي,Gelibolu
كليبولى مع نواحئ بولاير,Gelibolu maa  nevahi-i Bolayır
كليبولى مع اجه اباد و قصبۀ سد البحر و كليد البحر,Gelibolu maa Eceabad ve Kasaba-i Seddülbahir ve Kilidülbahir
كليبولى مع نواحى,Gelibolu maa Nevahi
كليبولى مع نواحئ بولاير,Gelibolu maa nevahi-i Bolayır
نفس كليبولى,Gelibolu merkez
كليكوزان,Geligüzan
گلناغاج مع قصروق مع كردخبر,Gelinağaç ve Kasruk maa Kirdhaber
كلنكراس,Gelingiras
گلنكراس,Gelingiras
كلكيراس,Gelingiras/Geligiras
كلكراس,Gelingiras/Geligiras
كليكراس,Gelingiras/Geligiras
كلنكراز,Gelingiras/Gelinkiraz
كليوره,Gelivera
كمرك,Gemerek
كميلى,Gemili
كمليك,Gemlik
كمليك,Gemlik
كمليك و مدانيه,Gemlik ve Mudanya
كنجه,Gence
كنجه قره باغ,Gence/Gence-i Karabağ
قلعۀ كنجه,Gence/Kale-i Gence
كنجه بصان,Gencebasan
كنجه لى,Genceli
كنجلى,Genceli
نفس كنجه لى,Genceli merkez
كنج,Genç
كنج,Genç
نفس كنج,Genç merkez
كنجه,Genç/Gence
كنجه,Genç/Gence
كيخ,Genç/Kih
كرجانس,Gercanis
كرجانيس,Gercanis
گرجانس,Gercanis
كرجانس مع  كماح,Gercanis maa Kemah
نفس كرجانيس,Gercanis merkez
كرجانيس كماح,Gercanis/Gercanis-i Kemah
كرجانش,Gercanis/Gercaniş
رفاهيه,Gercanis/Refahiye
كرجوش,Gercüş
كردى,Gerdi
كردى [مع] هريكى,Gerdi [maa] Heriki
كردى مع  هريكى,Gerdi maa Heriki
كردى هريكى,Gerdi maa Heriki
كردى هريلى,Gerdi maa Heriki/Gerdiherili
كرديك,Gerdik
كرده,Gerede
كره ده,Gerede
گرده,Gerede
نفس كره ده,Gerede merkez
كره ده لى,Geredeli
كرمه,Gereme
گرمه,Gereme
كرانس,Gerenis
كيرانس,Gerenis
كركيس,Gerenis
كيركز,Gerenis/Gireniz
كرانش,Gerenis/Kiraniş
كرانيش,Gerenis/Kiraniş
كيره كز,Gerenis/Kireniz
كركر,Gerger
گرگر,Gerger
كركر و كاخته,Gerger ve Kahta
كركر صمصاد,Gerger/Gerger-i Samsad
گرينه,Gerine
كرينه بولكه سى,Gerine bölgesi
بلكۀ گرينه,Gerine/Bölge-i Gerine
كزنده,Gerine/Gezende
كريش,Geriş
كريز يقاسى,Gerizyakası
كرمات,Germat
كرمه,Germe
كرمنجك,Germencik
كرميلى,Germili
كرمتر,Germiter
كرميان,Germiyan
كرموجك,Germücek
كريه,Gerye
كرزه,Gerze
كرزه و سراى,Gerze ve Saray
كرزه,Gerze/Kasaba
قصبه,Gerze/Kasaba
كوار,Gevar
كوار,Gevar
گور,Gevar
كور,Gevar
ديزه,Gevar/Dize
ديزه,Gevar/Dize
كوارسليم,Gevarselim
كوار,Gevarselim/Gevar
كواش,Gevaş
كواش,Gevaş
كواش,Gevaş
كواش رشاديه,Gevaş Reşadiye
رشاديه,Gevaş Reşadiye/Reşadiye
كويج,Gevaş!/Geviç
واسطان,Gevaş/Vastan
واسطان,Gevaş/Vastan
وسطان,Gevaş/Vastan
وستان,Gevaş/Vastan
كونلو,Gevenli
كَوَانْلُو,Gevenli
كوانلو,Gevenli/Gevanlu
كوزيد,Gevezid
كوه زيد,Gevezid
كوه زيد و معادن اربعه مع  قره حصار شرقى,Gevezid ve Maadin-i Erbaa maa Karahisar-ı Şarki
دوز كوزيد,Gevezid/Düzgevezid
كاوزيد,Gevezid/Gavezid
صيرت كوزيد,Gevezid/Sırtgevezid
كوكيلى,Gevgili
كوكيلى,Gevgili
نفس كوكيلى,Gevgili merkez
كيكل عشيرتى,Geygil Aşireti
كيكل و مودانلى جماعتلرى,Geygil ve Modanlı Cemaatleri (?)
كيك,Geyik
كيكلر,Geyikler
گيكلر,Geyikler
كيكلر,Geyikler/Dinar
دينار,Geyikler/Dinar
كيكلى,Geyikli
كييكلى,Geyikli
كيره,Geyre
كيوه,Geyve
گَيْوه,Geyve
گيوه,Geyve
گَيْوَه,Geyve
كيوه,Geyve
كيوه مع اق حصار,Geyve maa Akhisar
نفس كيوه,Geyve merkez
كزه مع زپره نه,Geze (?) maa Zeprene (?)
كزين,Gezin
غفاره (؟),Gıfara (?)
غرباوه,Gırbava
غرباوچه,Gırbavçe
غربلان,Gırbelan
غربلان,Gırbelan
غرغروفچه,Gırgorofça
غرغوروفچه,Gırgorofça
غرغورفچه,Gırgorofça
غورغورفجه,Gırgorofça/Gorgorofça
قرغورفچه,Gırgorofça/Kırgorafça
كچكلى,Gicikli
گيل,Gil (?)
كيلان,Gilan
كيلان,Gilan
گيلان,Gilan
گِيلان,Gilan
كلان,Gilan
كيلان مع  نوه برده,Gilan maa Novabırda
نفس كيلان,Gilan merkez
كيلاني,Gilan/Gilani
كيلان,Gilan/Gölhan
كيلان,Gilan/Morava
كلنديره,Gilindire
كلنديره,Gilindire
كلندره,Gilindire
كيموش,Gimoş
كنارس,Ginares
كندهرك,Gindehrek
كينولى,Ginolu
كنولى,Ginolu
كنولو,Ginolu
كين اوغلو,Ginolu/Ginoğlu
كراى,Giray
كيره جك,Girecik
كره كوسك,Giregösek
كيره كوز,Giregöz
كيره كوز,Giregöz
كوكدره,Giregöz/Gökdere
كره كى,Gireği
كركى,Gireği
كيركى,Gireği
كره كى و التون طاش,Gireği ve  Altıntaş
كرم,Girem
كره سون,Giresun
كيره سون,Giresun
گيره سون,Giresun
كراسون,Giresun/Girasun
كيره سين,Giresun/Giresin
كره سن,Giresun/Giresin
قلعۀ كراسون,Giresun/Kale-i Giresun
قره سى كره سون,Giresun/Karesi Giresun
كريد,Girid
كريد,Girid
كريد,Girid
گِرِيد,Girid
گريد,Girid
كيرد,Girid
كرد,Girid
گريد,Girid
جزيرۀ كريد,Girid/Cezire-i Girid
جزيرۀ كريد,Girid/Cezire-i Girid
كريت,Girid/Girit
كرنكير,Giringir
كرمكى,Girmeği
بوجاق,Girmeği/Bucak
كرمگى,Girmeği/Bucak
بوجاق كرملى,Girmeği/Bucak Girmeli
كرمگي نام ديكر  بوجاق مع نواحئ ميللو و قره حَوْض,Girmeği/Bucak maa nevahi-i Milli ve Karahavz
بوردور بوجاق,Girmeği/Burdur Bucak
كرنه,Girne
چرينه,Girne/Çerine
كرينه,Girne/Gerine
گَرِينَه,Girne/Gerine
گرينه,Girne/Gerine
كرينيه,Girne/Gireniye
كيرنيه,Girne/Gireniye
كرنيه,Girne/Gireniye
كِرَنيه,Girne/Gireniye
كرينه,Girne/Girine
كلادره,Gladra
غلامه,Glama
غلاما,Glama
غلاموج,Glamoç
غلاموچ,Glamoç
غلارو,Glaro
كلارو,Glaro
غلارو,Glaro
قلارو,Glaro/Klaro
غلارونيسى,Glaronisi
غلارونيسى,Glaronisi
غلاسينچه,Glasinçe
غلاواش,Glavaş
غلوغوفچه,Glogofça
غلوغوسقه,Glogoska
غلوسا,Glosa
غنوينانجه,Gnoynaniçe
غبان,Gobban
غبّان,Gobban
قپان,Gobban/Kapan
قبان,Gobban/Kobban
قپان,Gobban/Koppan
غودارو,Godaro
غودوميليه,Godomilye
غولاق,Golak
غولاق بالا,Golak-ı Bala
غولاق زير,Golak-ı Zir
غولو,Golo
كولو فونوس,Golofonos
غلوس,Golos
غلُوصْ,Golos
غلوس مع ارغلاستى,Golos maa Argalasti
غلوس مع ارغلاستى,Golos maa Argalasti
قولوز,Golos/Koloz
غولباره,Golubara
كومنيجه,Gomaniçe
غنجه ايدين,Goncaaydın
غونچه آيدين مع صارى شيخ,Goncaaydın maa Sarışeyh
غنجه لر,Goncaaydın/Goncalar
كونيه,Goniya
گونيه,Goniya
كونيه مع باطوم,Goniya maa Batum
كُونْيَه,Goniya/Gonya
قونيه,Goniya/Koniya
غوره,Gora
غوراژده,Gorajde
غورژده,Gorajde
بازار غوراژده,Gorajde/Pazar-ı Gorajde
بازار غوراژده,Gorajde/Pazar-ı Gorajde
واروش غوراژده,Gorajde/Varoş-ı Gorajde
غوره مه,Gorama
كوران,Goran
غورانجه,Gorance
غورچى,Gorçi
غورغشفجه,Gorgoşofça
غورغوسفچه,Gorgoşofça/Gurgusefçe
كوري,Gori
كورى,Gori
غوريچه,Goriçe
غوريشده,Gorişde
كورنه دراچه ويچه,Gornadraçeviçe
كورنه قلوقه,Gornaklovka/Baniçe-i Cedid (?)
كورنه قيرايشته,Gornakrayişte
قرايشته,Gornakrayişte/Krayişte
كورنه موراچه,Gornamoraça
كورنه اوبرافچه,Gornaobrafça
كورنه رودينه,Gornarudine
غوريان,Goryan
غوستنچقه,Gostençka
غوستنجقه,Gostençka
غوسنجقه,Gostençka/Gosnecka
غوستنجه,Gostençka/Gostence
غوستيل,Gostil
غوستل,Gostil
غستوار,Gostivar
غوشمانچه,Goşmaniçe
كواور,Govavar
كويان,Goyan
غويساليچه,Goysaliçe
غوساليچه,Goysaliçe/Gosaliçe
كوبكويران,Göbekviran
كوبك ويران,Göbekviran
كوين (؟),Göben (Göyen (?))
كوجك,Göcek
كوچاريد,Göçarid
كوچى,Göçi
كوجئ كبير,Göçi (Göçi-i Kebir)/Fasıllar
كوچئ كبير,Göçi (Göçi-i Kebir)/Fasıllar
گوجيان,Göçi (Göçiyan)/Fasıllar
كوچى,Göçi/Fasıllar
كوچئ كبير,Göçi/Göçi-i Kebir
كوجئ كبير,Göçi/Göçi-i Kebir
كوجى كبير,Göçi/Göçi-i Kebir
كوجئ كبير,Göçi/Göçi-yi Kebir
كودنه,Gödene
كوده يوزى,Gödeyüzü
كوك آباد,Gökabad
گوك آباد,Gökabad
كوك اباد,Gökabad
كول آباد,Gökabad/Gölabad
كول اباد,Gökabad/Gölabad
كوكچه,Gökçe
كوكجه,Gökçe
كوكجه اغاج,Gökçeağaç
كوكچه آغاج,Gökçeağaç
گوكچه آغاج,Gökçeağaç
كوكچه اغاج,Gökçeağaç
كوكجه طاغ,Gökçeağaç/Gökcedağ
كوكجه طاغ,Gökçedağ
گوكجه طاغ,Gökçedağ
كوكچه دكز,Gökçedeniz
سوانقه,Gökçedeniz/Sevanka
گوكچه لو,Gökçeli
كوكچه لو,Gökçeli
كوكچه لى,Gökçeli
كوكجه لو,Gökçeli
كوكجه لو و الوانلو و قالكلو,Gökçeli ve Elvanlı ve Kalınlı
كوكچه,Gökçeli/Gökçe
كوكجه اوزى,Gökçeözü
كوكجه صو,Gökçesu
كوك دره,Gökdere
كوكدره,Gökdere
اردو,Gökdere/Erdü
كوكدين,Gökdin
كوك ايرمق,Gökırmak
كوك اوغلان,Gökoğlan
كوك اووه,Gökova
كوك اورن,Gökören
كوك ايوك,Gököyük
كوك اويوك,Gököyük
گوك اويك,Gököyük
كوك ايوك,Gököyük
كوكصو,Göksu
كوكصى,Göksu
كوكسون,Göksun
گوكسون,Göksun
كوكسون مع  اندرين,Göksun maa Andırın
كوكطاش,Göktaş
گوك طاشلو,Göktaşlı
گوك طاشلو,Göktaşlı
گوك دپه,Göktepe
كول,Göl
كول مع طاطاى,Göl maa Daday
كول مع صورقون,Göl maa Sorkun
گول طاطاى,Göl/Göl-i Daday
كول قصبه سى,Göl/Gölkasabası
كول باشى,Gölbaşı
گولباشى,Gölbaşı
كولجك,Gölcük
كولجك سفلا,Gölcük-i Süfla
كولجك عليا,Gölcük-i Ulya
كول طاغى,Göldağı
كوله,Göle
گوله,Göle
كوله كيرن,Gölegiren
كوله صور,Gölesor
كولحصار,Gölhisar
گول حصار,Gölhisar
كولحصار مع  يايچه,Gölhisar maa Yayçe
كولحصار حميد,Gölhisar-ı Hamid
گول حصار حميد,Gölhisar-ı Hamid
گولحصار حميد,Gölhisar-ı Hamid
كولحصار و ايرله,Gölhisar-ı Hamid (Gölhisar) ve İrle
كولحصار,Gölhisar-ı Hamid/Gölhisar
كول حصار,Gölhisar-ı Hamid/Gölhisar
قلعۀ كولحصار,Gölhisar/Kale-i Gölhisar
واروش كولحصار,Gölhisar/Varoş-ı Gölhisar
واروش قلعۀ كولحصار,Gölhisar/Varoş-ı Kale-i Gölhisar
كول حسين,Gölhüseyin
كوللى,Göllü
كوللجۀ كبير و صغير,Göllüce-i Kebir maa Sagir
گول پازارئ بولى,Gölpazar-ı Bolu
كلبازار بولى,Gölpazar-ı Bolu
كولبازار بولى,Gölpazar-ı Bolu
كول پازارى,Gölpazar-ı Bolu/Gölpazarı
گول پازارى,Gölpazar-ı Bolu/Gölpazarı
كولپازارى,Gölpazar-ı Bolu/Gölpazarı
كولبازارى,Gölpazar-ı Bolu/Gölpazarı
كولپازاربروسه,Gölpazar-ı Bursa
كولبازار بروسه,Gölpazar-ı Bursa
كولپازارى مع لفكه,Gölpazar-ı Bursa (Gölpazarı) maa Lefke
كولبازارى مع لفكه,Gölpazar-ı Bursa (Gölpazarı) maa Lefke
كول,Gölpazar-ı Bursa/Göl
كل,Gölpazar-ı Bursa/Göl
كول,Gölpazar-ı Bursa/Göl
كول پازار,Gölpazar-ı Bursa/Gölpazar
كول پازارى,Gölpazar-ı Bursa/Gölpazarı
كول بازارى,Gölpazar-ı Bursa/Gölpazarı
گول پازارى,Gölpazar-ı Bursa/Gölpazarı
كول بازارى,Gölpazar-ı Bursa/Gölpazarı
كولپازارى,Gölpazar-ı Bursa/Gölpazarı
كول پيكار,Gölpınar
كومبه,Gömbe
كومبه,Gömbe
كومى,Gömü
كونك,Gönek
كونان,Gönen
گونان,Gönen
كونان حميد,Gönen-i Hamid
گونان حميد,Gönen-i Hamid
كونان و كچى بورلو,Gönen-i Hamid (Gönen) ve Keçiborlu
كونان و كجى بورلو,Gönen-i Hamid ve Keçiborlu/Gönen ve Keçiborlu
كونان,Gönen-i Hamid/Gönen
كونان,Gönen-i Hamid/Gönen
گونان قره سى,Gönen/Gönen-i Karesi
كنكوش,Göngöş
كونكوش,Göngöş
كورچين,Görçin
كورجين,Görçin
كوردوس,Gördos
كوردس,Gördos
نفس كوردس,Gördos merkez
كورديز,Gördos/Gördiz
كوردك,Gördük
كوردوك,Gördük
گوردك,Gördük
كوره له,Görele
كوره له,Görele
كوراله,Görele
گوره له مع ياوه بولى,Görele maa Yavebolu
اله كو,Görele/Elegü
الكو,Görele/Elegü
يوه بولى,Görele/Yavebolu
كوركيل,Görgil
كركيل,Görgil
كُرْكيل,Görgil
كوريجه,Görice
گوريجه,Görice
نفس كوريجه,Görice merkez
كوستره,Göstere
كستره,Göstere
ناحيۀ كوستره مع  قيصريه,Göstere maa Kayseriye/Nahiye-i Göstere maa Kayseriye
كوستره,Göstere/Tomarza
كوينك,Göynük
گوينك,Göynük
كونيك,Göynük
كوينوك,Göynük
كوينك,Göynük
كونيك مع  كيغى,Göynük maa Kiğı
كوينك,Göynük/Torbalı
گوينك,Göynük/Torbalı
طوربالى كوينك,Göynük/Torbalı Göynük
كوز / كور,Göz (Gür (?))
كوزنه,Gözene
كوزه نه,Gözene
كوزه نه,Gözene/Balyan
كوزنه,Gözene/Balyan
كوزلوه,Gözleve
كوزلوه,Gözleve (?)
كوزلو,Gözleve/Gözlev
كوزلوي,Gözleve/Gözlevi
كوزلوى,Gözleve/Gözlevi
غره,Gra
غرا,Gra
غراب,Grab
غره بونه,Grabuna
غراداچچ,Gradaçaç
غرادچاچ,Gradaçaç
غراداجاج,Gradaçaç
غرادجاج,Gradaçaç
غراداجاچ,Gradaçaç
غراچاچ,Gradaçaç/Graçaç
غرادچاچه,Gradaçaç/Gradçaça
غرادچاچ,Gradçaç
غرادچاج,Gradçaç
غرادجاج,Gradçaç
غرادچانيچه,Gradçaç/Gradçaniçe
قلعۀ غرادچاچ,Gradçaç/Kale-i Gradçaç
واروش قلعۀ غرادچاچ,Gradçaç/Varoş-ı Kale-i Gradçaç
غرادچانيچه,Gradçaniçe
غرادجانيجه,Gradçaniçe
غرادچانچه,Gradçaniçe
غرادچانيچه مع  غرادچاچ,Gradçaniçe maa  Gradçaç
غراچانيچه,Gradçaniçe/Graçaniçe
غرادچاينيچه,Gradçaniçe/Gradçayniçe
غرادشقه,Gradişka
غرادشقي,Gradişka
غراديشقه,Gradişka
قلعۀ غراديشقه,Gradişka/Kale-i Gradişka
قلعۀ غرادشقه,Gradişka/Kale-i Gradişka
واروش قلعۀ غرادش,Gradişka/Varoş-ı Kale-i Gradiş
واروش قلعۀ غرادشقه,Gradişka/Varoş-ı Kale-i Gradişka
غراديشته,Gradişte
غرادشته,Gradişte
غراهوه,Grahova
غراهوه,Grahova
غرامتيك,Gramatik
غراماتك,Gramatik
غراماتيك,Gramatik
غرامسا,Gramisa
پراصو,Gramisa/Praso
غرامش,Gramiş
غرامش,Gramiş
غرانبوسه,Granbusa
غرانبوسه,Granbusa
غرانبوسه,Granbusa
غرانبوزه,Granbusa/Granbuza
اغرانبوسه,Granbusa/Igranbusa
قره پوصه,Granbusa/Krapusa
غراندس,Grandes
غراندس,Grandes/Darada
غرارى,Grandes/Grari
قرنده,Grandes/Karanda
مه غاسنيسى,Grandes/Megasinisi
غرانيچه,Graniçe
غرانچه,Graniçe
غراووزا,Gravuza
كره بنه,Grebene
غره بنه,Grebene
گربنه,Grebene
گره بنه,Grebene
كرا بنه,Grebene
كره بنه,Grebene
نفس كره بنه,Grebene merkez
كره بنه,Grebene/Grevena
غريلوسسا,Grilussa
غونلونيس,Grilussa/Gonolonis
غوبن,Guben
غوغوه,Gugova
غلام,Gulam
كُولَه,Gule
كوله,Gule
غولت,Gulet
غوماره,Gumara
غومارا,Gumara
غراب,Gurab
غوراب,Gurab
غرغرم,Gurgurum
غوسينه,Gusine
غوسينه مع ناحيۀ دربناق,Gusine maa Nahiye-i Drobnak (?)
غوشته,Gusine/Goşta
غوشنه,Gusine/Guşine
غوسطا,Gusta
غسطا,Gusta
غوسط,Gusta/Gust
كشتاسب,Guştasb
غوطه,Guta
غوتا جيدان,Guta Cidan
قطة جمدان,Guta Cidan/Kıta Cemdan
غوطه و المرج,Guta ve'l-Merc
غوطه الشام,Guta/Gutatüşşam
غوت البونا,Gutalbünna
كودول,Güdül
كدول,Güdül
كودل,Güdül
كوكرجين,Güğercin
كوكرجين اطه لرى,Güğercin Adaları
كوكرجنلك,Güğercinlik
گوگرجنلك,Güğercinlik
كوكرجنليك,Güğercinlik
گوگرجنلك,Güğercinlik
ديمتوقه,Güğercinlik/Dimetoka
گوگرجنلك,Güğercinlik/Dimetoka
كوكرجنلك,Güğercinlik/Dimetoka
قلعۀ كوكرجنلك,Güğercinlik/Kale-i Güğercinlik
واروش كوكرجنلك,Güğercinlik/Varoş-ı Güğercinlik
كلعنبر,Gülanber
گلعنبر,Gülanber
نفس كلعنبر,Gülanber merkez
گلعنبر و علوجه مع وارماوا نام ديگر خُرّم آباد,Gülanber ve Alevce maa Varmava nd. Hürremabad
گل,Gülanber/Gül
كل بغچه,Gülbağçe
كلبرد,Güleberd
كولك,Gülek
چام الاكى,Gülek/Çamalanı
كليكان,Gülikan
كلستان,Gülistan
كوللك,Güllük
كول لك,Güllük
كلنار,Gülnar
كلنار,Gülnar
گلنار,Gülnar
گلنار نام ديكر شِلِنْدِرَه مع بلكۀ بوزآغاج و بلكۀ يوركان و بلكۀ گرينه,Gülnar maa bölge-i Bozağaç ve bölge-i Yörükan ve bölge-i Gerine/Şilindire
گلنار نام ديكر شلندره مع بلكۀ بوزآغاج و بلكۀ يوركان و بلكۀ كرينه,Gülnar maa bölge-i Bozağaç ve bölge-i Yörükan ve bölge-i Gerine/Şilindire
كلنار مع كورة النور,Gülnar maa Küretünnur
نفس كلنار,Gülnar merkez
كلناراووه جق,Gülnar Ovacık
اووه جق,Gülnar Ovacık/Ovacık
اوواجق,Gülnar Ovacık/Ovacık
كلنوس,Gülnos
كل دپه,Gültepe/Güldepe
كلود,Gülüd
كوملان,Gümelen
كوملجنه,Gümülcine
كمولجنه,Gümülcine
كملجنه,Gümülcine
كوملجنه,Gümülcine
كوملجنه مع قيرجه لو,Gümülcine maa Kırcaali (Kırcali)
گوملجنه مع نواحى طاغ اردى و دارى دره و آغريجان,Gümülcine maa nevahi-i Dağardı ve Darıdere ve Ağrıcan
نفس كوملجنه,Gümülcine merkez
شهر,Gümülcine/Şehir
كموش,Gümüş
كومش,Gümüş
كمش,Gümüş
كموش مع آرمود ايلى,Gümüş maa Armudili
كمش مع حاجى كوى,Gümüş maa Hacıköy
گومش مع قباقوز و گورگى,Gümüş maa Kabakoz ve Güreği
كموش معدن,Gümüş/Gümüşmaden
كموش معدن همايون,Gümüş/Gümüşmaden-i Hümayun
كموش معدنى,Gümüş/Gümüşmadeni
معدن سيم,Gümüş/Maden-i Sim
كمش آباد,Gümüşabad
كمش اباد,Gümüşabad
گومش اباد مع افتنى,Gümüşabad maa Efteni
كومشجك و اغ اويق,Gümüşcük ve Ağoyuk
كموشكون,Gümüşgün
كموش حاجى كوى,Gümüşhacıköy
كمش حاجى كويى,Gümüşhacıköy
نفس كموش حاجى كوى,Gümüşhacıköy merkez
كموش حاجى كويى,Gümüşhacıköy/Gümüşhacıköyü
كمش حاجى كويى,Gümüşhacıköy/Gümüşhacıköyü
حاجى كوى,Gümüşhacıköy/Hacıköy
حاجى كويى,Gümüşhacıköy/Hacıköy
خاجيكوى,Gümüşhacıköy/Hacıköy
حاجى كويى,Gümüşhacıköy/Hacıköyü
كموشخانه,Gümüşhane
كمشخانه,Gümüşhane
كمشحانه,Gümüşhane
گومشخانه,Gümüşhane
گومشخانه مع نواحئ طورل,Gümüşhane maa Nevahi-i Torul
نفس كمشخانه,Gümüşhane merkez
كمشخانۀ تيره بولى,Gümüşhane/Gümüşhane-i Tirebolu
كشخانه,Gümüşhane/Güşhane
كمشخانه,Gümüşhane/Torul
كوندوز,Gündüz
كوندوزلى,Gündüzlü
كوندزلى,Gündüzlü
كونش,Güneş
كونش ويرانى,Güneş/Güneşviranı
كونشلر,Güneşler
كونشلى,Güneşli
كوناى,Güney
كونى,Güney
كونى,Güney (Ahısha)
كونى,Güney (Ahıstabad)
كونى,Güney (Ardahan-ı Büzürk)
كوني,Güney (Ardahan-ı Küçük)
كونى,Güney (Ardahan-ı Küçük)
كوناى,Güney (Buldan)
كونى,Güney (Kağızman)
كوني,Güney (Oltu)
كونى,Güney (Oltu)
كونى,Güney (Poshov)
كونى مع طاشكبرى,Güney maa Taşköprü
كونى معه ونك,Güney maa Vank
كونى يكيجه سى,Güney Yenicesi
يڭيجۀ گونى,Güney Yenicesi/Yenice-i Güney
گونى,Güney!
گونى,Güney/Sarıgöl
كوني,Güney/Sarıgöl
كونى,Güney/Sarıgöl
كونى جركش,Güneyçerkeş
كونى ارزنجان,Güneyerzincan
كوني ارزنجان,Güneyerzincan
جانب كونى,Güneyerzincan/Canib-i Güney
كونى كماخ,Güneykemah
كونى كماح,Güneykemah
كونى پاسين,Güneypasin
كونى,Güneypasin/Güney
كوني پنبك,Güneypenbek
كوني,Güneypenbek/Güney
كونى طاشكپرى,Güneytaşköprü
كونى,Güneytaşköprü/Güney
كون يوزى,Günyüzü
گونيوزي,Günyüzü
كونيوزى,Günyüzü
كورجه مع بكنويد,Gürce maa Beynevid
كورجه مع بكنويد,Gürce maa Beynevit
كورجستان,Gürcistan
كوره,Güre
كوره,Güre
گوره,Güre
كوره سلندى,Güre [ve] Selendi
كوره مع سركه,Güre maa Sirge
سركه مع  كوره,Güre maa Sirge/Sirge maa Güre
كوره و سلندى,Güre ve Selendi
گورۀ يڭى شهر,Güre-i Yenişehir
كوره,Güre-i Yenişehir/Güre
كوره,Güre/Eşme Güre
كورۀ سلندي,Güre/Güre-i Selendi
كورۀ سلندى,Güre/Güre-i Selendi
كورۀ سلندى,Güre/Güre-i Selendi
كوره سلندى,Güre/Güre-i Selendi
كره,Güre/Yenişehir
كوره لر,Güreler
كورن,Güren
كوران,Güren/Güran
كوزان,Güren/Güzan
كورل,Güril
كوريل,Güril
كورله,Gürle
كوروله,Gürle/Gürüle
كورله,Gürle/Pazarköy
كورله,Gürle/Pazarköyü
بازار كويى,Gürle/Pazarköyü
كورلك,Gürlek
كورلشن,Gürleşen
كرون,Gürün
كورون,Gürün
نفس كرون,Gürün merkez
كورويران,Gürviran
كورزه لك,Gürzelik
كرز الياس,Gürzilyas
كوزل دره,Güzeldere
كوزلحصار ايدين,Güzelhisar-ı Aydın
گوزل حصار آيدين,Güzelhisar-ı Aydın
كوزلحصار ايدين,Güzelhisar-ı Aydın
كوزلحصارايدين,Güzelhisar-ı Aydın
كوزلحصار ايدين,Güzelhisar-ı Aydın
كوزلحصار ايدين مع ناحيۀ قره پيكار,Güzelhisar-ı Aydın maa Nahiye-i Karapınar
كوزلحصار ايدين مع نواحى,Güzelhisar-ı Aydın maa Nevahi
آيدين,Güzelhisar-ı Aydın/Aydın
ايدين,Güzelhisar-ı Aydın/Aydın
كوزلحصار,Güzelhisar-ı Aydın/Güzelhisar
كوزلحصار منمن,Güzelhisar-ı Menemen
گوزل حصار منمن,Güzelhisar-ı Menemen
كوزلجه حصار,Güzelhisar-ı Menemen/Güzelcehisar
كوزلحصار,Güzelhisar-ı Menemen/Güzelhisar
غوزدانسقى,Gvozdanski
حباب,Habab
حبش,Habeş
حَبَشْ,Habeş
حبش,Habeş
حبش و حجاز,Habeş ve Hicaz
حبش و لواء جده و شيخ الحرملك مكّۀ مكرّمه,Habeş ve Liva-i Cidde ve Şeyhülharemlik-i Mekke-i Mükerreme
حبزبينى,Habezbeni
حبزبنى,Habezbeni
حبسمانه,Habsamana
خابس مانه,Habsamana
حبصمانه,Habsamana
حبسمانه مع  بولمان,Habsamana maa Bolaman
حبسمانه و ايباصدى,Habsamana ve Aybasdı
حاپسمانه,Habsamana/Hapsamana
خابور,Habur
حابور,Habur
حَابُور,Habur
جابور,Habur/Cabur
قابور,Habur/Kabur
قاپور,Habur/Kapur
حجه,Hacce
نفس حجه,Hacce merkez
قلعۀ حجه,Hacce/Kale-i Hacce
حجله,Hacele
حجريه,Haceriye
نفس حجريه,Haceriye merkez
حاجى احمد,Hacıahmed/Hacıhalil
حاجى احمدلو,Hacıahmedli
حاجى بهرام,Hacıbehram
حاجى بهرام مع نواحى,Hacıbehram maa Nevahi
حاجى بكتاش,Hacıbektaş
حاجى بكطاش,Hacıbektaş
حاجى بكتاش مع مجور,Hacıbektaş maa Mucur
مجور مع بكتاش,Hacıbektaş maa Mucur/Mucur maa Bektaş
مجور مع حاجى بكتاش,Hacıbektaş maa Mucur/Mucur maa Hacıbektaş
حاجى بكتاش مع يوزده جيان,Hacıbektaş maa Yüzdeciyan
حاجى بكتاش,Hacıbektaş/Yüzdeciyan
حاجى فياض,Hacıfeyyaz
حاجى خليل,Hacıhalil
حاجى حمزه,Hacıhamza
حاجى حمزه,Hacıhamza
حاجى حمزه,Hacıhamza
حاجى حمزه دربندى,Hacıhamza/Hacıhamza Derbendi
حاجى الياس,Hacıilyas
حاجى قره,Hacıkara
حاجيلر,Hacılar
حاجيلر,Hacılar
حاجلر,Hacılar
حاجيلر و توابعى,Hacılar ve Tevabii
حاجيلو,Hacılı
حاجى لى,Hacılı
خاجيلو و كوركجيلو و صارى جام,Hacılı ve Kürkçülü ve Sarıçam
حاجى اوغلى بازارى,Hacıoğlupazarı
بازارجق حاجى اوغلى,Hacıoğlupazarı (Pazarcık-ı Hacıoğlu)/Sofular
حاجى اوغلى,Hacıoğlupazarı/Hacıoğlu
حاجى اوغلى,Hacıoğlupazarı/Hacıoğlu
حاجى اوغلى پازارجغى,Hacıoğlupazarı/Hacıoğlupazarcığı
حاجى اوغلي بازارجغى,Hacıoğlupazarı/Hacıoğlupazarcığı
حاجى اوغلى بازارجغى,Hacıoğlupazarı/Hacıoğlupazarcığı
حاجى اوغلى بازارجغى,Hacıoğlupazarı/Hacıoğlupazarıcığı
پازارجق,Hacıoğlupazarı/Pazarcık
بازارجق,Hacıoğlupazarı/Pazarcık
پازارچق,Hacıoğlupazarı/Pazarcık
حاجى شيخ,Hacışeyh
حاجي شيخ,Hacışeyh
حاجى يوزغاد,Hacıyozgad
حاچين,Haçin
خاچين,Haçin
هاچين,Haçin
حاجين,Haçin
جبل قوزان شرقى,Haçin/Cebel-i Kozan-ı Şarki
خاچين غرغر,Haçin/Haçin-Gargar
حاچين,Haçin/Kozan-ı Şarki
روم,Haçin/Rum
روم ايلى,Haçin/Rumili
روملى,Haçin/Rumlu
صائم بكلى,Haçin/Saimbeyli
حاجين,Haçin/Sığnak
خاچوك,Haçük
حانجوق,Haçük/Hancuk
حانجوك,Haçük/Hancük
حانجول,Haçük/Hancül
قلعۀ حانجوك,Haçük/Kale-i Hancük
حده,Hada
بلاد الحدا,Hada/Biladülhada
الحدا,Hada/el-Hada
خداثى,Hadasi
حد برع,Hadd-i Bera
حداره,Haddare
خادم كوى,Hadımköy
خادم,Hadim
پرلوغنده,Hadim/Pirlavganda
حديثه,Hadise
حفار,Haffar
حفّار,Haffar
جفار,Haffar/Caffar
چغار,Haffar/Çağar
حفارس,Haffar/Haffares
حافيك,Hafik
حافيك,Hafik
حافيق,Hafik
حافيق,Hafik
حافك,Hafik
هافيك,Hafik
نفس حافيك,Hafik merkez
حافيك ايلى,Hafik/Hafikili
حافق ايلى,Hafik/Hafikili
هاويك,Hafik/Havik
قوچحصار,Hafik/Koçhisar
قوچ حصار,Hafik/Koçhisar
حفير,Hafir
خاخو,Haho
حقله,Hakala
حقله,Hakala/Argoma
خاغالا,Hakala/Hagala
صغله,Hakala/Sığla
حقبان,Hakban
حكري,Hakeri
حكرى,Hakeri
حكّرى,Hakeri/Hakkeri
حاكيف,Hakif
خاكف,Hakif
خاكيف,Hakif
دورمروان,Hakif/Durmervan (Dümervan)
خاكيف,Hakif/Dümervan
حاكيف,Hakif/Dümervan
هاكپونيزيا,Hakiponiziya
حاكپونيزيا,Hakiponiziya
حاكپونيزيا,Hakiponiziya/Ayunizi
حاكسى,Hakis/Hakisi
خاكسى,Hakis/Hakisi
رمضان,Hakis/Ramazan
حق على,Hakk-ı Ali
حكارى,Hakkari
حكّارى,Hakkari
حكارى,Hakkari
حكارى چال,Hakkari Çal
چال مع طبال و طورصوب,Hakkari Çal (Çal) maa Dabal ve Torsub (?)
چال مع طيارى,Hakkari Çal maa Tayyar
چال,Hakkari Çal/Çal
نفس حكارى,Hakkari merkez
نفس چوله مرك,Hakkari merkez/Çölemerik merkez
چوله مرك,Hakkari/Çölemerik
چولامرك,Hakkari/Çölemerik
چوله مريك,Hakkari/Çölemerik
وان حكارى,Hakkari/Van Hakkari
حلقه,Halaka
خلقه,Halaka
خلقه لر,Halaka/Halkalar
حلانيّه,Halaniye
خلازومن,Halazomen
حلبه,Halba
حلب,Haleb
نفس حلب,Haleb merkez
حلب الشهبا,Haleb/Halebüşşehba
حالت دلمه,Halet Dalma
حالة دلمه,Halet Dalma
حالت داحه,Halet Dalma/Halet Daha
حالة المبرز,Haletülmüberriz
خلفتى,Halfeti
خالخال,Halhal
خلخلان,Halhalan
حلى,Hali
حليب,Halib
حالد,Halid
خليفه,Halife (?)
حليلان,Halilan
خليل بگلى,Halilbeyli
خليل چاوش,Halilçavuş
خليل پاشا يوردى,Halilpaşayurdu
خليل الرحمن,Halilürrahman
خليل الرحمن,Halilürrahman/Habrun
خليل,Halilürrahman/Halil
حليميه,Halimiye
خالص,Halis
خلقه خاص,Halka-i Has
حلقۀ خاص,Halka-i Has
حلقى حولى,Halkahavlu
خلقلو,Halkalı
خلكان مع حضران,Halkan maa Hadran
حالقونيسى,Halkonisi
حلاچ,Hallaç/Bozada
حللقى,Hallaki
خللقى,Hallaki
خَلتْ مع فَاتِرْ,Hallet maa Fatir
خلت مع فاتر,Hallet maa Fatir
حالون ته سوس,Halontasos
طاوه تس اطه جغى,Halontasos/Tavetes Adacığı
حالول,Halul
حالال,Halul/Halal
حولال,Halul/Hulal
حما,Hama
حما,Hama
نفس حما,Hama merkez
حما و حمص,Hama ve Humus
حما م خمص,Hama ve Humus
حما و معرة النعمان,Hama ve Maarratünnuman
حماه,Hama/Hamah
حمام,Hamam
حمام اوزى,Hamamözü
حميد,Hamid
حميد,Hamid
حميد ايلى مع قضاهاء تركمش,Hamid (Hamidili) maa Kazaha-i Terkemiş
حميد مع بوردر,Hamid maa Burdur
حميد ايلى,Hamid/Hamidili
حميد ايلي,Hamid/Hamidili
حميد ايلي,Hamid/Hamidili
حميد آباد,Hamidabad
حميد بك,Hamidbey/Tahtalı
حميديه,Hamidiye
حميديه,Hamidiye
حميديه,Hamidiye
حميديه قريه سى,Hamidiye karyesi
نفس حميديه,Hamidiye merkez
حمنه,Hamine
خمر,Hamir
بنى صريم,Hamir/Benisuraym
بنى جريم حمر,Hamir/Benisuraym (Benicüreym) Hamir
خمور,Hamir/Hamur
حميص,Hamis
خميس,Hamis
خمس,Hamis
خمسه,Hamise
خميسه,Hamise
خميسيه,Hamisiye
خميسيه,Hamisiye/Şattülmekar
حمام على,Hammam-ı Ali
حمامه,Hammame
قلعۀ حمامه,Hammame/Kale-i Hammame
قلعۀ حُمَامَه,Hammame/Kale-i Hummame
قلعۀ حُمَامه,Hammame/Kale-i Hummame
حمامات,Hammamet
حمار,Hammar
حمّار,Hammar
حماره,Hammare
حمو,Hamo
حامو,Hamo
هامو,Hamo
حمرار,Hamrar
خامور,Hamur
حامور,Hamur
هامور,Hamur
خمور,Hamur/Hacur
حمزه,Hamza
حمزه چمني,Hamzaçimeni
حمزيكان,Hamzikan
خان,Han
حناجره,Hanacire
خناق,Hanak
خانبارجين,Hanbarçın
خان بارچين,Hanbarçın
خانبارچين,Hanbarçın
خان بارچينلو,Hanbarçın (Hanbarçınlu)/Hüsrevpaşa
بارجنلو,Hanbarçın/Barçınlı
خامپارچين,Hanbarçın/Hamparçın
خان,Hanbarçın/Han
خانپارچين,Hanbarçın/Hanparçın
حسرو پاشا,Hanbarçın/Hüsrevpaşa
خندرس,Handırıs
حندرس,Handırıs
خاندريس,Handırıs
حيدروس,Handırıs/Haydaros
خاندرا,Handra
خا ندوش,Handuş
خانقين,Hanekin
حانند بيل,Hanendebil
حاننده بيل,Hanendebil
خانمرود,Hanımrud
حانمرود,Hanımrud
هانى,Hani
هنى,Hani
شهر حانى,Hani/Şehr-i Hani
خانقاه,Hankah
خان كندى,Hankendi
خانلى,Hanlı
حانطومان,Hantuman
حانيه,Hanya
خانيه,Hanya
حانيه,Hanya
نفس حانيه,Hanya merkez
جزيرۀ حانيه,Hanya/Cezire-i Hanya
قلعۀ حانيه,Hanya/Kale-i Hanya
خان يونس,Hanyunus
خرابه,Harabe
خرابه مع صاتو قلعه,Harabe maa Satukale
خرابه و تمزين,Harabe ve Temzin
خرابه و تخرين,Harabe ve Temzin (Tahrin)
حرض,Harad
خاراقا,Haraka
خراله,Harala
حراله,Harala
حرامى,Harami
حرات,Harat
خارات,Harat
حراز,Haraz
نفس حراز,Haraz merkez
جبل حراز,Haraz/Cebel-i Haraz
حربنده لى مع  دكزلى,Harbendeli maa Denizli
حربى,Harbi
حربيه,Harbiye
خردال,Hardal
اقچه قشله,Hardal/Akçakışla
حردان مع قريۀ فاصلۀ اولادِ يوسف,Hardan maa Karye-i Fasıla-i Evlad-ı Yusuf
خارديش,Hardiş
خرويش,Hardiş/Harviş
حرم,Harem
حرمين عشيرتى و پرنك و توفاللو,Haremeyn Aşireti ve Pernek ve Tofallı (?)
حرمين شريفين و يوركان كيره سون,Haremeyn-i Şerifeyn ve Giresun (Yörükan-ı Giresun)
حرمين شريفين,Haremeyn-i Şerifeyn/Kıldonlu
خركون,Hargün
قلعۀ خركون,Hargün/Kale-i Hargün
حارف,Harif
حارف,Harif
بنى حارف,Harif/Beniharif
حارم,Harim
حارم,Harim
حاريم,Harim
حاريم,Harim
حارم,Harim
حاريم و خلقه,Harim ve Halaka
حرير,Harir
حرير و دوني,Harir ve Düvini
حريردوني,Harir ve Düvini/Harir Düvini
حرير و دوين,Harir ve Düvini/Harir ve Düvin
حرير و دون,Harir ve Düvini/Harir ve Düvin
دير حرير,Harir/Deyr-i Harir
ديره,Harir/Deyre
ديره حرير,Harir/Deyre Harir
ديره حرير,Harir/Deyre Harir
ديرۀ حرير,Harir/Deyre-i Harir
ديرۀ حرير,Harir/Deyre-i Harir
حرير,Harir/Hükümet-i Şehran
حرير,Harir/Hükümet-i Şehriyan
حارس,Haris
هارثه,Harise
حارثه,Harise
خارق,Hark
خاك,Hark/Hak
خارج,Hark/Haric
خارقوس,Harkus
خرمنجق,Harmancık
خرمانجق,Harmancık
خرمنجك,Harmancık
خرمنجك,Harmancık
جبل جديد,Harmancık/Cebel-i Cedid
حرمنلى,Harmanlı
هرمانلى,Harmanlı
خرمنلى,Harmanlı
حرمل,Harmil
هارميل,Harmil
حارمل,Harmil
خرناباد,Harnabad
حرنيش,Harniş
هارنيش,Harniş
جاسوس,Harniş/Casus
هرميش,Harniş/Hermiş
خارپوط,Harput
خرپوط,Harput
خرپوت,Harput
خربوت,Harput
حرپوت,Harput
خربروت مع ملاطيه,Harput (Harburut) maa Malatya
خرابرت,Harput/Harabrut
حربرد,Harput/Harburd
خربُرْت,Harput/Harburt
خربرت,Harput/Harburt
حربرت,Harput/Harburt
خربروت,Harput/Harburut
حربورت,Harput/Harburut
حرپورد,Harput/Harpurd
خرپورت,Harput/Harpurt
خرپرت,Harput/Harpurt
حرپرت,Harput/Harpurt
خرپروت,Harput/Harpurut
يكى خرپوت,Harput/Yeniharput
حران,Harran
نفس حران,Harran merkez
حران و چاي قيو,Harran ve Çaykuyu
حران و چاى قيو,Harran ve Çaykuyu
خرّوب نصارا,Harrub-ı Nasara
حارشان,Harşan
خارشيد,Harşid
حارشد,Harşid
خارشيت,Harşid/Harşit
هاشريد,Harşid/Haşrid
خارت,Hart
خرطلب,Hartlab
خرطوم,Hartum
حرتوس,Hartvis
خرتوس,Hartvis
حرتوسكلك,Hartvis/Hartviskelek
هارون,Harun
حارون,Harun
هارون اباد,Harunabad
هارونيه,Haruniye
هارونيه,Haruniye
هارونيّه,Haruniye
حروت,Harut
حرزه,Harze
خوارزم,Harzem/Horzum
حاص,Has
خاص,Has
حسن آباد,Hasanabad
حسن اباد,Hasanabad
حسن بادريك,Hasanbadrık
حسن چلبى,Hasançelebi
دربند حسن چلبى,Hasançelebi/Derbend-i Hasançelebi
حسن طاغى,Hasandağı
جبل حسن,Hasandağı/Cebel-i Hasan
حسن كريشى,Hasangerişi
حسن كريش,Hasangerişi/Hasangeriş
خساني,Hasani
حسانى,Hasani
حسّانيه,Hasani/Hassaniye
حسن قلعه,Hasankale
حسن قلعه,Hasankale
حسن قلعه سى,Hasankale/Hasankalesi
قلعۀ حسن,Hasankale/Kale-i Hasan
پاسين,Hasankale/Pasin
باسين,Hasankale/Pasin
حسن قلعه,Hasankale/Pasin-i Ulya
پاسين عليا,Hasankale/Pasin-i Ulya
پاسين عليا و سفلا,Hasankale/Pasin-i Ulya ve Süfla
پاسين اباد,Hasankale/Pasinabad
پاسينلر,Hasankale/Pasinler
پاسينلر,Hasankale/Pasinler
نفس پاسينلر,Hasankale/Pasinler merkez
حسنلر,Hasanlar
حسن اووه,Hasanova
حسن صويى,Hasansuyu
حسن شيخ,Hasanşeyh
حسن زبان (؟),Hasanzeban (?)
خساران,Hasaran
حصران,Hasaran
حزران,Hasaran/Hazaran
حسبك,Hasbek
خاص بيك,Hasbey
حاصبيا,Hasbeyya
حاصْبَيا,Hasbeyya
حاجيا,Hasbeyya/Haceya
خاص بوغا,Hasboğa
خاصبوغه,Hasboğa
خاصّهاء ارنود,Hasha-i Arnavud
هاس,Hasha-i Arnavud/Has
خاص,Hasha-i Arnavud/Has
حاص,Hasha-i Arnavud/Has
خاصّهاء ارنبود,Hasha-i Arnavud/Hasha-i Arnabud
خاصهاء قضاء ارنود,Hasha-i Arnavud/Hasha-i Kaza-i Arnavud
خواص ارناود,Hasha-i Arnavud/Havass-ı Arnavud
خواص پريزرين,Hasha-i Arnavud/Havass-ı Prizrin
خواص برزرين,Hasha-i Arnavud/Havass-ı Prizrin
خاصهاء استانبول,Hasha-i İstanbul
خاص,Hasha-i İstanbul/Has
خاصلر,Hasha-i İstanbul/Haslar
خواص عليّه,Hasha-i İstanbul/Havass-ı Aliyye
خواص قسطنطينيه,Hasha-i İstanbul/Havass-ı Kostantiniye
خواص قسطنطنيه,Hasha-i İstanbul/Havass-ı Kostantiniye
خواص قسطنطنيّه,Hasha-i İstanbul/Havass-ı Kostantiniye
خاصهاء معادن يانوه,Hasha-i Maadin-i Yanova
حسيچه,Hasiçe
حاسكى,Hasiki
حاسيا,Hasiye
اكنه مصويه,Hasiye/Eğine Masuye
خاصكوى,Hasköy
خاص كوى,Hasköy
خاصكوى,Hasköy
خاصكوى,Hasköy
نفس خاصكوى,Hasköy  merkez
خاص كوى,Hasköy/Eskihisarlık
خاصكوى,Hasköy/Eskihisarlık
خاص كويى,Hasköy/Hasköyü
خاصلر,Haslar
خاصلر,Haslar
خاصلرمع قرچوه,Haslar maa Kraçova
حاصلرمع قرجوه,Haslar maa Kraçova
خاصلرمع قيرچوه,Haslar maa Kraçova
حصر و كبش و ام الرباب,Hasr ve Kebş ve Ümmürrebab
حَصْره,Hasra
حسراس,Hasras
حصرون,Hasrun
خاصه,Hassa
حاسه,Hassa
حاسه مع  درسه,Hassa maa Durse
خاصلر و بنك,Hassa ve Teğek/Haslar ve Benek
حشا,Haşa
حشا,Haşa
حشا مع عماره,Haşa maa Amare
حشا  مع عماره,Haşa maa Amare
هاشميّه,Haşimiye
هاشميه,Haşimiye
حطبلئ كبير,Hatablı-yı Kebir
حطبلئ صغير,Hatablı-yı Sagir
حاطهاز,Hathaz
حته و نسبته,Hatta ve Nisbete (?)
خاتون,Hatun
خاتون ايلى,Hatunili
خاطون ايلى,Hatunili
خا تون سراى,Hatunsaray
خا تونسراى,Hatunsaray
خاتون ايلى,Hatunsaray/Hatunili
خاتون سرايى,Hatunsaray/Hatunsarayı
خاتون ويران,Hatunviran
حطوان,Hatvan
خطوان,Hatvan
خَطوَانْ,Hatvan
حطون,Hatvan
حَطْوَانْ,Hatvan
خاو,Hav
خوابى,Havabi
حوابى,Havabi
خوابي,Havabi
خوابي,Havabi
قلعۀ خوابى,Havabi/Kale-i Havabi
مسورى,Havabi/Misivri
حواله,Havale
كوزلجه,Havale/Güzelce
حواله,Havale/Güzelce
حوالى حطوب,Havali-yi Hutub
حوالى شررا,Havali-yi Şürra
حوان,Havan
هاوانا,Havana
حوار,Havar
هاوار,Havar
قلعۀ هاوار,Havar/Kale-i Havar
خواص,Havas
خواصور,Havasor
حواصور,Havasor
خواسور,Havasor
حواصور,Havasor
كواصور,Havasor/Gevasor
خواص محمود پاشا,Havass-ı Mahmudpaşa
جامع محمود پاشا,Havass-ı Mahmudpaşa/Cami-i Mahmudpaşa
خاصكوى محمود پاشا,Havass-ı Mahmudpaşa/Hasköy-i Mahmudpaşa
خاص محمود پاشا,Havass-ı Mahmudpaşa/Hass-ı Mahmudpaşa
حوصه,Havass-ı Mahmudpaşa/Havsa
حوصا,Havass-ı Mahmudpaşa/Havsa
خوصه,Havass-ı Mahmudpaşa/Havsa
خواص محمود پاشا,Havass-ı Mahmudpaşa/Havsa
حوصه,Havass-ı Mahmudpaşa/Havsa (Hafsa)
حفصه,Havass-ı Mahmudpaşa/Havsa (Hafsa)
نفس خوصه,Havass-ı Mahmudpaşa/Havsa merkez
حوضه,Havass-ı Mahmudpaşa/Havza
محمود,Havass-ı Mahmudpaşa/Mahmud
محمود پاشا حاصكوى,Havass-ı Mahmudpaşa/Mahmudpaşa Hasköy
حواشب,Havaşib
حواطب كبير,Havatıb-ı Kebir
حواشب,Havatıb-ı Kebir/Havaşib
خاوه,Have
هاويك,Havik
حاويك,Havik
هويك,Havik/Hevik
حويض,Haviz
خولان,Havlan
حولان,Havlan
يمانية العليا,Havlan/Yemaniyetülulya
حوران,Havran
خوران,Havran
نفس حوران,Havran merkez
حوران و جبل دروز و رضوان الحاقليه عجلون,"Havran ve Cebel-i Düruz ve Rıdvanülhakileyye, Aclun"
حوران و جيدور,Havran ve Cidur
نفس حوران و جيدور,Havran ve Cidur merkez
حوراه,Havrullah
هورالله,Havrullah
حورالله,Havrullah
هوراه,Havrullah
خوش عرب,Havşarab
حوش عرب,Havşarab
خوش عربى,Havşarab/İsa el-Verye
حوض,Havz
حوضه,Havza
نفس حوضه,Havza merkez
حوصه,Havza/Havsa
حى نعمة الله,Hay Nimetullah
حى,Hay/Hayy
حى,Hay/Hayy
كوة الحى,Hay/Kutülhay
حى,Hay/Kutülhay
حياتى,Hayati
خيبر,Hayber
حيدران,Haydaran
حيدرى,Haydari
حيدرلر,Haydarlar
حيفا,Hayfa
نفس حيفا,Hayfa merkez
خيرسز اطه لر,Hayırsız Adalar
خيرسز آطه لر,Hayırsız Adalar
حيرسز اطه لر,Hayırsız Adalar
خيرسز اطه,Hayırsız Adalar/Hayırsızada
خيرسز اطه,Hayırsızada
خيرسز اطه,Hayırsızada/Ayanca
خيرسز,Hayırsızada/Hayırsız
حيكوك,Haykok
خيمانه,Haymana
خايمانه,Haymana
حايمانه,Haymana
حيمانه,Haymana
حيمانه كبير,Haymana-i Kebir
حيمانۀ صغير,Haymana-i Sagir
صغير,Haymana-i Sagir/Sagir
چبحانه,Haymana/Çebhane
حيمانه,Haymana/Yabanhamamı
يبان حمامى,Haymana/Yabanhamamı
حيمانتين,Haymanateyn
حيمانتين مع عشيرت موزاتلو و چاليش و طوباقلو,Haymanateyn maa Aşiret-i Mozatlı ve Çalış ve Topaklı
خيمانۀ اقسراى,Haymane-i Aksaray
خيره بولى,Hayrabolu
حيره بولى,Hayrabolu
خيره بولى,Hayrabolu
نفس خيره بولى,Hayrabolu merkez
حيرانلى,Hayranlı
خيراللو,Hayrilli
خيرايللو,Hayrilli
حيس,Hays
حيطان,Haytan (Hoytan (?))
حذاق,Hazak
خزانه,Hazane
بحر حزر,Hazar/Bahr-i Hazar
بحر قازر,Hazar/Bahr-i Kazar
درياى قلزم,Hazar/Derya-yı Kulzüm
خزل,Hazel
خازى,Hazi
خذيّه,Haziyye
موزرم,Hazrem (Müzrüm)
حضرو,Hazro
حضرو و بهرامنى,Hazro ve Mihrani (Behramni)
حضرون,Hazrun
حصرون,Hazrun
حظو,Hazzo
حزو,Hazzo
هازو,Hazzo
حَزّو,Hazzo
حزّو,Hazzo
حزوه,Hazzo/Hazve
هِيزُو,Hazzo/Hizo
حزور,Hazzur
حذور,Hazzur
هدى,Hedi
هكيم,Hekim
كيلسالى,Hekim (Kiliseli)/Keklik
كليسالى,Hekim (Kiliseli)/Latronisi
انكليز,Hekim/İngiliz
ككلك,Hekim/Keklik
كليسالى,Hekim/Kiliseli
حكيم خان,Hekimhan
حكيم خانى,Hekimhan/Hekimhanı
هكمه,Hekme
حكمه,Hekme
مكه,Hekme/Meke
حمدانيّه و سيحان,Hemdaniye ve Seyhan
همدان,Hemedan
همذان,Hemedan/Hemezan
قلعۀ همدان,Hemedan/Kale-i Hemedan
هميت,Hemit
همشين,Hemşin
همشين,Hemşin
همشين بالا,Hemşin-i Bala
همشين زير,Hemşin-i Zir
هنجام,Hencam
خندك,Hendek
حندق,Hendek
خندق,Hendek
حندك,Hendek
قصبۀ خندق مع بالقلى,Hendek (Kasaba-i Hendek) maa Balıklı
خندق مع آق يازى,Hendek maa Akyazı
حندق مع اقيازى,Hendek maa Akyazı
خندق مع اق يازى,Hendek maa Akyazı
هندرابى,Henderabi
هراقليا,Herakliya
آراقليا,Herakliya/Arakliya
اودونلى,Herakliya/Odunlu
زاقلجه,Herakliya/Zakalca
هرات,Herat
هركه,Hereke
هركه وقلعۀ صغه جق,Hereke ve Kale-i Sığacık
هركيان,Herekiyan
هركيان عشيرتى,Herekiyan Aşiret
هراكلى,Herekli/Herakli
هرسه,Herese
جزيرۀ هرسه,Herese/Cezire-i Herese
هريكى,Heriki
هركى,Heriki
هرطه,Herita
ناحيۀ هرطه,Herita/Nahiye-i Herita
ناحيۀ هريطه,Herita/Nahiye-i Herita
هريوانلى,Herivanlı (?)
هركه,Herke
حركه,Herke
خراكه,Herke/Harake
حركه,Herke/Harke
خارقى,Herke/Harki
حارقى,Herke/Harki
هركه,Herke/Hereke
هَرَكَه,Herke/Hereke
هره كه,Herke/Hereke
حره كه,Herke/Hereke
هركه,Herke/Hereke
هركيد,Herke/Herkid
هركيت,Herke/Herkit
هركيت,Herke/Herkit
قاركه,Herke/Karki
كاركى,Herke/Karki
هرقوص,Herkus
هرمان,Herman
هرمل,Hermel
هرمونيزى,Hermonizi
هارمونيس,Hermonizi/Harmonis
هارمونيسى,Hermonizi/Harmonisi
اوفيدوسه,Hermonizi/Ofidusa
اوفيدوسا,Hermonizi/Ofidusa
يبان,Hermonizi/Yaban
ييلان,Hermonizi/Yılan
هرناد,Hernad
هه رو,Hero
هرسك,Hersek
هَرْسك,Hersek
هرْسك,Hersek
هرسك,Hersek
هرسين,Hersin
هرسينى,Hersini
هرتو,Hertev
هروتيان,Herutyan
هشترود,Heştrud
هتش,Heteş
هوار,Hevar
هوك,Hevek (?)
هوش,Heveş
هودى,Hevidi
هويدى,Hevidi
هويدى,Hevidi
هديرى,Hevidi/Hediri
سوارلى,Hevidi/Süvarlı
هور,Hevr
هكبه لى اطه,Heybeliada
هكبلى اطه,Heybeliada
هكبه لى,Heybeliada/Heybeli
هزاره,Hezara
هزارغراد,Hezargrad
رازغراد,Hezargrad/Razgrad
هزارمرد,Hezarmerd
هزارشاه,Hezarşah
هزك,Hezek
هزق,Hezek
هزوك,Hezek/Hezuk
هيزك,Hezek/Hizek
خلخنه,Hılhına
خيماره,Hımara
حماره,Hımara
خماره,Hımara
خيمارا,Hımara
نفس خيماره,Hımara merkez
حماران,Hımaran
خمارجى,Hımarcı
خنس,Hınıs
حنس,Hınıs
خنيس,Hınıs
خنس,Hınıs
حنوس مع تكمان و عشائر زريقى,Hınıs (Hınus) maa Tekman ve Aşair-i Ziriki
حنس و حاندرس,Hınıs ve Handırıs
خنس و تكمان,Hınıs ve Tekman
حنس و تكمان,Hınıs ve Tekman
تكمان مع  خنس,Hınıs ve Tekman/Tekman maa Hınıs
خنوس,Hınıs/Hınus
حنوس,Hınıs/Hınus
خنزيره,Hınzıra
خنزيري,Hınzırı
خنزيرى,Hınzırı
خنزورى,Hınzori
خربة حزور,Hırbet-i Hazzur
خربۀ حذور,Hırbet-i Hazzur
خربة حذور,Hırbet-i Hazzur
جبل حزور,Hırbet-i Hazzur/Cebel-i Hazzur
حزور,Hırbet-i Hazzur/Hazzur
حذور,Hırbet-i Hazzur/Hazzur
خرقه,Hırka
خرسز,Hırsız
خرسوفى,Hırsofi
حرسوفى,Hırsofi
خرسوخو,Hırsofi/Hırsohu
خرسوه,Hırsofi/Hırsova
حرسوه,Hırsofi/Hırsova
حرْسُوى,Hırsofi/Hırsovi
حرسوفى,Hırsofi/Hırsovi
خرشوفى,Hırsofi/Hırşofi
قره صوفي [خرسوفي],Hırsofi/Karasofi
حرصوه,Hırsova
خرسوه,Hırsova
حرسوه,Hırsova
خرصوه,Hırsova
حرتار,Hırtar
بازار خرتار,Hırtar/Pazar-ı Hırtar
حروات,Hırvat
خروات مملكتي,Hırvat Memleketi
حسن كيف,Hısn-ı Keyf
حسنكيف,Hısn-ı Keyf
حصن كيف,Hısn-ı Keyf
حصنى كيف,Hısn-ı Keyf
حسنكهف,Hısn-ı Keyf
حسن كهف,Hısn-ı Keyf/Hısn-ı Kehf
حصن كيفا,Hısn-ı Keyf/Hısn-ı Keyfa
حسنكيفا,Hısn-ı Keyf/Hısn-ı Keyfa
حصنكيفا,Hısn-ı Keyf/Hısn-ı Keyfa
حصن كيف,Hısn-ı Keyf/Şehir
شهر,Hısn-ı Keyf/Şehir
حصنمنصور,Hısn-ı Mansur
حصن منصور,Hısn-ı Mansur
حسن منصور,Hısn-ı Mansur
حصن منصور مع كاخته,Hısn-ı Mansur maa Kahta
حصنمنصور و صمصاد و بزه كى,Hısn-ı Mansur ve Samsad ve Biziki (Bizeki (?))
آدى يمان,Hısn-ı Mansur/Adıyaman
حصين منصور,Hısn-ı Mansur/Hısın-ı Mansur
حصن زياد,Hısn-ı Ziyad
حصن الاكراد,Hısnülekrad
حسن الا كراد,Hısnülekrad
حصن الا كراد,Hısnülekrad
حصن,Hısnülekrad/Hısn
حصن,Hısnülekrad/Hısn
حصن اكراد,Hısnülekrad/Hısn-ı Ekrad
قلعۀ حصن,Hısnülekrad/Kale-i Hısn
حطاى,Hıtay
حيه رونيزى,Hıyaronizi/Guruna
غورونا,Hıyaronizi/Guruna
خضر دراجى,Hızırdürraci
خضر دارجى,Hızırdürraci/Hızırdarici
حبر,Hiber
حجاز,Hicaz
هدويك,Hidvig
هِيهْ,Hih
هيه,Hih
هلييودورمييا,Hiliyodoromiya
جامليجه,Hiliyodoromiya (Çamlıca)/Hilodoromiye
چامليجه,Hiliyodoromiya (Çamlıca)/Hilodoromiye
حلادورينه,Hiliyodoromiya (Hıladorina)/Çamlıca
آلى دروميه,Hiliyodoromiya/Alidoromiya
چاملجه,Hiliyodoromiya/Çamlıca
چامليجه,Hiliyodoromiya/Çamlıca
درومه,Hiliyodoromiya/Doroma
حالدرومى,Hiliyodoromiya/Halidoromi
حلادورميه,Hiliyodoromiya/Hıladormiye
هليدروميا,Hiliyodoromiya/Hilidoromiya
هلييودوروميا,Hiliyodoromiya/İkoş
قرلانغج,Hiliyodoromiya/Kırlangıç
كليدروميا,Hiliyodoromiya/Kilidiromya
حله,Hille
حِلّه,Hille
حلّه,Hille
حيلون,Hilvan
همت,Himet
هند جيدام,Hind-i Cidam
هند قدام,Hind-i Cidam/Hind-i Kıdam
هندولى,Hindili
هندستان,Hindistan
هنديه,Hindiye
هنديه,Hindiye
هنديّه,Hindiye
حنكان,Hinkan
حرا,Hira
حيرون,Hiron
هيرون,Hiron
هرّه (؟),Hirra (?)
حصار,Hisar
حصاران,Hisaran
حصارجق,Hisarcık
حصارجق,Hisarcık
حصارلق,Hisarlık
حصار اوكى,Hisarönü
حصار اوڭى,Hisarönü/Filyos
فليوس,Hisarönü/Filyos
هشين,Hişin
همشين,Hişin/Hemşin
همشين,Hişin/Hemşin
هيت,Hit
خيان,Hiyan
خيان و پيچار و قلب,Hiyan ve Piçar ve Kulb
خيزان,Hizan
خيزان,Hizan
حيزان,Hizan
خِيزَانْ,Hizan
خزان,Hizan
حزان,Hizan
حيزان و نمران و مروانان,Hizan ve Namran ve Mervanan
آشاغى قره صو,Hizan/Aşağıkarasu
خَزَان,Hizan/Hazan
خيزان,Hizan/Karasu-yı Süfla
قره صوى سفلا,Hizan/Karasu-yı Süfla
خيزوب,Hizub
خوبانسقى,Hobanskı
حوبانسقى,Hobanskı
خواجه بك,Hocabey
خواجه لر,Hocalar
خوچه,Hoça
بازار خوچه,Hoça/Pazar-ı Hoça
خوچاش,Hoçaş
حوجوان,Hoçuvan
خوجوان,Hoçuvan
خوچوان,Hoçuvan
جوجوان,Hoçuvan/Cocuvan
خود,Hod
خوديجور,Hodiçor
خوديچور,Hodiçor
حودروچور,Hodiçor/Hodiroçor
حودرچور,Hodiçor/Hodiroçor
حودى دده,Hodidede
هودى دده,Hodidede
خوخ,Hoh
خوخ عليا,Hoh-ı Ulya
حوكاد,Hokad
حوقو,Hoko
خولا,Hola
خوله,Hola
خلونيك,Holavnik
جلونيك اوته يقه,Holavnik-i Öteyaka/Celovnik-i Öteyaka
قلعۀ خلونيك,Holavnik/Kale-i Holavnik
خولخول,Holhol
هوللوق,Hollok
حوما,Homa
حومه,Homa
خومه,Homa
حوما و كيكلر,Homa ve Geyikler
كيكلر مع حومه,Homa ve Geyikler/Geyikler maa Homa
كيكلرمع حوما,Homa ve Geyikler/Geyikler maa Homa
خومارو,Homaro
خومرياقو,Homeryako
حوناز,Honaz
خوناز,Honaz
حوناز و تموق,Honaz ve Temuk
حوند,Hond
حندوف,Hondof
خوپه,Hopa
خوبه,Hopa
حوپه,Hopa
حورا,Hora
خوره,Hora
خورا,Hora
خراسان,Horasan
خوراسان,Horasan
پاسين سفلى,Horasan (Pasin-i Süfla)/Mecingerd
پاسين سفلا,Horasan (Pasin-i Süfla)/Mecingerd
پاسين سفلا,Horasan/Pasin-i Süfla
حورحون,Horhon
خورخوره,Horhora
حورمووه,Hormova
خورنوويل,Hornovil
حورودق بدرحو,Horodok Bederho
خروس,Horos
خورسونلى,Horsunlu
حورتاچ,Hortaç
خورتاج,Hortaç
خروش رستم,Horuşrüstem
خوارزم و سراجلو,Horzum ve Siraclı
حوسته,Hosta
حوسنه,Hosta/Hosna
خوشاب,Hoşab
حميديه,Hoşab/Hamidiye
كشاب,Hoşab/Keşab
محمودى,Hoşab/Mahmudi
خوشاب,Hoşab/Mahmudi
حوشاب,Hoşab/Mahmudi
محموديه,Hoşab/Mahmudiye
معمورةالحميد,Hoşab/Mamuretülhamid
معمورة الحميد,Hoşab/Mamuretülhamid
خوش آلاى,Hoşalay
خوس آلاى,Hoşalay
خوش الاى,Hoşalay
حوش الاى,Hoşalay
هوشين,Hoşin
خوشكار,Hoşkar
خوشناو,Hoşnav
خشورنى,Hoşorni
حوش اووا,Hoşova
خوتاليچ,Hotaliç
حوتاليج,Hotaliç
خوتاليج,Hotaliç
حوتاليچ,Hotaliç
هوتاليج,Hotaliç
دومانيج,Hotaliç (Domaniç)/Servi
سراى نيكبولى,Hotaliç/Saray-ı Niğbolu
سلوى,Hotaliç/Selvi
حوتاليچ,Hotaliç/Selvi
حوتالچ,Hotaliç/Selvi
حوتاليج,Hotaliç/Selvi
خوتاليج,Hotaliç/Selvi
سروى,Hotaliç/Servi
حوتاليج,Hotaliç/Servi
خوطمش,Hotamış
خوطامش,Hotamış
حوطمش,Hotamış
دربندى خوطمش,Hotamış/Derbendi Hotamış
حوتانيچه,Hotaniçe
خوطاشلى,Hotaşlı
حوطاشلى,Hotaşlı
خوتين,Hotin
خوتون,Hoton
حوتون,Hoton
حواقل,Hovakil
هوواكل,Hovakil
هواكل,Hovakil
حوواكل,Hovakil
خوى,Hoy
حوى,Hoy
حوي,Hoy
حوى,Hoy (?)
كوى,Hoy (Köy (?))
كوي,Hoy (Köy (?))
خوى كوچك,Hoy-ı Küçük (?)
حويدر,Hoyder
حويران,Hoyran
خويران,Hoyran
خوزنس,Hozanis
هويران مع مازكرد,Hozat (?)(Hoyran (?)) maa Mazgird
حو نكره,Höngüre
هونكره,Höngüre
هوسنك,Hösnek
خسره ويران,Hösreviran
خرام,Hram
حرام,Hram
حرآم,Hram
احرام مع كوكرجنلك,Hram maa Güğercinlik/İhram maa Güğercinlik
احرام و كوكرجنلك,Hram ve Güğercinlik/İhram ve Güğercinlik
حرام عتيق,Hram-ı Atik
قلعۀ حرام,Hram/Kale-i Hram
حراسنو,Hrasno
حراشتان,Hraştan
خرستيانى,Hristiyani
بيوك خريستيانه,Hristiyani/Büyükhıristiyana
فراشه,Hristiyani/Faraşa
فرستيانا,Hristiyani/Fristiyana
خرستيان,Hristiyani/Hristiyan
استانبوليّه پاپاسلغى,Hristiyani/İstanbuliye Papaslığı
قرستيانا,Hristiyani/Kristiyana
خرومناستر,Hromanastır
حوبان,Huban
!حبيله,Hubeyle!
حبيش,Hubeyş
جيش,Hubeyş/Ceyş
جيش,Hubeyş/Ceyş
حجيله,Huceyle
حجور,Hucur
حديده,Hudeyde
حديده,Hudeyde
نفس حديده,Hudeyde merkez
هودي,Hudi
هودى,Hudi
حورى,Hudi/Huri
حفاش,Hufaş
خوفتي (؟),Hufiti (?)
حفره,Hufra
حفرا,Hufra
ارقر,Hufra (Arkar (?))
حفره و شرقيه,Hufra ve Şarkiye
حفره شرقيه,Hufra ve Şarkiye/Hufra-i Şarkiye
حضرو,Hufra/Hazru
هفوف,Hufuf
نفس هفوف,Hufuf merkez
الحفوف,Hufuf/el-Hufuf
حوله,Hula
حولا,Hula
حوله و شعرا,Hula ve Şara
حوله و شعار,Hula ve Şara/Hula ve Şiar
الحوله,Hula/el-Hula
حولنه,Hula/Havline
حلومج,Hulumiç
حلوميج,Hulumiç
خلومج,Hulumiç
حلونك,Hulvenk
حمر,Humar
خوم ايلى,Humili
خمس,Hums
خَمس,Hums
نفس خمس,Hums merkez
خمس ساحل سيلين,Hums ve Sahil-i Silin
خمس,Hums/Lebde
ناحيۀ خمسى,Humsi/Nahiye-i Humsi
حمص,Humus
حَمص,Humus
حمس,Humus
خمص,Humus
حمس,Humus
حَمص مع تَدمُر,Humus maa Tedmür
نفس حمص و حصن الاكراد,Humus merkez ve Hısnülekrad
حميص,Humus/Hamis
هون,Hun
جو,Hun/Cu
هونين,Hunin
هَونين,Hunin
هونين و ساحل قانه,Hunin ve Sahil-i Kana
هونين و ساحل قانه و مرج عيون,Hunin ve Sahil-i Kana ve Merc-i Uyun
جبل هونين,Hunin/Cebel-i Hunin
هنود,Hunud
حنود,Hunud
خبوس,Hupus
خور علي,Hur Ali
حوريده,Huride (?)
حويزه,Huride (?) (Huveyza (?))
حورمالو,Hurmalı/Hurmalu
خورمان,Hurman
حورمان,Hurman
حرمان,Hurman
خورماتو,Hurmatu
خورپشته,Hurpeşte
حورپشته,Hurpeşte
خوربشته,Hurpeşte
خورپوشته,Hurpeşte/Hurpoşte
اشتن,Hurpeşte/İştin
اشتين,Hurpeşte/İştin
هرّو,Hurru
هورّرو,Hurru/Horroru
خرشدلر,Hurşidler
بيوك فورنوز,Hurşidler/Büyükfurnoz
فورنى,Hurşidler/Furni
خرشيدلر,Hurşidler/Furni
فورنوس,Hurşidler/Furnos
فرنوز,Hurşidler/Furnoz
فورنوز,Hurşidler/Furnoz
خرشيدلر,Hurşidler/Furnoz
قورناز,Hurşidler/Furnoz (Kurnaz)
خورشودلر,Hurşidler/Hurşudlar
ورنوس,Hurşidler/Vurnos
حوساطين,Husatin
حواطي,Huvati
حويت,Huyut
خويت,Huyut
خيوط,Huyut
خويوط,Huyut
جنوط,Huyut/Cenut
حويد,Huyut/Huyud
خيوط,Huyut/Rabat
ربط,Huyut/Rabat
هوبان,Hüban
خداوندكار,Hüdavendigar
خداوندگار,Hüdavendigar
حداوندكار,Hüdavendigar
خُداوَنْدكار,Hüdavendigar
بك,Hüdavendigar/Bey
حمريك,Hümrik
هنكامك,Hüngemek
هُورَمُتْ,Hüremüt
هرمز,Hürmüz
هورمز,Hürmüz
حرم اباد,Hürremabad
حسين آباد,Hüseyinabad
حسين اباد,Hüseyinabad
حسين آباد و ممالو,Hüseyinabad ve Mamalı
حسين آباد,Hüseyinabad/Alaca
آلاجه,Hüseyinabad/Alaca
حسين اوا,Hüseyinabad/Hüseyinova
حسينى,Hüseyni
حسينيه,Hüseyniye
حسيب,Hüseyniye/Hüseyb
خسرو,Hüsrev
هويدان,Hüveydan
خويرج,Hüveyric
ابلاى,Iblay
ايغال,Igal
ايغدير,Iğdır
اكدير,Iğdır/İğdir
اقطاع ولايت طره پاي عرب,Ikta-ı vilayet-i Turabay-ı Arab
اقتار,Iktar
ايلغاز,Ilgaz
ايلغين,Ilgın
الغين,Ilgın
الغون و اسحاقلو,Ilgın (Ilgun) ve İshaklı
الغون,Ilgın/Ilgun
ايلغون,Ilgın/Ilgun
ايليجه,Ilıca
ايليجۀايدوس,Ilıca-i Aydos
ايليجه,Ilıca-i Aydos/Ilıca
ايليجۀ برغمه,Ilıca-i Bergama
اليجۀ برغمه,Ilıca-i Bergama
ايليجه برغمه,Ilıca-i Bergama
ايليجۀ  برغمه,Ilıca-i Bergama
ايليجه,Ilıca-i Bergama/Ilıca
ايليجۀ  برغمه,Ilıca-i Bergama/Zağnos
اليجۀ كوستنديل,Ilıca-i Köstendil
كوستنديل,Ilıca-i Köstendil (Köstendil)/Ilıca
ايلجه,Ilıca-i Köstendil (Köstendil)/Ilıca
ايليجه,Ilıca-i Köstendil/Ilıca
كوستنديل,Ilıca-i Köstendil/Köstendil
كوستنديل ايلجه سى,Ilıca-i Köstendil/Köstendil Ilıcası
ايليجۀ  صاروخان,Ilıca-i Saruhan
ايليجه صارو خان,Ilıca-i Saruhan
ايليجه,Ilıca-i Saruhan (Ilıca)/Turgudlu Ilıca
ايليجه,Ilıca-i Saruhan/Ilıca
اورغانلى,Ilıca-i Saruhan/Urganlı
ايليجۀ صاروخان,Ilıca-i Saruhan/Urganlı
ايلى صو,Ilısu
ايپصاره,Ipsara
اِپْصاره,Ipsara
اپصاره,Ipsara
اِپْصارى,Ipsara
ايپصارا,Ipsara
اپصارا,Ipsara
اپصاره,Ipsara
ايپصاره,Ipsara
جزيرۀ ايپصاره,Ipsara/Cezire-i Ipsara
ايبصاره,Ipsara/Ibsara
ابصره,Ipsara/Ibsara
ابصاره,Ipsara/Ibsara
ابصره,Ipsara/Ibsara
ايبصارا,Ipsara/Ibsara
ابصاره جزيره سى,Ipsara/Ipsara Ceziresi
اپسلا,Ipsara/İpsala
اپصاله,Ipsara/İpsala
عراق,Irak
عراق عرب,Irak-ı Arab
ارقليه,Irakliya
هركليا,Irakliya/Herakliya
هركليه,Irakliya/Herakliya
راقليه,Irakliya/Rakliya
رقليه,Irakliya/Rakliya
عرق قورب,Irk-ı Kurab
غروب آداجقلرى,Irk-ı Kurab/Gurub Adacıkları
اسفهان,Isfahan
اسقلا,Iskala
نفس اسقلا,Iskala merkez
اسقرادين,Iskıradin
اسقره دين,Iskıradin
اسقرادين,Iskıradin/Blasık
قلعۀ اسقرادين,Iskıradin/Kale-i Iskıradin
اسقراپار,Iskırapar
اسقراپار,Iskırapar
اسقره پار,Iskırapar
اسقرا پار,Iskırapar
اسقرپار,Iskırapar
اسقرابار,Iskırapar
اسقره,Iskırapar/Iskıra
اصلاحيه,Islahiye
اصلا حيه,Islahiye
اسلاتنيك,Islatnik
اسلاطنيك,Islatnik
اسلاطنه مع مويسلاوينه,Islatnik (İslatina) maa Movislavine
اسلاطنه,Islatnik/İslatina
قلعۀ اسلاتنيك,Islatnik/Kale-i Islatnik
اسلاوقوفچه,Islavkofça
اسلاوقوجه,Islavkofça/Islavkovce
اسپالاترو اطه لرى,Ispalatro Adaları
اسپارطه,Isparta
اسپارته,Isparta
اسبارته,Isparta
اسپرته,Isparta
نفس اسپارطه,Isparta merkez
نفس حميد,Isparta merkez/Hamid merkez
اسبارته,Isparta/Hamid
حميد,Isparta/Hamid
حميد آباد,Isparta/Hamidabad
اسپارطه,Isparta/Hamidabad
اسبارته,Isparta/Isbarta
اسپارتى,Isparti
ايشپارتى,Isparti/İşparti
سپارتى,Isparti/Sparti
استرانجه,Istranca
استرومبولى,Istromboli
ايشق طاغى,Işıkdağı
ايشيق طاغى,Işıkdağı
عشقلر,Işıklar
اشقلر,Işıklar
ايشيقلر,Işıklar
عيال سريح,Iyal-i Sureyh
جبل عيال سريح,Iyal-i Sureyh/Cebel-i Iyal-i Sureyh
ازغار,Izgar
اب,İb/İbb
نفس اب,İb/İbb merkez
ابرادى,İbradı
ابرادي,İbradı
ابراهيميه,İbrahimiye
ابرائل,İbrail
برائيل,İbrail
ابرائيل,İbrail
ابرائيل,İbrail/Brail
ايبراله,İbrala
ابراله,İbrala
ابره,İbre
ابريق تپه,İbriktepe
ايبريق تپه,İbriktepe
ابريم,İbrim
ايجانيس,İcanis
ايجرود,İcrud
ايچ,İç
ايچ ايل,İçel
ايج ايل,İçel
ايج ايل,İçel/İçil
ايچ ايل,İçel/Silifke
سلفكه,İçel/Silifke
ايچ ايل,İçil
ايچ ال,İçil
اقچه ايل,İçil/Akçail
ايچكى,İçki
ايجكي,İçki
قلغه سلطان ايجكيسى,İçki/Kalgasultaniçkisi
سلطان,İçki/Sultan
سلطان ايچكيسى,İçki/Sultaniçkisi
ايچمه,İçme
شيخ حاجى,İçme/Şeyhhacı
اچتاحيه,İçtahiye
اچوتوشه,İçvituşa
ايد,İd (?)
ايدا,İda
ايذا,İda (İza)/Psiloriti
ايذا,İda/İza
ادلب,İdlib
ادليب,İdlib
ادليب الصغرى مع معرّة المصرين,İdlib (İdlibüssuğra) maa Maarratülmısrin
ادليب الصغرى,İdlib/İdlibüssuğra
ايدرى,İdri
ايدورشته,İdvorişte
افرازفنارس,İfraz-ı Fenaris
افراز,İfraz-ı Fenaris/İfraz
افتخار,İftihar
ايكده لى,İğdeli
اكدير,İğdir
اگدر,İğdir
ايكدير,İğdir
اكدر,İğdir
اگدر,İğdir
اكدير مع قارديج,İğdir maa Kardiç
اگدر مع قارديج,İğdir maa Kardiç
اكردير مع ناحيۀ قارديچ,İğdir maa Kardiç/Eğirdir maa Nahiye Kardiç
ناحيۀ قارديچ  مع اكدر,İğdir maa Kardiç/Nahiye-i Kardiç maa İğdir
اگدر مع ناحيۀ قارديج,İğdir maa Nahiye-i Kardic
اگدر مع ناحيۀ قارديج,İğdir maa Nahiye-i Kardiç
ايغنوت,İğnavut
ايغناوت,İğnavut
ايكنه اطه,İğneada
ايكنه آطه,İğneada
اهدن,İhdin
اهلونه,İhlivne
اهليونه,İhlivne
هلونه,İhlivne/Hlivne
لى ونو,İhlivne/Livno
اهلونه,İhlivne/Livno
واروش هلونه,İhlivne/Varoş-ı Hlivne
واروش قصبۀ هلونه,İhlivne/Varoş-ı Kasaba-i Hlivne
اختك,İhtik
أختيك,İhtik
اختكلر,İhtik/İhtikler
احتمه,İhtima
احتما,İhtima
ايختيما,İhtima
اهتمان,İhtiman
احتمان,İhtiman
اِهْتِمانْ,İhtiman
اختيار,İhtiyar
احتيار,İhtiyar
اژدرل,İjdiril
ايژديرل,İjdiril
ايزديرل,İjdiril/İzdiril
ايزدرل,İjdiril/İzdiril
ايكى قپولى,İkikapılı
ايكى قبولى,İkikapılı
ايكى قبُّولى,İkikapılı
ايكي قپولو,İkikapılı/Hisya
حسيه,İkikapılı/Hisya
ايكى قارداش,İkikardeş
ايكيزلر,İkizler
اقليم بلان,İklim-i Bellan
اقليم بلاّن,İklim-i Bellan
اقليم بلانه,İklim-i Bellan/İklim-i Bellane
اقليم البلاّن,İklim-i Bellan/İklimülbellan
اقليم البلان,İklim-i Bellan/İklimülbellan
اقليم خرنوب,İklim-i Harnub
اقليم خروب,İklim-i Harnub/İklim-i Harrub
اقليم خرّوب,İklim-i Harnub/İklim-i Harrub
اقليم الخرنوب,İklim-i Harnub/İklimülharnub
اقليم سودان,İklim-i Sudan
اقليم الدّاراني,İklimüddarani
اقليم دارانى,İklimüddarani/İklim-i Darani
اقليم التفاح,İklimüttüffah
صيدا,İklimüttüffah (İklim-i Tüffah)/Sayda
اقليم تفاح,İklimüttüffah/İklim-i Tüffah
اقليم تفّاح,İklimüttüffah/İklim-i Tüffah
اقليم الزّبِيب,İklimüzzebib
اقليم الزبيب,İklimüzzebib
اقليم زبيب,İklimüzzebib/İklim-i Zebib
اكسرمره,İksermora
اكسرموره,İkseromora
اكسرمره,İkseromora
اكسرمروز,İkseromora/İkseromoroz
ايلادييه,İladiye
ايلبصان,İlbasan
البصان,İlbasan
ايل بصان,İlbasan
ايل بكى,İlbeyi
ايل بيكى,İlbeyi
ايلبكلى,İlbeyli
ايل بكلو,İlbeyli
ايل بكلى,İlbeyli
ايل بگلى,İlbeyli
ايلبگلو,İlbeyli
ايلبكلو,İlbeyli
قياديبى,İlbeyli/Kayadibi
ايلبنوز,İlbinoz
ايلدير,İldir
الداري,İldir/İldarı
ايله دير,İledir/Eyledir (?)
ايلفوو مع بكرش,İlfov maa Bükreş
ايلغواره,İlgavara
غواره,İlgavara/Gavara
خرمال,İlgavara/Hurmal
ايلنچه,İlinçe
اليصره,İlisıra
ايليه,İliye
ايلميس,İlmis
ايلموس,İlmis/İlmus
ايلوق,İlok
ايلوغ,İlok
ايلق,İlok
الوس,İlos
ايلوات,İlvat
الياكى,İlyaki
اِلْياكى,İlyaki
ايلياكى,İlyaki
الياكى,İlyaki
پسقوپى,İlyaki (Piskopi)/Tilos (Tilo)
تيلوز,İlyaki (Tiloz)/İleki
اپسقوپي,İlyaki/Episkopi
ايلكى,İlyaki/İleki
پسقوپى,İlyaki/Piskopi
تيلوس,İlyaki/Tilos
ايليان,İlyan
الياس بيك,İlyasbey
الياطلو,İlyatlu (?)
عماديه,İmadiye
عماديّه,İmadiye
عماديه,İmadiye
امام دور,İmamdevr
امانيه,İmanya
اميرحوى,İmirhavi
اميرحوي,İmirhavi
اميرخوى,İmirhavi
ميرحو وصاتليل,İmirhavi ve Satlil/Mirhav ve Satlil
امر صو,İmirhavi/Emirsu
ايمه رخاو,İmirhavi/İmerhav
ايمرحو,İmirhavi/İmirhav
املاحور,İmlahor
ايموجقه,İmoçka
ايموچقه,İmoçka
ايموچقه و ناحيۀ ژوپه,İmoçka ve Nahiye-i Korskajupe (Jupe)
ايموته,İmoçka/İmote
قلعۀ ايموچقه,İmoçka/Kale-i İmoçka
امرالى,İmralı
ايمرالى,İmralı
امرالى,İmralı
ايمرالى,İmralı
جزيرۀ امرالى,İmralı/Cezire-i İmralı
جزيرۀ امرالى,İmralı/Cezire-i İmralı/Mirali
جزيرۀ مير علي,İmralı/Cezire-i Mirali
امير على,İmralı/Emirali
امر على,İmralı/Emirali
امير على جزيره سى,İmralı/Emirali Ceziresi
امراللى,İmralı/İmrallı
ايمرالى,İmralı/Kalolimni
مير على,İmralı/Mirali
عمرانيه,İmraniye
عمرانلى,İmranlı
امروز,İmroz
ايمروز,İmroz
امروز,İmroz
ايمروز اطه سى,İmroz Adası
جزيرۀ امروس,İmroz/Cezire-i İmros
جزيرۀ امروز,İmroz/Cezire-i İmroz
امروز,İmroz/Gökçeada
ايمروس,İmroz/İmros
امروس,İmroz/İmros
پاولى,İmsakiye/Pavlı
اين,İn
ايناللوباللو,İnallıballı
ايناللى باللى,İnallıballı
ناللى باللى مع دونكسه آباد,İnallıballı (Nallıballı) maa Dönekseabad
اينائللى,İnallıballı/İnailli
ايناللو,İnallıballı/İnallı
ايناللو و باللو,İnallıballı/İnallı ve Ballı
اينانلو,İnallıballı/İnanlı
ايناللوباللو,İnallıballı/Mazun
ايناى,İnay
اناي,İnay
اناى,İnay
اناى اشمه,İnay/İnay-ı Eşme
اينجه آغز,İnceağız
بلكۀ اينجه آغز,İnceağız/Bölge-i İnceağız
اينجه اغرى,İnceağız/İnceağrı
اينجه اغزى بولكه سى,İnceağız/İnceağzıbölgesi
اينجه باير,İncebayır
انجه جك,İncecik
اينجه قره صو,İncekarasu
انجه رود,İncerud
اينجه صو,İncesu
انجر,İncir
انجير,İncir
آىي يوركى,İncir/Ayiyorgi
جورجى,İncir/Corci
اينجرلى,İncirli
اينجيرلى,İncirli
انجورلو,İncirli
انجيرلى,İncirli
انجرلو,İncirli
انجيرلو,İncirli
انجرلى,İncirli
انجيرلى,İncirli
نفس انجيرلى,İncirli merkez
جزيرۀ انجيرلى,İncirli/Cezire-i İncirli
انجير,İncirli/İncir
اينجيرلى اطه,İncirli/İncirliada
انجيرلو,İncirli/İncirlü
نيسارى,İncirli/Nisari
نيسارو,İncirli/Nisaro
نيسيروس,İncirli/Nisiros
نيسروس,İncirli/Nisiros
انجير بازارى,İncirpazarı
انجير پازارى,İncirpazarı
انجر پازارى,İncirpazarı
انجيرلى,İncirpazarı/İncirli
اينجوكز,İncüğez
انجوكز,İncüğez
انجيكز,İncüğez/İnciğez
انچه,İnçe
انجه,İnçe/İnce
اينده سيل,İndesil
هندي تسيلي,İndesil/Hinditesili
اندورنك,İndronik
اينديروك,İndronik/İndirük
اينه بختى,İnebahtı
اينه بحتى,İnebahtı
اينه بختي,İnebahtı
اينَه بَحتي,İnebahtı
اينه بحتي,İnebahtı
اَيْنَه باَخْتِى,İnebahtı/Eynebahtı
اينه بولى,İnebolu
اينابولي,İnebolu
كوره,İnebolu Küre/Küre
اينه بولى كوره,İnebolu Küre/Küre
نفس اينه بولى,İnebolu merkez
كورۀ معموره,İnebolu/Küre-i Mamure
اينه بولى,İnebolu/Küre-i Mamure
اينه جك,İnecik
اينجك,İnecik
اينه بازارى,İnecik/İnepazarı
اينه جك,İnecik/İnepazarı
اينه غوشته,İnegoşta
اينه كول,İnegöl
اينه كول ايدين,İnegöl-i Aydın
اينه گول آيدين,İnegöl-i Aydın
اينه كول,İnegöl-i Aydın (İnegöl)/Alaşehir İnegöl
اينه كول,İnegöl-i Aydın/İnegöl
اينه كول بروسه,İnegöl-i Bursa
اينه كول بروسا,İnegöl-i Bursa
اينه گول بروسه,İnegöl-i Bursa
اينه كول,İnegöl-i Bursa/İnegöl
اينه قوللر,İnekollar
اين اوى,İnevi
اين اوكى,İnevi/İnönü
مرسل افندى,İnevi/Mürselefendi
انگليز ولايتي,İngiliz Vilayeti
اين حصار,İnhisar
اينكرمان,İnkirman
اين كرمان,İnkirman
انكرمان,İnkirman
اين كرمن,İnkirman
انكرمان قلعسى,İnkirman/İnkirmankalesi
اينقوروناتا,İnkoronata
قوروناتا,İnkoronata/Koronata
اين اوكى,İnönü
اين اوكي,İnönü
اين اوكى,İnönü/Bozöyük
اينوس,İnös
اينوز,İnöz
اينوز,İnöz/Enes
اينوس,İnöz/İnös
اين صويى,İnsuyu
اينتيلى,İntilli
ايپك,İpek
ايبك,İpek
ايپك,İpek
ايبك مع احرام,İpek maa Hram (İhram)
نفس ايپك,İpek merkez
ايپك,İpek/Peç
اپلاقوه,İplakova
اپلاطانو,İplatano
اپصاله,İpsala
ايپصاله,İpsala
اپساله,İpsala
ايبصله,İpsala
ايبصاله,İpsala
اِيپْصاله,İpsala
ابصاله,İpsala
ابصله,İpsala
اپساله وكشان,İpsala ve Keşan
ابسلى,İpsili
ايپسيلى,İpsili
اپسيلى,İpsili
اپسلى,İpsili
حاى اپسيلى,İpsili/Hay İpsili
حاى اپسلى,İpsili/Hay İpsili
هپسيلى,İpsili/Hipsili
ايبسلى,İpsili/İbsili
قانلى اطه,İpsili/Kanlıada
سيقى,İpsili/Sıkı
شيطان,İpsili/Şeytan
اپشنه,İpşine
اپتچار,İptiçar
اربيد,İrbid
اربد,İrbid
اربد و عجلون,İrbid ve Aclun
اَرْبَدْ,İrbid/Erbed
ارملو,İremli
اِرَمْلو,İremli
ايرسك,İresik
ايره سك,İresik
ايريسك,İresik/İrisik
ايركمنصور,İrgemansur
ايرك,İrig
ايريك,İrig
اريك,İrig
ايرنكل,İringil
ايرينكيل,İringil
ايرژانه,İrjana
بازار ارژانه,İrjana/Pazar-ı İrjana
رژانه,İrjana/Rijana
اِرْلاَنْدهَ,İrlanda
ايرله,İrle
ارله,İrle
ايرله مع ياويجه,İrle maa Yavice
ارله مع ياويجه,İrle maa Yavice
ايرله مع ياوجه,İrle maa Yavice
پاويچه مع  ايرله,İrle maa Yavice/Yavice maa İrle
ياويجه مع  ايرله,İrle maa Yavice/Yavice maa İrle
ياويجه مع  ايرله,İrle maa Yavice/Yavice maa İrle
ايرله مع يويجه,İrle maa Yaviçe
ايرمني,İrmini
ايرشوه,İrşova
ارشوه,İrşova
عيسى بگلى,İsabeyli
عيسى بكلى,İsabeyli
عيسى بكلى و خليل بكلو,İsabeyli ve Halilbeyli/Midyat Kazaları
ايساقجى,İsakcı
اساقجى,İsakcı
ايساقجه,İsakcı/İsakca
ايساقچى,İsakcı/İsakçı
اساقچى,İsakcı/İsakçı
اسحاقجى,İsakcı/İshakcı
ساقجى,İsakcı/Sakcı
اسفاچيا,İsfaçya
اسفاچيه,İsfaçya
براق,İsfaçya/Barak
باراق,İsfaçya/Barak
اسفاچه,İsfaçya/İsfaça
اسفاكيه,İsfakiye
نفس اسفاكيه,İsfakiye
اسفاكيا,İsfakiye
اِسْفاكْيَه,İsfakiye
اسفاكيا,İsfakiye (İsfakiya)/Lefkamori
جزيرۀ اسفا كيه,İsfakiye/Cezire-i İsfakiye
اسفاكيا,İsfakiye/İsfakiya
اسفكيا,İsfakiye/İsfekya
قستل اسفاكيا,İsfakiye/Kastel-i İsfakya
اسفاقس,İsfaks
اصفاقس,İsfaks
اصفقس مع كركنه,İsfaks maa Kerekene
اِصْفَقسْ مع كَرْكَنَه,İsfaks maa Kerekene
اصفَقسْ مع كركنه,İsfaks maa Kerkene
اسفنداباد,İsfendabad
اسفرليك,İsferlik
اسفرلك,İsferlik
اسفرليك,İsferlik
اسفرلك بانه سى,İsferlik Banası
بانه,İsferlik Banası/Bana
بانا,İsferlik Banası/Bana
بانۀاسفرلك,İsferlik Banası/Bana-i İsferlik
اسفرلك,İsferlik/Bana
اسفنيار,İsfinyar
اسحاقلى,İshaklı
اسحاقلو,İshaklı
اسحقلى,İshaklı
اسحقلو,İshaklı
اسحاقلو,İshaklı
اسكاكوى (؟),İskakoy (?)
اسقنبو,İskanbo
اسقانبو,İskanbo
اسقانجه رو,İskancaro
اسقانجوره,İskancaro/İskancura
اسقنديل,İskancaro/İskandil
اسكانژوره,İskancaro/İskanjura
اسقانسور,İskancaro/İskansur
اسقانسورا,İskancaro/İskansura
اسقانديلى,İskandili
سقانديلى,İskandili/Skandili
ايسقر,İskar
اسكچه,İskeçe
اسكچه,İskeçe
اسكجه,İskeçe
نفس اسكچه,İskeçe merkez
اسكى جه,İskeçe/Eskice
اسكيجه,İskeçe/Eskice
اسكفيه,İskefiye
اسكفيه دره سى,İskefiye/İskefiyederesi
اسكفسر,İskefsir
اسكفسير,İskefsir
اسكفير و ميلاث و حبسمانه,İskefsir ve Milas ve Habsamana
رشاديه,İskefsir/Reşadiye
اسكله,İskele
طرابلس اسكله سى,İskele/Trablusiskelesi
اسكندربك,İskenderbey
اسكندريه,İskenderiye
اسكندريّه,İskenderiye
اسكندريۀ مصر,İskenderiye/İskenderiye-i Mısır
اسكندريّه مصر,İskenderiye/İskenderiye-i Mısır
اسكندرلى,İskenderli
اسكندرون,İskenderun
اسكندروقف,İskendervakıf
اسكيفى,İskifi
اسكلب,İskilib
اسكليب,İskilib
اسكلوح (؟),İskilib (İskiluh (?))
اسكلب مع نواحى و قطار,İskilib maa Nevahi ve Katar
اسكلب مع تحت الطريق,İskilib maa Tahtettarik
اسكلب مع تحت الطريق و قطر,İskilib maa Tahtettarik ve Katar
اسكينا,İskina
اسكنيد,İskinid
قلعۀ اسكنيد,İskinid (Kale-i İskinid)
قلعۀ اسكنيد,İskinid/Kale-i İskinid
اسكنوس,İskinos
اسكينوس,İskinos
اكينوزا,İskinos/İkinoza
اسكى نوسه,İskinos/İskinosa
اشكنوسه,İskinos/İşkinosa
كينوز,İskinos/Kinoz
كينوز,İskinos/Kinoz
سغنوز,İskinos/Sıgınoz
سكينه,İskinos/Sikine
سكينو,İskinos/Sikino
سيكينوز,İskinos/Sikinoz
سكينوز,İskinos/Sikinoz
سكينوسا,İskinos/Skinosa
شكنوس,İskinos/Şiknos
شكنوز,İskinos/Şiknoz
اسكيروپولون,İskiropulon
اسكروپول,İskiropulon/İskiropol
اسكيروپولو,İskiropulon/İskiropulo
اشكرۀ كوچك,İskiropulon/İşkire-i Küçük
اشكيروپولو,İskiropulon/İşkiropulo
ايسكييادوس,İskiyados
ايسكيادوس,İskiyados
اسكيادوس,İskiyados
اسكيادس,İskiyados
اسكاتوس,İskiyados/İskatos
اسكاتوز,İskiyados/İskatoz
اسكتوس,İskiyados/İsketos
ايسكدوز,İskiyados/İskidoz
اسكياثوس,İskiyados/İskiyasos
اسكياتوس,İskiyados/İskiyatos
اشكاتوس,İskiyados/İşkatos
اشكاتوز,İskiyados/İşkatoz
اشكتوس,İskiyados/İşketos
اشكتوز,İskiyados/İşketoz
سكاتوس,İskiyados/Skatos
سكياتوس,İskiyados/Skiyatos
ايسقوپلوس,İskopelos
اسقوپلوس,İskopelos
ايسقوپه لوس,İskopelos
اسكبلوز,İskopelos/İskebeloz
اسكپلوس,İskopelos/İskepelos
اسكيلوس,İskopelos/İskilos
اسكبولوز,İskopelos/İskoboloz
اسقولوس,İskopelos/İskolos
اسقوپولو,İskopelos/İskopolo
اسقوپولوطاقم اطه لرى,İskopelos/İskopolo Takımadaları
اسقپولوس,İskopelos/İskopolos
اشكابولوس,İskopelos/İşkabolos
اشكاپولوس,İskopelos/İşkapolos
اشكپولوز,İskopelos/İşkepoloz
اشكپولوس,İskopelos/İşkipolos
اشكبولوس,İskopelos/İşkobolos
اشكپولوس,İskopelos/İşkopolos
اشقوپولوس,İskopelos/İşkopolos
اشقوپولوس اطه لرى,İskopelos/İşkopolos Adaları
اشكپولوز,İskopelos/İşkopoloz
ايسقوپلوس اطه لرى,İskopelos/Teselyan Adaları
ايسقورپيو,İskorpiyo
اوسقوپيو,İskorpiyo/Oskopiyo
اويسقورپيو,İskorpiyo/Oskorpiyo
سقورپيو,İskorpiyo/Skorpiyo
اسقوليه,İskoyla
ايسقروپيدى,İskropidi
اسقريه,İskurya
اسقوديه,İskurya/İskodya
اسلاملو,İslamlı
اسلانقمن,İslankamen
واروش اسلانقمن,İslankamen/Varoş-ı İslankamen
اسلاوشته,İslavişte
اسلميه,İslimye
نفس اسلميه,İslimye merkez
اسليونه,İslivne
اسماعيل,İsmail
اسمعيل,İsmail
اسمعيل كچدى,İsmail/İsmailgeçidi
اسمعيل كچيدى,İsmail/İsmailgeçidi
اسماعيل كچدى,İsmail/İsmailgeçidi
اسماعيليه,İsmailiye
ايسميل,İsmil
اسميلان,İsmilan
اسميلوه,İsmilova
اسمولوك,İsmoluk
اسموسقه,İsmoska
اسنه,İsne
اسنفجه,İsnefçe
اسبالاتونيس,İspalatonis
اسپالاتونيسى,İspalatonis/İspalatonisi
اسپانوپول,İspanopol
اسپانيا,İspanya
اسپاص,İspas
اسپاس,İspas/Politlika
اسپاس,İspas/Politlika
اسپاص,İspas/Politlika
اسپايرت,İspayrıt
اسپايرت مع  خيزان,İspayrıt maa Hizan
اسبايرن,İspayrıt/İsbayren
اسپايرد,İspayrıt/İspayrıd
اوچوم,İspayrıt/Uçum
اسپلاترو,İspilatro
اسپر,İspir
اسپير,İspir
اسپر,İspir
اسبر,İspir
اسپر,İspir
نفس اسپر,İspir merkez
اسپره چه,İspireçe
اسپرلنقه,İspirlonka
اسپرلنقه,İspirlonka
اسپرلنغه,İspirlonka/İspirlonga/Spinilonga
اسپلت,İsplit
اسپورات اطه لرى,İsporat Adaları
اسپورات,İsporat Adaları
اسپوراد اطه لرى,İsporat Adaları/İsporad Adaları
اسپنراد اطه لرى,İsporat Adaları/İsporad Adaları
اسپوراط اطه لرى,İsporat Adaları/İsporad Adaları
اسپورات شرقى اطه لرى,İsporat-ı Şarki Adaları
اسپوينانچه,İspoynaniçe
اسريلجه (؟),İsrilçe (?)
استاماتى,İstamati
استانبول,İstanbul
استانبول,İstanbul
استانبول و غلطه,İstanbul ve Galata
استانه,İstanbul/Asitane
دار الفتح قسطنطنيه,İstanbul/Darulfeth-i Kostantiniye
دارالفتح قسطنطنيه,İstanbul/Darülfeth-i Kostantiniye
درعليه,İstanbul/Deraliyye
درسعادت,İstanbul/Dersaadet
اسلامبول,İstanbul/İslambol
قسطنطنيه,İstanbul/Kostantiniye
قسطنطنيه,İstanbul/Kostantiniye
پاى تخت,İstanbul/Payıtaht
شهر امانتى,İstanbul/Şehremaneti
استانبول كوى,İstanbulköy
استانبول,İstanbulköy/İstanbul
استاندييا,İstandiya
استانديه,İstandiya
ديئا,İstandiya/Dia/Tavşan
ساريو,İstandiya/Saryo
ستاندييا,İstandiya/Standiya/Tavşan
طاوشان,İstandiya/Tavşan
استا نيمقه,İstanimaka
استانمقه,İstanimaka
استنيماقه,İstanimaka
استا نمقه,İstanimaka
استانكى,İstanki
استانكوى,İstanköy
استانكوي,İstanköy
استنكوى,İstanköy
استنكوى,İstanköy
استانكوى,İstanköy
نفس استانكوى,İstanköy merkez
جزيرۀ استانكوى,İstanköy/Cezire-i İstanköy
قلعۀ استانكوى,İstanköy/Kale-i İstanköy
استانكوى,İstanköy/Ko
استانكوى,İstanköy/Kos
قوس,İstanköy/Kos
نارنجه,İstanköy/Narince
نارينجه,İstanköy/Narince
استانكوى سنجاغى,İstanköysancağı
استانوس,İstanos
ناحيۀ استانوس مع  مرتضى آباد,İstanos maa Murtazaabad/Nahiye-i İstanos maa Murtazaabad
نفس استانوس,İstanos merkez
استانوز,İstanos/İstanoz
قصبۀ زير,İstanos/Kasaba-i Zir
قورقود ايلى,İstanos/Korkudili
سفلا,İstanos/Süfla
زير,İstanos/Zir
زير,İstanos/Zir
استانوز و عشيرت مورطنه و كنيز و صارى كچيلو و ابدالان و تحته جيلو و مسكون انطاليه,İstanoz ve Aşiret-i Murtana ve Keniz ve Sarıkeçili ve Abdalan ve Tahtacılı ve Meskun-ı Antalya
استاپوديا,İstapodya
ايكى قرداشلر,İstapodya/İkikardeşler
ستاپوديا,İstapodya/Stapodiya
ستاپودييا,İstapodya/Stapodiya
استار افلاق,İstar Eflak
استاره سله,İstarasile
استاره سيله,İstarasile
استاره سله مع يانوه,İstarasile maa Yanova
استاروسلا,İstarasile/İstarosela
استورويلا,İstarasile/İstrovila
استاره شناوه,İstaraşinava
استارچسته,İstarçiste
استار برود,İstaribrod
استارى غراد,İstarigrad
استاري غراد,İstarigrad
استارى معدن,İstarimaden
معدن,İstarimaden/Maden
معدن,İstarimaden/Maden
معدن عتيق,İstarimaden/Maden-i Atik
استاروه,İstarova
استارووه,İstarova
نفس استاروه,İstarova merkez
استاريه,İstarya
استاورو,İstavro
استاورو,İstavro/İstavro
استراتو نيسىى,İstavro/İstıratonisi
استراتونسى,İstavro/İstratonisi
ستاورو,İstavro/Stavro
استاورو منوس,İstavromenos
استفانيه,İstefanya
استنيچه,İsteniçe
استنيجه,İsteniçe
استنوز,İstenoz
حاجيلر,İstenoz/Hacılar
حاجيلر,İstenoz/Hacılar
استانوس,İstenoz/İstenos
استنوزه,İstenoz/İstenoza
استپان,İstepan
استفا,İstifa
استفه,İstifa
استيفه,İstifa
استليل,İstilil
استلوش,İstiloş
قلعۀ استلوش,İstiloş/Kale-i İstiloş
استراكى,İstiraki
پاخيا,İstiraki (Pahiya)/Zoğriya
پاخيه,İstiraki/Pahiya
زوغرى,İstiraki/Zoğri
زوغريا,İstiraki/Zoğriya
ايستيراكى,İstiraki/Zoğriyaki
استرميچه,İstirmiçe
نفس استرميچه,İstirmiçe merkez
استرمچقه,İstirmiçe/İstirmiçka
استرمچقى,İstirmiçe/İstirmiçka
استرومچقه,İstirmiçe/İstromiçka
قلعۀ اوسترومجقي,İstirmiçe/Kale-i Ustrumiçka
قلعۀ اوسترومجقه,İstirmiçe/Kale-i Ustrumiçka
قلعۀ اوسترونجقي,İstirmiçe/Kale-i Ustruniçka
اوسترومجقه,İstirmiçe/Ustrumiçka
اوسترومجقي,İstirmiçe/Ustrumiçka
استيه,İstiye
اسْتيهَ,İstiye
اِسْتِيه,İstiye
اِسْتِيَه,İstiye
استيه,İstiye
استيه,İstiye
جزيرۀ استيه,İstiye/Cezire-i İstiye
استيا,İstiye/İstiya
اشتيه,İstiye/İştiye
ستيه,İstiye/Sitiye
استوق,İstok
اسطوقحولم,İstokholm
استولاچ,İstolaç
استولچه و غبله,İstolaç (İstolça) ve Gabele
استولجه,İstolaç/İstolca
استولجه مع غبله,İstolaç/İstolca maa Gabele
استولچه,İstolaç/İstolça
استولجه,İstolaç/İstolça
استولني بلغراد,İstolni Belgrad
استولنى بلغراد,İstolni Belgrad
استولنى بالغراد,İstolni Belgrad
بلغراد,İstolni Belgrad/Belgrad
استولنى بالغراد,İstolni Belgrad/İstolni Balgrad
استونى بلغراد,İstolni Belgrad/İstoni Belgrad
اوستولنى,İstolni Belgrad/Ustolni
اُوستُولنى بلغراد,İstolni Belgrad/Ustolni Belgrad
اوستولني بلغراد,İstolni Belgrad/Ustolni Belgrad
استراجه,İstraca
استراژومان,İstrajoman
استراژمان,İstrajoman
استرانجيلو,İstrancilo
استره,İstre
استريچه,İstriçe
استريوالى,İstrivali
اسطروواتيه,İstrivali/İstrovatya
ماللى كليسا,İstrivali/Mallıkilise
مناستروفنار,İstrivali/Manastrofener
استرونجيل,İstroncil
اپسيلى,İstroncil/İpsili
ايپسيلى,İstroncil/İpsili
استرونكلى,İstrongili
استرونكيلو,İstrongilo
استرونكلو,İstrongilo
غايدارو,İstrongilo/Gaydaro
استرولكيلى,İstrongilo/İstrolgili
استرونجلا,İstrongilo/İstroncila
استرونجلو,İstrongilo/İstroncilo
استرونفيلو,İstrongilo/İstronfilo
استرونكيلى,İstrongilo/İstrongili
استرونكلون,İstrongilo/İstrongilon
استرونكيلون,İstrongilo/İstrongilon
استرونكليون,İstrongilo/İstrongilyon
استرونغولونيزى,İstrongilo/İstrongolonizi
استرونزيلو,İstrongilo/İstronzilo
اوسترونيلى,İstrongilo/Ostronili
سترونجيلو,İstrongilo/Stroncilo
استرونژيلونيسى,İstronjilonisi
استوبجانيجه,İstubçaniçe
اسوچ ولايتي,İsveç Vilayeti
اسوتى كوركه,İsvetigorge
اسوتي كوركه,İsvetigorge
اسوتي قتارينه,İsvetikatarine
اسوتي قيريش,İsvetikıriş
اسوتي مارتين,İsvetimartin
اسوتى مقلوش,İsvetimikloş
اسوتى ولادساو,İsvetivladsav
اسوتي ولادساو,İsvetivladsav
اسولنه,İsvilne
اشخان,İşhan
اشحان,İşhan
ايشم,İşim
ايشيم,İşim
اشيم,İşim
اَشيِمْ,İşim/Eşim
اشقرل,İşkarel
اشكرى,İşkeri
اشكند,İşkinid
اشكيره,İşkire
اسكين,İşkire/İskin
اسكرى,İşkire/İskiri
اسكيرى,İşkire/İskiri
اسكيروس,İşkire/İskiros
اسكروس,İşkire/İskiros
اشكيروس,İşkire/İşkiros
اشكيروس,İşkire/İşkiros
اشكيروس اطه لرى,İşkire/İşkiros Adaları
اشكروز,İşkire/İşkiroz
اشكيروز,İşkire/İşkiroz
سقوره,İşkire/Skura
شكرى,İşkire/Şekri
اشكبولوز جزيره لرى,İşkoboloz Cezireleri
اشقودره,İşkodra
اشقودره,İşkodra
اشقودره مع قوايه,İşkodra maa Kavaya
نفس اشقودره,İşkodra merkez
نفس اشقودره,İşkodra merkez
اسكندريّه,İşkodra/İskenderiye
اسكندريه,İşkodra/İskenderiye
اشقودره,İşkodra/İskenderiye
اسكندريۀ ارنود,İşkodra/İskenderiye-i Arnavud
اشپات,İşpat
اشپاط,İşpat
اشباط,İşpat
اشباط,İşpat/İşbat
اشبات,İşpat/İşbat
اشپوزى,İşpuzi
اشبوزى مع  پودغوريچه,İşpuzi maa Podgoriçe
اشبوزى,İşpuzi/İşbuzi
اشتاويچه,İştaviçe
اشتيب,İştib
اشتب,İştib
اشتيب,İştib
اشتب,İştib
نفس اشتيب,İştib merkez
اشتكين,İştikin
اشتر,İştir
ايتاكى,İtaki
اتاقى,İtaki
اتاق,İtaki/İtak
ايتاكيا,İtaki/İtakiya
كوچك كفالونيا,İtaki/Küçükkefalonya
كوچك كفالونيه,İtaki/Küçükkefalonya
كوچك كفالونيه,İtaki/Küçükkefalonya
ثياكى,İtaki/Siyaki
سياكى,İtaki/Siyaki
تياكي,İtaki/Tiyaki
تياكى,İtaki/Tiyaki
اتاليا,İtalya
اقباله,İtbala/İkbale
ايت بالا,İtbala/Politlika
ايتمان و توابعى,İtman (?) ve Tevabii
ايوانقوه,İvankova
ايوانقوه بلاطه,İvankova Blata
ايوانيت,İvankova/İvanit
واروش ايوانقوه,İvankova/Varoş-ı İvankova
ايويقا,İvika
ايولوخو,İvloho
ايولوحو,İvloho
اولوحوس,İvloho/İvlohos
اولوحوز,İvloho/İvlohoz
ايوراجه,İvraca
اوراجه,İvraca
الوراحوه,İvraca/Alorahova
ايواجه,İvraca/İvace
ايوراجه,İvraca/Medene
وراچه,İvraca/Vraça
وراچا,İvraca/Vraça
ايوراژه غرنچه,İvraje Gırniçe
ايورانه,İvrana
ايوارله,İvrana/İvarla
ايورانيه,İvrana/İvranya
قلعۀ ايورانه,İvrana/Kale-i İvrana
واروش قلعۀ ايورانه,İvrana/Varoş-ı Kale-i İvrana
اوراندق,İvranduk
واروش اوراندق,İvranduk (Varoş-ı İvranduk)/Podgradya
واروش قلعۀ اوراندق,İvranduk (Varoş-ı Kale-i İvranduk)/Podgradya
واروش وراندق,İvranduk (Varoş-ı Vranduk)/Podgradya
وراندق,İvranduk/Vranduk
ايورانيه,İvranya
ايورانيه مع پراشوه,İvranya maa Praşova
الوانيه,İvranya/Elvanya
ايوارينه,İvranya/İvarine
وراژنه,İvranya/Vrajne
ايورندى,İvrindi
اورندى,İvrindi
ايورندى,İvrindi
ايورندى مع گيره سون,İvrindi maa Giresun
ايوراندى,İvrindi/İvrandi
اويانو,İvyano
جزيرۀ اويانو,İvyano/Cezire-i İvyano
ايزبرنچه,İzbirinçe
ايزدنجى,İzdenci
ايزدنجه,İzdenci/İzdence
ازدين,İzdin
ايزدين,İzdin
ايذدين,İzdin/Zeytun
زيتون,İzdin/Zeytun
زيتونى,İzdin/Zeytuni
ايزنيجه,İzeniçe
ايزنچه,İzeniçe
ايزنجه,İzeniçe
ايزنيچه,İzeniçe
ازنيچه مع تراونيك,İzeniçe maa Travnik
جديدايزه نيجه,İzeniçe/Cedid İzeniçe
بازار ايزنيچه,İzeniçe/Pazar-ı İzeniçe
بازار يزانچه,İzeniçe/Pazar-ı Yizaniçe
زنيچه,İzeniçe/Zeniçe
ايزغورد,İzgord
ايزلادى,İzladi
اضلادى,İzladi
ازلادى,İzladi
ازلرقه,İzlarika
ايزلى ريقه,İzlarika/İzlirika
اذميد,İzmid
ازميد,İzmid
ازميد,İzmid
ازميد مع نواحئ اَيْواجق و باغچه جك و يگى كوى,İzmid maa nevahi-i Ayvacık ve Bağçecik ve Yeniköy
نفس اذميد,İzmid merkez
نفس ازميد,İzmid merkez
ايزميت,İzmid/İzmit
ازميت,İzmid/İzmit
ازنكميد,İzmid/İznikmid
ازنكمود,İzmid/İznikmüd
قوجه ايلي,İzmid/Kocaeli
ازمينه پوليه,İzminepolye
ايزمينه پوليه,İzminepolye
ايزملينيه پوليه,İzminepolye/İzmilinyepolye
ايزمنوه پوليه,İzminepolye/İzminovapolye
ازمير,İzmir
ازمير,İzmir
ايزمير,İzmir
ازمير مع نواحى,İzmir maa Nevahi
نواحى مع  ازمير و اورله,İzmir maa Nevahi ve Urla
ازمير مع نواحئ جمعه آباد و برون آباد و تريانده و آيا سفيد نام ديكر كلزمان و اورله,İzmir maa nevahi-i Cumaabad ve Birunabad ve Tiryanda ve Ayasefid nam-ı diğer Kilizman ve Urla
ازمير مع نواحئ جمعه آباد و برون آباد و تريانده و آيا سفيد نام ديكر كلزمان و اورله,İzmir maa nevahi-i Cumaabad ve Birunabad ve Tiryanda ve Ayasefid nam-ı diğer Kilizman ve Urla
نفس ازمير,İzmir merkez
ازمير,İzmir merkez
ازميرنيك,İzmirnik
ازميرنيك قره طاغى,İzmirnik Karadağı
ازمياني,İzmiyani
ايزنبول,İznepol
ازنپول,İznepol
ايزنپول,İznepol
ايزنوپول,İznepol/İznopol
سنكپولى,İznepol/Snegpoli
ترن,İznepol/Trin
ازنيق,İznik
ايزنيق,İznik
ازنيك,İznik
ازنيق و كورله,İznik ve Gürle
ايزولى,İzoli
ايزولى خشك,İzoli Huşuk
چاي قره على,İzoli/Çaykaraali
چاى قره على,İzoli/Çaykaraali
قلعه,İzoli/Kale
ايزوانچه,İzvaniçe
ايزوان,İzvaniçe/İzvan
ازوچان,İzveçan
ازوچن,İzveçan
ايزوه جان,İzveçan
ازوچاى,İzveçay
واروش قلعۀ ازوچاى,İzveçay/Varoş-ı Kale-i İzveçay
ازونى غراد,İzvenigrad
ايزونيغراد,İzvenigrad
ايزونى غراد,İzvenigrad
ايزونيغراد,İzvenigrad
ايزوني غراد,İzvenigrad
قلعۀ ايزونيغراد,İzvenigrad/Kale-i İzvenigrad
ايزويژده,İzvijde
اجوزد,İzvijde/İcvizd
ايژويژد,İzvijde/İjvijd
اژوزد,İzvijde/İjvizd
اوزد,İzvijde/İvizd
ايزويزده,İzvijde/İzvizde
ايزوور,İzvor
ايزوورنيق,İzvornik
ازورنيق,İzvornik
ايزورنيق,İzvornik
ازوورنيق,İzvornik
اوزوورنيق,İzvornik/Uzvornik
عزالدين,İzzeddin
غزيه,İzziye
عزيه,İzziye
اوقجى عز الدينلو,İzziye/Okcu İzzeddinli
اوقجى عزالدين,İzziye/Okçuizzeddin
اوقجى عزالدينلو,İzziye/Okçuizzeddinli
ژابار,Jabar
ژبياق,Jabyak
ژابياق,Jabyak
ژژانيه,Jajaniye
ژانه,Jana
زانه,Jana/Zana
ژانبو كرك,Janbokrek
ژانبوكرك,Janbokrek
زانبوكرك,Janbokrek/Zanbokrek
ژاپواليويچ,Japvalyeviç
ژژنه,Jejene
معدن ژژنه,Jejene/Maden-i Jejene
ژلژنيك,Jelejnik
ژلژنيك,Jelejnik
ژليز,Jeliz
ژليژ,Jeliz/Jelij
زليژ,Jeliz/Zelij
ژه پا,Jepa
ژبجه,Jepçe
ژپچه,Jepçe
ژپجه,Jepçe
ژرگرى,Jergeri
ژرنتيسا,Jernitisa
ژيلمه,Jilema
ژيرنوفچه,Jirnofça
ژييورا,Jiyora
جورا,Jiyora/Cora
كورا,Jiyora/Gura
البيز,Jiyora/İlbiz
ژوره,Jiyora/Jura
شيطان,Jiyora/Şeytan
ژوپا,Jupa
ژوپه,Jupa/Jupe
ژوپان,Jupan
ژوبان,Jupan/Juban
ژوپه,Jupe
قبا آغاج,Kabaağaç
قبا آغاج ارنبود,Kabaağaç/Kabaağaç-ı Arnabud
قبا حيدر,Kabahaydar
قباخور,Kabahor
كباخور,Kabahor/Kebahor
قبائل,Kabail
قبائل نوغاى,Kabail-i Nogay
قبائل عربان بريه,Kabail-i Urban-ı Berriye
قباق,Kabak
قبا قوز,Kabakoz
قباجه قوز,Kabakoz/Kabacakoz
قباله,Kabala
قبالى,Kabalı
قبان,Kaban
قبانو,Kabano
قباره,Kabara
قباره,Kabare
قباصقال,Kabasakal
قبا صقال,Kabasakal
قباو,Kabav
كابل,Kabil
قابلجوز,Kabilcuz
قبيلۀ باغرغان,Kabile-i Bağırgan
قبيلۀ بنى حكيم,Kabile-i Benihakim
قبيلۀ بنى لام,Kabile-i Benilam
قبيلۀ بني ربيعه,Kabile-i Benirebia
قبيلۀ العبيد,Kabile-i el-Abid
قبيلۀ اولادِ احمد,Kabile-i Evlad-ı Ahmed
قبيلۀ اولاد شبل,Kabile-i Evlad-ı Şibl
قبيلۀ اولادِ يتزان,Kabile-i Evlad-ı Yetzan
قبيلۀ خلايق,Kabile-i Halayık (?)
قبيلۀ نصرة الحاج,Kabile-i Nusretülhac
قبيلۀ رجبان,Kabile-i Receban
قبيلۀ ربانيّه,Kabile-i Ribaniye
قبيلۀ طباش سباع,Kabile-i Tabaş Siba
قبيلۀ طى,Kabile-i Tay
قبيلۀ اورومبت اوغلى,Kabile-i Urumbetoğlu
قبيلۀ وارنه,Kabile-i Varna (?)
قبيلۀ زنتان,Kabile-i Zintan
قبيلة الظفير,Kabiletüzzafir
قبر كبير,Kabr-i Kebir
قبر صغير,Kabr-i Sagir
قابره را,Kabrera
قابررا,Kabrera
قابروا,Kabrera/Kabreva
قاپرره,Kabrera/Kaprera
قاپره را,Kabrera/Kaprera
قاچا,Kaça
قاچاغانى,Kaçagani
قاجاغانى,Kaçagani
غلارونيزى,Kaçagani/Glaronizi
قاچاغره لى,Kaçağralı
قاجاغره لى,Kaçağralı
قاچاجغره لى,Kaçağralı/Kaçacağralı
قاچالا,Kaçala
قاسه قاسوله,Kaçala/Kasakasula
قچانيك,Kaçanik
قچانيق,Kaçanik
قاچنيك (؟),Kaçanik (?)
قچانكلر,Kaçanik/Kaçanikler
اورخانيه,Kaçanik/Orhaniye
قاچى,Kaçi
نهرقاچى,Kaçi/Nehr-i Kaçi
قدانو,Kadano
قدو,Kaddu
قاددو,Kaddu
قدم الكبير,Kademülkebir
قدم الصغير,Kademüssagir
قاضى,Kadı
قاضى كوى,Kadıköy
قاضيكوى,Kadıköy
قضيكوى,Kadıköy
قاضى,Kadıköy/Kadı
قاضي كويى,Kadıköyü
قاضي لى,Kadılı
قاضيلر,Kadılı/Kadılar
قاديرغه,Kadırga
قاضى شهرى,Kadışehri
قاضى شهر,Kadışehri/Kadışehir
قاضى ويران,Kadıviran
قدموس,Kadmus
قدموسى,Kadmus/Kadmusi
قره فول,Kadmus/Karaful
كافرني,Kafirni
كافرنى,Kafirni
قارفى,Kafirni
كافرنى,Kafirni
كافورنى و توزانلو,Kafirni ve Tozanlı
كافرلى,Kafirni/Kafirli
كاورنى,Kafirni/Kavirni
قفقنا,Kafkana
قافقانه,Kafkana
كافكانه,Kafkana
قفقاتا,Kafkana/Kafkata
قفر بري,Kafr Berri
قوربن,Kafr Berri/Kavrbin
قفصه,Kafsa
قاغوش,Kagoş
اذدكين,Kağıdkonan/Ezdiğin
قاغزمان,Kağızman
قغزمان,Kağızman
قاغزوان,Kağızman/Kağızvan
كاخيد,Kahid
قاهره,Kahire
مصر قاهره مع سويش و خانقاه,Kahire (Mısr-ı Kahire) maa Süveş ve Hankah
مصرِ قاهره مع سويش و حانِقاه,Kahire (Mısr-ı Kahire) maa Süveyş ve Hanikah
قاهره مع اطفيهيه,Kahire maa Atfihiye
القاهره,Kahire/el-Kahire
مصر قاهره,Kahire/Mısr-ı Kahire
مصر القاهره,Kahire/Mısrü'l-Kahire
كاهكك,Kahkik
كاخته,Kahta
كاحته,Kahta
كاختى و كركر,Kahta ve Gerger
قحطان,Kahtan
قاحطان,Kahtan
قخطان,Kahtan
قائدى,Kaidi
قائم,Kaim
القائم,Kaim/el-Kaim
ققات,Kakat
قاكيراه,Kakirah
قلعۀ قاكراح,Kakirah/Kale-i Kakirah
قلعۀ قاك راه,Kakirah/Kale-i Kakirah
كاقوريچه,Kakoriçe
كابوريچه,Kakoriçe/Gaboriçe
كاقوويچه,Kakoriçe/Kakoviçe
قاقوسى,Kakosi
قاقوتراقو,Kakotrako
قاقون,Kakun
قلاچه,Kalaça
قلادندره,Kaladendra
قلاماكى,Kalamaki
قلاماشيه,Kalamaşye
قلامته,Kalamata
قلاماته,Kalamata
قالامباقه,Kalambaka
قلاباق قيا,Kalambaka/Kalabakkaya
قلامو,Kalamo
قالاموس,Kalamo/Kalamos
كلاموا,Kalamo/Kalamova
قاموس,Kalamo/Kamos
قلاموپولو,Kalamopolo
قالاموس,Kalamos
قلاموس,Kalamos
قلامو,Kalamos/Kalamo
قاله مو,Kalamos/Kalamo
قلاموتى,Kalamoti
قلاموطى,Kalamoti
قالاموتى,Kalamoti
قالوموتى,Kalamoti/Kalomoti
قالانه سيه اطه لرى,Kalanasya Adaları
قالان دره,Kalandere
قالان,Kalandere/Kalan
قالاپودى,Kalapodi
قلاپودى,Kalapodi
قلپودى,Kalapodi
قلاروس,Kalaros
قلاص,Kalas
قلاوانى اطه لرى,Kalavani Adaları
قالاورا,Kalavra
شالاورا,Kalavra/Şalavra
قلاورته,Kalavrita
قلاورته,Kalavrita
قلاورته مع ووستنجه,Kalavrita maa Voştiçe (Vostinçe)
قلاورته و باليه بادره,Kalavrita ve Balyabadra
قلاوارته,Kalavrita/Kalavarita
قلعه,Kale
قلعۀ عبدالله,Kale-i Abdullah
قلعۀ عجل,Kale-i Acel
قلعۀ اچو,Kale-i Açu
قلعۀ اجو,Kale-i Açu/Kale-i Acu
قلعۀ آغجه قلعه,Kale-i Ağcakale
قلعۀ عزور (؟),Kale-i Azur (?)
قلعۀ جديد,Kale-i Cedid
قلعۀ جديد سيواس,Kale-i Cedid-i Sivas
قلعۀ چمنتو,Kale-i Çiminto
قلعۀ ديزه,Kale-i Dize
قلعۀ ديزي,Kale-i Dize/Kale-i Dizi
قلعۀ ارزين,Kale-i Erzin
قلعۀ اذكان و قلعۀ ارغيف و توتوس دمسغار (؟),Kale-i Ezgan (?) ve Kale-i Argif  (?) ve Totosdimisgar (?)
قلعه غازي خضرى,Kale-i Gazi Hadra
قلعۀ حكل,Kale-i Hakl
قلعۀ حصبان (؟),Kale-i Hasaban
قلعۀ هيتون,Kale-i Heytun
قلعۀ كمحنص وبناك وبريك وپشكير وبوسنك,Kale-i Kemhıs (Kemhınıs) ve Penek ve Berik (?) ve Penesker (Peşkir) ve Posik (Bosnik)
قلعۀ لنتي,Kale-i Lenti
قلعۀ مشوه,Kale-i Maşova (?)
قلعۀ مژي بوژى,Kale-i Mejiboji/Cisr
قلعۀ موداع,Kale-i Muda
قلعۀ پسك (؟),Kale-i Pesek (?)
قلعۀ رودينه,Kale-i Rudine
قلعۀ سيوكه,Kale-i Sivke
قلعۀ سيواله,Kale-i Sivke (Sivale)
قلعۀ سلطانيه,Kale-i Sultaniye
قلعۀ سلطا نيه,Kale-i Sultaniye
قلعۀ سلطا نيّه,Kale-i Sultaniye
قلعۀ سلطا نيه,Kale-i Sultaniye
قلعۀ  سلطانيه,Kale-i Sultaniye
قلعۀ سلطانيه,Kale-i Sultaniye
نفس چناق قلعه,Kale-i Sultaniye merkez/Çanakkale merkez
بوغازحصار,Kale-i Sultaniye/Boğazhisar
بوغازحصارى,Kale-i Sultaniye/Boğazhisarı
بوغاز حصارى,Kale-i Sultaniye/Boğazhisarı
چناق قلعه,Kale-i Sultaniye/Çanakkale
قلعۀ سلطانيه,Kale-i Sultaniye/Çanakkalesi
قلعۀ سلطانيه,Kale-i Sultaniye/Kale-i Sultani
سلطانيه,Kale-i Sultaniye/Sultaniye
سلطانيه جناق,Kale-i Sultaniye/Sultaniye Çanak
قلعۀ سكر,Kale-i Sükker
قلعة السكر,Kale-i Sükker/Kaletüssükker
قلعۀ شرش,Kale-i Şeriş
قلعۀ وسريه (؟),Kale-i Vesirye (?)
قلعۀ ويران شمكور,Kale-i Viranşemkür
قلعۀ يكيجه,Kale-i Yenice
قلعۀ زير,Kale-i Zir
قلعه جك,Kalecik
قلعه جك,Kalecik
قلعه جق,Kalecik
قلعه جق,Kalecik
قلعه جوق,Kalecik/Kalecuk
قلعه ديز,Kalediz
قلعه كوى,Kaleköy
قلمون,Kalemun
جبل قلمون,Kalemun/Cebel-i Kalemun
جبل قلمون,Kalemun/Cebel-i Kalemun
قلعه نما دره سى,Kalenimaderesi
قلعة الرماد,Kaletürramad
قلعة الشمر,Kaletüşşemer
قالغه سلطان,Kalgasultan
قالكلو,Kalınlı
قالكلو مع  الوانلى,Kalınlı maa  Elvanlı
قاليك ويران,Kalınviran
قالين ويران,Kalınviran
قالين ويران مع كومش,Kalınviran maa Gümüş
قليبيه,Kalibiya
قلعۀ قليبيا,Kalibiya/Kale-i Kalibiya
قلعۀ قَلِيبِيَا,Kalibiya/Kale-i Kalibiya
قلعۀ قليبِيا,Kalibiya/Kale-i Kalibiya
قالي براولي,Kalibravulu
قاليچكان,Kaliçkan (?)
قاليقراطى,Kalikrati
قالمنوس,Kalimnos
قالِمْنوس,Kalimnos
قاليمنوس,Kalimnos
قليمنوس,Kalimnos
جزيرۀ قالمنوز,Kalimnos/Cezire-i Kalimnoz
قلعۀ قلميوس,Kalimnos/Kale-i Kalimyos
قالمبوس,Kalimnos/Kalimbos
قاليمنوز,Kalimnos/Kalimnoz
قليمنوز,Kalimnos/Kalimnoz
قالميوز,Kalimnos/Kalimnoz
قالمنوز,Kalimnos/Kalimnoz
قلميوس,Kalimnos/Kalimyos
قالميوس,Kalimnos/Kalimyos
قالميوز,Kalimnos/Kalimyoz
قلميوز,Kalimnos/Kalimyoz
قلم يوز,Kalimnos/Kalimyoz
قالم يوز,Kalimnos/Kalimyoz
قلميوز,Kalimnos/Kalimyoz
كله مز,Kalimnos/Kelemez
قلينه,Kaline
قالينويق,Kalinovik
قاليس,Kalis
قاليس,Kalis
مالس,Kalis/Malis
قالييا,Kaliya
قاليا,Kaliya
قالييا,Kaliya
خلوموزى,Kaliya/Hılomozi
خيلوموزى,Kaliya/Hılomozi
شيليومودى,Kaliya/Şiliyomodi
قالقاندلن,Kalkandelen
قلقاندلن,Kalkandelen
قلقاندلان,Kalkandelen
قالقان دلان,Kalkandelen
قالقان دلن,Kalkandelen
قلقانلو,Kalkanlı
قالقانلو,Kalkanlı
قلقانلى,Kalkanlı
قالقانلى,Kalkanlı
قلقان مع قاش,Kalkanlı (Kalkan) maa Kaş
قالقان,Kalkanlı/Kalkan
قلقان,Kalkanlı/Kalkan
قالقونيزى,Kalkonizi
غايو,Kalkonizi/Gayo
كالو,Kallo
قالمانچه,Kalmaniçe
قلمانيچه,Kalmaniçe
قلمانچه,Kalmaniçe
قالمت,Kalmet
قلمند,Kalmet/Kalmend
قالوفاناس,Kalofanas
قلو فر,Kalofer
قالو فر,Kalofer
قاليفر,Kalofer/Kalifer
قالوكرو,Kalogero
قالوليمنو,Kalolimno
قالوليمنوس,Kalolimno/Kalolimnos
قالوليمونيه اطه لرى,Kalolimoniye Adaları
قالوليمنوس,Kalolimoniye/Kalolimnos
قالونيه,Kaloniye
قلونيه,Kaloniye
قالونْيه,Kaloniye
قالونيا,Kaloniye
قالونيه,Kaloniye
حصار قلونيه,Kaloniye/Hisar-ı Kaloniye
حصار قالونيه,Kaloniye/Hisar-ı Kaloniye
قارلونيه,Kaloniye/Karloniye
قالوولو,Kalovolo
قالوء الوالم,Kalovolo/Kaloilvalam
قالويان,Kaloyan
قالويريس,Kaloyeris
حاقرونيسى,Kaloyeris/Hakronisi
قالوكرى,Kaloyeris/Kalogeri
قالويروز,Kaloyeris/Kaloyeroz
قالويرى اطه لرى,Kaloyiri Adaları
قلارى,Kaloyiri Adaları/Kalari
كالور,Kalur
قليوبيه,Kalyubiye
قليوبيه,Kalyubiye
قَلْيُوبِيّه,Kalyubiye
قليوب,Kalyubiye/Kalyub
قَلْيُوب,Kalyubiye/Kalyub
قليون كاويسى,Kalyun gavisi
قماعره,Kamaira
قماعده,Kamaira/Kamaide
قاماموقو,Kamamoko
قمان,Kaman
قمانچشتۀ كوچك,Kamançişte-i Küçük
قمران,Kamaran
قامارات,Kamaran/Kamarat
قمارى,Kamari
قمره,Kamari/Kamara
كماريك,Kamarik
قماريك,Kamarik
قماريانى,Kamaryani
قماريا,Kamaryani/Kamarya
قارانى,Kamaryani/Karanı
قامبرو,Kambro
قا مچيق,Kamçik
قامچى,Kamçik/Kamçi
قمنغراد,Kamengrad
واروش قلعۀ قمنغراد,Kamengrad/Varoş-ı Kale-i Kamengrad
قمنچه,Kameniçe
قمنجه,Kameniçe
قمنيچه,Kameniçe
نفس قمنيچه,Kameniçe merkez
قمانيچه,Kameniçe/Kamaniçe
قامنيك,Kamenik/Yukarıova
قامنسقه,Kameniska
قامنسقه,Kameniska/Priyeg
قامانيچه,Kameniska/Priyeg/Kamaniçe
قَمَرْ,Kamer
قاميشلى,Kamışlı
قامجاق,Kamiçak
قاميلا,Kamila
پيانه,Kamila/Piyana
پلانه,Kamila/Plana
قمنيس,Kaminis
قامينلاكى,Kaminlaki
قاممنى,Kammeni
قامينس,Kammeni/Kaminis
قامپو,Kampo
قامبو,Kampo
قامپوفورميو,Kampoformiyo
كان,Kan
قانا,Kana
قناق بالا,Kanak-ı Bala
قباق بالا,Kanak-ı Bala/Kabak-ı Bala
قناق زير,Kanak-ı Zir
قناق زيرين,Kanak-ı Zir/Kanak-ı Zirin
قناريا اطه لرى,Kanarya Adaları
قناسيه,Kanasiye
قلعۀ قناسيه,Kanasiye/Kale-i Kanasiye
قنات,Kanat
قنبرلر بالا,Kanberler-i Bala
قنجلو,Kancalı
قندهار,Kandahar
قندره,Kandıra
قاندرى,Kandıra
قندرى,Kandıra
قاندره,Kandıra
قندوره مع گنجلو,Kandıra maa Genceli
قندره مع گنجلو,Kandıra maa Genceli
قنديرى مع كنجلى,Kandıra maa Genceli
قندرى مع كنجلو,Kandıra maa Genceli
قنديرى مع كنجيلى,Kandıra maa Genceli (Gencili)
نفس قندره,Kandıra merkez
قاندرى,Kandıra/Kandırı
قندرى,Kandıra/Kandırı
قندله,Kandila
قنديه,Kandiye
قنديه,Kandiye
نفس قنديه,Kandiye merkez
جزيرۀ قنديه,Kandiye/Cezire-i Kandiye
قلعۀ قنديه,Kandiye/Kale-i Kandiye
قنديا,Kandiye/Kandiya
قنغال,Kangal
قنقال,Kangal/Kankal
كانى,Kani
قنيژه,Kanije
قنيزه,Kanije
قنژه,Kanije
قشژه,Kanije/Kaşije
قاننه,Kanine
قانلى اطه لر,Kanlı Adalar
قانلى اطه,Kanlıada
قنطره بوغزي,Kantara Boğazı
قانو (؟),Kanu
قپان,Kapan
قپنوه,Kapinova
قنبوه,Kapinova/Kanibova
قننوه,Kapinova/Kaninova
قاپولنه,Kapolna
قاپوليه,Kapolna/Kapolya
قپوش,Kapoş
قپوشوار,Kapoşvar
غپوشوار,Kapoşvar/Gapoşvar
قپوشوار,Kapoşvar/Mezraa-i Omak
قاپوتا,Kapota
قاپروار,Kaprivar
قاپريور,Kaprivar
قاپريوار,Kaprivar
قپروار,Kaprivar
قپرور,Kaprivar
قاپرونى,Kaproni
پلاتى,Kaproni/Plati
قاپروچه,Kapruça
قاپروجه,Kapruça
قاپورچه,Kapruça/Kapuruça
قابتول,Kaptol
قاپطول,Kaptol
قاپتول,Kaptol
قابتول,Kaptol/Kabtol
قپو اغزى,Kapuağzı
قپو طاغى,Kapudağı
قپوطاغي,Kapudağı
قبو طاغى,Kapudağı
جزيرۀ قپوطاغي,Kapudağı/Cezire-i Kapudağı
قپو طاغ,Kapudağı/Kapudağ
قپودان برغازى,Kapudanburgazı
قپودانلق بنى زرد,Kapudanlık-ı Benizerd
قپودانلق دريا,Kapudanlık-ı Derya
جزائر,Kapudanlık-ı Derya/Cezair
جزاير,Kapudanlık-ı Derya/Cezayir
جزاير,Kapudanlık-ı Derya/Cezayir
جزائر,Kapudanlık-ı Derya/Cezayir
قپودانلق,Kapudanlık-ı Derya/Kapudanlık
قَپُودانْلق,Kapudanlık-ı Derya/Kapudanlık
قپو كوى,Kapuköy
قپو محمودى,Kapumahmudi
قپو طائفسى,Kaputaifesi
قپو طائفه سى,Kaputaifesi
قپوار,Kapuvar
قاره,Kara
قارا,Kara
قره وقرجه طاغ,Kara ve Karacadağ
فاره,Kara/Fara
قره لر,Kara/Karalar
قرالر,Kara/Karalar
قره آبدال,Karaabdal
قره اطه,Karaada
قراآطه,Karaada
قره آطه,Karaada
قره آدا,Karaada
ايا يوركى,Karaada/Ayayorgi
باركير,Karaada/Bargir
جورجى,Karaada/Corci
جورجيوس,Karaada/Corciyos
فونى,Karaada/Foni
غونى,Karaada/Goni
غوتى,Karaada/Goti
قره,Karaada/Kara
ييكر,Karaada/Yikir
قره اغاچ,Karaağaç
قره اغاج,Karaağaç
قره اغاج كولحصار,Karaağaç-ı Gölhisar
قره اغاج كولحصارى,Karaağaç-ı Gölhisar
قره آغاج گول حصار,Karaağaç-ı Gölhisar
قره اغاج گولحصار,Karaağaç-ı Gölhisar
اجى بادم,Karaağaç-ı Gölhisar/Acıbadem
آجى بادم,Karaağaç-ı Gölhisar/Acıbadem
آجى پيام,Karaağaç-ı Gölhisar/Acıpayam
عاصى قره اغاج,Karaağaç-ı Gölhisar/Asikaraağaç
طكزلى قره اغاچ,Karaağaç-ı Gölhisar/Donuzlu Karaağaç
غربى قره آغاج,Karaağaç-ı Gölhisar/Garbikaraağaç
غربى قره آغاچ,Karaağaç-ı Gölhisar/Garbikaraağaç
غربى قره اغاچ,Karaağaç-ı Gölhisar/Garbikaraağaç
كولحصار قره اغاج,Karaağaç-ı Gölhisar/Gölhisar Karaağac
كولحصار قره اغچ,Karaağaç-ı Gölhisar/Gölhisar Karaağac
كولحصار قره اغاج,Karaağaç-ı Gölhisar/Gölhisar Karaağaç
قره اغاج,Karaağaç-ı Gölhisar/Karaağaç
قره اغاج كولحصارى,Karaağaç-ı Gölhisar/Karaağaç Gölhisarı
قره اغاج كولحصارى,Karaağaç-ı Gölhisar/Karaağaç Gölhisarı
قره اغاج يلواج,Karaağaç-ı Yalvaç
قره آغاج يلواج,Karaağaç-ı Yalvaç
قره اغاچ يلواچ,Karaağaç-ı Yalvaç
قره اغاج مع افشار,Karaağaç-ı Yalvaç (Karaağaç) maa Afşar
قره اغاج,Karaağaç-ı Yalvaç/Karaağaç
قره آغاج,Karaağaç-ı Yalvaç/Karaağaç
نفس قره آغاج,Karaağaç-ı Yalvaç/Karaağaç merkez
شرقى قره آغاج,Karaağaç-ı Yalvaç/Şarkikaraağaç
يلواج قره اغاج,Karaağaç-ı Yalvaç/Yalvaç Karaağaç
قره على,Karaali
قره ارض,Karaarz
قَره اَرْض,Karaarz
قره باغ,Karabağ
قره باغلر اطه لرى,Karabağlar Adaları
چتاللر اطه لرى,Karabağlar Adaları/Çatallar Adaları
قارداغلار,Karabağlar Adaları/Kardağlar
قره باغچه,Karabahçe
قره باصتى,Karabastı
قره بكان,Karabegan
مريوان,Karabegan/Mirivan
قره بل,Karabel
قره بيل,Karabel
قره بيل,Karabel
قره بيل مع عشيرت گينلى و زاره و باليجابلى و جهانبگلى,Karabel maa Aşiret-i Ginili ve Zara ve Balıcablı (?) ve Cihanbeyli
قره بيل مع  بكطاغى,Karabel maa Beydağı
قره برك,Karaberk
ديوان قره برك,Karaberk/Divan-ı Karaberk
قره بك,Karabey
قره بيقلو,Karabıyıklı
قره بيقلى,Karabıyıklı
قره بيغا,Karabiga
قره بوغاز,Karaboğaz
قره بوجيلو,Karaböcülü
قره بورك,Karabörk
قره يورك,Karabörk/Karayörük
قره برون,Karaburun
قره بورن,Karaburun
قره بورون,Karaburun
قره بيرون,Karaburun/Karabirun
قره جه,Karaca
قره جه آباد,Karacaabad
قره جه اباد,Karacaabad
قره جه آباد,Karacaabad
ودينه قره جه آباد,Karacaabad/Vodine Karacaabad
ودينه قره جه اباد,Karacaabad/Vodine Karacaabad
قره جه اغاج,Karacaağaç
قره جه طاغ,Karacadağ
قره جه طاغلو,Karacadağlı
قره جه طاغ,Karacadağlı (Karacadağ)
قره جه طاغ,Karacadağlı/Karacadağ
قراجه اوحد,Karacaevhad
قره جه خليل,Karacahalil
قره جه حصار,Karacahisar
قره جه قيونلو,Karacakoyunlu
بيراملو قراجه قيونلوسى,Karacakoyunlu/Bayramlı Karacakoyunlusu
قره جه كوى,Karacaköy
قره جالر,Karacalar
قره جه لر,Karacalar
قرجه لر,Karacalar
قره جلر,Karacalar
قره جه لر خانه لري,Karacalar Haneleri
قره جه لى,Karacalı
قره جه لو,Karacalı
قره جه اوغلان,Karacaoğlan
قره جه اوغلان مع سكى,Karacaoğlan maa Seki
قراجه اوغلى,Karacaoğlu
قره جه صالح,Karacasalih
قره جه صو,Karacasu
قرجه صو,Karacasu
قره صو,Karacasu/Karasu
قرا جه شهر,Karacaşehir
قره جه شهر,Karacaşehir
قر جه شهر,Karacaşehir
قره جه حصار,Karacaşehir/Karacahisar
قره شهر,Karacaşehir/Karaşehir
قره جه ويران,Karacaviran
قره جه ويران,Karacaviran
كنغرى قره جه ويران,Karacaviran/Kengırı Karacaviran
قيرجه ويران,Karacaviran/Kırcaviran
قره جيجه لى مع  قلعه جك,Karaciceli maa Kalecik
قره جورون,Karacurun
قره چالى,Karaçalı
قره چوبان,Karaçoban
قره چوق,Karaçok
قره چور,Karaçor
قره طاغ,Karadağ
ولايت قره طاغ,Karadağ (Vilayet-i Karadağ)/Nevahi-i Erbaa
قره طاغ اوزى,Karadağözü
قره دكز,Karadeniz
قره دكيز,Karadeniz
قره دكز بغازي,Karadeniz Boğazı
قره دكز ساحلى,Karadeniz Sahili
بحر سياه,Karadeniz/Bahr-i Siyah
قره دره,Karadere
قره ديكين,Karadiğin
قره دكن,Karadiken
قرادل,Karadil
قرادل طاشليسى,Karadil/Karadiltaşlısı
قرادى نيسى اطه جغى,Karadinisi Adacığı
قره طغان,Karadoğan
قره طونلو,Karadonlu
قره طروق,Karadoruk
قره طوروق,Karadoruk
قره فريه,Karaferye
نفس قره فريه,Karaferye merkez
قره وريه,Karaferye/Karaverye
قره غان,Karagan
قره كول,Karagöl
قره كوللى,Karagöllü
قره حاجيلو,Karahacılı
قره حاجيلو,Karahacılı/Karahacılu
قره حليل,Karahalil
قره خليل,Karahalil
حوضه قره خليل,Karahalil/Havza Karahalil
قرجه خليل,Karahalil/Karacahalil
قره خاللو,Karahallı
قره حاللو,Karahallı
قره حاللى,Karahallı
قره حرمن,Karaharman
قره حسن,Karahasan
قره حيط,Karahayıt
قره حايط,Karahayıt
قره حايط,Karahayıt
طلمه,Karahayıt/Dalama
طالمه,Karahayıt/Dalama
قره همشين,Karahemşin
قره حصار,Karahisar
قره حصار و اغجه قلعه,Karahisar ve Ağcakale
قره حصار بهرام شاه,Karahisar-ı Behramşah
قره حصار بهرامشاه,Karahisar-ı Behramşah
قره حصار بهرم شاه,Karahisar-ı Behramşah
قره حصار بهرام شاه مع قبيلۀ چينى واحسان خانه لرى,Karahisar-ı Behramşah maa Çepni (Kabile-i Çini) ve İhsanhaneleri
قره حصار,Karahisar-ı Behramşah/Karahisar
قره حصاردمورلو,Karahisar-ı Demirli
قره حصار دمورلو,Karahisar-ı Demirli
قره حصاردمورلى,Karahisar-ı Demirli
قره حصار تيمورلى,Karahisar-ı Demirli
قلعه حصار تيمورلى,Karahisar-ı Demirli (Kalehisar-ı Timurli)/Çorumkürdü
اكراد چورم مع قطاسراى و تخت الطريق و فوق الطريق,Karahisar-ı Demirli (Karahisar-ı Timurci)/Ekrad-ı Çorum maa Katasaray ve Tahtettarik ve Fevkattarik
قره حصاردمورلو و بوداق اوزى,Karahisar-ı Demirli ve Budaközü
دمورلوقره حصار,Karahisar-ı Demirli/Demirlikarahisar
قلعه حصار,Karahisar-ı Demirli/Kalehisar
قره حصار,Karahisar-ı Demirli/Karahisar
قره حصارتيمورلى,Karahisar-ı Demirli/Karahisar-ı Timurlu
قره حصارلئ تيمورلى,Karahisar-ı Demirli/Karahisarlı-i Timurlu
قره حصار دوه لو,Karahisar-ı Develi
قرا حصار دولو,Karahisar-ı Develi
قره حصارو يحيالو,Karahisar-ı Develi (Karahisar) ve Yahyalı
قره حصار,Karahisar-ı Develi/Karahisar
قره حصار,Karahisar-ı Develi/Karahisar
قره حصار يحيالو,Karahisar-ı Develi/Karahisar-ı Yahyalı
قره حصار يحيالو,Karahisar-ı Develi/Karahisar-ı Yahyalı!
قره حصار نعللو,Karahisar-ı Nallı
نعللو قره حصار,Karahisar-ı Nallı/Nallı Karahisar
قره حصار صاحب,Karahisar-ı Sahib
قره حصار مع قير حصار,Karahisar-ı Sahib (Karahisar) maa Kırhisar
نفس قره حصار,Karahisar-ı Sahib (Karahisar) merkez
نفس قره حصار,Karahisar-ı Sahib (Karahisar) merkez
قره حصار صاحب,Karahisar-ı Sahib merkez
نفس قره حصار صاحب,Karahisar-ı Sahib merkez
آفيون قره حصار,Karahisar-ı Sahib/Afyonkarahisar
قره حصار صاحب,Karahisar-ı Sahib/Afyonkarahisarı
آفيون قره حصارى,Karahisar-ı Sahib/Afyonkarahisarı
قره حصار,Karahisar-ı Sahib/Karahisar
قره حصار,Karahisar-ı Sahib/Karahisar
قره حصار آفيون,Karahisar-ı Sahib/Karahisar-ı Afyon
قره حصار شرقى,Karahisar-ı Şarki
قره حصارشرقى,Karahisar-ı Şarki
قره حصار شرقي,Karahisar-ı Şarki
قره حصار شرقی,Karahisar-ı Şarki
قره حصار,Karahisar-ı Şarki (Karahisar)/Kigonya
قره حصار شرقى مع نواحى,Karahisar-ı Şarki maa nevahi
قره حصار,Karahisar-ı Şarki/Karahisar
نفس قره حصار,Karahisar-ı Şarki/Karahisar merkez
قره حصار ارزنجانى,Karahisar-ı Şarki/Karahisar-ı Erzincani
قره حصار حسن دراز,Karahisar-ı Şarki/Karahisar-ı Hasandıraz
قره حصار حسن درازى,Karahisar-ı Şarki/Karahisar-ı Hasandırazi
قره حصار شابين مع نواحى,Karahisar-ı Şarki/Karahisar-ı Şebin maa Nevahi
كيغونيه,Karahisar-ı Şarki/Kigonya
قره حصار شرقى,Karahisar-ı Şarki/Şebinkarahisar
شبين قره حصار,Karahisar-ı Şarki/Şebinkarahisar
شابين قره حصارى,Karahisar-ı Şarki/Şebinkarahisarı
قره حصار تكه,Karahisar-ı Teke
سريك,Karahisar-ı Teke (Karahisar)/Serik
سريك,Karahisar-ı Teke (Karateke)/Serik
قره حصار,Karahisar-ı Teke/Karahisar
سريك,Karahisar-ı Teke/Serik
سرليك,Karahisar-ı Teke/Serik (Surlik)
سريك نام ديكر قره حصار تكه مع نواحئ بش قوناق,Karahisar-ı Teke/Serik nam-ı diğer Karahisar-ı Teke maa nevahi-i Beşkonak
سريك نام ديكر قره حصار تكه مع نواحئ بش قوناقك,Karahisar-ı Teke/Serik nam-ı diğer Karahisar-ı Teke maa nevahi-i Beşkonak
تكه قره حصارى,Karahisar-ı Teke/Teke Karahisarı
قره حصارلو,Karahisarlı
قره عيسالو,Karaisalı
قره عيسى لو,Karaisalı
قره عيسى لو مع حاجيلو,Karaisalı maa Hacılı
قره عيسالو مع عشيرت مَنَمَنْجى,Karaisalı ve Aşiret-i Menemenci
قره عيسالو مع عشيرت منمنجى,Karaisalı ve Aşiret-i Menemenci
قره عيسالو و فمجى,Karaisalı ve Femci
قره عيسالو و فمجى,Karaisalı ve Femci (?)
چچه لى,Karaisalı/Çeçeli
جيچه لى,Karaisalı/Çeçeli (Ciçeli)
قره قلقان و شانشى,Karakalkan ve Şanşi
قره قيا,Karakaya
قره قيالى,Karakayalı
قره قيه لو و قوش تمر,Karakayalı ve Kuştemur
قيالو جماعتى,Karakayalı/Kayalı Cemaati
قره كچى,Karakeçi
قره كيجى,Karakeçi
قره كچلو,Karakeçi/Karakeçili
قره قشله,Karakışla
قره قشله,Karakışla
قره قشلا,Karakışla
قره كليسا,Karakilise
قره كلسا,Karakilise
قره كليسا,Karakilise
قره كوسه,Karakilise/Karaköse
قره قونيچه,Karakoniçe
قره كوى,Karaköy
قاره كوى,Karaköy
قره كوى اوتلغى,Karaköyotlağı
قره قولاق,Karakulak
قره قورت,Karakurt
قرا قورت,Karakurt
قراقورد,Karakurt/Karakurd
قره قوش,Karakuş
قره قوش,Karakuş
قره غوش,Karakuş/Karaguş
كوه بلوك قراقوش,Karakuş/Kuh-ı Bölük-i Karakuş
كوه قره قوش,Karakuş/Kuh-ı Karakuş
قره قوشلو,Karakuşlu
قره قوشلى,Karakuşlu
قره لر,Karalar
قره لوم,Karalom
قره لوم مع بولميه,Karalom maa Polomiye
قرم ام سمروع,Karam Ümm-i Semeru
قره مغاره,Karamağara
قره مان,Karaman
قرمان,Karaman
قرمان قونيه,Karaman/Karaman-ı Konya
قرمانلو,Karamanlı
قرابوز,Karamboza/Karaboz
قارابوز,Karamboza/Karaboz
قاربوز,Karamboza/Karaboz
قره مق,Karamık
قرمق,Karamık
قره مق مع جاى,Karamık maa Çay
قرمق مع شفيق,Karamık maa Şefik
قره مورط,Karamurt
قره مرسل,Karamürsel
قره مُرْسَل,Karamürsel
نفس قره مرسل,Karamürsel merkez
قران,Karan
القران,Karan/el-Karan
قران شبش,Karanşebeş
قره اوه,Karaova
قره اوه,Karaova/Bodrum
قره آباد,Karaova/Karaabad
قره اباد,Karaova/Karaabad
قره عمر,Karaömer
قره عمر,Karaömer
قره اوز,Karaöz
قره پيكار,Karapınar
قره پكار,Karapınar
قره پيڭار,Karapınar
قره بيكار,Karapınar
قره پيڭار مع سلطانيّه,Karapınar maa Sultaniye
قره پوكار,Karapınar/Karapunar
سلطانيه,Karapınar/Sultaniye
قره بيكار,Karapınar/Sultaniye
سلطانيۀ قره پيكار,Karapınar/Sultaniye-i Karapınar
قره پرچك كبير,Karapürçek-i Kebir
قره پرچك صغير,Karapürçek-i Sagir
قراسته,Karasta
قرستوش,Karastoş
قره صو,Karasu
قره صو,Karasu
قره صو بازارى,Karasupazarı
قره صو,Karasupazarı/Karasu
نصف قرا صو,Karasupazarı/Nısf Karasu
قره صو طماق,Karasutamak
قره صو تماق,Karasutamak
قره تماق,Karasutamak/Karatamak
نصف قره صو طماق,Karasutamak/Nısf Karasutamak
قارش,Karaş
قراش,Karaş
قراشوه,Karaş/Karaşova
قره شار,Karaşar
قراطه,Karata
قراته,Karata
ناك قراطه,Karata/Nagikarata
قره طاش,Karataş
قرى طاش,Karataş
قره طاش مع آرغادى,Karataş maa Avgadı (Argadı)
قره طاش مع ارغادى,Karataş maa Avgadı (Argadı)
قره طاش و اوغادى,Karataş ve Avgadı
قري طاش,Karataş/Karıtaş
قرى طاش,Karataş/Karıtaş
قره طاش كوى,Karataşköy
قره طاش,Karataşköy/Karataş
قره تپه,Karatepe
قره دپه,Karatepe/Karadepe
قنق,Karatilhamdun/Kınık
قره تيمورخان,Karatimurhan
قره تنوس,Karatonus
قره طوپراق,Karatoprak
قره طوت,Karatut
قره اولوس,Karaulus
قره اورغان,Karaurgan
قره وادى,Karavadi
قره وار,Karavar
قره وليلر,Karaveliler
قراوى,Karavi
قاراوى,Karavi
قارانى,Karavi/Karani
طباق اطه لرى,Karavi/Tabak Adaları
قره ويران,Karaviran
قراويا,Karaviya
قره ويا,Karaviya
قاراووله,Karavola
قرووچه,Karavuça
قره يقه,Karayaka
قره يقه مع طاش آباد,Karayaka maa Taşabad
آل اينك,Karayaka/Alinek
ال اينك,Karayaka/Alinek
قره يازى,Karayazı
قره يازي,Karayazı
قره يكيد,Karayiğid
قره يكيدلى,Karayiğid/Karayiğidli
قره يكيت,Karayiğid/Karayiğit
قره يوك,Karayün
كا راز,Karaz
قربانس,Karbanis
قربيه,Karbiye
قارپيه,Karbiye/Karpiye
قارچقان,Karçikan
كارجكان,Karçikan
كارجقان,Karçikan
كارچكان,Karçikan
قارچيكان,Karçikan
قارچكان,Karçikan
قارچكان,Karçikan
كرچكان,Karçikan
قارجكان,Karçikan
قارجغان,Karçikan/Karcigan
قرداحه,Kardaha
قرداحه و سمت قبلى و بني على,Kardaha ve Semt-i Kıbli ve Beniali
قارداميله,Kardamile
قارده ميله,Kardamile
قرداميله,Kardamile
قرداشلر,Kardaşlar
قردشلر اطه لرى,Kardaşlar Adaları
قرداشلر اطه لرى,Kardaşlar Adaları
آدلفى,Kardaşlar/Adelfi
ايكي قرداش,Kardaşlar/İkikardeş
ايكى قرداش,Kardaşlar/İkikardeş
ايكي قرنداش,Kardaşlar/İkikarındaş
اونيا,Kardaşlar/Uniya
اونيو اطه لرى,Kardaşlar/Uniyo Adaları
اونيو آطه لرى,Kardaşlar/Uniyo Adaları
يونيه,Kardaşlar/Yuniya
يونيانيسى اطه جقلرى,Kardaşlar/Yuniyanis Adacıkları
قارديج,Kardiç
قارديچ,Kardiç
قارديچه,Kardiçe
قرديچه,Kardiçe
غارديچه,Kardiçe/Gardiçe
قارتيچه,Kardiçe/Kartiçe
قارتيجه,Kardiçe/Kartiçe
قارديوتيرا,Kardiyotira
قارديانه,Kardiyotira/Kardiyana
قاردييانيسا,Kardiyotira/Kardiyanisya
قاردونيسا,Kardiyotira/Kardonisa
پانايا,Kardiyotira/Panaya
قره سى,Karesi
قره سى,Karesi
قره سي,Karesi
با ليكسر,Karesi/Balıkesir
قره سى,Karesi/Balıkesri
باليكسرى,Karesi/Balıkesri
قراسى,Karesi/Karasi
پياده كان قره سى,Karesi/Piyadegan-ı Karesi
پياده كان قره سي,Karesi/Piyadegan-ı Karesi
قارغان,Kargan
قارغى,Kargı
قارغو,Kargı/Kargu
قارغولق,Kargılık
قارغوليق,Kargılık
قارقلق,Kargılık/Karkılık
قارغين,Kargın
قارقين,Kargın/Karkın
قاريجق,Karıcık
قريقلى,Karıklı (?)
قاريم,Karım
قاريمش,Karımış
قرى بازارى,Karıpazarı
قارى بازارى,Karıpazarı
قارى پازارى,Karıpazarı
قارى بازارى مع نعللو,Karıpazarı maa Nallı
قره بازارى,Karıpazarı/Karabazarı
قره پازار,Karıpazarı/Karapazar
قره بازار,Karıpazarı/Karapazar
اورته,Karıpazarı/Orta
اورتا,Karıpazarı/Orta
قارشديران,Karışdıran
قرشدران كبير,Karışdıran/Karışdıran-ı Kebir
قرى يايا,Karıyaya
على الدين,Karıyaya/Aliyyüddin
جرى يايا,Karıyaya/Çeriyaya
قره يايا,Karıyaya/Karayaya
قارين,Karin
قلعۀ قارين,Karin/Kale-i Karin
واروش قارين,Karin/Varoş-ı Karin
قرينا,Karina (?)
قرين آباد,Karinabad
قرين اباد,Karinabad
قرن آباد,Karinabad
قرين آباد مع  يانبولى,Karinabad maa Yanbolu
قرين اواسى,Karinabad/Karinovası
قرين اوه سى,Karinabad/Karinovası
كارير,Karir
قارتنه,Karitena
قاريتنه,Karitena
قرتنه,Karitena
قريذي,Karizi
قارقار,Karkar
كاركار,Karkar
كروكار,Karkar/Gerukar
قارلى,Karlı
قارلي ايلى,Karlıili
قارلى ايلى,Karlıili
قارلي ايلي,Karlıili
قارلىِ ايلىِ,Karlıili
قارلى,Karlıili/Karlı
قارلوفچه,Karlofça
قارلوچه,Karlofça/Karlovça
قارلوه,Karlova
قارمارى,Karmarı
قرن,Karn
قرنين,Karneyn
جرمين,Karneyn/Cermeyn
كرتن,Karneyn/Kerten
قاروس,Karos
قارو,Karos/Karo
قاروز,Karos/Karoz
كيرو,Karos/Kiro
كيروس,Karos/Kiros
قرپاس,Karpas
قرباس,Karpas
قارباس,Karpas
قارپاص,Karpas
قارپاس,Karpas
جرباس,Karpas/Carpas
حرپاس,Karpas/Harpas
قرپاش,Karpas/Karpaş
قرباش,Karpas/Karpaş
قرپاز,Karpas/Karpaz
قارپاز,Karpas/Karpaz
قارپوزلى,Karpuzlu
قارپوزلو,Karpuzlu
قاربوزلى,Karpuzlu
قارپوزى,Karpuzlu/Karpuzi
قارص,Kars
قرص ارضروم,Kars-ı Erzurum/Kars
قارص مرعش,Kars-ı Maraş
قارص مع اندرين,Kars-ı Maraş (Kars) maa Andırın
قارص مع اندرين و ناحيۀ گوكسون,Kars-ı Maraş (Kars) maa Andırın ve Nahiye-i Göksun
قارص,Kars-ı Maraş (Kars)/Karamanlıyakası
ذوالقدريه,Kars-ı Maraş (Kars)/Zülkadriye
قره مانلو يقاسى,Kars-ı Maraş/Karamanlıyakası
قارص,Kars-ı Maraş/Kars
قارص ذولقدريه,Kars-ı Maraş/Kars-ı Zülkadriye
قارص,Kars-ı Maraş/Kars-ı Zülkadriye
قارص ذو القدريّه,Kars-ı Maraş/Kars-ı Zülkadriye
قارص ذو القدريه,Kars-ı Maraş/Kars-ı Zülkadriye
ذوالقدريه,Kars-ı Maraş/Zülkadriye
ذوالقدريّه,Kars-ı Maraş/Zülkadriye
قارصيندى,Karsandı
قارصندى,Karsandı
قارصدى,Karsandı/Karsadı
قارشلى,Karşılı
قارشيلى,Karşılı
قارشلئ كبير,Karşılı-i Kebir
قارشولئ صغير,Karşılı-i Sagir
قرتال,Kartal
قارتال,Kartal
قرتال مع اطه لر,Kartal maa Adalar
قارتل مع آيدوس,Kartal maa Aydos
قارتال مع آيدوس,Kartal maa Aydos
قارتاس,Kartas
قارته لى,Karteli
كارتيل,Kartil
قارطوز مع كسمه,Kartoz maa Kesme
كارو,Karu
قارو,Karu
قاروونا,Karvuna
قاريالى,Karyalı
قاريه پولى,Karyapoli
قاريس,Karyes
قريتين,Karyeteyn
قاريتين,Karyeteyn
قاريوط,Karyot
قريوط,Karyot
قاريوط,Karyot
ايقاريوط,Karyot (İkaryot)/Ahikerye
اِيقارْيوط,Karyot (İkaryot)/Ahikerye
ايقايوط,Karyot (İkayot)/Ahikerye
نيقاريا,Karyot (Nikarya)/İkarya
اخى كرى,Karyot/Ahikeri
اخكرى,Karyot/Ahikeri
احى كرى,Karyot/Ahikeri
آخى كرى,Karyot/Ahikeri
اخي كريه,Karyot/Ahikerye
اخى كريه,Karyot/Ahikerye
اهي كريه,Karyot/Ahikerye
جزيرۀ قاريوط,Karyot/Cezire-i Karyot
ايقاريا,Karyot/İkarya
نيقارى,Karyot/Nikari
نيقاريا,Karyot/Nikarya
قاريوط,Karyot/Nikarya
قصاب,Kasab
قصبه,Kasaba
قصبه,Kasaba (Berda)
قاسم اوغلى,Kasımoğlu
قاسيدى,Kasidi
قاسونيزى,Kasonizi
پراصو,Kasonizi/Praso
قسبروفچه,Kasperofça
نفس قسبروفچه,Kasperofça merkez
قصر عنتر (؟),Kasr-ı Anter (?)
قصر شيرين,Kasr-ı Şirin
قسطمونى,Kastamonu
قسطموني,Kastamonu
قَسْطمُونى,Kastamonu
قسطموني,Kastamonu
قسطمونى مع ناحيۀ آق قيا,Kastamonu maa Nahiye-i Akkaya
قسطمونى مع نواحى,Kastamonu maa Nevahi
نفس قسطمونى,Kastamonu merkez
قسطمنو و كول,Kastamonu ve Göl
قستان,Kastan
قستل,Kastel
قَسْتَلْ,Kastel
قسطل,Kastel
قستل بحريه,Kastel-i Bahriye
قستل افرنج,Kastel-i Efrenç
قستللوز,Kastelloz
قصطراط,Kastırat
قاستوس,Kastos
قاستو,Kastos/Kasto
قاسترسيانقه,Kastrisyanika
قاسرسياقه,Kastrisyanika/Kasrisyaka
قاسترو,Kastro
قاش,Kaş
قاش,Kaş
قاش,Kaş
قاش مع عشائر,Kaş maa Aşair
قشاقلو,Kaşaklı
قشاقلى,Kaşaklı
قاشقلى,Kaşaklı
يكيشهر,Kaşaklı/Yenişar (Yenişehir)
قشاقلو,Kaşaklı/Yenişar (Yenişehir)
كاشعت,Kaşat (?)
قاشيك,Kaşik
قاشنيت,Kaşnit
قاشوط,Kaşot
قشوط,Kaşot
قاشوت,Kaşot
قاشوط,Kaşot
قاشوط,Kaşot
جزيرۀ قاشيوط,Kaşot/Cezire-i Kaşyot
چوبان,Kaşot/Çoban
چوبانلى,Kaşot/Çobanlı
چوبانلق,Kaşot/Çobanlık
قاشوط,Kaşot/Hububat
قاسو,Kaşot/Kaso
قاصو,Kaşot/Kaso
قاسسو,Kaşot/Kasso
قاشيوط,Kaşot/Kaşyot
پالاتى,Kaşot/Palati
قاش يكيجه,Kaşyenice
قعطبه,Kataba
قطافيه,Katafiye
قطنا,Katana
قطنا,Katana
قطر,Katar
قطر,Katar
قطرسراى,Katarsaray
قطار,Katarsaray/Katar
قاتاوولو,Katavolo
قاطاويا,Katavya
قاطاويه,Katavya
قترين,Katerin
قترين,Katerin
قَتَرِينْ مع بلاطمنه,Katerin maa Platimana
قترين مع پلاطمنه,Katerin maa Platimana
قترين مع بلاطمنه,Katerin maa Platimana
قترينا,Katerin/Katerina
قترينه,Katerine
قاطع,Katı
قاطع بيت الشباب و قاطع بَكْفِيَه,Katı-ı Beytişşebab ve Katı-ı Bekfiye
قتيف,Katif
قطيف,Katif
قاتوخى,Katohi
قاتوخوريو,Katohoryo
قاتوقفونيزى,Katokufonizi
غوفونيزه,Katokufonizi/Gofonize
قاتوش,Katoş
قاترامونيزى,Katramonizi
قامبو اطه لرى,Katramonizi/Kambo Adaları
قطران,Katran
قطرانجى آطه لرى,Katrancı Adaları
قطرانچه,Katraniçe
قاترو,Katro
قاترو,Katro/Kitro
قطرون,Katrun
نطرون,Katrun/Natrun
قاتومه,Katuma
قاطيه,Katya
قواق,Kavak
قواقلى,Kavaklı
قواقلى دره,Kavaklıdere
قواله,Kavala
قوالَه,Kavala
قواله مع بركتلو,Kavala maa Bereketli
قواله مع  بركتلو,Kavala maa Bereketli
قواله مع بركتلو,Kavala maa Bereketlü
قلعۀ قواله,Kavala/Kale-i Kavala
قاولير,Kavaliyer
قوالوس,Kavalos
قاوالوس,Kavalos
قوال,Kavalos/Kaval
قواله اطه لرى,Kavalos/Kavala Adaları
قوالو اطه لرى,Kavalos/Kavalo Adaları
قوارنه,Kavarna
قوايه,Kavaya
قوايا,Kavaya
قوايه مع ديراج,Kavaya maa Draç
قرايه,Kavaya/Kraya
قاورلوى,Kaverluy
كاويللو مع باركلو,Kavilli maa Barikli
كاويللو,Kavilli/Kavillü
قوارونيسى اطه لرى,Kavoronisi Adaları
قيا,Kaya
قياجق,Kayacık
قياجوق,Kayacık
قيه جق,Kayacık
قيالر,Kayalar
جمعه,Kayalar (Cuma)/Serfiçe Cuması
نفس جمعه,Kayalar merkez/Cuma merkez
قيالر,Kayalar/Cuma
جمعه,Kayalar/Cuma
جمعه بازارى,Kayalar/Cumapazarı
جمعه پازارى,Kayalar/Cumapazarı
قياپا,Kayapa
قايدارى,Kaydari
اشك,Kaydari/Eşek
اشك اطه لرى,Kaydari/Eşek Adaları
غايذارونيسى,Kaydari/Gayzaronisi
قايدارونيزى,Kaydaronizi
اشك,Kaydaronizi/Eşek
پرونقال,Kaydaronizi/Pronkal
قايدرونيزون,Kaydaronizon
غرادو,Kaydaronizon/Grado
قيغولي,Kaygılı
قيغولى,Kaygılı
قايغولي,Kaygılı
قيى,Kayı
قايى,Kayı
قاييلر و فناريس,Kayılar ve Fenaris
قيماس,Kaymas
ارمان,Kaymas/Araman
ارامان,Kaymas/Araman
قيناق,Kaynak
قينار,Kaynar
قينارجه,Kaynarca
قيپاق,Kaypak
قيران,Kayran
قران,Kayran/Kıran
قيروان,Kayravan
قَيْرَوان,Kayravan
آفرقيه,Kayravan/Afrikıye
قيساريه,Kaysariye
قيصرى,Kayseri
نفس قيصريه,Kayseri (Kayseriye) merkez
قيصريه,Kayseri/Kayseriye
قيصريّه,Kayseri/Kayseriye
قيصريّه,Kayseri/Kayseriyye
قيصريه,Kayseri/Kayseriyye
قيطع,Kayta
قاز,Kaz
قاز,Kaz
ايدا,Kaz/İda
قضاء ثلثه,Kaza-i Selase
قازاباد,Kazabad
قازآباد,Kazabad
قازاباد مع عشائر,Kazabad maa Aşair
قزاق,Kazak
قزاق ولايتي,Kazak Vilayeti
قضالي,Kazalı (?)
قزان,Kazan
قزغان,Kazan/Kazgan
قَزْغانْ,Kazan/Kazgan
قزانجق,Kazancık
قزانيه,Kazaniye
قازانلى,Kazanlı
قاز طاغى اردى,Kazdağıardı
قازيقلى,Kazıklı
كاظميه,Kazımiye
كاظميه و جواديه,Kazımiye ve Cevadiye
قازلى كول,Kazlıgöl
كه آ,Kea
كوئوس,Kea/Keos
مرتاد,Kea/Mürtad
مورتد,Kea/Mürted
مرتد,Kea/Mürted
مرتاد,Kea/Mürted
مرتد اطه لرى,Kea/Mürted Adaları
زه عا,Kea/Zea
زئا,Kea/Zea
زيه,Kea/Zeye
كبان,Keban
كبان معادن همايون,Keban Maadin-i Hümayunu
كبان معدنى,Keban/Kebanmadeni
معدن,Keban/Maden
معدن قضاء كبان,Keban/Maden-i Kaza-i Keban
معدن كبان,Keban/Maden-i Keban
كبه لى,Kebeli
كبشه,Kebişe
كبسيل,Kebsil
كبسل,Kebsil
كستل,Kebsil/Kestel
كچى,Keçi
كجى,Keçi
قپارى,Keçi/Kappari
قاپارى,Keçi/Kappari
قبارقونيس,Keçi/Kapparkonis
قبارونيس,Keçi/Kapparonis
قپارونيسى,Keçi/Kapparonisi
پاشا,Keçi/Paşa
پسه ريمو,Keçi/Pserimo
كچى بورلى,Keçiborlu
كچيبورلى,Keçiborlu
كچى بورلو,Keçiborlu
كجى بورلي,Keçiborlu
كجيى بورلى,Keçiborlu
كجيبورلى,Keçiborlu
كچى بورلى و حويران,Keçiborlu ve Hoyran
كجى بورلى,Keçiborlu/Keciborlu
كيچى بورلو,Keçiborlu/Kiçiborlu
كيجى بورلى,Keçiborlu/Kiçiborlu
كيچى بورلى,Keçiborlu/Kiçiborlu
كچيك,Keçik
كجيلر اسكله سى,Keçileriskelesi
كچكمت,Keçkemet
كچكمت,Keçkemet
كچكمت,Keçkemet
كچكمد,Keçkemet/Keçkemed
كچكمك,Keçkemet/Keçkemek
كچمك,Keçkemet/Keçmek
كچكميت,Keçkemit/Keçkemet
كدرپت,Kederpit
كدربيت,Kederpit/Kederbit
كه دورونيزى,Kedoronizi
اشك اطه لرى,Kedoronizi/Eşek Adaları
كف,Kef
كف,Kef
كاف مع عمدون و مكنه و سنان و تستور و طبرسوق,Kef (Kaf) maa Amdun ve Mikne ve Sinan ve Testur ve Tabersuk
كَاف مع عَمْدُونْ و مِكْنَه و سِنَانْ و تَسْتُورْ و طَبَرْسُوق,Kef (Kaf) maa Amdun ve Mikne ve Sinan ve Testur ve Tabersuk
كاف مع عَمْدُونْ و مِكْنَه و سِنانْ و تَسْتُور و طَبَرْسُوقْ,Kef (Kaf) maa Amdun ve Mikne ve Sinan ve Testur ve Tabersuk
كفالو,Kefalo
كفاله,Kefalo/Kefala
كفالونيا,Kefalonya
كفالونيه,Kefalonya
كفالنيه,Kefalonya
كفالونيا,Kefalonya
كفالنوز,Kefalonya/Kefalonoz
كفالوس,Kefalos
قلعۀ كفالوس,Kefalos/Kale-i Kefalos
كفارات,Kefarat
الكفارات,Kefarat/el-Kefarat
كفه,Kefe
كَفَه,Kefe
كفه,Kefe
كفه قصبه سى,Kefekasabası
كفرديز,Keferdiz
كفرطاب,Kefertab
كفرطاب,Kefertab
كَفِرطاب,Kefertab/Kefirtab
كفكن,Kefken
كوكن,Kefken/Kevgen
كفوزى,Kefozi
كفراور,Kefraver
كفرة حاريم,Kefreteharim
كفر تحارم,Kefreteharim
كفر كنه,Kefrkenne
طوى,Kefrkenne/Toy
كفر نجم,Kefrnecm
كفرِ نجم,Kefrnecm
كهابر,Kehabir
كهف,Kehf
كهرام,Kehram
كهريز,Kehriz
كهروز,Kehruz
ككه برد,Kekeberd
كه قووا,Kekova
ككوه,Kekova
كلالون,Kelalun
كلانه ارزان,Kelane-i Erzan
كلاش,Kelaş
كلاش و الان,Kelaş ve Alan
كلاس الاني,Kelaş ve Alan/Kelas Alanı
كلّ ش و آلان,Kelaş ve Alan/Kellas ve Alan
كلاش ديكر,Kelaş-ı diğer
كلاس,Kelaş/Kelas
كلفا,Kelefa
قلعۀ كلفار,Kelefa/Kale-i Kelefar
قلعۀ كلنار,Kelefa/Kale-i Kelenar
كلمريه,Kelemerye
گلمريه,Kelemerye
گلمريه,Kelemerye/Gelemerye
كلميه,Kelemiye
كله موس,Kelemus
كله ريچ,Keleriç
كلريچ,Keleriç
كلاس,Keles
كللاس,Keles
كلس,Keles
كلاس,Keles
گلاس,Keles/Gelas
كليس,Keles/Kelis
كيلاس,Keles/Kilas
كراز,Keles/Kiraz
كه له وينى,Kelevini
كلوينى,Kelevini
کليبر,Keleyber/Keliber
كلفو,Kelifo
چچك,Kelifo/Çiçek
اشك,Kelifo/Eşek
كسندره,Kelifo/Kesendire
كلغره,Keligra
كلكيد,Kelkid
كلكيت,Kelkid (Kelkit)/Çiftlik
كلكيد وصداق,Kelkid ve Sadak
چفتلك,Kelkid/Çiftlik
كلكيد,Kelkid/Çiftlik
چفتلك,Kelkid/Çiftlik
كلكيت,Kelkid/Kelkit
كماخ,Kemah
كماح,Kemah
كماخ,Kemah
كماح مع  قورى چاى وكرجانس,Kemah maa Kuruçay ve Gercanis
نفس كماخ,Kemah merkez
نفس كماح,Kemah merkez
كماح وقورى چاى,Kemah ve Kuruçay
كماح و قورى جاى و كرجانس,Kemah ve Kuruçay ve Gercanis
كماللر,Kemaller
كماللى,Kemalli
كمال پاشا,Kemalpaşa
كمندوار,Kemendvar
كمر,Kemer
كمر حميد,Kemer-i Hamid
كمرحميد,Kemer-i Hamid
كمر مع  كولحصار,Kemer-i Hamid (Kemer) maa Gölhisar
كمر,Kemer-i Hamid/Kemer
كمره,Kemere
كمره كوره كوز,Kemere/Kemere Kuregüz
كمره كره كوز,Kemere/Kemere Kuregüz
كمحيص,Kemhıs
كن,Ken
كنار اب طونه,Kenar-ı Ab-ı Tuna
كنار ارماق,Kenar-ı Irmak
كناربل,Kenarbel
كناربيل,Kenarbel
كندوان,Kenduvan
كنكان,Kenekan
كنشت,Keneşt
كنه ز,Kenez
كنغرى,Kengırı
كانغرى,Kengırı
نفس كنقرى,Kengırı (Kenkırı) merkez
كانغرى مع قره جه ويران,Kengırı maa Karacaviran
كنغرى مع قره جه ويران,Kengırı maa Karacaviran
نفس كنغرى,Kengırı merkez
چان قيرى,Kengırı/Çankırı
كانغرى,Kengırı/Kangırı
كانقري,Kengırı/Kankırı
كانقرى,Kengırı/Kankırı
كانغرى,Kengırı/Kankırı
كنقرى,Kengırı/Kenkırı
كنرش,Kenireş
كنيز,Keniz
كَنِيزْ,Keniz/Geniz
كنوريو,Kenoryo
كينوريه,Kenoryo
كنوريو مع پيريوتيچه,Kenoryo maa Piryotiçe
كنوريو و پريوتيچه,Kenoryo ve Piryotiçe
كنوريو و پيريوتيچه,Kenoryo ve Piryotiçe
جزيرۀ كنوريو,Kenoryo/Cezire-i Kenoryo
قستل كنوريه,Kenoryo/Kastel-i Kenorye
قستل كنوريو,Kenoryo/Kastel-i Kenoryo
كنوره,Kenoryo/Kenora
كنوريه,Kenoryo/Kenorye
متره پولى,Kenoryo/Mitrepoli
كنوريو,Kenoryo/Mitropoli
كَنورْيو,Kenoryo/Mitropoli
كنزين,Kenzin
كپسود,Kepsud
كبسود,Kepsud
كبسود مع بلاط,Kepsud (Kebsud) maa Balat
كپسوط مع قصبۀ بلاط,Kepsud (Kepsut) maa Kasaba-i Balat
كبسود مع بلاط,Kepsud maa Balat
كبسود,Kepsud/Kebsud
كرفتو,Keraftu
كرفتو و كوره قلا,Keraftu ve Gürekale
كرامڭا,Keramena
كرامكا,Keramena
كرر,Kerar
كرار,Kerar
كربلا,Kerbela
نفس كربلا,Kerbela merkez
كربلا و نجف,Kerbela ve Necef
كربلا,Kerbela/Meşhed-i Hüseyin
مشهد امام حسين,Kerbela/Meşhed-i İmam Hüseyin
مشهد شريف امام حسين,Kerbela/Meşhed-i Şerif-i İmam Hüseyin
كربوران,Kerburan
كربران,Kerburan
كرج,Kerc
كرك,Kerek
كرك نوح النبى,Kerek-i Nuhnebi
كرك شبك,Kerek-i Şubek
كرك شوبك,Kerek-i Şubek
كَرَك شبك مع امير حاجلق,Kerek-i Şubek maa Emir-i Haclık
كراك,Kerek/Cemmain
قلعۀ كرك,Kerek/Kale-i Kerek
كرك,Kerek/Kale-i Kerek
كرك,Kerek/Maan
كرم,Kerem
كرمرود,Keremrud
كرند,Kerend
كرش,Kereş
كره تنه,Keretine
كروّس,Kerevvus
كرخ جهتى,Kerh ciheti
كركه ناج,Kerkenac
قرقانى اطه لرى,Kerkenac/Karkani Adaları
كركنه,Kerkenac/Kerkene
كركينه,Kerkenac/Kerkine
كركوك,Kerkük
كركوك,Kerkük
نفس كركوك,Kerkük merkez
كركوك شروان,Kerkük Şirvan
شروان,Kerkük Şirvan/Şirvan
شيروان,Kerkük Şirvan/Şirvan
كلكوك,Kerkük/Kelkük
كركوك,Kerkük/Şehr-i Zor
كركوتلى,Kerkütlü
كرمه,Kerme
كرمه,Kerme/Benisaid
بنى سعيد,Kerme/Benisaid
كرمل,Kermel
كرمن,Kermen
كرنه,Kerne
كرنيچه,Kerniçe
كرنح,Kernih
كرپه,Kerpe
كرپه,Kerpe
كَرْپَه,Kerpe
كرپ,Kerpe
كرپه,Kerpe
كربه اطه سى,Kerpe Adası
جزيرۀ كرپه,Kerpe/Cezire-i Kerpe
قارپانتوس,Kerpe/Karpantos
قارپاتوس,Kerpe/Karpatos
قارپوطه,Kerpe/Karpoda
قارپوط,Kerpe/Karpot
كرپى,Kerpe/Kerpi
سيقارپنتو,Kerpe/Sikarpento
كرپى,Kerpi
كرپي,Kerpi
كرپنش,Kerpiniş
قرپنش,Kerpiniş/Karpiniş
كرسو,Kerso
جرسو,Kerso/Cerso
كرش,Kerş
كرتنى,Kertena
كرتلى,Kertil/Kertili
كرتوان,Kertuvan
كروانسراى,Kervansaray
كاربانسراى,Kervansaray/Karbansaray
كسنديره,Kesendire
كسنديره,Kesendire
كسندره,Kesendire
كسندره,Kesendire
جزيرۀ كسندره و معدن سيدروقافسى,Kesendire (Cezire-i Kesendire) ve Maden-i Sidrekapsi (Maden-i Sidirokafsi)
كسكانلو عشيرتى,Keskanlı Aşireti
كسكين قلعجك,Keskin-i Kalecik
كسكين قلعه جك,Keskin-i Kalecik
كسكين قلعه جك,Keskin-i Kalecik
قلعه جك كسكين,Keskin-i Kalecik/Kalecik Keskin
قلعه جك كسكينى,Keskin-i Kalecik/Kalecik Keskini
كسكون,Keskin-i Kalecik/Keskin
كسلنه,Keslene
كسمه,Kesme
كسكين,Kesme/Keskin
كسره,Kesre
كسريجه,Kesriçe
كستريچه,Kesriçe/Kestriçe
كسريه,Kesriye
كسريه,Kesriye
كسريه,Kesriye
كسريّه,Kesriye
كسون,Kesriye (Kesven (?))
نفس كسريه,Kesriye merkez
كوللو كسرى,Kesriye/Göllükesri
كوللى كسريه,Kesriye/Göllükesriye
كوللى كسريه,Kesriye/Göllükesriye
كسريه,Kesriye/Kastorya
كسترده,Kesriye/Kestorde
كستريه,Kesriye/Kestorya
كستوريه,Kesriye/Kestorya
كساله,Kessala
كساله,Kessale
كساره,Kessare
كستانبولى,Kestanbolu
كستانه,Kestane
كستل,Kestel
كه سته ل,Kestel
كستل مع نازلى,Kestel maa Nazilli (Nazlı)
كستوج,Kestuc
كشاب,Keşab
كشان,Keşan
كشان,Keşan
مجيديه,Keşan Mecidiye/Mecidiye
صوليجه,Keşan Mecidiye/Suluca
نفس كشان,Keşan merkez
كشنوز,Keşanoz
كش دره سى,Keşderesi
كشدره,Keşderesi/Keşdere
كشرلو,Keşirli
كشيرلو,Keşirli
كشرلى,Keşirli
كشرلوى صغير و كبير,Keşirli (Keşirli-yi Sagir ve Kebir)
كشيش,Keşiş
كشيشلك,Keşişlik
كشلو,Keşli
كَشْلو,Keşli
مع كشلى,Keşli
كشلو و ارملو و بولاجله و تاتار و قره بوجيلو و قره حاجيلو و بخشش و كوردجى و صندللو و خير ايللو و قبطيان,Keşli ve İremli ve Bulacalı ve Tatar ve Karaböcülü ve Karahacılı ve Bahşeş ve Kürdeci ve Sandallı ve Hayrilli ve Kıbtiyan
كشّاف,Keşşaf
كشاف,Keşşaf
كشتاصف,Keştasıf
عشائر كتگانلو و بنى قيس و ميللو و شيخانلو,Ketekanlı ve Benikays ve Milli ve Şeyhanlı
كتهل,Kethel
كواخور,Kevahor
كواسه,Kevase
كوانسه,Kevase/Kevanse
كوكب,Kevkeb
شداده,Kevkeb/Şeddade
كوكب,Kevkeb/Şeddade
كوكبان,Kevkeban
كوكبان,Kevkeban
نفس كوكبان,Kevkeban merkez
كيگلان,Keygelen (?)
كيل,Keyl
كيل و كتيبان,Keyl ve Küteyban
كيسون,Keysun
كيسون,Keysun
كيوانك,Keyvank
كزّاز,Kezzaz
قبجاق,Kıbçak
قبله,Kıble
قبريس,Kıbrıs
قبريس,Kıbrıs
قبرس,Kıbrıs
جزيرۀ قبريس,Kıbrıs/Cezire-i Kıbrıs
جزيرۀ قبرس,Kıbrıs/Cezire-i Kıbrıs
قبريس جزيره سى,Kıbrıs/Kıbrıs Ceziresi
قبرز,Kıbrıs/Kıbrız
قبريز,Kıbrıs/Kıbrız
قبروس,Kıbrıs/Kıbrus
قبروز,Kıbrıs/Kıbruz
قپرس,Kıbrıs/Kıprıs
قبريسجق,Kıbrıscık
قبرسجق,Kıbrıscık
قبرس,Kıbrıscık/Kıbrıs
قبروس,Kıbrıscık/Kıbrus
پتروس,Kıbrıscık/Petros
قبطيان,Kıbtiyan
قفاعى,Kıfai
قلاع دوهوك و مناخو و زاخو,Kıla-ı Duhuk ve Manaho ve Zaho
قلاع دوحوك و مناخو و راخو,Kıla-ı Duhuk ve Manaho ve Zaho
قلاع پير احمد اوغلي,Kıla-ı Pirahmedoğlu
قلاع الدعوه,Kılaüddava
قيل بورون,Kılburun
قيلْ بُرُون,Kılburun
قلبرون,Kılburun
قلبرن,Kılburun
قيل برون,Kılburun
قليجلو,Kılıçlı
قليچلو,Kılıçlı
قليچلى,Kılıçlı
قزلجه مسَلّم,Kılızcamüsellem
قليسووه اطه لرى,Kılisova Adaları
قيلقيش,Kılkış
قلقيش,Kılkış
قلقش,Kılkış
قوقوش,Kılkış/Kukuş
قوقوش,Kılkış/Kukuş
قَمَنُ العروس مع زاويه,Kımenülarus (Kamenülarus) maa Zaviye
قمن العروس مع زاويه,Kımenülarus maa Zaviye
قنه,Kına
قِنَه,Kına
قنه,Kına
قنه مع قصير,Kına maa Kusayr
قِنَه مع قُصَير,Kına maa Kusayr
قنه قوجق,Kına maa Kusayr/Kına-i Kocak
قينه لى اطه,Kınalıada
قنه لى اطه,Kınalıada
قنلى اطه,Kınalıada
قنالو اطه,Kınalıada
جزيرۀ قنالى,Kınalıada/Cezire-i Kınalı
قنه لى,Kınalıada/Kınalı
قنالى,Kınalıada/Kınalı
قنجلى,Kıncılı
قنديغى,Kındığı
قنق,Kınık
قاف,Kınık (Kaf (?))
قراغيلر,Kırağılar
قره حوض,Kırahvaz
قرباوه,Kırbava
قرجه على,Kırcaali
قيرجه على,Kırcaali
نفس قرجه على,Kırcaali merkez
قرجوه,Kırçova
قرچوه,Kırçova
قيرچوه,Kırçova
قيرجوه,Kırçova
نفس قرجوه,Kırçova merkez
قيرجوه,Kırçova/Kırcova
ويره حوه,Kırçova/Virahova
قرغالى,Kırgalı
قرغه ل,Kırgalı/Kırgal
قير حصار,Kırhisar
قيرحصار,Kırhisar
قاير حصارى,Kırhisar/Kayırhisarı
قيريق,Kırık
قريق,Kırık
ناحيۀ قريق مع  كره سون,Kırık maa Giresun/Nahiye-i Kırık maa Giresun
قيريق مندول,Kırık-ı Mindaval
قزق,Kırık!/Kızık
فريق,Kırık/Ferik
قريق ايلى,Kırık/Kırıkili
قريم,Kırım
قريم جزيره سى,Kırım Ceziresi
خالق قريم و قالغالق قريم,Kırım Hanlığı ve Kalgaylık-ı Kırım
قريم عتيق,Kırım-ı Atik
اسكى قريم,Kırım-ı Atik/Eskikırım
قريم,Kırım-ı Atik/Kırım
قرم,Kırım-ı Atik/Kırım
قريم العتيق,Kırım-ı Atik/Kırımülatik
ولايت قريم,Kırım/Vilayet-i Kırım
قيرايلى,Kırili
قير ايلى,Kırili
قرايلى,Kırili
بهرام كوى,Kırili/Behramköy
قيرايلى,Kırili/Behramköy
قير ايلى,Kırili/Behramköyü
قيريوچه,Kırivçe
نفس قيريوچه,Kırivçe merkez
قرقه,Kırka
قيرقه,Kırka
قرغه,Kırka/Kırga
قرقه,Kırka/Lika
قرق آغاج,Kırkağaç
قرق اغاج,Kırkağaç
قرق آغاچ,Kırkağaç
قرق اغاچ,Kırkağaç
قرق اغاج,Kırkağaç
نفس قرق آغاج,Kırkağaç merkez
قرق امرود,Kırkarmud/Kırkemrud
قرق بولاق,Kırkbulak
قرق ديليم,Kırkdilim
قرق كليسا,Kırkkilise
قرق كليسا,Kırkkilise
نفس قرق كليسا,Kırkkilise merkez
قر كنيسه,Kırkkilise/Kırkenise
قرق كنيسا,Kırkkilise/Kırkkenise
قرقلر ايلى,Kırkkilise/Kırklarili
قرق دپه,Kırktepe/Kırkdepe
قرقير,Kırkyer
قرميط,Kırmıt
ناحيۀ قير,Kırnahiyesi
قيرشهرى,Kırşehri
قرشهرى,Kırşehri
قيرشهري,Kırşehri
نفس قيرشهرى,Kırşehri merkez
نفس قيرشهر,Kırşehri merkez/Kırşehir merkez
قيرشهر,Kırşehri/Kırşehir
قرشهر,Kırşehri/Kırşehir
قيرزاوه,Kırzava
قيس,Kıs/Kays
قيصالو,Kısalo
قلعۀ قيصالو,Kısalo/Kale-i Kısalo
قلعۀ قصالو,Kısalo/Kale-i Kısalo
قشلاغات,Kışlağat
قشران,Kışran
قطة ابو تفاح,Kıta Ebutüffah
قطه ترمبه,Kıta Terumba
قزق,Kızık
قزيق,Kızık
قزق,Kızık/Kazak
قزل اطه لر,Kızıl Adalar
قزيل اطه لر,Kızıl Adalar
اطه لر,Kızıl Adalar/Adalar
پرنس اطه لرى,Kızıl Adalar/Prens Adaları
قزيل مع قورى قواق,Kızıl maa Kurukavak
قزيل اطه,Kızılada
قزل اطه,Kızılada
ادم اطه لرى,Kızılada/Adam Adaları
قزيل آغاج,Kızılağaç
قزل اغاج,Kızılağaç
قزيل اغاج,Kızılağaç
قزيل بل,Kızılbel
قزل بيل,Kızılbel
قزل بل,Kızılbel
قزيل بيل,Kızılbel
قزيل بيكلى,Kızılbeyli
قزلجه,Kızılca
قيزلجه,Kızılca
قزلجه,Kızılca
كلعنبرقزلجه,Kızılca/Gülanber Kızılca
قزلجه على,Kızılcaali
قزلجه طاغ,Kızılcadağ
آيدين قزلجه طاغ,Kızılcadağ/Aydın Kızılcadağ
قزلجه قلعه,Kızılcakale
قزيلجه قلعه,Kızılcakale
قزلجه قشلاجق,Kızılcakışlacık
قزلجه طوزله,Kızılcatuzla
ايواجق,Kızılcatuzla/Ayvacık
آيواجق,Kızılcatuzla/Ayvacık
آيوه جق,Kızılcatuzla/Ayvacık
بهرام,Kızılcatuzla/Behram
بهرام و طوزلا,Kızılcatuzla/Behram ve Tuzla
طوزله,Kızılcatuzla/Tuzla
قزيلچاقچاق,Kızılçakçak
قزيل طاغ,Kızıldağ
قزل كول,Kızılgöl
قزيل حصار,Kızılhisar
قزلحصار,Kızılhisar
قزل حصار,Kızılhisar
قزلحسار,Kızılhisar
قزلحصارِ كبير,Kızılhisar-ı Kebir
قزل حصار كبير,Kızılhisar-ı Kebir
قيزل حصار,Kızılhisar-ı Kebir/Kızılhisar
قزل حصار,Kızılhisar-ı Kebir/Kızılhisar
قيزل ايرمق,Kızılırmak
قيزيل ايرمق,Kızılırmak
قزيل اين,Kızılin
قيزل اين,Kızılin
قزل اين,Kızılin
قزل قپو,Kızılkapı
قزل قيا,Kızılkaya
قزيل قيا,Kızılkaya
قزلقيه,Kızılkaya
قزل قيه,Kızılkaya
قزلقيا,Kızılkaya
قيزل كلسا,Kızılkilise
قزلكليسا,Kızılkilise
قزيل كليسا,Kızılkilise
قزل كليسا,Kızılkilise
ناظميه,Kızılkilise/Nazımiye
قزل قوجه,Kızılkoca
قزيل قوجه,Kızılkoca
قزلقوجه,Kızılkoca
قزلجه قوجه,Kızılkoca/Kızılcakoca
قزل قوجه لر,Kızılkoca/Kızılkocalar
قزل كوپرى,Kızılköprü
قزيل كونبد,Kızılkünbed
قزل كنبد,Kızılkünbed
كسلوه,Kızılova/Keslova
قزل اوز,Kızılöz
قزل رباط,Kızılribat
قزلرباط,Kızılribat
قزيل رباط,Kızılribat
قزل رُباط مع قولاى,Kızılribat maa Kolay
قزيل سراى,Kızılsaray
قزل سراى,Kızılsaray
قزل صولرى,Kızılsuları
قزلطاش,Kızıltaş
قزيل طاش,Kızıltaş
قزيل ويران,Kızılviran
قزل يارلى,Kızılyarlı
قيز اوچان,Kızuçan
قيز اوجان,Kızuçan
قز اوجان,Kızuçan
قوزيجان,Kızuçan
قوزليچاڭ,Kızuçan/Kozluçan
قوزيجان,Kızuçan/Kuzıcan
قوزيجان,Kızuçan/Kuzıcan
قوزيچان,Kızuçan/Kuzıçan
قوزيجان,Kızuçan/Kuzıçan
قوزجان,Kızuçan/Kuzucan
قوزجان,Kızuçan/Kuzuçan
پلومر,Kızuçan/Pülümür
پلومر,Kızuçan/Pülümür
قوزيچان,Kızuçan/Pülümür
پلومر,Kızuçan/Pülümür
پولومرى,Kızuçan/Pülümürü
كيبَرون,Kiberon
كچى سنجانلو,Kiçisincanlı
كيچى سنجانلو,Kiçisincanlı
كيدونيه,Kidonya
كيذونيه,Kidonya/Kizonya
كيدروس,Kidros
كدوس,Kidros/Kidos
کۀ,Kie
كفل,Kifl
كيفسه,Kifse
كيغى,Kiğı
كيغى,Kiğı
كيغي,Kiğı
گيغى,Kiğı
نفس كيغى,Kiğı merkez
كيغى,Kiğı/Temüran
كيغيك,Kiğik
كييك,Kiğik/Keyik
كيكي,Kiki
كيكى,Kiki
كيكى چركان,Kiki Çerikan
كيكى خلجان,Kiki Halecan
گيكى,Kiki/Gigi
گيكى,Kiki/Giki
كيلى,Kiki/Gili
ككوى,Kikköy
كيكو,Kikköy/Kikkö
ككله,Kikle
كلى,Kili
كيلى,Kili
كيلي,Kili
كِلِى,Kili
قلعۀ كلى,Kili/Kale-i Kili
قيلى,Kili/Kılı
كليد البحر,Kilidülbahir
كلفار,Kilifar
كلفتلر,Kilifar/Külfetler
كلندر,Kilindir
كلندير,Kilindir
كلندير,Kilindir
كليس,Kilis
كلس,Kilis
كليس,Kilis
كلز,Kilis/Kiliz
كلّز,Kilis/Killiz
كليسا,Kilise
برغمه رشاديه,Kilise/Bergama Reşadiye
كليسا كوى,Kilise/Kiliseköy
رشاديه,Kilise/Reşadiye
كليسه حصار,Kilisehisar
كليسالى,Kiliseli
كلمغاد,Kilmigad
كلميغاد,Kilmigad
كلمغاد مع يقه جق,Kilmigad maa Yakacık
بلجك,Kilmigad/Belcik
بلجيك,Kilmigad/Belcik
كلمغات,Kilmigad/Kilmigat
كلمقاد,Kilmigad/Kilmikad
كلسمه,Kilseme
كليوس بغدادجغى,Kilyos Bağdadcığı
قمولوس,Kimolos
قيمولوس,Kimolos
آرجنتياره,Kimolos/Arcintiyara
ايسز دكرمنلك,Kimolos/Issız Değirmenlik
كيمولو,Kimolos/Kimolo
كمش,Kimolos/Kimoş
كناروس,Kinaros
اردججق,Kinaros/Ardıçcık
قناره,Kinaros/Kınare
كنارى,Kinaros/Kinari
كينارو,Kinaros/Kinaro
كناروس,Kinaros/Kineroz
كينه روز,Kinaros/Kineroz
زينارى,Kinaros/Zinari
كينوس,Kinos
كينزو,Kinzö
كرا,Kira
كيرا,Kira
كرات,Kira/Kirat
شراده,Kira/Şerada
كيرادس,Kiradis
كراسيه,Kirasiye
كُردلان و مقاطعۀ شطّ,Kirdalan (Kürdelan) ve Mukataa-i Şatt
كرچ,Kireç
كرچلك,Kireç/Kireçlik
كرچلى,Kireçli
كرميد,Kiremid
كره موتى,Kiremuti
كرلاباد,Kirilabad
كريلووه,Kirilabad/Kirilova
كريلوه,Kirilabad/Kirilova
كيرلى,Kirli
كرلى,Kirli
كرليه,Kirliye
كرليله,Kirliye/Kirlile
كرمان شاهان,Kirmanşahan
كرماستى,Kirmasti
مصطفى كمال پاشا,Kirmasti/Mustafakemalpaşa
كرمچ,Kirmiç
كرميل,Kirmil
كيرپوزك,Kirpüzek
كيرتانوص,Kirtanos
كرتانوص,Kirtanos
كيرته,Kirte/Kuzu
كير واسيلى,Kirvasili
كيرواسيلى,Kirvasili
كرياكى,Kiryaki
كيرياكى,Kiryaki
كيريقوس,Kiryakos
كيريوس,Kiryakos/Kiryos
كسامو,Kisamo
كيسامو,Kisamo
كيسه مو,Kisamo
كيسامو,Kisamo
جزيرۀ كيسامو,Kisamo/Cezire-i Kisamo
قلعۀ كيسامو,Kisamo/Kale-i Kisamo
قستل,Kisamo/Kastel
قستل كيسامو,Kisamo/Kastel-i Kisamo
كيسامو قاستيل,Kisamo/Kisamokastil
كسان,Kisan
كيسان,Kisan
كيساني,Kisan/Kisani
كيسه,Kise
كسخه,Kisha
كسنديه,Kisindiye
كسكيم,Kiskim
كسكم,Kiskim
نفس كسكيم,Kiskim merkez
كسكين,Kiskim/Keskin
يوسف ايلى,Kiskim/Yusufeli
كيسوس,Kisos
كسروان,Kisrevan
كسروان,Kisrevan
نفس كسروان,Kisrevan merkez
كسوه,Kisve
كيش بنديك,Kişbenedik
كشم,Kişm
كثم,Kişm/Kism
كيش طوپوجان,Kiştopocan
كتاى حوراد,Kitayhorad
كتاى حورات,Kitayhorad
كته,Kite
كته,Kite
كيته,Kite
كته قيا الى,Kite Kayaili
كته مع جبل عتيق,Kite maa  Cebel-i Atik
كته مع بروسه,Kite maa Bursa
كته مع ناحيۀ جبل عتيق,Kite maa Nahiye-i Cebel-i Atik
كيتره,Kitre
كيترى يانى,Kitriyani
قاتريانى,Kitriyani/Katriyani
كتريالى,Kitriyani/Kitriyalı
كتريانى,Kitriyani/Şitiryan
كتريانى,Kitriyani/Şitriyan
كيوه نات,Kivenan
كى,Kiy
كيو اطه لرى,Kiyo/Kuş Adaları
كيزير,Kizir
كيز,Kizir/Kiz
قلادينه,Kladine
قلادنه,Kladine
قلادينه مع اولوه,Kladine maa Olova
قلادينه مع الوه,Kladine maa Olova
قيلادينه,Kladine/Kıladine
قلادن,Kladine/Kladan
قلادانى,Kladine/Kladani
كلمنته,Klemente
قلنيه,Klenye
كليچواج,Kliçovaç
كليچويچ,Kliçovaç (Kliçoviç)
كليجوفجه,Kliçovaç/Kliçofça
قلنوز,Klinoz
كلس,Klis
كليس,Klis
كليس,Klis
قلعۀ كليس,Klis/Kale-i Klis
قلعۀ كليس,Klis/Kale-i Klis
واروش قلعۀ كليس,Klis/Varoş-ı Kale-i Klis
وارش قلعۀ كليس,Klis/Varoş-ı Kale-i Klis
كليسوره,Klisura
قليسوره,Klisura
كل صورت,Klisura/Gülsuret
قلوبق,Klobuk
قلوبوق,Klobuk
قلوپوتنك,Klopotnik
قلوپتنك,Klopotnik
قلوپوتنيك,Klopotnik
قلاپوتنك,Klopotnik/Klapotnik
قلپودنيك,Klopotnik/Klopodnik
كلوج,Kluç
قلوچ,Kluç
كلوچ,Kluç
قلوج,Kluç
قلعۀ كلوچ,Kluç/Kale-i Kluç
قليوچ,Kluç/Kılyuç
كلاج,Kluç/Kilaç
كليوج,Kluç/Kilyuc
واروش قلعۀ كلوج,Kluç/Varoş-ı Kale-i Kluç
واروش قلعۀ كلوچ,Kluç/Varoş-ı Kale-i Kluç
كنزينه,Knezine
كنزين,Knezine/Knezin
كنين,Knin
كنن,Knin
قلعۀ كنين,Knin/Kale-i Knin
واروش قلعۀ كنين,Knin/Varoş-ı Kale-i Knin
وارش قلعۀ كنين,Knin/Varoş-ı Kale-i Knin
قوباش,Kobaş
قوبيل دول,Kobildol
كوبليان,Kobliyan
قوجه,Koca
قوجه على,Kocaali
قوجه باش,Kocabaş
قوجاجق,Kocacık
قوجاجق,Kocacık
قوجاجق حصارى,Kocacık/Kocacıkhisarı
قوجه چاى,Kocaçay
قوجه چاى,Kocaçay/Graniyos
قوجه ايلى,Kocaeli
قوجه ايلي,Kocaeli
قوجَه ايلى,Kocaeli
ازميد,Kocaeli/İzmid
ايزميت,Kocaeli/İzmit
قوجه ايلى,Kocaeli/Kocaili
قوجه قياسى,Kocakayası
قوجه اوزى,Kocaözü
قوجقدر,Kocokdor
قوجاق,Koçak
قوچاق,Koçak
قوجان,Koçak/Koçan
قوچقماز,Koçakmaz
قوجقماز,Koçakmaz
قوچ على,Koçali
قوچانه,Koçana
قوجانه,Koçana
نس قوچانه,Koçana merkez
قوچان,Koçana/Koçan
قوجان,Koçana/Koçan
كجنوس,Koçanos
كچنوس,Koçanos
كوجنوس,Koçanos
كوچنوس,Koçanos
كنجنوس,Koçanos/Gencenos
كچينوس,Koçanos/Keçinos
كيجنوس,Koçanos/Kiçinos
قوچارلى,Koçarlı
قوچكيرى,Koçgiri
قوجكيرى,Koçgiri
قوچكيرلى,Koçgiri/Koçgirili
زاره,Koçgiri/Zara
زارا,Koçgiri/Zara
ظوره,Koçgiri/Zara (Zora)
قوچحصار,Koçhisar
قوچ حصار,Koçhisar
قوجحصار,Koçhisar
قوچحصار مع اسبكشان اين اوى,Koçhisar maa Esbkeşan-ı İnevi
قوچ حصار قرمان,Koçhisar-ı Karaman
قوچحصار,Koçhisar-ı Karaman/Koçhisar
قوچ حصار,Koçhisar-ı Karaman/Koçhisar
قوجحصار,Koçhisar-ı Karaman/Koçhisar
قوشحصار,Koçhisar-ı Karaman/Koşhisar
ايلغاز,Koçhisar/Ilgaz
قوچحصار كرده,Koçhisar/Koçhisar-ı Gerede
قوچى,Koçi
قوچوميتى,Koçomiti
قوجومنى,Koçomiti/Koçomini
قوجومينو,Koçomiti/Koçomino
قوفجغاز,Kofcuğaz
قوفيدى,Kofidi
كوفو اطه لرى,Kofo Adaları
كوفونيسى اطه جقلرى,Kofonisi Adacıkları
قوفونيزى,Kofonizi
خرستيان,Kofonizi/Hristiyan
قوقونيزى,Kofonizi/Kokonizi
قوغه جايرى,Koğaçayırı
كوكانس,Koğans
قغانس,Koğans
كوكانس و يغموردره سى,Koğans ve Yağmurdere (Yağmurderesi)
قوكاس,Koğans/Koğas
قوڭاس,Koğans/Koğas
قوكاس,Koğans/Kokas
قوڭاس,Koğans/Konas
قوناس,Koğans/Konas
قووانس,Koğans/Kovans
كوكس,Koğans/Kökes
قوژل اووه,Kojulova
قوژول اوه,Kojulova
قوژول اووه,Kojulova
قوقينوفچه,Kokinofça
قوقنوفچه,Kokinofça
قوقوش,Kokoş
قولاشين,Kolaşin
قولاشين زير,Kolaşin/Kolaşin-i Zir
قولات,Kolat
قول بكى,Kolbeyi
قولجق,Kolçak
يالى اغاج,Kolçak/Yalıağaç
قولندان,Kolendan
قوليورى,Koliviri
كولوفونوس,Kolofonos
قولوكتييا,Kolokitiya
قباق,Kolokitiya/Kabak
قولوچتيا,Kolokitiya/Koloçitiya
قلومبه,Kolomba
قولونيه,Kolonya
قولونيا,Kolonya
قالونيه,Kolonya/Kalonya
قولنه,Kolonya/Kolona
قولورانيسا,Koloranisia
قولورانسيا,Koloranisia
قولورانيسيا,Koloranisia
قولوس,Kolos
قولوز,Kolos/Koloz
قولتيك,Koltik
قولتك,Koltik
قولتوق,Koltik/Koltuk
سيمك,Koltik/Simek
قومار,Komar
قومران,Komaran
قومارن,Komaran
قوماران,Komaran
قمران,Komaran
قمران و اقوه,Komaran ve Akova
قومارنچه,Komarniçe
قومارنيچه,Komarniçe/Drobnak
قومارنچه,Komarniçe/Drobnak
دروبناق,Komarniçe/Drobnak
قومارنيچه,Komarniçe/Drobnaklar
قومه صور,Komasor
قومنات,Komenat
قومنات,Komenat
قومنات,Komenat
قومنات و جنجفه,Komenat ve Cincife
قومنات و كافرنى,Komenat ve Kafirni
كومين,Komin
قموتين,Komotin
كمصور,Komsor
قومصور,Komsor
قومياد,Komyad
قومياتين,Komyad/Komyatin
قوناج پوليه,Konaçpolye
قوناچ پوله,Konaçpolye/Konaçpole
قوناج پوله,Konaçpolye/Konaçpole
قوناغى,Konağı
قوناقلى,Konaklı
قوناق پيكار,Konakpınarı
قوناق پيكارى,Konakpınarı/Burhaniye
قونچه,Konçe
قونديه,Kondiye
قوندو مخو,Kondomiho
قوندوس,Kondos
قونيچه,Koniçe
قونچه,Koniçe
قونيجه,Koniçe
قُونيچَه,Koniçe
قونيجه مع ناحيۀ لسقويق,Koniçe maa Nahiye-i Leskovik
قونيچه ياينچه,Koniçe ve Yayçe/Koniçe Yayniçe
قونيچه,Koniçe/Belgrad
قونيچه,Koniçe/Belgradcık
بلغرادجق,Koniçe/Belgradcık
بلغرادچق,Koniçe/Belgradcık
بازار بلغراد,Koniçe/Pazar-ı Belgrad
بازار قونيچه,Koniçe/Pazar-ı Koniçe
بازار قونچه,Koniçe/Pazar-ı Koniçe
قونلونيسى,Konlonisi
قونملات,Konomlat
قونطونيس,Kontonis
قوكر,Konur
قوڭور,Konur
قوكور,Konur
قوڭر,Konur
قوكر مع جسر چاشنكير,Konur maa Cisr-i Çaşnigir
كوكورسى,Konursu
قوكورس,Konursu/Konurs
كوڭرسه,Konursu/Konursa
قنوش,Konuş
قونيه,Konya
قونيه,Konya
قونیه,Konya
قونيه,Konya
قونيه اركلى,Konya Ereğli
ارگلئ قرمان مع بايبورد,Konya Ereğli (Ereğli-i Karaman) maa Bayburd
اركلئ قره مان مع دربند بكدك و چيان,Konya Ereğli (Ereğli-i Karaman) maa Derbend-i Bekdik ve Çayan
اركلى و اندوى و نيكده,Konya Ereğli (Ereğli) ve Anduğu ve Niğde
دربند اركلى,Konya Ereğli/Derbend-i Ereğli
اركلى,Konya Ereğli/Ereğli
اركلى,Konya Ereğli/Ereğli
ارگلى,Konya Ereğli/Ereğli
اركلي,Konya Ereğli/Ereğli
نفس اركلى,Konya Ereğli/Ereğli
اركلئ قره مان,Konya Ereğli/Ereğli-i Karaman
اركلى قرمان,Konya Ereğli/Ereğli-i Karaman
اركلئ قره مان,Konya Ereğli/Ereğli-i Karaman
هرقليه,Konya Ereğli/Herakliya
قونيه مع نواحى,Konya maa Nevahi
نفس قونيه,Konya merkez
قوپ,Kop
كوب,Kop
قوپ مع بولانقليز و عشيرت ممكى,Kop maa Bulanakliz ve Aşiret-i Memeki
بولانق و بليجان,Kop ve Bilican/Bulanık ve Bilican
بولانق,Kop/Bulanık
بولانيق,Kop/Bulanık
بولانق,Kop/Bulanık
بولانيق,Kop/Bulanık
نفس بولا نيق,Kop/Bulanık merkez
بولانق سفلا,Kop/Bulanık-ı Süfla
بولانق عليا,Kop/Bulanık-ı Ulya
بولانق عليا و سفلا,Kop/Bulanık-ı Ulya ve Süfla
بولانقلر,Kop/Bulanıklar
قوپان,Kopan
قوبان,Kopan
قوپَان,Kopan
قرپان,Kopan/Karpan
قوپانيك,Kopanik
قوپاتوس,Kopanos
قوپاتو,Kopanos/Kopato
موپانو,Kopanos/Mopano
قوپلاد,Koplad
قوپلاطه,Koplad/Koplata
قپوريك,Koporik
قوپوريك,Koporik
قوپورنوه,Kopornova
قپوزجى,Kopuzcu
قوپوزجى,Kopuzcu
قوراكى,Koraki
قوراقو,Korako
قاراقونيسيون,Korako/Karakonisyon
قورشته,Koreşta
قورفو,Korfu
كورفى,Korfu
قورفه,Korfu/Korfa
قورفه,Korfu/Korfa
كورفوس,Korfu/Korfos
كورفس,Korfu/Korfos
كورفز,Korfu/Korfoz
قورندوس,Korindos
قرندوس,Korindos
قورندوز,Korindos/Korindoz
قورنتوس,Korindos/Korintos
قروندوس,Korindos/Korondos
قوروندوز,Korindos/Korondoz
قوريتوس,Koritos
كوردوس,Koritos/Koridos
قورقماز,Korkmaz
جان قورتران,Korkmaz/Cankurtaran
قورماكيتي,Kormakiti
قرون,Koron
قورون,Koron
قورونى,Koroni
قوربنه,Korpana
قورپنه,Korpana
قورسيقا,Korsika
قورسيقه,Korsika
قورسقه ژوپه,Korskajupe
غورسقه ژوبه,Korskajupe (Gorskajube)/Zagozd
غروشقه ژوپه,Korskajupe/Groşkajupe
قورتى,Korti
قوروى همايون,Koru-yı Hümayun
اق كوپرى قوروى همايونى,Koru-yı Hümayun/Akköprü Koru-yı Hümayunu
قوريجى,Korucu
قوروم,Korum
قورى بازارى,Korupazarı
قورو بازارى,Korupazarı
قورى پازار,Korupazarı
قورى پازارى,Korupazarı
قورى پازار مع نعللوخان,Korupazarı (Korupazar) maa Nalluhan
قورى,Korupazarı/Koru
قورى نعللو,Korupazarı/Koru-yı Nallı!
قورى بازار نعللو,Korupazarı/Korupazar-ı Nallı
قورى بازارى نعللو,Korupazarı/Korupazar-ı Nallı
قورى بازار نعللوخان,Korupazarı/Korupazar-ı Nalluhan
قورى بازارى نعللو,Korupazarı/Korupazarı-ı Nallı
قورزاف,Korzaf
قوصور,Kosor
كصور,Kosor
كوصور,Kosor
قوصوه,Kosova
قوسوه,Kosova
قوسوه,Kosova
قسطنطين,Kostantin
قسطنطنيّه,Kostantin/Kostantiniye
قسطنطين اوه,Kostantinova
نفس قسطنطين اوه,Kostantinova merkez
قوستاينجه,Kostayniçe
قوستاينچه,Kostayniçe
قوستاينيچه,Kostayniçe
بقيۀ قوستلنجه,Kostayniçe (Bakiye-i Kostalinçe)
فوناى (؟),Kostayniçe (Fonay?)
قوستانيچه,Kostayniçe (Kostaniçe)
قوستنيچه,Kostayniçe (Kostaniçe)
واروش قوستاينجه,Kostayniçe/Varoş-ı Kostayniçe
قوشقه,Koşka
قوشقه مع نيونه,Koşka maa Niyona
قوشمشاد,Koşmuşad
قوشقواق,Koşukavak
قوشيقواق,Koşukavak
قوشوطيچه,Koşutiçe
قوتار,Kotar
قوطار,Kotar
قوطى دره سى,Kotideresi
قوتلونيس,Kotolonis
قتور,Kotor
قوتور,Kotor
قطور,Kotor
واروش قلعۀ قتور,Kotor/Varoş-ı Kale-i Kotor
قتورسقه,Kotorska
قوتورسقا,Kotorska
قتور,Kotur
قطور,Kotur
قوتور,Kotur
قواج,Kovaç
قووارجه,Kovarçe
قواسنچ,Kovasinç
قواسنچ,Kovasinç/Kovas
قواشنچ,Kovasinç/Kovaşinç
قواته,Kovata
قوين,Kovin
قون,Kovin
جزيرۀ قوين,Kovin/Cezire-i Kovin
جزيرۀ قيون,Kovin/Cezire-i Koyun
كوفين,Kovin/Kofin
قيون,Kovin/Koyun
قويلجه كبير مع صغير,Koyluca-i Kebir maa Sagir
قويلوج,Koyluç
قلعۀ قويلوج,Koyluç/Kale-i Koyluç
قويلحصار,Koyluhisar
قويلحصار,Koyluhisar
قويلوحصار,Koyluhisar
قويلو حصار,Koyluhisar
قويلى حصار,Koyluhisar
قيولحصار,Koyluhisar
قيولحصار,Koyluhisar//Koyulhisar
قيولحصار,Koyluhisar/Koyulhisar
قيولى حصار,Koyluhisar/Koyuluhisar
قوييلى حصار,Koyluhisar/Koyuluhisar
قوينلو حصار,Koyluhisar/Koyunluhisar
مشاز,Koyluhisar/Mişaz
ميشاز,Koyluhisar/Mişaz
موشاز,Koyluhisar/Mişaz (Muşaz)
قيون,Koyun
قويون,Koyun
قيون اطه لرى,Koyun Adaları
قويون اده لرى,Koyun Adaları
قيون اطه لرى,Koyun Adaları
پاسپارغو اطه لرى,Koyun Adaları/Pasparigo Adaları
سپالمادور,Koyun Adaları/Spalmador Adaları
سپالمادور اطه لرى,Koyun Adaları/Spalmador Adaları
سپالماتورى,Koyun Adaları/Spalmatori
پالماتورى,Koyun/Palmatori
سپالمادور,Koyun/Spalmador
قويون آغيلى,Koyunağılı
قيون دپه,Koyuntepe
قيون تپه,Koyuntepe
قيون دپه جوكى,Koyuntepe/Koyundepeciği
قيون دپه سى,Koyuntepe/Koyundepesi
قويوه,Koyva
قويوه قريه سى,Koyva/Koyvakaryesi
قوز,Koz
قوزاق,Kozak
قوزاق مع فسلكه,Kozak maa Fesleğe
قوزان,Kozan
قوزان ساحل,Kozan Sahil
ناحيۀ قوزان ساحل قائممقاملغى مع ناحيۀ هاچين,Kozan Sahil Kaymakamlığı maa Nahiye-i Haçin/Nahiye-i Sahil Kaymakamlığı maa Nahiye-i Haçin
قوزانه,Kozana
قوزانه,Kozana
نفس قوزانه,Kozana merkez
قوزانى,Kozana/Kozani
قوزانلو,Kozanlı
قوزارچه,Kozarçe
قوزارجه,Kozarçe
قوزاراج,Kozarçe/Kozarac
قوزوراچ,Kozarçe/Kozoraç
قوزجغاز,Kozcuğaz
قوزيب صولنق,Kozibsolnok
قوزقيا,Kozkaya
قوزلى,Kozlu
قوزلو,Kozlu
قوزليجه,Kozluca
قَوزْليجَه,Kozluca
قوزليچه,Kozluca/Kozliçe
قوزلق,Kozluk
قوزنيك,Koznik
قزنيك,Koznik
قوزنيق,Koznik
كوچك دره سى,Köçekderesi
كوچز,Köçez
كومنجه,Kömeniçe
كمور كاويسى,Kömürgavisi
كوپك بالغى,Köpekbalığı
كوپرى,Köprü
كوپرى مع پراكين,Köprü maa Perakin
كوپريلى,Köprülü
كوپرلو,Köprülü
كوپريلو,Köprülü
كوپرولو,Köprülü
كوبريلى,Köprülü
كبرولى,Köprülü (?)
نفس كوپريلى,Köprülü merkez
كوپريلى,Köprülü/Veleze
كورمند,Körmend
كوروش,Köröş
كورش,Köröş
كرش,Köröş
كورزوت,Körzut
كوسه,Köse
كوسه برونى,Köseburnu
كوسه دره سى,Kösederesi
كوسه كويى,Köseköyü
كوسه مع  لر سنانلو,Köseler maa Sinanlı
كوسه لى,Köseli
كوستن,Kösten
اوزون اطه,Kösten/Custan/Uzunada
كوسته,Kösten/Köste
ماقروميس,Kösten/Makromis
كوستن,Kösten/Uzunada
اوزون اطه,Kösten/Uzunada
كوستنجه,Köstence
كُوسْتَنْجَه,Köstence
كوستنديل,Köstendil
كستنيچ,Kösteniç
كوستره لك,Kösterelik
كوشك,Köşk
كوشك دره سى,Köşkderesi
كوشك دره سى مع ناحيۀ چاكلى,Köşkderesi maa Nahiye-i Çanlı
كوش دره سى,Köşkderesi/Köşderesi
كوشك دره,Köşkderesi/Köşkdere
كوتك,Kötek
كتور,Kötür
كوتور,Kötür
كويجكز,Köyceğiz
كويجكز,Köyceğiz
كويجگز,Köyceğiz
كوي جكز,Köyceğiz
كويجه ييز,Köyceğiz/Köyceyiz
كويجه يز,Köyceğiz/Köyceyiz
كويجوكز,Köyceğiz/Köycüğez
يوكسك قوم,Köyceğiz/Yüksekkum
كوى سنجاق,Köysancak
كويسنجق,Köysancak
كوى سنجق,Köysancak
نفس كوى سنجاق,Köysancak merkez
كوى,Köysancak/Köy
كوي,Köysancak/Köy
كوي سنجاقلو,Köysancak/Köysancaklı
قره بوه صوىي,Krabova Suyu
قيراجوه,Kraçova
قراچوه,Kraçova
قرچوه,Kraçova
قيرچوه,Kraçova
قره جوه,Kraçova/Kracova
قراغيوجه,Kraguyofça
قراغويفچه,Kraguyofça
قراغيوفجه,Kraguyofça
قره غويفچه,Kraguyofça
غرغرالوفچه,Kraguyofça/Gırgoralofça
غراغيوفچه,Kraguyofça/Graguyofça
غراغويفچه,Kraguyofça/Graguyofça
قراغويواچ,Kraguyofça/Kraguyovaç
قره قو اطه جغى,Krako Adacığı
قراقو,Krakov
قرال,Kral
قرانيا,Kranya
قراپلر,Kraplar
قرسنه,Krasne
قراشوه مع ويطينليك,Kraşova maa Vitinlik
قراشوه مع بطلنيك,Kraşova maa Vitinlik (Bitilnik)
قره طوه,Kratova
قرطوه,Kratova
قيره طوه,Kratova
قره طووا,Kratova
قره طوه,Kratova
قراطوه مع معدن,Kratova maa Maden
معدن قر طوه,Kratova/Maden-i Kratova
واروش قره طوه,Kratova/Varoş-ı Kratova
قراوارى,Kravari
قره وارى,Kravari
قراينه,Krayna
قراينه,Krayna
قرانيه,Krayna (Kranya)
قرانيه مع نواحى,Krayna (Kranya) maa Nevahi
قراينه مع نواحى,Krayna maa Nevahi
كره منات,Kremenat
كرمنات,Kremenat
كيرشوه,Kreşova
كره شوه,Kreşova
كرشوه,Kreşova
كرشوه,Kreşova
كرشوه,Kreşova
كيره شوه,Kreşova/Kireşova
بازار كراشوه,Kreşova/Pazar-ı Kraşova
بازار كرشوه,Kreşova/Pazar-ı Kreşova
كير وقور,Krevukor
قريچا,Kriça
قريچاس,Kriça/Kriças
كريچقه,Kriçka
كرچقه,Kriçka
كيرچقه,Kriçka
كريچقه_x001C_,Kriçka
قريچوه,Kriçova
نفس قريچوه,Kriçova merkez
كريلوه,Krileva
كريلوه مع قريوه رقه,Krileva maa Krivarika
قرستوشييه,Kristoşiye
قرستوشيه,Kristoşiye
قرشتوشيه,Kristoşiye/Kriştoşiye
قرستواچ,Kristovaç
كريتا,Krita
كريوه ريقه,Krivarika
قريوه ريقه,Krivarika
قريوه رقه مع كريلوه,Krivarika maa Krileva
قرويچه,Kriviçe
كروينه,Krivina
كيروينه,Krivina
قروصونا,Krosona
قروپه,Krupa
قروپه,Krupa
قروپا,Krupa
قروپنه,Krupine
قورينه,Krupine/Korine
قوربنه,Krupine/Kurbine
زاورشا,Krupine/Zavirşa
قروپنه,Krupine/Zavirşa
قرشوه,Kruşova
قورشوه,Kruşova
قروشوه,Kruşova
قثله,Ksele
قشله,Ksele/Kışla
قوبا,Kuba
قوبان,Kuban
قبانى,Kubani
قبه,Kubbe
قوبر,Kubber
كبيسه,Kubeyse
كُبَيْسه,Kubeyse
قبيطه,Kubeyta
قوج,Kuç
قوچه,Kuça
قوجاينه,Kuçayna
قوچاينه,Kuçayna
قوجانه,Kuçayna (Kuçana)
قوچانه,Kuçayna (Kuçana)
كوچه باغات تبريز,Kuçebağat-ı Tebriz
قوچوه,Kuçeva
قوجوه و نيقوديم,Kuçeva ve Nikodim
قودا,Kuda
قودو,Kuda/Kudo
قدرينچه,Kudrinçe
قدس,Kudüs
نفس قدس شريف,Kudüs (Kuds-i Şerif) merkez
قدس شريف وغزه,Kudüs (Kuds-i Şerif) ve Gazze
قدس اريحا,Kudüs Eriha
اريحا,Kudüs Eriha/Eriha
قدس شريف,Kudüs/Kuds-i Şerif
قوفه,Kufa
كوفه نسى,Kufanisi
كوفو,Kufanisi/Kufo
كوفه,Kufe
كفيل,Kufil
قفره,Kufra
كوه,Kuh
كوه ماردين,Kuh-ı Mardin
كوه دشت,Kuhdeşt
كوحئ كبير,Kuhi-i Kebir
كوهستان,Kuhistan
كوهپايه,Kuhpaye
قوقالى,Kukali
كوكس,Kukes
قوقله,Kukla
قوقله,Kukla
قوقله,Kukla
قوفَلَه,Kukla/Kufele
قوفله,Kukla/Kufele
قوقلۀ باف,Kukla/Kukla-i Baf
قوله,Kula
قولا,Kula
قوله مع چاقرجه,Kula maa Çakırca
نفس قوله,Kula merkez
قوله وقزل ارباط وزنكى اباد,Kula ve Kızılribat (Kızılirbat) ve Zengiabad
قول اطه,Kulada
قولاغوز,Kulağuz
قلاغوز,Kulağuz
قوله قوه ادالرى,Kulakova Adaları
قلب,Kulb
قولب,Kulb
قولب,Kulb
قلب,Kulb
قُلب,Kulb
خبان,Kulb
نفس قولب,Kulb merkez
قولپ,Kulb/Kulp
پاصور,Kulb/Pasur
قولۀ بالاى غلطه,Kule-i Bala-yı Galata
قلۀ كوپرى اغريبوز,Kule-i Köprü-i Ağrıboz
كوپرى اغريبوز,Kule-i Köprü-i Ağrıboz/Köprü-i Ağrıboz
قله لى برغوس,Kulelibergos
قوله لى برغوس,Kulelibergos
قله لى بورغاز,Kulelibergos/Kuleliburgaz
قولن وقف,Kulenvakıf
نوه سيل,Kulenvakıf/Novasil
نوه سل,Kulenvakıf/Novasil
نَوَه سَلْ,Kulenvakıf/Novasil (Nevesel)
قلّتين جديدتين,Kuleteyn-i Cedideteyn
قليعه,Kuleya
قولحضراوغلى,Kulhızıroğlu
قولحضر,Kulhızıroğlu/Kulhızır
قول محمود,Kulmahmud
قول اوغلى,Kuloğlu
قول اوغلى باش اغالغى,Kuloğlu
قول اوغلى,Kuloğlu
قولقواچ,Kulokovaç
قولپاق و عراقلو,Kulpak ve Araklı
كولورى,Kuluri
قوم,Kum
قوم اطه لرى,Kum Adaları
قومانوه,Kumanova
قومانوا,Kumanova
قوماريد,Kumarid
قوماراوزى و مناخوس,Kumarözü ve Manahos
كميت,Kumeyt
قومى,Kumi
قوم قلعه,Kumkale
قوم قلعه,Kumkale
قوم قلعه,Kumkale/Sultanhisarı
قوم قلعه,Kumkale/Sultaniye
قومليجه,Kumluca
قوماح,Kummah
قماح,Kummah
قمه,Kummah
قوم,Kummah/Kum
قومرى,Kumru
قوموثى,Kumusi
كونه للى,Kunelli
كونه بللى,Kunelli/Kunebelli
قنيطره,Kuneytıra
قنيطره / القنيطره,Kuneytıra
قنيطره,Kuneytıra
قنطره و نعيم,Kuneytıra (Kantara) ve Naim
قنطره,Kuneytıra/Kantara
قنطره,Kuneytıra/Kantara
قنفده,Kunfuda
قنقده,Kunfuda
نفس قنفده,Kunfuda merkez
قنوبا,Kunupa
قونوپه,Kunupa
قنوپا,Kunupa
قرمزى اطه لر,Kunupa/Kırmızı Adalar
كونوپيا,Kunupa/Kunupiya
قوپاكى,Kupaki
قوپان,Kupan
قوپنك,Kupinik
قوپينك,Kupinik
قوپنيك,Kupinik
قوره,Kura
قراى جديد,Kura-yı Cedid
قراى سبعه,Kura-yı Seba
قراء سبعه,Kura-yı Seba/Kura-i Seba
قوراكي,Kuraki
قوره ماز,Kuramaz
قوراماز,Kuramaz
قرين,Kurayn
قورباغى,Kurbağı
قوربين,Kurbin
قوربن,Kurbin
قورچولا,Kurçola
قورچوله,Kurçola
قورسوله,Kurçola/Kursola
قورد,Kurd
قورد قلعه سى,Kurdkalesi
قورد قلعه,Kurdkalesi/Kurdkale
قورت قلعه,Kurdkalesi/Kurtkale
قورد اوكزى,Kurdöküzü
قورد اوكوزى,Kurdöküzü
قُورْد اوُكُوزِى,Kurdöküzü
قوردوفان,Kurdufan
كوردفان,Kurdufan
قوردومت,Kurdumit
خور عميد,Kurdumit/Hur Amid
قوره نيك,Kurenik
قريش,Kureyş
قريش مع برندى,Kureyş maa Berendi
قريش مع ديوله,Kureyş maa Divle
قريش ايلى,Kureyş/Kureyşili
قريش اوزى,Kureyşözü
قوريلوچه,Kurilovça
قورنه,Kurna
قورنا,Kurna
قورنا,Kurna
قوريه وصدرصويت ومحمل,Kurna (Kurye) ve Sadr-ı Suveyb (Sadr-ı Suveyt) ve Muhmel
قرنه و صدر سويب,Kurna ve Sadr-ı Suveyb
پير حميد,Kurna/Pirhamid
قورناكى اطه لرى,Kurnaki Adaları
قورناكيا,Kurnakiya
قورشه دول,Kurşedol
قورشونلو,Kurşunlu
قورشونلى,Kurşunlu
قورشنلو,Kurşunlu
قوشنلو,Kurşunlu/Koşanlu
قورشونلو كليسا,Kurşunlukilise
قورشونلى,Kurşunlukilise/Kurşunlu
قورشنلى,Kurşunlukilise/Kurşunlu
قورشنلو,Kurşunlukilise/Kurşunlu
قرطبه,Kurtuba
قوريجه شيله,Kurucaşile
قوروجه شيله,Kurucaşile
قوريجه ويران,Kurucaviran
قورى چاى,Kuruçay
قورو چاى,Kuruçay
قوريچاى,Kuruçay
قُوريِچَاىْ,Kuruçay
قورى جاى,Kuruçay
نفس قورو چاى,Kuruçay merkez
قوريچاى كماح,Kuruçay/Kuruçay-ı Kemah
قورى چاى كماح,Kuruçay/Kuruçay-ı Kemah
قورو دوش قيا,Kurudöşkaya
قورى دوش قيا,Kurudöşkaya
قرو دوش قيا,Kurudöşkaya
قورودوش قيا,Kurudöşkaya
قورو دوش,Kurudöşkaya/Kurudöş
قورو قوش قيا,Kurudöşkaya/Kurukuşkaya
قوريقواق,Kurukavak
قورى قواق,Kurukavak
قورى بيكار,Kurupınar
قورشونه,Kuruşuna
قوروه لش,Kurveleş
قوروه لش,Kurveleş
قورولش,Kurveleş
قرولش,Kurveleş
قروه لش,Kurveleş
قورولش,Kurveleş
قرولش,Kurveleş
قيرولش,Kurveleş/Kırveleş
قورلش,Kurveleş/Kurleş
قوريانيك,Kuryanik
قوريانيج,Kuryanik/Kuryaniç
قرزولارى,Kurzolari
قوچو ادالرى,Kurzolari/Kuço Adaları
قورچولارى اطه لرى,Kurzolari/Kurçolari Adaları
قوس,Kus
قُوس,Kus
قصيمه,Kusayma
قصير,Kusayr
قُصير,Kusayr
كثير,Kusir
كُوسِيّه,Kusiyye
كوسيه,Kusiyye
كسمه,Kusma
حديده كسمه,Kusma/Hudeyde Kusma
قصون,Kusun
قصون مع كولك,Kusun maa Gülek
قصون مع گُولَكْ,Kusun maa Gülek
قصون مع گولك,Kusun maa Gülek
قصون مع گولك و تكه لو,Kusun maa Gülek ve Tekeli
قصون و كولك و تكلو,Kusun ve Gülek ve Tekeli
قوش,Kuş
قوش آطه سى,Kuşadası
قوش اطه سي,Kuşadası
قوش اطه سى,Kuşadası
نفس قوش آطه سى,Kuşadası merkez
اينه,Kuşadası/İne
قوش آطه,Kuşadası/Kuşada
قوشجى جريدى,Kuşcuceridi
قوشجى جريدى,Kuşcuceridi
قوشيجى جريدى,Kuşcuceridi/Koşıcuceridi
قوشجى جريدى,Kuşçuceridi
قوش طاغى,Kuşdağı
قوشلات,Kuşlat
قولاشاق,Kuşlat/Kulaşak
قوشلى عشيرتى,Kuşlu Aşireti
قوش اووا,Kuşova
قوشطاش,Kuştaş
قوش طاش,Kuştaş
قوش طاش,Kuştaş/Üçtaş
قوشتمور,Kuştemur
قوشتمر,Kuştemur
قوشتمر و قره قيالو,Kuştemur ve Karakayalı
قوشتَمِرْ,Kuştemur/Kuştemir
قوشتيمور,Kuştemur/Kuştimur
قوش تپه,Kuştepe
ديزه ي,Kuştepe/Dizeyi
ديزه يى,Kuştepe/Dizeyi
قوش دپه,Kuştepe/Kuşdepe
قطامه,Kutama
قوتامه,Kutama
قطيفه,Kutayfe
قطب جنوبى,Kutb-ı Cenubi
قطب شمالى,Kutb-ı Şimali
قوتهوه,Kutiheva
قوتوحوه,Kutiheva/Kutuheva
قوتهوه,Kutiheva/Kutuheva
قوطقوفجى,Kutkofci
قوتلوفجه,Kutlofça
قوتلى دره,Kutludere
قوتلو دكين,Kutludiğin
قطنه,Kutna
قطاع الطريق,Kuttauttarik
قوطو دره سى,Kutuderesi
كوت الاماره,Kutülamare
كوتُ العماره,Kutülamare
كوت,Kutülamare/Kut
قوه لى,Kuveli
قويق,Kuveyk
كويت,Kuveyt
كويت مع مَعامِر,Kuveyt maa Meamir
قويطع,Kuveyta
قويطع ثلثِ عكّار,Kuveyta [maa] Sülüs-i Akkar
قويطعِ جبيل,Kuveyta-i Cübeyl
قيوجق,Kuyucak
قيوجاق,Kuyucak
قيولى,Kuyulu
قوز اباد,Kuzabad
قوزجه,Kuzca
قوزاى,Kuzey (Ahısha)
قوزاى,Kuzey (Ahıstabad)
قوزاى,Kuzey (Ardahan-ı Büzürk)
قوزاى,Kuzey (Ardahan-ı Küçük)
قوزاي,Kuzey (Ardahan-ı Küçük)
قوزاى,Kuzey (Çıldır)
قوزاى,Kuzey (Kağızman)
قوزى,Kuzey (Kağızman)
قوزاى,Kuzey (Poshov)
قوزاى,Kuzey (Srebreniçe)
قوراى,Kuzey/Kuray
قوزاى ارزنجان,Kuzeyerzincan
جانب قوزاى,Kuzeyerzincan/Canib-i Kuzey
قوزاى كجه,Kuzeyerzincan/Kuzeygece
قوزاى كماخ,Kuzeykemah
قوزاى كماح,Kuzeykemah
قوزاى,Kuzeykemah/Kuzey
قوزاي اولتى,Kuzeyoltu
قوزاى,Kuzeyoltu/Kuzey
قوزاى پاسين,Kuzeypasin
قوزاى,Kuzeypasin/Kuzey
قوزاي پنبك,Kuzeypenbek
قوزاي,Kuzeypenbek/Kuzey
قزاي الا پرت,Kuzeyulapert
قوزكولجك,Kuzgölcük
قوزغون,Kuzgun
قوز ايل,Kuzil
قوزقشله,Kuzkışla
قوز قشله,Kuzkışla
قوزقيشله,Kuzkışla
قوز كويى,Kuzköyü
قوزى كودنلى,Kuzugüdenli
قوزى كودنلى عشيرتى,Kuzugüdenli Aşireti
قوزى كودنلى مع  صارى اوغلان  ضمانتى,"Kuzugüdenli maa Sarıoğlan, Zamantı"
اق قشله,Kuzugüdenli/Akkışla
آق قشله,Kuzugüdenli/Akkışla
قوز يقه,Kuzyaka
قوزيقا,Kuzyaka
قوزيقه,Kuzyaka
قسطمونى,Kuzyaka/Kastamonu
قوزقيا,Kuzyaka/Kuzkaya
كورتشه,Kuzyaka/Kürteşe
قوبا,Küba/Kuba
كبّر,Kübber
كبار,Kübber/Kübbar
كوبيان,Kübyan
كوجوجك,Küçücük
كوچك و بيوك روده,Küçük ve Büyük Ruda
كوچك اطه,Küçükada
كوچك بغچه,Küçükbağçe
كوچك باغچه,Küçükbağçe
كوجك باره,Küçükbare
كوچك باره,Küçükbare
آنده باره,Küçükbare (Andebare)/Antiparos
آنده باره,Küçükbare/Andibare
اندبره,Küçükbare/Andibare
كوجك باره,Küçükbare/Andibare
اندباره,Küçükbare/Andibare
اندپاره,Küçükbare/Andipara
انتى پاروس,Küçükbare/Antiparos
آنتى پاروس,Küçükbare/Antiparos
كوجك بارّه,Küçükbare/Küçükbarre
كوچك پارّه,Küçükbare/Küçükparre
كوجك بوغاز,Küçükboğaz
كوجك چامليجه,Küçükçamlıca
جامليجۀ ديكر,Küçükçamlıca/Çamlıca-i diğer
چامليجۀصغير,Küçükçamlıca/Çamlıca-i Sagir
دكر چامليجه,Küçükçamlıca/Diğer Çamlıca
دكرجامليجه,Küçükçamlıca/Diğer Çamlıca
دوقوس,Küçükçamlıca/Dokos
دوقوز,Küçükçamlıca/Dokoz
ادرون,Küçükçamlıca/İdron
كوچك چكمجه,Küçükçekmece
كوچك چوقه,Küçükçuka
كوجك چوقه,Küçükçuka
آنتى سريغو,Küçükçuka/Antiserigo/Küçükserigo
پوتامو,Küçükçuka/Potamo
پوتاموس,Küçükçuka/Potamos
سريغوتو,Küçükçuka/Serigotto
سكليه,Küçükçuka/Sikliye
شكليه,Küçükçuka/Şikliye
كوجك دكرمنلك,Küçükdeğirmenlik
انتي ميلو,Küçükdeğirmenlik/Antimilo
آنتى ميلو,Küçükdeğirmenlik/Antimilo
انتى ميلو,Küçükdeğirmenlik/Antimilo
دكرمنلك صغير,Küçükdeğirmenlik/Değirmenlik-i Sagir
ايلبيز,Küçükdeğirmenlik/İlbiz
كوجك ده لوس,Küçükdelos
اصل دلوس,Küçükdelos/Asıl Delos
كوچك فنطه,Küçükfanta
فنطه كوچك,Küçükfanta/Fanta-i Küçük
كوچوك غالانيس,Küçükgalanis
ميقرو غلارونيسى,Küçükgalanis/Mikro Galaronisi
صغيروغالانوريس,Küçükgalanis/Sagiro Galanoris
صغيروغلارونيس,Küçükgalanis/Sagiro Galaronis
كوچك غاوذو,Küçükgavzo
كوچك كوز,Küçükgöz
كوچك حابور,Küçükhabur
كوجك حاجيلو,Küçükhacılı
كيچك حاجيلو,Küçükhacılı/Kiçikhacılı
كوچك خالكى,Küçükhalki
كوجك قلعه,Küçükkale
كوچك قره صو,Küçükkarasu
مستا,Küçükkarasu/Yenice Karasuyu/Mesta
انتى قاروس,Küçükkaroz/Antikaros
كوچك قاروز,Küçükkaroz/Küçükkaroz
كوچك قوفونيزه,Küçükkofonize
كوجك قفنيسه,Küçükkofonize/Küçükkofonise
پراسودا,Küçükkofonize/Prasuda
كوچك قوز,Küçükkoz
كوچك كوى,Küçükköy
كوچوك قيو,Küçükkuyu
كوچوك قويو,Küçükkuyu
كوچك مندرس,Küçükmenderes
كوچك اوه,Küçükova
كوجك پاقسو,Küçükpakso
آنتى پاقسو,Küçükpakso/Antipakso
انتى پاقسوس,Küçükpakso/Antipaksos
كوچوك پاقجو,Küçükpakso/Küçükpakco
كوچك ساداب,Küçüksadab
كوچك صو,Küçüksu
كوجك صوليجه,Küçüksuluca
اسپتزا پولو,Küçüksuluca/İspetrapulo
اسپه تزا پولو,Küçüksuluca/İspetzapulo
سپذييا پولو,Küçüksuluca/Speziyapolo
كوچك طوشان اطه لرى,Küçüktavşan Adaları
كوچك ويران,Küçükviran
كفرنجه,Küfrence
كفندير,Küfündür
كفندر,Küfündür
درۀ كفندر,Küfündür/Dere-i Küfündür
كلاهلى,Külahlı
كلام,Külam
كولچ,Küleç
كولوندور,Külündür
كومبت,Kümbet
كوبدره,Küpdere
كبه لى,Küpeli
كوپه لى,Küpeli
كوپلى,Küplü
كوپل,Küplü
كوبلى اوزى,Küplüözü
كوپرز,Küprez
قوپره س,Küprez/Kupres
كوپرس,Küprez/Küpres
كوپسى,Küpsi
كوبسى,Küpsi
كوبسو,Küpsi/Küpsü
كوردجى,Kürdcü
كوردجى,Kürdeci
كردى مع چيناره,Kürdi maa Çınare
كردكان,Kürdigan/Kürdegan
كُوردَكان,Kürdigan/Kürdegan
كورديلان,Kürdilan
گورديلان,Kürdilan/Gördilan
كردستان,Kürdistan
كوردستان دياربكر,Kürdistan/Kürdistan-ı Diyarbekir
كوردقران,Kürdkıran
كوره,Küre
كوره مع ايان دون,Küre maa Ayandon
كورا و انفه,Küre ve Enfe
كوره و انفه,Küre ve Enfe
كورۀ حديد,Küre-i Hadid
كورۀ جديد,Küre-i Hadid/Küre-i Cedid
كورۀ قويطع,Küre-i Kuvayta
كورۀ نورى,Küre-i Nuri
كوى نورى,Küre-i Nuri/Köy-i Nuri
كورۀ نحاس,Küre-i Nühas
كورۀحاس,Küre-i Nühas
كورۀ نخاس,Küre-i Nühas
كورۀ نحاس معموره,Küre-i Nühas/Küre-i Nühas-ı Mamure
كورۀ نحاس معموريه,Küre-i Nühas/Küre-i Nühas-ı Mamuriye
كورۀ شماليه,Küre-i Şimaliye
كورۀ وسطى,Küre-i Vusta
كوره جك,Kürecik
كوره جك,Kürecik/Kepez
كورك بصان,Kürekbasan
كوره كه,Küreke
كورك قلعه,Kürekkale
كره وز,Kürevez
كوركجى,Kürkçü
كوركجى  مع صارى قواق,Kürkçü maa Sarıkavak
كوركجيلو,Kürkçülü
كورمشلى,Kürmeşli
كورماشلى,Kürmeşli/Kürmaşlı
كورنه,Kürne
كلنكج,Kürne/Gelengeç
كلنكچ,Kürne/Gelengeç
كورّانى,Kürrani
كرسى,Kürsi
كرسئ بولى,Kürsü-i Bolu
كورتان,Kürtan
كورت قچاغى,Kürtkaçağı
كورتل,Kürtül
كورتون,Kürtün
كورتن بالا,Kürtün-i Bala
كورتون بالا,Kürtün-i Bala
كورتن زير,Kürtün-i Zir
كورتون زير,Kürtün-i Zir
كورتون زير و بالا,Kürtün-i Zir ve Bala
كورتون,Kürtün/Çayra
كورتين,Kürtün/Kürtin
كوتاهيه,Kütahya
كوتاهيّه,Kütahya
كوتاهيه مع نواحى,Kütahya maa Nevahi
كوتاهيه نام ديكر كرميان مع سلطان اوكى,Kütahya maa Sultanönü/Germiyan
كوتاهيه مع طوشانلو,Kütahya maa Tavşanlı
نفس كوتاهيه,Kütahya merkez
كوتاهيه نام ديكر كرميان مع سلطان اوكى,Kütahya/Germiyan maa Sultanönü
كوتالى,Kütalı
كوطالى,Kütalı
اكنلك,Kütalı/Ekinlik
كتاتس,Kütatis
كتاتيس,Kütatis
كوتاتس,Kütatis
كوتاتس مع بغدادجق,Kütatis maa Bağdadcık
كوته ديس,Kütatis/Kütadis
كوتون,Kütün
قوينه,Kvoyna
قؤينا,Kvoyna/Kueyna
لاقاپرارا,La Kaprara
لاب,Lab
لاپ,Lab
لاپ,Lab/Lap
لاباد,Labad
لابدوس,Labdos (?)
لابوۀ زير,Labova-i Zir
لاجان,Lacan
لاجان زرزا,Lacan-ı Zerza
لاديق,Ladik
لاديك,Ladik
لا دق,Ladik
نفس لاديق,Ladik merkez
لاغوس,Lagos
لاغوسته,Lagosta
اغوسته,Lagosta/Agosta
قزيل اطه,Lagusa/Kızılada
لاحنه قصرى,Lahanakasrı
لاهة,Lahe
لاحقا,Lahka (?)
لَحْسا مع قطيف,Lahsa maa Katif
لاق,Lak
لاقه,Lakka
لاقوس,Lakos
لاكوديا,Lakudiya
ليقوديه قيه لرى,Lakudiya/Likudiye Kayaları
لالا,Lala
لا لا باشا,Lalapaşa
لامبه روز,Lambaroz
لامبيس,Lambis
لامپدوزه,Lampedusa
لنقظه,Lankaza
لنقزه,Lankaza
لانقاذا,Lankaza
لانقذا,Lankaza
لنقضه,Lankaza
لانقازه,Lankaza
لنغظه و بشيك كوللرى,Lankaza (Langaza) ve Beşik Gölleri
لنقظه و بغدان,Lankaza ve Boğdan
فتوطه و بغدان,Lankaza ve Boğdan/Fetuta ve Boğdan
لنغظه,Lankaza/Langaza
لاپچه,Lapça
لپچشته,Lapçişte
لاپسكى,Lapseki
لابسكى,Lapseki
لاپسكى مع چارطاق,Lapseki maa Çardak
نفس لاپسكى,Lapseki merkez
لارنده,Larende
لا رنده,Larende
دارنده,Larende (Darende)/Karaman
قره مان,Larende/Karaman
قره مان,Larende/Karaman
لارنده,Larende/Karaman
لارندۀ قرمان,Larende/Larende-i Karaman
لارك,Larik
يكيشهر مع نواحئ ابنوس و غلوس و ارغلاستى,Larisa (Yenişehir) maa nevahi-i İbnos ve Golos maa Argalasti
نواحى مع   يكيشهر,Larisa/Nevahi maa Yenişehir
نواحى مع  يكيشهر فنار,Larisa/Nevahi maa Yenişehir-i Fener
يكى شهر,Larisa/Yenişehir
يكيشهر,Larisa/Yenişehir
يكيشهر,Larisa/Yenişehir
يكي شهر فنار,Larisa/Yenişehir-i Fener
يكيشهر فنار,Larisa/Yenişehir-i Fener
يكيشهر فنار نام ديكر لارسه مع نواحئ اويلمپوس و كشرلو و قارتيجه و صحرا و يكيجۀ روم و آغرافه و مقره نيچه,Larisa/Yenişehir-i Fener nam-ı diğer Larisa maa nevahi-i Olimpos ve Keşirli ve Kartiçe ve Sahra ve Yenice-i Rum ve Ağrafa ve Makraniçe
لارتيك,Lartik
لاس پالماس,Las Palmas
لاسپى,Laspi
لاستوه,Lastva
لا شيد,Laşid
لاشيد,Laşid
لَاشيد,Laşid
لاشِيدْ,Laşid
لاشيد,Laşid
جزيرۀ لا شيد,Laşid/Cezire-i Laşid
لاسيده,Laşid/Laside
لاسيده,Laşid/Laside
لاشيت,Laşid/Laşit
لاشيه,Laşid/Laşye
لاشقوا,Laşkova
لاشقوه,Laşkova
لاشيق,Laşkova/Laşık
لاشوه,Laşva
لاشيوه,Laşva/Laşiva
لاتچوه,Latiçeva
لاتن,Latin
لاتذاده,Latzade
لازا,Laza
لازاره,Lazara
لازاره تنو,Lazaretto
لازستان,Lazistan
لازقيه,Lazkiye
لاذقيه,Lazkiye
لا ذقيه,Lazkiye
لآذِقِيَّه,Lazkiye
لاذقيّه,Lazkiye
لازكيه,Lazkiye
لازكيه,Lazkiye
لآذِقِيَّه,Lazkiye
نفس لاذقيه,Lazkiye merkez
لاذقية العرب,Lazkiye/Lazkiyetülarab
لاذكية العرب,Lazkiye/Lazkiyetülarab
لازقيّه,Lazkiye/Lazkiyye
لازقيّه,Lazkiye/Lazkiyye
لجا,Leca
لجون,Leccun
لجّون,Leccun
لجون,Leccun/Otağ-ı Trablus
لفچه,Lefçe
لبچه,Lefçe/Lebçe
واروش قلعۀ لفچه,Lefçe/Varoş-ı Kale-i Lefçe
لفكه,Lefke
لفكه,Lefke
لفكه,Lefke
لفكنه,Lefke/Lefkene
لفكي,Lefke/Lefki
لفقو,Lefko
لفقو اطه لرى,Lefko Adaları
لوقو اطه لرى,Lefko/Levko Adaları
لفقوشه,Lefkoşa
لفقوشي,Lefkoşa
لفكوشه,Lefkoşa
نفس لفقوشه,Lefkoşa merkez
نقوسيه,Lefkoşa/Nikosiye
لفتره,Leftere
له ولايتي,Leh Vilayeti
لهون,Lehven (?)
لمبرد,Lemberd
لندوه,Lendeva
لنغراد,Lengrad
لنويولى,Lenoyoli
لؤنيس,Leonis
لئونيس,Leonis
ليغونس,Leonis/Ligonis
ليغونسى,Leonis/Ligonisi
لپانيچه,Lepaniçe
لپانچ,Lepaniçe
لپانيچ,Lepaniçe
لپنچه,Lepeniçe
لريوز,Leryoz
لريوز,Leryoz
لريوز,Leryoz
لريوز اطه سى,Leryoz Adası
لريوز جزيره سى,Leryoz Ceziresi
بريوز (؟),Leryoz/Beryoz
جزيرۀ لريوز,Leryoz/Cezire-i Leryoz
الريوز,Leryoz/İliryoz
ايلريوز,Leryoz/İliryoz
لروس,Leryoz/Leros
لريوس,Leryoz/Leryos
لَرْيوس,Leryoz/Leryos
لريوز,Leryoz/Leryos
ليروس,Leryoz/Leryos (Liros)
ليروس,Leryoz/Liros
ليروز,Leryoz/Liroz
ليريوس,Leryoz/Liryos
ليريوز,Leryoz/Liryoz
ليوروس,Leryoz/Liyoros
لسحاط,Leshat
لسمات,Leshat/Lesmat
ليسنا,Lesina
لزينه,Lesina/Lezine
لسك,Lesk
لسقوويچه,Leskoviçe
لسقويچه,Leskoviçe
لسقوفجه,Leskoviçe/Leskofça
لسقوفچه,Leskoviçe/Leskofça
لسقويك,Leskovik
لسقويق,Leskovik
نفس لسقويك,Leskovik merkez
لش,Leş
لش ما ليسياسى,Leş Malisyası
نفس لش,Leş merkez
آله سيو,Leş/Alesyo
ليش,Leş/Liş
سليميه,Leş/Selimiye
سليميه,Leş/Selimiye
واروش لش,Leş/Varoş-ı Leş
واروش ليش,Leş/Varoş-ı Liş
لوه,Leva
لوا,Leva
ليوه,Leva/Live
لوند,Levend
لوند اوغلى,Levend/Levendoğlu
لويته,Levita
لويتا,Levita
قوج بابا,Levita/Koçbaba
قوچ پپاس,Levita/Koçpapas
لاويثا,Levita/Lavisa
لاويذا,Levita/Laviza
لاويذااطه سى,Levita/Laviza
لوبته,Levita/Lubita
ليا,Leya
ايليا,Leya/İlya
لسا,Leya/Lisa
ليلان,Leylan
لينه,Leyne
لزكى,Lezgi
لبنه,Libene
صلاحيه,Libohova/Salahiye
لبومير,Libomir
لبومير,Libomir
ليجه,Lice
ليجه مع آتاق و تلسمه,Lice maa Atak ve Telseme
نفس ليجه,Lice merkez
ايليجه,Lice/İlice
لچيك,Liçik
ليف,Lif
ليف عليا,Lif-i Ulya
ليقه,Lika
ليقوريما,Likorima
لقورس,Likurs
ليل,Lil
ليمان,Liman
پاولى,Liman/Pavlı
ليمان حصار,Limanhisar
ليمان حصارى,Limanhisar/Limanhisarı
ليمسول,Limasol
ليماسول,Limasol
لمسون,Limasol/Limason
ليمسون,Limasol/Limason
ليمسون,Limasol/Limason
لمسون,Limasol/Limason
ليمونسون,Limasol/Limonson
ليموسه,Limasol/Limosa
ليموسول,Limasol/Limosol
ليموسون,Limasol/Limoson
لموسون,Limasol/Limoson
ليمسون,Limasol/Limoson
ليمسُونْ,Limasol/Limoson
ليمنى,Limni
لمنى,Limni
لمني,Limni
لمنى,Limni
لمنى جزيره سى,Limni Ceziresi
لمنى مع بوز بابا,Limni maa Bozbaba
نفس ليمنى,Limni merkez
نفس لمنى,Limni merkez
جزيرۀ لمنى,Limni/Cezire-i Limni
جزيرۀ ليمنى,Limni/Cezire-i Limni
جزيرۀ لمنى,Limni/Cezire-i Limni
جزيرۀ ليمنوس,Limni/Cezire-i Limnos
جزيرۀ موندوز,Limni/Cezire-i Mondoz
ايلملى,Limni/İlimli
لمنى,Limni/İlimye
اليميه,Limni/İlimye
ليمى,Limni/Limi
ليمين,Limni/Limin
ليميه,Limni/Limiye
لمنه,Limni/Limne
ليمنوس,Limni/Limnos
ليمنى,Limni/Limnos
لميوس,Limni/Limyos
ليمون ازمير,Limon-ı İzmir
لينارى,Linari
ليندو,Lindo
لندوس,Lindos
لندوز,Lindos (Lindoz)
جزيرۀ لندوز,Lindos/Cezire-i Lindoz
لندوز,Lindos/Lindoz
ليندوز,Lindos/Lindoz
لينوزه,Linoza
ليپارا,Lipara
لپورى,Lipori
ليبوه,Lipova
لپُوه,Lipova
لپوه,Lipova
ليپوه,Lipova
ليِپُوَه,Lipova
ليپوه مع رادنه,Lipova maa Radna
تيشوار,Lipova/Tişuvar
تشوار,Lipova/Tişuvar
طشوار,Lipova/Tişuvar
ليپوه,Lipova/Tişuvar
لبوويك,Lipovik
لبويك,Lipovik
لپويك,Lipovik
لپسو طاقم اطه لرى,Lipso Takımadaları
ليپسوقوتاله اطه جغى,Lipsokutala Adacığı
لبسقوته,Lipsokutala/Libsokota
پيثاتاليه,Lipsokutala/Pisatalya
لبسوس,Lipsos
لپسوس,Lipsos
ليبسوس,Lipsos/Libsos
ليپسى,Lipsos/Lipsi
ليپسو,Lipsos/Lipso
لپسو,Lipsos/Lipso
لپسوز,Lipsos/Lipsoz
لبسوز,Lipsos/Lipsoz
ليرا,Lira
ليس,Lis
بازار ليز,Lis/Pazar-ı Liz
لسقاو,Liskav
لسقاو عليا,Liskav/Liskav-ı Ulya
ليسا,Lissa
ليسّا,Lissa
ليسه,Lissa/Lise
ليسيه,Lissa/Lisiye
لسسان,Lissan
ليت,Lit
ليث,Lit/Lis
معمورة الحميد,Lit/Mamuretülhamid
معمورةالحميد,Lit/Mamuretülhamid
ليت,Lit/Mamuretülhamid
ليتادا,Litada
ليتاده,Litada
ليتاد,Litada/Litad
ليذادا,Litada/Lizada
ليتخور,Litohor
لتخور,Litohor
ليترى,Litri
ليوادى,Livadi
لوادى,Livadi
لواديا,Livadi/Livadiya
ليواديه,Livadiye
لواديّه,Livadiye
لواديه,Livadiye
البادو,Livadiye/İlbado
ليوادستروزه,Livadostroza
لوانه,Livane
ليوانه,Livane
قلعۀ لوانه باش قپان واشكفتوز ورجيك,Livane (Kale-i Livane Başkapan) ve İşkeftoz ve Recik (?)
لوانه و پرتك,Livane ve Pertek
لوانه و برتك,Livane ve Pertek
لوانۀ سفلى,Livane-i Süfla/Vartin
لوانۀ عليا,Livane-i Ulya
آرتوين,Livane/Artvin
لوانه,Livane/Vartin
لويلى عشيرتى,Livili Aşireti
ليوين,Livin
ليبوين,Livin (Libvin)/Beytüşşebab
لويت و بيت الشباب,Livin (Livit) ve Beytüşşebab
ليوين,Livin/Beytüşşebab
ليادى,Liyadi
لياذى اطه جقلرى,Liyadi/Liyazi
سمندينوز,Liyadi/Semendinoz
ليز,Liz
انير,Liz/Anır
لودى,Lodi
لوفجه,Lofça
لوفچه,Lofça
لُوفْچَه,Lofça
لوفچه مع اتره بولى,Lofça maa Etrepoli
لوفجه,Lofça/Lofca
اوفجه مع,Lofça/Ofça maa
لوغورينا,Logorina
لوغرينا,Logorina
لوم,Lom
لُومْ,Lom
لوم مع پولميه,Lom maa Polomiye
لوم و بولميه,Lom ve Polomiye
قره لوم,Lom/Karalom/Polomiye
لوم پلنقه,Lom/Lompalanka
لومنيچه,Lomniçe
لوندر,Londar
لوندار,Londar
لوندره,Londra
لونقوز,Lonkoz
لورى,Lori
لوري,Lori
لورئ عليا,Lori-i Ulya
قلعۀ لوري,Lori/Kale-i Lori
لوشانجى,Loşanci
لوشان طارم سفلا و عليا,Loşantarım-ı Süfla ve Ulya
لوزنيجه,Lozniçe
لود,Löd
لوشديكن,Löşdiğin
لوبان,Luban
لوبنه,Lubine
لوبين,Lubine/Lubin
لوبيني,Lubine/Lubini
پوپولوبين,Lubine/Popolubin
لوبوچيك,Lubovçik
لبوشقه,Lubuşka
لوبشقه,Lubuşka
لبوشقه,Lubuşka
ليبوشقه مع ايموچقه,Lubuşka (Libuşka) maa İmoçka
قيبوشقه مع ايموچيقه,Lubuşka maa İmoçka/Kıbuşka maa İmoçıka
قلعۀ لبوشقه,Lubuşka/Kale-i Lubuşka
ليپوشقه,Lubuşka/Lipuşka
ليو بو شقه,Lubuşka/Liyubuşka
لهوشقه,Lubuşka/Luhuşka
لوچيچه,Luçiçe
لوچچه,Luçiçe
لد,Lud
لُد,Lud
لُد,Lud
لد مع  رمله,Lud maa Remle
لود مع رمله,Lud maa Remle
لد مع  رمله,Lud maa Remle
لودريك,Ludrik
لحيه,Luhayye
نفس لحيه,Luhayye merkez
لِحْيه,Luhayye/Lihye
لوژنجه,Lujnica
لوك,Luk
لوك مع  طوبران,Luk maa Tobruk/Luk maa Tobran
لوقه,Luka
لوكا,Luka
لوقاوچه,Lukaviçe
لولا,Lula
لومه,Luma
لومه,Luma
لومه قاليس,Luma Kalis
لوم,Luma/Lum
لومبونيا,Lumboniya
مومبونيا,Lumboniya/Momboniya
لونچه,Luniçe
لنجه,Luniçe
لوپتنه,Luptine
لورستان,Luristan
حرم اباد,Luristan/Hürremabad
لوروس,Luros
نفس لوروس,Luros merkez
لوسين,Lusin
لوشنه,Luşne
لوشنه,Luşne
نفس لوشنه,Luşne merkez
لوط,Lut
لويسى,Luvisi
لوز,Luz
لوله برغوس,Lülebergos
نفس لوله برغوس,Lülebergos merkez
برغوس,Lülebergos/Bergos
بورغروس,Lülebergos/Bergos (Burgros)
ترقوس,Lülebergos/Bergos (Terkos)
برغوز,Lülebergos/Bergoz
بورغاز,Lülebergos/Burgaz
لوله برغوسى,Lülebergos/Lülebergosu
لوله برغاز,Lülebergos/Lüleburgaz
معادن اربعه,Maadin-i Erbaa
معادن اربعۀ شاب,Maadin-i Erbaa/Maadin-i Erbaa-i Şap
معادن همايون,Maadin-i Hümayun
معان,Maan
معان,Maan
معان,Maan/Cenin
معره,Maarra
معرّه,Maarra
معّره,Maarra
معرّا,Maarra
ماعرّه,Maarra
معرة النعمان مع ناحيۀ كفرطاب,Maarra (Maarratünnuman) maa Nahiye-i Kefrtab
معرة النعمان,Maarra/Maarratünnuman
معرّة النعمان,Maarra/Maarratünnuman
معرة المصرين,Maarratülmısrin
معرة مصرين,Maarratülmısrin/Maarratümısrin
معرتمصرين,Maarratülmısrin/Maarratümısrin
معر الشحور,Maarruşşahur
معرالشهور,Maarruşşahur
معر شحور,Maarruşşahur/Maar Şahur
مجار,Macar
مجار سودين,Macar Svodin
مچار سودين,Macar Svodin
ماكارسودين,Macar Svodin/Magar Svodin
ماچاخل,Maçahel
ماجحيل,Maçahel/Macahil
ماجخيل,Maçahel/Macahil
مغناجيل,Maçahel/Mağnaçil
ماحجهل,Maçahel/Mahcehel
ماخجيل,Maçahel/Mahcil
مخچل,Maçahel/Mahçil
مچحانوس,Maçhanos
ماچين,Maçin
ماجين,Maçin
ماچقه,Maçka
ماچقه,Maçka/Cevizlik
جويزلك,Maçka/Cevizlik
ماچيقه,Maçka/Maçika
ماچوقه,Maçka/Maçuka
ماجوقه,Maçka/Maçuka
ماچوۀ بالا,Maçova-i Bala
ماچوۀ زير,Maçova-i Zir
معدان,Madan
مطره,Madara
معدن,Maden
معدن ايپك,Maden-i İpek
معدن كابى,Maden-i Kabi
معدن كابى مع  صامسون,Maden-i Kabi maa Samsun
معدن يانوه,Maden-i Yanova
مادونا,Madona
مضرب,Madrab
مادراك,Madrak
مادراك,Madrak/Şuşar
شوشار,Madrak/Şuşar
مادراس,Madras
مغاويز,Magaviz
مغاوز,Magaviz
ماغلاى,Maglay
مغلاى,Maglay
ميغلاى,Maglay (Miglay)/Teşene
قلع مغلاى,Maglay/Kale-i Maglay
ميغلاى,Maglay/Miglay
مغلاي,Maglay/Teşene
واروش قلعۀ مغلاى,Maglay/Varoş-ı Kale-i Maglay
واروش مغلاى,Maglay/Varoş-ı Maglay
مغليج,Magliç
قلعۀ مغليچ,Magliç/Kale-i Magliç
ماغوسه,Magosa
مغوسه,Magosa
ماغُوسَه,Magosa
مَاغُوسَه,Magosa
فماغوسته,Magosa/Famagosta
فاماغوسته,Magosa/Famagosta
قلعۀ مغوسه,Magosa/Kale-i Magosa
قلعۀ ماغوسه,Magosa/Kale-i Magosa
ماغوشه,Magosa/Magoşa
ماغون,Magun
ماحوم,Magun/Mahum
مغاره,Mağara
مغاره و صاريز,Mağara ve Sarız
ماغلى,Mağlı
مغرب,Mağrib
مغرب عنس,Mağrib-i Anis
مغرب انس,Mağrib-i Anis
مغرب,Mağrib-i Anis/Mağrib
مغربيه,Mağribiye
مهالبه,Mahalibe
محال دهلو,Mahall-i Dehlü/Delev
محل متينان,Mahall-i Metinan
محل,Mahall-i Metinan/Mahal
محل و متينان,Mahall-i Metinan/Mahal ve Metinan
محال زند و زنگنه و شيخان و داوده,Mahall-i Zend ve Zengene ve Şeyhan ve Davuda
محلات و چفتلكات,Mahallat ve Çiftlikler
محلّه,Mahalle
محله,Mahalle
محلۀ ابا على,Mahalle-i Ebaali
محله بنى اعلا,Mahalle-i Ebaali/Mahalle-i Beni Ala
محلۀ زير,Mahalle-i Zir
محلة دَمَنَه,Mahalletü Demene
محلةُ دَمَنَه,Mahalletü Demene
محلّةُ دَمَنَه,Mahalletü Demene
محلة الكبرى,Mahalletülkübra
محلّةُ الكُبْرى,Mahalletülkübra
محله الكبرى,Mahalletülkübra
محلة المرحوم,Mahalletülmerhum
محلة المرقوم,Mahalletülmerhum/Mahalletülmerkum
مخدوملر,Mahdumlar
ماحيرى,Mahırı
ماحب بحر,Mahib-i Bahr
ماهى دشت,Mahideşt
ماهرى,Mahiri (?)
محكمه,Mahkeme
محلمى,Mahlemi
محمر,Mahmer
محمل شريف,Mahmil-i Şerif
محمود بك,Mahmudbey
محمودى,Mahmudi
محمودى قره صو,Mahmudi Karasu
قره صو,Mahmudi Karasu (Karasu)/Yezidi
قره صو,Mahmudi Karasu/Karasu
يزيدى عشيرتى,Mahmudi Karasu/Yezidi Aşireti
نفس محموديه,Mahmudi merkez/Mahmudiye merkez
سراى,Mahmudi/Saray
محموديه,Mahmudiye
محمودلر,Mahmudlar
محمودلى,Mahmudlu
محمود سيدى,Mahmudseydi
محمود شوكت پاشا,Mahmudşevketpaşa
محويت,Mahvit
مخويت,Mahvit
ماژانى,Majani
ماقارى اطه لرى,Makari Adaları
مقاريا,Makariya
ماقارييا,Makariya
اقاريس,Makariya/Akaris
آقاريه,Makariya/Akariye
مقوا,Makava
مقبنه,Makbene
مقلار,Maklar
ماقلار,Maklar
مقلوب,Maklub
مكوا,Makova
مقووه,Makova
ماقووا,Makova
ماقوه,Makova
واروش ماقوه,Makova/Varoş-ı Makova
ماقرا,Makra
مقرا,Makra
ماخرى,Makra/Mahrı
تاكرى,Makra/Takri
مقرى,Makri
ماقري,Makri
ماقرى,Makri
ماغرى,Makri/Mağri
ماقريا,Makri/Makriya
اوزون,Makri/Uzun
مقرى كوى,Makriköy
مقرى كوى,Makriköy
باقير كوى,Makriköy/Bakırköy
مقرينچه,Makriniçe
مقره نيجه,Makriniçe/Makranice
ماقريسى,Makrisi/Bolerno
ماقرييا,Makriya
مقرييا,Makriya
ماقريالو,Makriyalo
مقرو,Makro
ماقرولو,Makrolo
ماقرونيس,Makronis
ماقرونيسى,Makronisi
ماقرونيسى اطه جغى,Makronisi Adacığı
لونيا,Makronisi/Lunya
سنت پول اطه جغى,Makronisi/Sent Pol Adacığı
ماقرونيسى,Makronisi/Uzunada
مقصودلى,Maksudlu
مكور,Makur
ماقور,Makur
مقورى,Makuri
مقورى عشيرتى,Makuri Aşireti
مكو,Makü
قلعۀ مكو,Makü/Kale-i Makü
قلعۀ مكو,Makü/Kale-i Makü
مالقاص,Malakas
ملاقاس,Malakas
ملاقص,Malakas
ملاقاص,Malakas
مالقاصره,Malakasra
ملاقاصرۀ بالا,Malakasra-i Bala
مالقاسترۀ بالا,Malakasra-i Bala/Malakastra-i Bala
ملاقاصرۀ زير,Malakasra-i Zir
ملاقاس,Malakasra/Malakas
ملاقاص,Malakasra/Malakas
مالامون,Malamon
ملاطيه,Malatya
ملا طيه,Malatya
ملاطيّه,Malatya
نفس ملاطيه,Malatya merkez
ملاطيه و كاحته و كركر,Malatya ve Kahta ve Gerger
اسبوزى,Malatya/Asbuzi
اسپوزى,Malatya/Aspuzi
ملا طيه,Malatya/Yenimalatya
ملازكرد,Malazgird
ملازكيرد,Malazgird
ملازگرد,Malazgird
ملاذكرد,Malazgird
ملاذكيرد,Malazgird
قلعه,Malazgird/Kale
ملازكريد,Malazgird/Malazgirid
مالش,Maleş
ماليشوه,Maleş/Malişova
مالشوه,Maleş/Malişova
عثمانيه,Maleş/Osmaniye
په چوا,Maleş/Peçova
بهجوه,Maleş/Pehçova
مالويز,Maleviz
ملويز,Maleviz
مالَوِيزْ,Maleviz
مالويز,Maleviz
ملويز,Maleviz
جزيرۀ مالويز,Maleviz/Cezire-i Maleviz
مالويزو,Maleviz/Malevizo
مالك,Malik
سيويرينه,Malik/Sivirina
ماليسيا,Malisya
ماليسيه بالا,Malisya-i Bala
ماليسيه,Malisya-i Bala/Malisya
معلقره,Malkara
ملقره,Malkara
معلقره,Malkara
نفس معلقره,Malkara merkez
ميغالقره,Malkara/Mıgalkara
مغلقره,Malkara/Mıgalkara
ميغلقره,Malkara/Mıgalkara
ميغلقره,Malkara/Miğalkara
ملناس,Malnas
مالولى نيسى,Malolinisi
بانولونيس,Malolinisi/Banolonis
ملالونيس,Malolinisi/Malalonis
مالونشيك,Malonşik
مالطه,Malta
مالته,Malta
مالتپه,Maltepe
ماليه,Malya
ماماله,Mamala
ممالو,Mamalı
ممالو,Mamalı
ماماشارود,Mamaşarud
معمره,Mamere
مامروان,Mamervan
مامران,Mamervan (Mameran (?))
نامروان,Mamervan (Namervan)/İd
نامروان مع  طورطوم,Mamervan maa Tortum/Namervan maa Tortum
ايد,Mamervan/İd
قلعۀ مامروان,Mamervan/Kale-i Mamervan
مامرمان,Mamervan/Mamerman
نامروان,Mamervan/Namervan
نفس نامروان,Mamervan/Namervan merkez
نارمان,Mamervan/Narman
نارمن,Mamervan/Narman
ماموغه,Mamuga
معموره,Mamure
معمورة العزيز,Mamuretülaziz
معممورة العزيز,Mamuretülaziz
العزيز,Mamuretülaziz/Elaziz
معمورة العزيز,Mamuretülaziz/Mezraa
مزرعه,Mamuretülaziz/Mezraa
مزرعه,Mamuretülaziz/Mezraa
معمورة الحميد,Mamuretülhamid
نفس معمورة الحميد,Mamuretülhamid merkez
معمورة الحميد,Mamuretülhamid/Mamure-i Hamid
معمورۀ حميد,Mamuretülhamid/Mamure-i Hamid
معمورة الحميديه,Mamuretülhamid/Mamuretülhamidiye
معموريه,Mamuriye
معموريه وانامور,Mamuriye ve Anamur
مانا,Mana
پازار مانه,Mana/Pazar-ı Mana
منافوچه,Manafoça
منافوجه,Manafoça
منوفاچ و ريزو,Manafoça (Monofaç) ve Rizo
منوفاچ,Manafoça/Monofaç
منوفاج,Manafoça/Monofaç
منوفاچ,Manafoça/Monofaç
منوفاج,Manafoça/Monofaç
منوفوچه,Manafoça/Monofoça
مناغرى,Manağrı
مناستر,Manastır
مناصتر,Manastır
نفس مناستر,Manastır merkez
پاشا,Manastır/Paşa
مناستراكي,Manastıraki
مناستراكى,Manastıraki
مناتس,Manates
منوغات,Manavgat
مناوغات,Manavgat
منوغاد,Manavgat/Manavgad
منجيلق,Mancılık
مانجيلق,Mancılık
مانده لو,Mandalo
انكلز,Mandalo/İngiliz
انكلز,Mandalo/İngiliz
مانديلى,Mandalo/Mandili
ماندلك (؟),Mandelik
مانده مانده,Mandemande
جزيرۀ مانده مانده,Mandemande/Cezire-i Mandemande
مانده مادوس,Mandemande/Mandemados
ماندير,Mandır
ماندره,Mandıra
مانديره,Mandıra
مندراكى,Mandıraki
ماندريجه,Mandıriçe
مانديريجه,Mandıriçe
ماندريجه,Mandıriçe/Mandrıca
مانديجه,Mandiçe
مانديچه,Mandiçe
مانده جه,Mandiçe/Mandece
ماندنه,Mandina
ماندود,Mandud
اندود,Mandud/Andud
مانك دره سى,Manekderesi
مانغت,Mangıt
مانغط,Mangıt
ماكغط,Mangıt
منغط,Mangıt
مانقيت,Mangıt/Mankıt
مانكيت,Mangıt/Mankit
مانكوب,Mangub
منكب,Mangub
مغنيسا,Manisa
مغنيسا مع نواحى,Manisa maa Nevahi
نفس مغنيسا,Manisa merkez
مغنيسا و نواحى,Manisa ve Nevahi
قزل حصار قديم,Manisa/Kızılhisar-ı Kadim
مغنيسا,Manisa/Mağnisa
مانقاليه,Mankalya
منقاليه,Mankalya
مَنْقَالْيَه,Mankalya
منغاليه,Mankalya (Mangalya)/Tuzla
منغاليه,Mankalya/Mangalya
مانص,Mans
منصوران,Mansuran
منصوره,Mansure
مَنْصُوره,Mansure
منصوره مع منية المزاح,Mansure maa Minyetülmizah
منصوريه,Mansuriye
منصورلى,Mansurlu
مانيه,Manya
مانيا,Manya
مانيان,Manyan
مانياس,Manyas
منياس,Manyas
مپاورى,Mapavri
مپا ورى,Mapavri
مه پاورى,Mapavri
ماپا ورى,Mapavri
مباورى,Mapavri
ماره,Mara
مرادول,Maradol
مراغه,Maraga
مراق,Marak
ماراكى,Maraki
ماركى,Maraki
معران,Maran
ماراثون,Marason
مرعش,Maraş
مرعش,Maraş merkez
نفس مرعش,Maraş merkez
مرعش پازارجق,Maraş Pazarcık
پازار,Maraş Pazarcık/Pazar
پازارجق,Maraş Pazarcık/Pazarcık
پازارجق,Maraş Pazarcık/Pazarcık
بازارجق,Maraş Pazarcık/Pazarcık
بازارجق,Maraş Pazarcık/Pazarcık
دوالقدريه,Maraş/Dulkadriye
ذوالقادر,Maraş/Zülkadir
ذوالقادريه,Maraş/Zülkadiriye
ذوالقادرلو,Maraş/Zülkadirli
ذوالقدريه,Maraş/Zülkadriye
مرعش,Maraş/Zülkadriye
ماراتى,Marati
مارتينو,Maratino
ماراتو,Marato
مره تونيسى,Marato/Maratonisi
مراطوقامبو,Maratokambos/Maratokambo
ماراتونيزى,Maratonizi
مارچل,Marçal
مارچنه,Marçine
مارجنه,Marçine
مارچه,Marçine/Marça
مارداليج,Mardaliç
ماردلچ,Mardaliç
آرغى نوسى,Mardaliç/Argınosi
بورغوز,Mardaliç/Burgoz
سنت جورج,Mardaliç/Sentcorc
ماردين,Mardin
ما ردين,Mardin
ماردين قوچحصار,Mardin Koçhisar
قوچحصار,Mardin Koçhisar/Koçhisar
قوچ حصار,Mardin Koçhisar/Koçhisar
ماردين مع قوچحصار,Mardin maa Koçhisar
نفس ماردين,Mardin merkez
مردونه,Marduna
ماردونه,Marduna
موردونه,Marduna/Murduna
معركه,Mareke
مارغليج,Margaliç
نفس مارغليج,Margaliç merkez
مارغاريتى,Margaliç/Margariti
مارغاريتس,Margaritis
مارخو,Marho
مارخو,Marho/Kırmıl
ماركش,Markeş
مارمار,Marmar
مرمره,Marmara
مارماره,Marmara
مرمره,Marmara
مرمره دكزى,Marmara Denizi
مرمره دكزى,Marmara Denizi
بحر مرمره,Marmara Denizi/Bahr-i Marmara
مرمره اركلى,Marmara Ereğli
اركلى,Marmara Ereğli/Ereğli
ارگلى,Marmara Ereğli/Ereğli
اركلى,Marmara Ereğli/Ereğli
اركلى,Marmara Ereğli/Ereğli
اركلى قصرى,Marmara Ereğli/Ereğlikasrı
مرمره مع پاشا ليمانى,Marmara maa Paşalimanı
جزاير مرمره,Marmara/Cezayir-i Marmara
جزيرۀ مرمره,Marmara/Cezire-i Marmara
مرمره جق,Marmaracık
مرمره جك,Marmaracık
مرمره و كلنوس,Marmaracık (Marmara) ve Gülnos
مرمره جق,Marmaracık/Demirci-i Saruhan
كول مرمره,Marmaracık/Gölmarmara
مرمره جك,Marmaracık/Gölmarmara
مرمره,Marmaracık/Marmara
مرمره,Marmaracık/Marmara
مرمريس,Marmaris
مرمرس,Marmaris
مَرْمَرِيس,Marmaris
مارماريس ليمانى,Marmaris Limanı
مرمريس سليمانيه,Marmaris Süleymaniye
سليمانيه,Marmaris Süleymaniye/Süleymaniye
مرمروس,Marmaris/Marmaros
مار ميت,Marmit
مارونيه,Maroniye
ماروشه,Maroşa
مراط,Marrat
مرطبان,Martaban
مارتاقلا,Martakala
مصاد,Masad
مصاط,Masad/Masat
مسلاطه,Masallata
مسلّطه,Masallata
مسلاته,Masallata
مسلطه,Masallata
مسارا,Masara
مساره,Masara
مصرصور,Masarsor
ماثه,Mase
مصيّون و ناحيۀ طور,Masıyyun ve Nahiye-i Tur
مصيره,Masire
مصيرۀ صغرى,Masire-i Suğra
مسقط,Maskat
مصويا,Masoya
ماسرو,Masro
مصوع,Massava
جزيرۀ مُصَوّعْ قائممقاملغى,Massava/Cezire-i Musavva
جزيرۀ مُصَوّعْ,Massava/Cezire-i Musavva
مصوع جزيره سى,Massava/Massava Ceziresi
مصوعا,Massava/Massavaa
ماصووا,Massava/Masuva
مصطبه,Mastaba
مصطكى قريه لرى,Mastaki Karyeleri
مصطكى قراسى,Mastaki Karyeleri/Mastaki Kurası
ماستوره,Mastavra
مصوريجه,Masurica
مصياف,Masyaf
مصياف و جبل كلبيه و جرد مصياف,Masyaf ve Cebel-i Kelbiye ve Cerd-i Masyaf
مصياف وقليعه,Masyaf ve Kuleya
مصياف وقليه,Masyaf ve Kuleya
فنارى قلى,Masyaf ve Kuleya/Fenari Kuli
قلعۀ مصياف,Masyaf/Kale-i Masyaf
ماط,Mat
مات,Mat
ماده,Mat/Made
مطح,Matah
مطخ,Matah
مطيح,Matah/Mutıh
مطيخ,Matah/Mutih
ماطالا,Matala
مَطَرْ,Matar
مطر,Matar
معاتر,Matar/Meatir
ماتاروغا,Mataruga
ماتروغه,Mataruga
ماتاروغه,Mataruga
ماور,Maver
ماوت,Mavet
ماوغه,Mavga
ماوريك,Mavrik
ماورو,Mavro
ماورو,Mavro/Eşek Adaları
ماوروا,Mavro/Mavrova
ماوروه,Mavrova
ميا طاغى,Mayadağı
مايدوس,Maydos
مايدوس,Maydos
مايورقا,Mayorka
مزقف,Mazakıf
مزان شهرى,Mazanşehri
مزراق,Mazarak
مزاراق,Mazarak
مزارق,Mazarak
مزرق,Mazarak
مزارق مع مارغاليچ,Mazarak maa Margaliç
وزراق,Mazarak/Vazarak
مازكرد,Mazgird
مزكيرد,Mazgird
مازگرد,Mazgird
مازكيرد,Mazgird
مَازكرد,Mazgird
نفس مازكرد,Mazgird merkez
مغازكرد,Mazgird/Magazgird
ملازكيرد,Mazgird/Malazgird
منازكرد,Mazgird/Manazgird
مازو طاغى,Mazıdağı
مازين,Mazin
مازوتو,Mazoto
مازتو,Mazoto
مازود,Mazoto/Mazod
مازوته,Mazoto/Mazota
مازون,Mazun
ماذون,Mazun
مازون,Mazun/Çukurköy
مازون,Mazun/Mandiçe
مازين,Mazun/Mazin
مجدل,Mecdel
مجدل غزه,Mecdel-i Gazze
مجدل,Mecdel-i Gazze/Mecdel
مجدول,Mecdel-i Gazze/Mecdul
مجدل شمس,Mecdel-i Şems
مجدلشمس,Mecdel-i Şems
مجد الشمس,Mecdel-i Şems/Mecdüşşems
مجركبير,Mecer-i Kebir
مجر كبير,Mecer-i Kebir
مجر صغير,Mecer-i Sagir
مجيديه,Mecidiye
مجيد اوزى,Mecidözü
مجيد اوزى,Mecidözü
مجيد اوزى مع عشائر,Mecidözü maa Aşair
اوخات حاجى كوى,Mecidözü/Avhathacıköy
مجيد اوزى,Mecidözü/Avukathacıköy
اووقات حاجى كويى,Mecidözü/Avukathacıköyü
حاجى كويى,Mecidözü/Hacıköyü
مجنكرد,Mecingerd
مجنكرد,Mecingerd/Ribat
مجريحان,Mecrihan
مچوه,Meçova
مچوه,Meçova
مجوه,Meçova
مجوه,Meçova
مجوه,Meçova
مچوه و نواحئ ملاقاص و قورندوس و آطه و چرقويشته و زاغور,Meçova ve Nevahi-i Malakas ve Korindos ve Ada ve Çerkovişte ve Zagor
مداق,Medak
واروش ناحيۀمداق,Medak/Varoş-ı Nahiye-i Medak
مداين,Medayin
مداين صالح,Medayin-i Salih
مديه,Medeye
مدينه,Medine
مدينۀ منوره,Medine-i Münevvere
مدينۀ مُنَوَّره,Medine-i Münevvere
مدينۀ منوّره,Medine-i Münevvere
مدينۀ منورّه,Medine-i Münevvere
مدينۀ  منوّره,Medine-i Münevvere
مدينه منوره,Medine-i Münevvere
مدينۀ منوره مع نقيب الاشراف مدينه,Medine-i Münevvere maa Nakibuleşraf-ı Medine
مدينه,Medine-i Münevvere/Medine
مدون,Medun
مدوكه,Medvege
مدوج,Medvege/Medvec
مفحق,Mefhak
مفلقان,Meflakan
مغالى مانى,Megalimani
مغاليوريسى,Megalivirisi
مغالو سوفرانو اطه لرى,Megalo Sofrano Adaları
مغالونيسى,Megalonisi
مه غالو,Megalonisi/Megalo
مغانيس,Meganis
مغانيزى,Meganis (Meganizi)/Tados
مقانيس,Meganis/Mekanis
مقانيسى,Meganis/Mekanisi
مغاره,Megara
ماغارا,Megara/Magara
بوروستيك,Megarik/Borostik
بوروش,Megarik/Boroş
مكوريچ,Megoriç
مكوريچقي,Megoriç/Megoriçka/Jelejno Megoriçka
مكوريچقه,Megoriç/Megoriçka/Zelejne Megoriçka
مكوريچقه,Megoriç/Megoriçka/Zelezno Megoriçka
مكلكين,Meğelgin
محابيس,Mehabis
محابس,Mehabis/Cenub
جنوب,Mehabis/Cenub
محابشه,Mehabişe
محجه,Mehacce
مخادر,Mehadir
مهالبه,Mehalibe
محاويل,Mehavil
مهديه,Mehdiye
قلعۀ مهديه,Mehdiye/Kale-i Mehdiye
مهدينچ مع چرنچ,Mehedinç maa Çerneç
مهدنيچ مع چرنچ,Mehedinç maa Çerneç
مهلبيه,Mehlebiye
مهوميه,Mehomye
محرزي,Mehrazi
مهرزي,Mehrazi
جزيرۀ محرزي,Mehrazi/Cezire-i Mehrazi
مهرود,Mehrud
مه ئيس,Meis
ميس,Meis
ميِسْ,Meis
مئس,Meis
جزيرۀ قستوللوز,Meis/Cezire-i Kastelloz
جزيرۀ ميس,Meis/Cezire-i Meyis
قاستللورزن,Meis/Kastellorizon
قسطللوز,Meis/Kastelloz
قستللوز,Meis/Kastelloz
قاسته لوريزو,Meis/Kastelorizo
قزل حصار,Meis/Kızılhisar
قزيلحصار,Meis/Kızılhisar
ميس,Meis/Meyis
مژي بوژى,Mejiboji
مژي بوژى,Mejiboji
نفس مژي بوژى,Mejiboji merkez
مزى بوزى,Mejiboji/Mezibozi
مقاسب,Mekasib
مكاسب,Mekasib
مقاطره,Mekatire
مكۀ مكرمه,Mekke-i Mükerreme
مكّۀمكرّمه,Mekke-i Mükerreme
مكه مكرمه,Mekke-i Mükerreme
مَكّۀ مُكرّمه,Mekke-i Mükerreme
مَكّۀ مُكرّمَه,Mekke-i Mükerreme
مكّۀ مكرّمه,Mekke-i Mükerreme
مكّه,Mekke-i Mükerreme/Mekke
مكۀ شريف,Mekke-i Mükerreme/Mekke-i Şerif
مكرى,Mekri
مكرى مع  فره جك,Mekri maa Ferecik
مكرى مع سمادرك,Mekri maa Semadirek
مگرى,Mekri/Meğri
مَگْرى,Mekri/Meğri
مكرم كومى,Mekrümgömü
ملادا,Melada
مه له دا,Melada
ميلانده,Melada/Milanda
مه لامبس,Melambes
ملاير,Melayir
ملفان,Melefan
مله كوبى,Melegöbü
مله كومى,Melegöbü/Melegömü
مه له خا,Meleha
ملندز,Melendiz
ملندس,Melendiz/Melendis
ملندوس,Melendiz/Melendüs
ملنسه,Melense
ملنسا,Melense/Melensa
ملنشه,Melense/Melenşe
مه لت,Melet
ملحه,Melha
مَلْحه,Melha
ملك ارسلانلو,Melikarslanlı
مليك ارسلانلو,Melikarslanlı
ملك ارسلان,Melikarslanlı/Melikarslan
ملكشريف,Melikşerif
مليذوني,Melizoni
ميلذونى,Melizoni/Milizoni
ملكوفچه,Melkofça
ملونيسى,Melonisi
مَلْوَى مع آشمونين,Melva maa Aşmunin
مَلْوى مع آشْمُونين,Melva maa Aşmunin
ممالك,Memalik
ممكان,Memikan
مملح,Memlah
مملحه,Memlaha
مملكتين,Memleketeyn
افلاق و بغدان,Memleketeyn/Eflak ve Boğdan
مناحه,Menaha
مناحه,Menaha
حراز,Menaha/Haraz
مناصف,Menasıf
مناتش,Menateş
منبج,Menbic
ممبج,Menbic (Membic)/Kaletünnecm
منبج و راوندان,Menbic ve Ravendan
منبج فوقانى,Menbic-i Fevkani
منبج تحتانى,Menbic-i Tahtani
ممبج تحتانى,Menbic-i Tahtani/Membic-i Tahtani
بومبوج,Menbic/Bumbuc
مندان,Mendan
مانده كومه,Mendegüme
منده خوره,Mendehora
مند خوره,Mendehora
مندخوره و ناحيۀ كولده,Mendehora ve Nahiye-i Gölde
منده جوريه,Mendehora/Mendecorya
منداخور,Mendehora/Mendehor
منده خوريه,Mendehora/Mendehorya
منده حوريه,Mendehora/Mendehorya
مندلى,Mendeli
مَنْدَلى,Mendeli
مندليجين,Mendeli/Mendelicin
مندلچين,Mendeli/Mendelicin
مندلجين,Mendeli/Mendelicin
منداليات,Mendelyat
مندليات,Mendelyat
مانداليات,Mendelyat
مندالياق,Mendelyat/Mendalyak
ميلاس سليميه,Mendelyat/Milas Selimiye
سليميه,Mendelyat/Selimiye
مندمى,Mendemi
مندرك,Mendirek
منمن مع فوچه لر,Menemen maa Foçalar
منمنجى,Menemenci
منمنجى,Menemenci
منفلوط مع سنبو,Menfelut maa Senbu
مَنْفَلُوطْ مع سَنْبُو,Menfelut maa Senbu
مَنْفَلُوط مع سَنْبُو,Menfelut maa Senbu
منفلوطه,Menfelut/Menfeluta
منكن,Mengen
منگن,Mengen
چيغا منكن,Mengen/Çığa Mengen
منكسر,Mengeser
منين,Menin
دوما منين,Menin/Duma Menin
منلك,Menlik
منلك,Menlik
نفس منلك,Menlik merkez
منشيه,Menşiye
مَنْشِيّه مع ساحل,Menşiye maa Sahil
منشيه مع ساحل,Menşiye maa Sahil
منشيه و ساحل,Menşiye ve Sahil
منشكوت,Menşkut
منشكوت,Menşkut
منشكوت و كيخ و زكتى,Menşkut ve Genç ve Zikti
منشكور,Menşkut/Menişkur
منشورلى,Menşurlu
ايلبكلى,Menşurlu/İlbeyli
منشورلى,Menşurlu/İlbeyli
منتشا,Menteşe
منتشه,Menteşe
منتشا,Menteşe/Muğla
منوفيه,Menufiye
منوفيه,Menufiye
مَنُوفِيّه,Menufiye
منوفيّه,Menufiye
منيفيه,Menufiye/Münifiye
منيه,Menye
مَنْزَله,Menzele
مَنْزَلَه,Menzele
منزله,Menzele
مرابيلو,Merabilo
مرابلو,Merabilo
مرابلو,Merabilo
برانيلو,Merabilo/Biranilo
جزيرۀ مرامبلا,Merabilo/Cezire-i Merambela
مرابلا,Merabilo/Merabela
مرابله,Merabilo/Merabela
مراجلا,Merabilo/Meracela
مرامبلا,Merabilo/Merambela
مَرَامْبَلاَ,Merabilo/Merambela
مراميلو,Merabilo/Meramilo
مرانيلو,Merabilo/Meranilo
ميرابللا,Merabilo/Mirabella
مراجقين,Meracıkayn (?)
مرام,Meram
مرج,Merc
مراد,Merc (Murad (?))
مَرج مع شوبرةِ شِهاب,Merc maa Şubreti Şihab
مرج مع شوبره شهاب,Merc maa Şubreti Şihab (Şubreşihab)
مرج وغوطه,Merc ve Guta
مرج و غوطه,Merc ve Guta
مرج بنى عامر,Merc-i Beniamir
مرج غوطه,Merc-i Guta
مرجعيون,Merc-i Uyun
مرج عيون,Merc-i Uyun
نفس مرجعيون,Merc-i Uyun merkez
مرجعيون,Merc-i Uyun/Cedide
جديده,Merc-i Uyun/Cüdeyde
جديده,Merc-i Uyun/Cüdeyde
مريج,Merc/Meric
مرجان,Mercan
مرجين,Merceyn
مرجين و غوطه,Merceyn ve Guta
مرج القبلى و الشمالى,Mercülkıbli ve'ş-Şimali
مرج القبلى و الشمالي,Mercülkıbli ve'ş-Şimali
مرد,Merd
مردانغم,Merdangım
مردانقيم,Merdangım/Merdankım
مرديس,Merdis
كاخته مرديس,Merdis/Kahta Merdis
ميرديس,Merdis/Mirdis
ميرديسى,Merdis/Mirdisi
مرند,Merend
مركاوه,Mergava
مركه,Merge
مرگه مع نواحى و پژدر مع عشيرت منگور و مامِش و رمك,Merge maa Nevahi ve Pijder maa Aşiret-i Mengür ve Mamiş ve Remek
مركور,Mergevar
مركاوار,Mergevar
مَركَوَرْ,Mergevar
مركزر,Mergezer
مركوزر,Mergezer (Mergüzer)/Çemiçeto
مركوزه,Mergüze
مر كوزه,Mergüze
مرگوزه,Mergüze
مركوزه مع افشار,Mergüze maa Afşar
مرحيص,Merhis
مريج,Meriç
مريچ,Meriç
مريج,Meriç
مريسم (؟),Merisim (?)
مرقب,Merkab
مرقب,Merkab
قلعة المرقاب مع قدموس,Merkab maa Kadmus/Kaletülmerkab maa Kadmus
نفس مرقب,Merkab merkez
مرقب و بانياس,Merkab ve Banyas
مرقب و خوابه و زمرين,Merkab ve Havabi ve Zimrin
مرقب,Merkab/Banyas
مرمره,Merkab/Marmara
مرقب,Merkab/Ribat
ربط مرقب,Merkab/Ribat-ı Merkab
مركه,Merke
مركب,Merkeb
مركب,Merkeb
مرلر,Merler
اريقوزى,Merler/Erikozi
مرلار,Merler/Merlar
مرلنا,Merler/Merlena
مرلاره,Merler/Merlera
مرمر,Mermer
مرمرجك,Mermercik
مرمي,Mermi
مرونا,Merona
مره,Merre (?)
مرالظهران,Merrüzzahran
مرسين,Mersin
نفس مرسين,Mersin merkez
مرسوله,Mersula
مرزيفون,Merzifon
مرزيفون مع مرزيفون اباد,Merzifon maa Merzifonabad
مرزيفون مع مرزيفون آباد,Merzifon maa Merzifonabad
ارغومه,Merzifon/Argoma
مرزيفون آباد,Merzifonabad
مرزيفون اباد,Merzifonabad
مرزبان,Merzuban
مرزمان,Merzuban/Merzuman
مزدبان,Merzuban/Mezduban
مش,Mes (Meş (?))
مسا,Mesa
مه زا,Mesa/Meza
موله,Mesa/Mola
مسابلك,Mesablik
مساغره,Mesagra
مسالاشيت,Mesalaşit
مساريه,Mesarya
مَسَارْيَه,Mesarya
مساريه,Mesarya
مساليا,Mesarya/Meselya
مشاريه,Mesarya/Meşarye
مسجدلى,Mescidli
مسولى,Mesevli
مسورى,Mesevli/Mesevri
مسكن,Mesken
مسكنه,Meskene
مسكنه,Meskene/Menbic
مسكره,Meskere
مه سونيسى,Mesonisi
مساح,Messah
مسينه,Messina
مستا,Mesta
مسته,Mesta
مستانلى,Mestanlı
ماستانلى,Mestanlı/Koşukavak
مسعوديه,Mesudiye
مسور,Mesver
مشابيح,Meşabih
مشابه,Meşabih
ماشاب,Meşabih/Maşab
مشبيه,Meşabih/Meşebih
مشاريق جرّار,Meşarık-ı Cerrar
مشاريق جرار,Meşarık-ı Cerrar
مشارق جرار,Meşarık-ı Cerrar
مشاريق الجرار,Meşarık-ı Cerrar/Meşarıkulcerrar
مشارق نابلس,Meşarık-ı Nablus
مشاريق نابلوس,Meşarık-ı Nablus
مشاريق نابلس,Meşarık-ı Nablus
مشارق نابليس,Meşarık-ı Nablus
مشغره,Meşgara
مشغولورى,Meşgolori
مشهداباد,Meşhedabad
مشهد اباد,Meşhedabad
مشيم,Meşim
مشقوللى,Meşkullu
مشقللى,Meşkullu
مشغوللى,Meşkullu/Meşgullu
مشرأالرك,Meşreerrek
مشراء الرك,Meşreerrek
متاولۀِ جبّة المنيطره و هَرْمِل,Metavile-i Cübbetülmüneytara ve Hermel
متبرهن,Metberhin
متن,Meten
متنان,Metinan
متينان,Metinan
متسقوه,Metisfov
متن,Metn
متن,Metn
متن مع توابع,Metn (Meten) maa tevabi
نفس متن,Metn merkez
متن اعلا,Metn-i Ala
منع خاصّه,Metn-i Ala/Men-i Hassa
منع خاصه,Metn-i Ala/Men-i Hassa
متين,Metn/Miteyn
مه توحيا,Metohiya
متوپى,Metopi
متوپى,Metopi
مه طوب,Metopi/Metob
متوح,Metveh
مواضع,Mevazi
مواضع فراتيه,Mevazi-i Fıratiye
مواضع خاتون,Mevazi-i Hatun
مواضعحان,Mevazihan
مواضع حان,Mevazihan
مواضع خان,Mevazihan
لهسون,Mevkuf/Lehsun
ميادين,Meyadin
عشاره,Meyadin/Aşara
عشارا,Meyadin/Aşara
ميادين,Meyadin/Aşara
نفس عشاره,Meyadin/Aşara merkez
ميدان,Meydan
ميدى,Meydi
مزدغان,Mezdegan
مزهرك,Mezehrek
مزكرك,Mezehrek/Mezkerek
مزكدان,Mezgidan
مزواولود,Mezö Ölved
مزوكوشت,Mezököveşt
مزرعه,Mezraa
مزرعه,Mezraa
مزورى,Mezuri
مزورى و مزورئ بالا عشائرى,Mezuri ve Mezuri-i Bala Aşairi
مزورئ بالا,Mezuri-i Bala
موژرى ژيرى,Mezuri/Mujurijiri
مغيس,Mığıs
مقره,Mıkra
ميقرى ايلى,Mıkriili
مرالى,Mıralı
مصر,Mısır
مصرخديويتى,Mısır Hidiviyeti
محميۀ مصر,Mısır/Mahmiye-i Mısır
مصر قاهره,Mısır/Mısr-ı Kahire
مصر اصلى,Mısr-ı Asli
مصر سفلا,Mısr-ı Süfla
مصر عليا,Mısr-ı Ulya
مصر وسطى,Mısr-ı Vüsta
مصراطه,Mısrata
مِصْرَاطَه,Mısrata
ميعار,Miar
مدحتيه,Midhatiye
مدحتيه قلعه سى,Midhatiye Kalesi
ممدوحيه,Midhatiye/Memduhiye
مدللى,Midilli
مدللو,Midilli
مدلّلى,Midilli
مدللّو,Midilli
ميدلّلو,Midilli
مدلّلو,Midilli
مديلّلو,Midilli
مدللو,Midilli
مدللى,Midilli
مدلّلوُ,Midilli
مِدِلّلوُ,Midilli
مدللي,Midilli
مدللو مع اسكروس,Midilli maa İskiros
مدللو مع اسكروس,Midilli maa İşkire (İskiros)
مدللو مع يونده,Midilli maa Yunda
نفس مدللى,Midilli merkez
نفس مدللو,Midilli merkez
مدللى سنجاغى,Midilli Sancağı
جزيرۀ مدللو,Midilli/Cezire-i Midilli
جزيرۀ مدللى,Midilli/Cezire-i Midilli
جزيرۀ مدللّو,Midilli/Cezire-i Midilli
مدللى,Midilli/Lespos
مدللو,Midilli/Midillü
ميدو,Mido
فيدو,Mido/Fido
ييلان,Mido/Yılan
بيلان,Mido/Yılan (Bilan)
مديات,Midyat
مديه,Midye
نفس مديه,Midye merkez
مدينه,Midye/Medine
ميخائل,Mihail
محائل,Mihail
مخائل,Mihail
ميخالچه,Mihalçe
ميخال غازى,Mihalgazi
ميخاليچ,Mihaliç
ميخاليج,Mihaliç
مخالچ,Mihaliç
ميحاليج,Mihaliç
ميخاليچ,Mihaliç
ميخاليچ مع ناحيۀ سنجان,Mihaliç maa Nahiye-i Sincan
ميخاليچ مع سنجان,Mihaliç maa Sincan
قره جه بك,Mihaliç/Karacabey
ميخاليچ,Mihaliç/Susurlu
ميخالج جق,Mihaliçcık
ميخاليج جق,Mihaliçcık
ميخالججق,Mihaliçcık
ميخاليججق,Mihaliçcık
ميخالچجق,Mihaliçcık
ميخاليج چق,Mihaliçcık
ميخاليچجق,Mihaliçcık
ميحاليج جق,Mihaliçcık
ميخالجق,Mihaliçcık
ميخاليججق,Mihaliçcık
ميخاليجق,Mihaliçcık
ميخاليججق,Mihaliçcık/Asimihaliç
كلك ميخاليجى,Mihaliçcık/Killik Mihalici
كلك ميحاليجى,Mihaliçcık/Killik Mihalici
ميحاليججق,Mihaliçcık/Kuyucak
قويوجق,Mihaliçcık/Kuyucak
ميخاليج جق حصارى,Mihaliçcık/Mihaliççıkhisarı
ميخاليچ حصارى,Mihaliçcık/Mihaliçhisarı
ميحايلوه,Mihaylova
نفس ميحايلوه,Mihaylova merkez
ميخلو,Mihlo
محمادلر,Mihmadlar
مهماد السلام,Mihmadüsselam
مهد السلام,Mihmadüsselam/Mehdüsselam
مهماد سلام,Mihmadüsselam/Mihmad-ı Selam
ميحولچه,Miholiçe
ميحولجى,Miholiçe/Miholci
محراب,Mihrab
مهرانرود,Mihranerud
مهرانه رود,Mihranerud
مهراني,Mihrani
مهرانى,Mihrani
مِهراني,Mihrani
مِهرانى,Mihrani
محركان,Mihrikan
مهروان,Mihrivan
مهران,Mihrivan/Mihran
مهربان,Mihrivan/Mihriban
حضر نعلى,Mihrivefa/Hızırnalı
حضر نعللى,Mihrivefa/Hızırnallı
ميقۀ پرچ,Mika-i Perc
ميكائللو,Mikailli
ميكائللو عشيرتى,Mikailli Aşireti
ميقونوس,Mikonos
مكنوس,Mikonos
ميكنوس,Mikonos
ميقنوس,Mikonos
ميكنوس,Mikonos
مقنوس,Mikonos
مكنوس,Mikonos
بوكنه,Mikonos/Bukene
ميقونه,Mikonos/Mikona
ميقونى,Mikonos/Mikoni
ميقنوز,Mikonos/Mikonoz
مكنوز,Mikonos/Mikonoz
ميقرو,Mikro
كوجك باركير,Mikro/Küçükbargir
ماقرو,Mikro/Makro
مقرونيزى,Mikronizi
ميقروس,Mikros
ميقرو انزويوفاس,Mikros/Mikro Anzoyofas
ميلان,Milan
ميلاك,Milan
ميلان عشيرتى,Milan Aşireti
قستل ميلاپوتامو,Milapotamo/Kastel-i Milapotamo
ميلاس,Milas
ميلاث,Milas
ميلاص,Milas
حميديه,Milas/Hamidiye
حميديه,Milas/Hamidiye
مسعوديه,Milas/Mesudiye
مسعودي,Milas/Mesudiye
ميلاث,Milas/Milat
ميلاس,Milas/Peçin
ميلاوه,Milava
ملاوه,Milava
ملشوه,Mileşeva
ملاشوه,Mileşeva
ملوشوه و پودغرديه,Mileşeva (Miloşeva) ve Podgradya
ملوشوه,Mileşeva/Miloşeva
واروش قلعۀ ملشوه,Mileşeva/Podgradya/Varoş-ı Kale-i Mileşeva
ملح,Milh
ملحان,Milhan
مَليج مع فَشَه,Milic (Melic) maa Fişe
ميلج مع فشه,Milic maa Fişe
مليج,Miliç
ميللو,Milli
ميلى,Milli
ميللى,Milli
مللو,Milli
ميللو,Milli/Millü
ميلو,Milo
ميلوبولرمه,Milobolerme
ميلوپوطم,Milopotam
ميلاپوطم,Milopotam
جزيرۀ ميلاپوطمو,Milopotam/Cezire-i Milopotamo
ميلاپوتم,Milopotam/Milapotam
ميلاپوطم,Milopotam/Milapotam
ميلاپوطمو,Milopotam/Milapotamo
ميلاپوطامو,Milopotam/Milapotamo
ملاپوطامو,Milopotam/Milapotamo
ملاپوطمو,Milopotam/Milapotamo
ميلاپوتامو,Milopotam/Milapotamo
ميلا پوتامو,Milopotam/Milapotamo
مَيلاپوطمو,Milopotam/Milapotamo
ميلاپوطيم,Milopotam/Milapotim
ميلو بوطمه,Milopotam/Milobotama
ميلوپوطمو,Milopotam/Milopotamo
ميلوپوتاموس,Milopotam/Milopotamos
ملوان,Milvan
ملون,Milvan
مليانه,Milyana
بلبان,Milyana/Belban
مينا,Mina
منار,Minar
مناره لو,Minareli
مناره لو,Minareli
ميناس,Minas
مناس,Minas
مينه,Minas/Mine
منجره,Mincere
منجوان,Mincivan
مندان,Mindan
منطوال,Mindaval
مندوال,Mindaval
منطاوال,Mindaval
منداوال,Mindaval
منظوال,Mindaval/Manzaval
مرادى منطاول,Mindaval/Muradi Mindaval
مينورقا,Minorka
مينورقه,Minorka
مينورقه,Minorka
مينيه,Minye
منيه,Minye
مِنيه,Minye
مِنْيَه,Minye
منيه,Minye/Mineyn
ميراباد,Mirabad
مير عليان,Miraliyan
ميرانغو,Mirango
ميرار,Mirar
مغرغر,Mirar/Migragar
ميرال,Mirar/Miral
مير بدران (؟),Mirbedran (?)
مرديتا,Mirdita
ميرديته,Mirdita
مرديتا,Mirdita
ميرديد,Mirdita/Mirdid
مرديت,Mirdita/Mirdit
مروينا,Mirdita/Mirvina
ميرس,Mires
مير حاجلك مصر,Mirhaclık-ı Mısır
مير حاجلق مصر,Mirhaclık-ı Mısır
مير حاجلك طرابلس غرب,Mirhaclık-ı Trablusgarb
مرقلعه (؟),Mirkale (?)
ميرقود,Mirkud
ميرمنغا,Mirmanga
قرنجه اطه لرى,Mirmanga/Karınca Adaları
ميرِ محمدى,Mirmuhammedi
مير ناصر زريقي,Mirnasır-ı Ziriki
ميرسوله,Mirsula
ميرتوس,Mirtos
ميريه,Mirye/Veliköy
مير يوسفى,Miryusufi
مسيس,Misis
مسيس,Misis
مسيس و آياس مع برندى,Misis ve Ayas maa Berendi
دربند مسس,Misis/Derbend-i Misis
ميسورى,Misivri
مسورى,Misivri
مِسَوْري,Misivri/Misevri
مسويرى,Misivri/Misiviri
ميسوريه,Misivri/Misivriye
مُسَوْرى,Misivri/Müsevri
ميسك,Misk
ميسكه,Miske
مثلى,Misli
مثيلى,Misli/Misili
مسميه,Mismiye
ميشه,Mişe
ميشه جواخيد,Mişecevahid
ميشجواحيد,Mişecevahid
مشقان,Mişkan
مسجان,Mişkan/Miscan
مشقوفچه,Mişkofça
مشقوچه,Mişkofça/Mişkovce
مِيت قَمَر,Mitkamer
ميت,Mitkamer/Mit
ميتروپولى,Mitropoli
متروويچه,Mitroviçe
مترويچه,Mitroviçe
متروويچه,Mitroviçe
دمترويچه,Mitroviçe/Dimitroviçe
متروفچه,Mitroviçe/Mitrofça
متروفچه جق,Mitroviçe/Mitrofçacık
متروفجه جق,Mitroviçe/Mitrofçacık
بازار ديمتروفجه,Mitroviçe/Pazar-ı Dimitrofça
ميان دواب,Miyanduab
ميانه,Miyane
ميد,Miyed
ميت,Miyed/Miyet
ميزاك,Mizak
مزده,Mizde
مزستره,Mizistre
ميزستره,Mizistre
مزستره و مغالى مانى,Mizistre ve Megalimani
مزيزاخ,Mizizah
مداوه,Modava
موداوه,Modava
مودوه,Modava
مدوه,Modava
نفس موداوه,Modava merkez
مَدْوَه,Modava/Medve
مُدُوَه,Modava/Modova
مودى,Modi
موحى,Modi/Mohi
مودنيچه,Modoniçe
مودونيچه,Modoniçe
مدونيچه,Modoniçe
مودونچه و ليواديه,Modoniçe ve Livadiye
موندنيچه,Modoniçe/Mondoniçe
مودوش,Modoş
مودريچ,Modriç
مدوش,Moduş
موديون,Modyon
مغان,Mogan
محاچ,Mohaç
مهاچ,Mohaç
مهاج,Mohaç
مهاچ,Mohaç
ميهاج وشقلوش,Mohaç (Mihaç) ve Şikloş
مهاچ و برنوار,Mohaç ve Berenvar
محاچ و سكسار,Mohaç ve Seksar
مهاچ و سكسار,Mohaç ve Seksar
مهاج و شقلوش,Mohaç ve Şikloş
ميحاچ,Mohaç/Mihaç
ميهاج,Mohaç/Mihaç
سَكجُوىْ,Mohaç/Sekçuy
مهاج,Mohaç/Sekçuy
محاچ,Mohaç/Sekçuy
موقرى,Mokri
مولارى,Molari
قاطر,Molari/Katır
ملا فنارى,Mollafenari
منلا فنارى,Mollafenari/Monlafenari
ملا قاسم,Mollakasım
ملا كندى,Mollakendi
ملا كوى,Mollakendi/Mollaköy
ملا سليمان,Mollasüleyman
مولومولنچى,Molomolinçi
مولسقه,Moloska
مولوه,Molova
نفس مولوه,Molova merkez
جزيرۀ مولوه,Molova/Cezire-i Molova
قلعۀ مولوه,Molova/Kale-i Molova
موليوه,Molova/Molive
ملوچ,Moluç
موناستراكى,Monastraki
موندوز,Mondoz
موندروس,Mondros
موندروز,Mondros/Mondroz
مودروس,Mondros/Mudros
مونى,Moni
منلا جمعه,Monlacuma
منوشتور,Monoştor
مونوشتور,Monoştor
مناستر,Monoştor/Manastır
موره,Mora
موره,Mora
موُرَه,Mora
محصللق موره مع محافظلق انابولى,Mora (Muhassıllık-ı Mora) maa Muhafızlık-ı Anabolu
محصللق موره مع محافظلق قلعۀ انابولى,Mora (Muhassıllık-ı Mora) maa Muhafızlık-ı Kale-i Anabolu
موره اداس,Mora Adası
جزيرۀموره,Mora/Cezire-i Mora
جزيرۀ موره,Mora/Cezire-i Mora
مورق,Morak
موره لى,Moralı
موراوه,Morava
موروه,Morava
موروا,Morava
موراوه مع پرشتنه,Morava maa Priştine
موراوۀ بالا,Morava-i Bala
موروۀ رودنيك,Morava-i Rudnik
موروه رودنيك,Morava-i Rudnik
موره وه رودنيك,Morava-i Rudnik
موراوه رودنيك,Morava-i Rudnik
موروه,Morava-i Rudnik/Morava
رودنيك,Morava-i Rudnik/Rudnik
رودنيق,Morava-i Rudnik/Rudnik
وارونيك,Morava-i Rudnik/Rudnik (Varunik)
واروش رودنيك,Morava-i Rudnik/Varoş-ı Rudnik
موراوۀ زير,Morava-i Zir
موراوى,Morava/Moravi
مورويچه,Morava/Moroviçe
موراويچه,Moraviçe
مور طوغان,Mordoğan
مرضغان,Mordoğan/Murdigan
مرزغان,Mordoğan/Murzigan
موريخوه,Morihova
موريحوه,Morihova
مورحوه,Morihova
موريس,Moris
مورونك,Moronik
مورويك,Morovik
مرويك,Morovik
موره نك,Morovik/Moranik
موراويك,Morovik/Moravik
مورونك,Morovik/Moronik
مورونيك,Morovik/Moronik
موسقو,Mosko
موسقه,Mosko/Moska
موسقونيسى,Mosko/Moskonisi
موسقوپولو,Mosko/Moskopolo
پده موسقو,Mosko/Pedemosko
پره موسقو,Mosko/Premosko
مسقو,Moskov
موسلاوينه,Moslavine
موي اسلاوينه,Moslavine/Movislavine
مويسلاوينه,Moslavine/Movislavine
موستار,Mostar
مصتار,Mostar
موصتار,Mostar
نفس موستار,Mostar merkez
موستار و ناحيۀ غبله,Mostar ve Nahiye-i Gabele
بروكنه,Mostar/Brokine
مصتار,Mostar/Köprühisar
بازار موستار,Mostar/Pazar-ı Mostar
بازار موصتار,Mostar/Pazar-ı Mostar
پروكنه,Mostar/Prokine
موش,Moş
موشتل,Moştel
موطيچنه,Motiçine
موتيچنه,Motiçine
موتچنه ريقه,Motiçine/Motiçine Rika
متون,Moton
موتون,Moton
متون اده لرى,Moton Adaları
قلعۀ متون,Moton/Kale-i Moton
مويقواج,Moykovaç
مردلك,Mördülük
موريك,Mörik
مرقو,Mrako
مرقوولر اوته يقا,Mrakovlar-ı Öteyaka
معلقه,Muallaka
معارض,Muarız
مغرس,Muarız
معارض اطه لرى,Muarız Adaları
معارض,Muarız/Saroz
ساروز,Muarız/Saroz
موجور,Mucur
مجور,Mucur
مجوه,Mucur/Mucuh
موجي بابا,Muçibaba
موچى بابا,Muçibaba
مدانيه,Mudanya
ناحيه مع  مدانيه,Mudanya maa Nahiye/Nahiye maa Mudanya
مضيق,Mudık
قلعۀ مضيق,Mudık/Kale-i Mudık
مضيق قلعه,Mudık/Mudıkkale
قومى,Mudros/Komi
مدرنى,Mudurnu
مودرنى,Mudurnu
مدورنى,Mudurnu
مدرنى چهارشنبه,Mudurnu Çarşamba
چهارشنبه,Mudurnu Çarşamba/Çarşamba
چارشانبا,Mudurnu Çarşamba/Çarşamba
مغانجق,Mugancık
موغله,Muğla
مغله,Muğla
مغله بوزاويوك,Muğla Bozöyük
بوزاويوك,Muğla Bozöyük (Bozöyük)/Menteşe
بوزاويوك,Muğla Bozöyük/Bozöyük
بوز اويوك,Muğla Bozöyük/Bozöyük
بوز ايوك,Muğla Bozöyük/Bozöyük
بوز يوك,Muğla Bozöyük/Bozöyük
بوز اويك,Muğla Bozöyük/Bozöyük
بوزاويك,Muğla Bozöyük/Bozöyük
بوزايوك,Muğla Bozöyük/Bozöyük
نفس موغله,Muğla merkez
نفس مغله,Muğla merkez
مخا,Muha
مُخا,Muha
مهاجرين,Muhacirin
مهاجرين مسعوديه,Muhacirin-i Mesudiye
محمليه,Muhammeliye
ام الحمايل,Muhammeliye/Ümmülhamayil
محمره,Muhammere
محرق,Muharrak
محاوراق,Muharrak/Muhaverak
موحسن,Muhasan
محيرجه,Muhayrice
موهى,Muhi
محران,Muhran
مخران,Muhran
محتسب,Muhtesib
موخندى,Muhundu
مخش,Muhuş
مژاكه,Mujake
مژاكيه,Mujake
مژاكيه,Mujake/Mujakiye
مزاكيه,Mujake/Mujakiye
مزاكيه,Mujake/Muzakiye
مزاكيۀ كبير,Mujake/Muzakiye-i Kebir
مزكيه,Mujake/Müzakiye
رث مزاكيه,Mujake/Rismuzakiye
موعلاب,Mulab (?)
منيطره,Munaytıra
مونجوسون,Muncusun
موندوس,Mundos
مونظور,Munzur
موزور,Munzur/Muzur
مو زور,Munzur/Muzur
موراي صونباتهل,Mura-yı Sonbathel
مرابطين,Murabıtayn
مراديه,Muradiye
اردو,Muradiye/Ordu
اوردى,Muradiye/Ordu
مراد قولى,Muradkulu
مرادلى,Muradlı
مرأتلى,Muradlı/Muratlı
مراد صويي,Muradsuyu
موراق,Murak
مره,Murak/Merre
موراقه,Murak/Muraka
موران,Muran
قلعۀ موران,Muran/Kale-i Muran
مرأت,Murat
مورش,Mureş
موريش,Mureş/Muriş
موروش,Mureş/Muroş
مورغول,Murgul
مورنس,Murnis
مورسى,Murosi
مورت,Murt
مورطنه,Murtana
آق صو,Murtana/Aksu
مورطنه,Murtana/Aşiret-i Kürd
كورد,Murtana/Kürd
مورطنه,Murtana/Kürdaşireti
كورت,Murtana/Kürt
مرتار,Murtar
مرتاضى اباد,Murtazaabad
مرتضى اباد,Murtazaabad
مرتضى آباد,Murtazaabad
مرتضى آباد,Murtazaabad
مرتضى آباد,Murtazaabad
مرتضى اباد مع ناحيۀ استانوس,Murtazaabad maa Nahiye-i İstanos
مرتد اوا,Murtazaabad/Mürtedova
مورتو,Murto
مرزوق,Murzuk
مرزق,Murzuk
موس بكلو,Musabeyli
موسبكلو,Musabeyli
موسى بكلى,Musabeyli
موسى بكلو,Musabeyli
موسا بگلو,Musabeyli/Musabeğlü
مُسَلّطه,Musallata
مسلّطه,Musallata
موسلو,Muslu
مو سيلي,Muslu/Musılı
موصلق,Musluk
موسمارى,Musmari
ام سماري,Musmari/Ümm-i Simari
مصطفي بك,Mustafabey
مصطفى چلبى,Mustafaçelebi/Onos
مصطفالى,Mustafalı
مصطفى پاشا,Mustafapaşa
مصطفى پاشا,Mustafapaşa
جسر مصطفى پاشا,Mustafapaşa/Cisr-i  Mustafapaşa
جسر مصطفى پاشا,Mustafapaşa/Cisr-i Mustafapaşa
مصطفى صوفيلر,Mustafasofular
موصل,Musul
مُوصُل,Musul
موصل و نواحئ شيك و باجوان و بوط و مقلوب و كيگلان و قائدى و دنادى و مندان و حمام على,Musul maa nevahi-i Şiyik ve Bacıvan ve But ve Maklub ve Giglan ve Kaidi ve Dinadi ve Mindan ve Hammam-ı Ali
نفس موصل,Musul merkez
موصل عتيق و جديد,Musul-ı Atik ve Cedid
موصل عتيق و جديد,Musul-i Atik ve Cedid
موصون,Musun
موش,Muş
موش مع موطلو و خيطه و ابتر,Muş maa Mutki (Mutlu) Hayta (?) ve Ester (?) (Ebter)
نفس موش,Muş merkez
مشار,Muşar
هيوك,Muşar/Höyük
موشار,Muşar/Höyük
موط,Mut
موت,Mut
مود مع سنانلى,Mut (Mud) maa Sinanlı
مود و سنانلو,Mut (Mud) ve Sinanlı
مود,Mut/Mud
موطكى,Mutki
موطكى,Mutki/Korsuvak
كورسواك,Mutki/Korsuvak
موطاكى,Mutki/Mutaki
موطيكى,Mutki/Mutıki
موطيكى,Mutki/Mutıki
نفس موطيكى,Mutki/Mutıki merkez
موطلى,Mutki/Mutlu
موطمور,Mutmur
مطمور,Mutmur
مويا,Muya
كوجك ژوره,Muya/Küçükjura
ذوره,Muya/Zura
موزع,Muza
مزيرعه,Muzayraa
مزيرعه,Muzayraa
مزرعه,Muzayraa/Mezraa
مبارك كرمان,Mübarekkirman
مبرز,Müberrez
مبررز,Müberrez
مجيد,Mücid
مدور,Müdür
مكس,Müküs
بكس,Müküs/Büküs
مَكَس,Müküs/Mekes
مكس,Müküs/Müks
مليحه,Müleyha
ملك شهسوار,Mülkşehsuvar
منيقه,Müneyka
مُنَيْقَه,Müneyka
منيقه,Müneyka
مُنَيْقَه,Müneyka/Saramita
منيقه,Müneyka/Saramita
منتفك,Müntefik
منتفق,Müntefik
نفس نا صريه,Müntefik (Nasıriye) merkez
منتفك,Müntefik/Nasıriye
نا صريه,Müntefik/Nasıriye
مرفته,Mürefte
مرفته,Mürefte
مرفته,Mürefte
نفس مرفته,Mürefte merkez
مرس قولى,Mürskulu
مُرْسقُولي,Mürskulu
مرتد,Mürted
مسلمان ايدين,Müselleman-ı Aydın
مسلمان ايدين و صاروخان وقراسى و منتشا و سلطان اوكى و حداوندكار,Müselleman-ı Aydın ve Saruhan ve Karesi (Karasi) ve Menteşe ve Sultanönü ve Hüdavendigar
مسلمان ايدين و صاروخان و منتشا و قره سي و بيغا و حداوندكار و قوجه ايلي و سلطان اوكي,Müselleman-ı Aydın ve Saruhan ve Menteşe ve Karesi ve Biga ve Hüdavendigar ve Kocaeli ve Sultanönü
مسلمان بولى,Müselleman-ı Bolu
مسلمان بولي و قسطموني و انقره و كانقري,Müselleman-ı Bolu ve Kastamonu ve Ankara ve Kengırı
مسلمان بولى و قسطمونى و انقره و كانقرى,Müselleman-ı Bolu ve Kastamonu ve Ankara ve Kengırı (Kankırı)
مسلمان قرق كليسا,Müselleman-ı Kırkkilise
مسلمان قزلجه,Müselleman-ı Kızılca
مسلمان قزيلجه,Müselleman-ı Kızılca
قزلجه,Müselleman-ı Kızılca/Kızılca
قزيلجه,Müselleman-ı Kızılca/Kızılca
مسلمان كوتاهيه,Müselleman-ı Kütahya
مسلمان كوتاهيه و قره حصار و حميد,Müselleman-ı Kütahya ve Karahisar-ı Sahib (Karahisar) ve Hamid
مسلمان كوتاهيه و قره حصار صاحب و حميد,Müselleman-ı Kütahya ve Karahisar-ı Sahib ve Hamid
مسلمان تكه و علائيه,Müselleman-ı Teke ve Alaiye
مسلمان تكه و منوغات,Müselleman-ı Teke ve Manavgat
مسمّعيه,Müsemmaiye (?)
قلعۀ مسمّعيه,Müsemmaiye/Kale-i Müsemmaiye (?)
مسيفره,Müseyfere
ميفره,Müseyfere/Meyfere
مسيب,Müseyyib
مُسَيّبْ,Müseyyib
مستجاب,Müstecab
مستجب,Müstecab
اووه مستجب,Müstecab/Ova-i Müstecab
مسترلمه,Müsterlime
مشيرات,Müşeyrat
مزاحمتين مع سالمتين,Müzahimeteyn ve Salimeteyn
مزيريب,Müzeyrib
ناباجر,Nabacir
نابوجير,Nabacir/Nabucir
نابلس,Nablus
نابلوس,Nablus
نابلس,Nablus
نابلس مع جنين,Nablus maa Cenin
نفس نابلس,Nablus merkez
نابلس و صفد,Nablus ve Safed
نابيوه فرور,Nabyuh Ferur
ناجه,Nace
نداژد,Nadajd
ناداژ,Nadajd/Nadaj
نداژ,Nadajd/Nadaj
ناداز,Nadajd/Nadaz
ناداودوار,Nadavdavar
نادين,Nadin
نادين,Nadin
ناذين,Nadin/Nazin
نادر,Nadir
نادره,Nadire
نادرلو,Nadirli
نادرلو,Nadirli
ناك باطور,Nagibator
ناك طور,Nagibator/Nagitor
ناك فالوه,Nagifalva
ناك حارشان,Nagiharşan
ناك هداش,Nagihedaş
ناك هيچ,Nagihiç
ناك قالوه,Nagikallova
ناك قارول حايدوساق,Nagikarol-i Haydusak
ناك ماكوق,Nagimagok
ناك اروس فالو,Nagiorosfalu
ناك اوروس فالو,Nagiorosfalu
ناك اوروس فالونه,Nagiorosfalu/Nagorosfaluna
ناك شارلو,Nagişarlo
ناڭ شارلو,Nagişarlo
ناك طاليه,Nagitalya
ناك طوبوجان,Nagitopocan
ناك طوبوچان,Nagitopoçan
ناك طوبوجان,Nagitopoçan/Nagtopocan
ناك طورنه,Nagiturna
ناك وك,Nagivek
ناغلو,Nağlu
اناغلو,Nağlu/İnağlu
ياغلو,Nağlu/Yağlı
نغره,Nağra
ناحه لك,Nahalek
نهيلج,Nahalek/Nahilic
ناهلچ,Nahalek/Nahilic
نحجوان,Nahcıvan
نخيله,Nahile
نَخِيلَه,Nahile
نَخُيلَه,Nahile
بَخِيله,Nahile/Bahile
ناحيۀ وادى,Nahiye-i Vadi
ناحيۀ زير و بالا و عشيرت حجيانلو انقره,Nahiye-i Zir ve Bala ve Aşiret-i Hacıyanlı-i  Ankara
نخل,Nahl
نخلين,Nahleyn
ناخزير,Nahzır
نائب,Naib
نائبلو,Naibli
نائبلى,Naibli
نائبلو مع سيس اورته,Naibli maa Sisorta
نايبلو,Naibli/Nayibli
نقيب الاشرافلق,Nakibüleşraflık
نقول,Nakol
ناقشه,Nakşa
نقشه,Nakşa
نقشا,Nakşa
نَقْشه,Nakşa
نقشه و برّه,Nakşa ve Barre
نَقْشه بره,Nakşa ve Barre/Nakşa-Barre
نقشه برّه,Nakşa ve Barre/Nakşa-Barre
نقشه بره,Nakşa ve Barre/Nakşa-Barre
نقشه باره,Nakşa ve Barre/Nakşa-Barre
نقشه بارّه,Nakşa ve Barre/Nakşa-Barre
قلعۀ نقشه,Nakşa/Kale-i Nakşa
ناقسو,Nakşa/Nakso
نقشه,Nakşa/Nakso
ناقسوس,Nakşa/Naksos
نقشوس,Nakşa/Nakşos
نعلبند,Nalband
نالكز,Nalgez
نعللو,Nallı
نعللو عشيرتى,Nallı/Nallu Aşireti
نعللو خان,Nallıhan
نعللوخان,Nallıhan
نالوت,Nalut
نامان,Naman
نماران,Naman/Namaran
نمازكاه,Namazgah
نمران,Namran
نمرون,Namrun
نامرون,Namrun
نمرون,Namrun
ناناس,Nanas
نار,Nar
نارده,Narda
نارده,Narda
نارده دكزي,Narda Denizi
نارده مع حواص عايشه سلطان,Narda maa Havass-ı Ayşe Sultan
نارته مع خاص,Narda maa Havass-ı Ayşe Sultan/Narta maa Has
نارده مع نواحى,Narda maa Nevahi
نارهد,Narhid
نارهيد,Narhid
كارهيد,Narhid/Karhid
ناريك,Narik
نصارا,Nasara
ناصره,Nasıra
ناصرى,Nasıra
ناصره,Nasıra
ناصره و شفاعمر,Nasıra ve Şifaamr
نصيرالدين بجاغى,Nasırüddinbucağı
نصيب,Nasib
ناسليج,Nasliç
ناسلج,Nasliç
ناسليچ,Nasliç
نفس ناسليج,Nasliç merkez
ناسيليج,Nasliç/Nasiliç
ناشجقى,Naşicka
ناشچقه مع ازغون,Naşicka (Naşiçka) maa Izgon
ناشچقه,Naşicka/Naşiçka
ناشيچقه,Naşicka/Naşiçka
ناتا,Nata
ناطه,Nata
ناتيه,Natiye
ناؤسا,Nausa
نوامه (؟),Navama (?)
ناوسه,Navise
نازك,Nazik
نازللى,Nazilli
نازلو,Nazilli
نازللى قيوجق,Nazilli Kuyucak
قيوجق,Nazilli Kuyucak/Kuyucak
نفس نازللى,Nazilli merkez
كستل,Nazilli/Kestel
نازللو,Nazilli/Kestel
نَضْرين,Nazrin
نَضْرِين مع توابع,Nazrin maa Tevabi
نعم,Neam
نبك,Nebek
نبك,Nebek
نبروه,Neberuh
نَبْرُوه,Neberuh/Nebruh
نجف,Necef
نجف,Necef
مشهد على,Necef/Meşhed-i Ali
مشهد شريف,Necef/Meşhed-i Şerif
مشهد شريف حضرت امام على,Necef/Meşhed-i Şerif-i Hazret-i İmam Ali
نجف اشرف,Necef/Necef-i Eşref
نجفِ اشرف,Necef/Necef-i Eşref
نجد,Necid
نجد,Necid
نجد عربانى,Necid Urbanı
نجران,Necran
نجواى,Necvay
نجوى,Necvay
نجوا,Necvay/Necva
نچون,Neçven
واروش قلعۀ نچون,Neçven/Varoş-ı Kale-i Neçven
نهيلى,Nehili
نهم,Nehm
نهرالمه,Nehr-i Alma
نهر عنتر,Nehr-i Anter
نهر بشترك,Nehr-i Beşterek
نهر جديد شريف سلطان سليمان,Nehr-i Cedid-i Şerif-i Sultan Süleyman
نهر قبارطى,Nehr-i Kabartay
قبارطى,Nehr-i Kabartay/Kabartay
تات ايلى,Nehr-i Kabartay/Tatili
نهر شاه,Nehr-i Şah
نهر طاشلى,Nehr-i Taşlı
نهر تيسه,Nehr-i Tisa
نهر زاويه,Nehr-i Zaviye
زاويه,Nehr-i Zaviye/Zaviye
زويه,Nehr-i Zaviye/Zaviye
نَهْرَوان,Nehrevan
نهرى,Nehri
نهرى,Nehri/Nera
نهرالجوز,Nehrülcevz
نهر الاسود,Nehrülesved
نهر الكاظميه,Nehrülkazımiye
نهر الكبير,Nehrülkebir
نهر الكب,Nehrülkelb
نهر الكلب,Nehrülkelb
نهر المنقطع,Nehrülmunkatı
نمچه,Nemçe
نمجه,Nemçe
نلچه,Nemçe (Nelçe )
نفس نمچه,Nemçe merkez
نمچه ولايتي,Nemçe Vilayeti
قلعۀ نمچه,Nemçe/Kale-i Nemçe
نمتين,Nemetin
نمتن,Nemetin
نمرود,Nemrud
نناوشته,Nenavişte
ننته,Nenite
ننيته,Nenite
نره,Nera
نه را,Nera
نرا,Nera
نه دا,Nera/Neda
نرادين,Neradin
نه رتوه,Neretva
نرتوه,Neretva
نرتوه مع  قونيچه,Neretva maa Koniçe
نركله,Nergele
نركه له,Nergele
نركس,Nergis
نريب,Nerib
نريمان,Neriman
نرونيسى,Neronisi
نرونيس,Neronisi/Neronis
نه رونيزى,Neronisi/Neronizi
نرونيزى,Neronisi/Neronizi
نيرونيسى,Neronisi/Nironisi
نسترام,Nestram
نشنود,Neşnud
نشنوط,Neşnud
نشوه,Neşve
نوا,Neva
نوى,Neva
جيدور,Neva/Cidur
جدور / الجدور,Neva/Cidur
نواحئ بارچنلو,Nevahi-i Barçınlı
نواحئ بارچينلو,Nevahi-i Barçınlı
نواحئ بارچنلى,Nevahi-i Barçınlı
نواحئ بارچينلى,Nevahi-i Barçınlı
نواحى بارجنلو,Nevahi-i Barçınlı
نواحئ بارچين,Nevahi-i Barçınlı/Nevahi-i Barçın
وزيرخانى,Nevahi-i Barçınlı/Vezirhanı
نواحئ برغمه,Nevahi-i Bergama
نواحى برغمه,Nevahi-i Bergama
نواحئ اربعه,Nevahi-i Erbaa
نواحئ ارمناك,Nevahi-i Ermenek
آرمناك,Nevahi-i Ermenek (Armanak)/Nevahi
نواحى,Nevahi-i Ermenek/Nevahi
نواحئ فيوم,Nevahi-i Feyyum
ن واحئ فَيُّوم,Nevahi-i Feyyum
نواحئ خمسه,Nevahi-i Hamse
نواحئ نابلس,Nevahi-i Nablus
نواحئ پاولى,Nevahi-i Pavlu
نواحئ يانبولى,Nevahi-i Yanbolu
نواحئ  يانبولى,Nevahi-i Yanbolu
نواحى يانبولى,Nevahi-i Yanbolu
نواصره,Nevasıra
نواصره مع قرداحا,Nevasıra maa Kardaha
نواصره مع  قرداحه,Nevasıra maa Kardaha
نوسقه,Nevaska
نوه سنه,Nevesine
نوه سينه,Nevesine
نوه سين و تتمۀ فوچه,Nevesine (Nevesin) ve Tetimme-i Foça
نوه سين,Nevesine/Nevesin
نوه سن,Nevesine/Nevesin
بازار صوپوت,Nevesine/Pazar-ı Sopot
نوره قوب,Nevrekob
نور قوب,Nevrekob
نورقوب,Nevrekob
نوره قوم,Nevrekob/Nevrekom
نوروقوب,Nevrekob/Nevrokob
نوشهر,Nevşehir
نو شهر,Nevşehir
نوشهر مع اركوب,Nevşehir maa Ürgüb
نوشهر مع اوركوب,Nevşehir maa Ürgüb
نوشهرى,Nevşehir/Nevşehri
نوتيلاز,Nevtilaz
نزكيب,Nezgib
نيف,Nif
كمال پاشا,Nif/Kemalpaşa
نغوقاز,Nigokaz
نكريطه,Nigrita
نيكريتا,Nigrita
نيكريطه,Nigrita
نكريته,Nigrita
نيكبولى,Niğbolu
نيگبولى,Niğbolu
نيكبولي,Niğbolu
نكبولى,Niğbolu
نيكده,Niğde
نيگده,Niğde
نكده,Niğde
نفس نيكده,Niğde merkez
نهاوند,Nihavend
نيكشان,Nikişan
نكيه,Nikiye
نيكا,Nikiye/Nika
نيكلى,Nikli
نقوديم,Nikodim
نيقوديم,Nikodim
نيغوتين,Nikodim/Nigotin
نيقولائوس,Nikolaos
نيكسار,Niksar
نكسار,Niksar
لاديق,Niksar Ladik/Ladik
لا ديق,Niksar Ladik/Ladik
نيكسار لاديق,Niksar Ladik/Ladik
نيكسا,Niksar/Niksa
نيقسيج,Niksiç
نكشيك,Nikşik
نقشيك,Nikşik
نقشك,Nikşik
غرادچانيچه,Nikşik (Nikşikler)/Gradçaniçe
تفشنيك,Nikşik (Tefeşnik)/Onogoşta
نكشك,Nikşik/Gradçaniçe
غراچانچه,Nikşik/Gradçaniçe (Graçaniçe)
نكشكلر,Nikşik/Nikşikler
نقشينك,Nikşik/Nikşinik
اونوغوشته,Nikşik/Onogoşta
اونوغوشت,Nikşik/Onogoşta (Onogoşt)
نيكوريا,Nikuriya
نكزوان,Nikzevan
نيل,Nil
تيل طاوى,Nil (Tiltavi (?))
نيل صوىي,Nil Suyu
نعلين,Nilin
نلقاز,Nilkaz
نيلوفر,Nilüfer
نيمبروس,Nimbros
نبروز,Nimbros/Nibroz
نعمت بانه ناكه,Nimet Bananagi
نعمت باقه ناكه,Nimet Bananagi
نيمت سودين,Nimet Svodin
نعمت سودين,Nimet Svodin
نيموس,Nimos
نه موس,Nimos/Nemos
نيپورى,Nipori
نيروه,Nirve
نروه,Nirve
نيس,Nis
نيساقى,Nisakı
نسى پوله,Nisipole
نيسومى,Nisomi
نيش,Niş
نش,Niş
نيش,Niş maa İsferlik
نشاوه,Nişava
نتره,Nitra
نيو,Niv
نفس نيو,Niv merkez
نويجه,Nivice
نيابت فرموده,Niyabet-i Fermude
نيابت كاريش احتيار,Niyabet-i Gariş İhtiyar
نيالسقور,Niyaliskur
نيامج مع پياتره,Niyamiç maa Piyatra
نياندرو,Niyandoro
نياندورو,Niyandoro
نيو,Niyo
اينوز,Niyo/İnöz
اينوز,Niyo/İnöz
اينيوز,Niyo/İnyöz
نيوس,Niyo/Niyos
نيونه,Niyona
نيونا,Niyona
نزار,Nizar
نزيب,Nizib
نزب,Nizib
نيزيب مع بايشته,Nizib maa Barişa (Bayişte)
تبرين,Nizib/Tebrin
نوكاي,Nogay (?)
نوكريچه,Nogoriçe
نحودلى,Nohudlu
نورا,Nora
نوردوز,Norduz
نوردوز مع شيوه له,Norduz maa Şivelan (Şivele)
معمورة الرشاد,Norduz/Mamuretürreşad
نوردوز,Norduz/Mamuretürreşad
نوردوز,Norduz/Şivelan
نوركاه,Norgah
نوركوح,Norkoh
نوركوخ,Norkoh
نوطيه,Notiye
نوُوْسوُندْلاَند,Nov Sondland
نووه,Nova
نوه,Nova
بقيه نوه مع دربند كبير,Nova (Bakiye-i Nova) maa Derbend-i Kebir
نوه برده,Novabırda
نوابرده,Novabırda
نوابرى,Novabırda
نوا برده,Novabırda
نوه برده,Novabırda/Gilan
نوابرى,Novabırda/Novabrı
نوه بورده,Novabırda/Novaburda
نواج,Novaç (?)
نوه سلقه,Novaselka
نوه سل,Novasil
نوسل,Novasil
نوه سيل,Novasil
نوه سل مع  كلوچ,Novasil maa  Kluç
نوآباد,Novasil/Nevabad
نوآباد,Novasil/Nevabad
نوه شناوه,Novaşinava
نوى,Novi
نوى بلغراد [و] واچ,Novi Belgrad [ve] Vaç
واروش قلعۀ نفس نوى,Novi Kalesi Varoşu
قلعۀ نوى,Novi/Kale-i Novi
نوى غراد,Novigrad
نويغراد,Novigrad
نُوِيغرَادْ,Novigrad
نوغراد,Novigrad
نوي غراد,Novigrad
نوغراد,Novigrad/Novgrad
نوي اغراد,Novigrad/Novi Agrad
نُوى بلْغراد,Novigrad/Novibelgrad
نوين,Novin
نووين,Novin
نوين,Novin
نوى,Novin/Novi
نووى,Novin/Novi
نقرۀ بنى اسد,Nukra-i Beniesed
نعمان,Numan
نعمانيه,Numaniye
نورالدين,Nureddin
نور الدين,Nureddin
نورحق,Nurhak
نورحق و چوماق بازارى,Nurhak ve Çomakpazarı
نورحق و چوماق بازارى و نركله,Nurhak ve Çomakpazarı ve Nergele
نصيبين,Nusaybin
نصايبين,Nusaybin
نصيبن,Nusaybin
نصبين,Nusaybin
نفس نصايبين,Nusaybin merkez
نصبن,Nusaybin/Nısıbin
نصبين,Nusaybin/Nısıbin
نصرتيه,Nusretiye
نصرت كرمان,Nusretkirman
نوطياق,Nutyak
نوتياق,Nutyak
نودياق,Nutyak/Nudyak
نكوجك,Nügücük
نوكوجك,Nügücük
نوكوچك,Nügücük
اوبا بازارى,Obapazarı
اوبه بازارى,Obapazarı
اوبا,Obapazarı/Oba
اوبچه,Obiçe
بازار اوبيچه,Obiçe/Pazar-ı Obiçe
اوبورجان,Oborçan
اوبورچان,Oborçan
ابوط,Obot
اوبروجه,Obrovçe
اوبروچه,Obrovçe
ابروجۀ عتيق,Obrovçe-i Atik
اوبروجۀ عتيق,Obrovçe-i Atik
اوبروجۀ عتيق وجديد,Obrovçe-i Atik ve Cedid
واروش اوبروجۀ عتيق,Obrovçe-i Atik/Varoş-ı Obrovçe-i Atik
اوبروچۀ جديد,Obrovçe-i Cedid
اوبروجۀ جديد,Obrovçe-i Cedid
اوبروجۀ جديد و عتيق,Obrovçe-i Cedid ve Atik
قلعۀ اوبروجۀ جديد وعتيق,Obrovçe-i Cedid ve Atik/Kale-i Obrovçe-i Cedid ve Atik
قلعۀ اوپروچۀ جديد وعتيق,Obrovçe-i Cedid ve Atik/Kale-i Obrovçe-i Cedid ve Atik
اوبروفجه,Obrovçe/Obrofça
اوبروج,Obrovçe/Obrovac
اوبرواج,Obrovçe/Obrovaç
واروش اوبروجه,Obrovçe/Varoş-ı Obrovçe
اوبودوار,Obudavar
اوبودوواچ,Obudovaç
اوبياست,Obyast
اوبيست,Obyast
اوف,Of
اوفچه,Ofça
اوفريس,Ofris
اوكوست,Ogüst
اوغلاق,Oğlak
اوغلاق,Oğlak/Sentcorciyo
اوغنويد,Oğnavid
اوغنوط,Oğnut
كوينك,Oğnut/Göynük
گوينكلر,Oğnut/Göynükler
كوينكلر,Oğnut/Göynükler
كوينكلر,Oğnut/Göynükler (?)
اوغوز,Oğuz
اوخى,Ohi
اوحى,Ohi
اوهود,Ohod
اخرى,Ohri
اوخرى,Ohri
اوخرى,Ohri
اوحرى,Ohri
اوخري,Ohri
اوُخْرى,Ohri
اوحري,Ohri
اوخرى مع اسباط,Ohri maa İşpat (İsbat)
نفس اوخرى,Ohri merkez
كول اوحرى,Ohri/Göl-i Ohri
اوخرى,Ohri/Ohrida
اوخطاب,Ohtab
اوحتورم,Ohtorum
اوقام,Okam
اوقبانت,Okbanet
اوقچى ايلى,Okçuili
اوكندره,Okendira
اوشاندر,Okendira/Oşandar
اوقسا,Oksa
اوقسيا,Oksiya
بيگ دمور,Oksiya/Beydemür
اوقشا,Oksiya/Okşa
اوقتونيا,Oktonya
اوقطونيا,Oktonya
بكجى اطه لرى,Oktonya/Bekçi Adaları
اوقيانوس,Okyanus
اووتدير,Okyanus/Ovitdir
اوليمپ,Olimp/Trodos
اوليمپوس,Olimpos
المبوس,Olimpos
اوليور,Olivir
اوليوره,Olivir (Olivire)/Karacaovası
اوليوره,Olivir/Olivire
اولوپتري,Olopetri
اولوه,Olova
اولوه مع برچه,Olova maa Birçe
اولوه و كنزين و برچه,Olova ve Knezin ve Birçe
اولوفجه,Olova/Olofça
بازار اولوفجه,Olova/Pazar-ı Olofça
واروش بازار الووه,Olova/Varoş-ı Pazar-ı Olova
اولپر,Olpar
اولتانيچه,Oltaniçe
اولتو,Olto
اولتى,Oltu
اولتي,Oltu
اولطى,Oltu
اولتى مع مباورى,Oltu maa Mapavri
اولور,Olur/Tavusker
اومول,Omol
امول,Omol
امورفو,Omorfo
اُموُرْفو,Omorfo
اومورفو,Omorfo
اومورفه,Omorfo
مورفو,Omorfo/Morfo
اومور,Omorfo/Omor
امورف,Omorfo/Omorf
امورفه,Omorfo/Omorfa
اومورفه,Omorfo/Omorfa
اومورفه,Omorfo/Omorfa
امورفي,Omorfo/Omorfi
اومورغه,Omorfo/Omorga
اونود,Onod
اوپار,Opar
اوپر,Opar
اوبار,Opar
اوپاروپترمژاك,Opar ve Petremjak
كوريجه اوپار,Opar/Görice Opar
اپوليه,Opolye
اوپوليه,Opolye
اوبوله,Opolye/Opole
اوبونجه,Oponiçe/Apon
اور,Or
فرحكرمان,Or
اور,Or
فرحكرمان,Or/Ferahkirman
شاه كرمان,Or/Şahkirman
اوراحوه,Orahova
اوراحويچه,Orahoviçe
اوراحويجه,Orahoviçe
اورحويجه,Orahoviçe
اوراهويچه,Orahoviçe
راحويچه,Orahoviçe/Rahoviçe
اوراق,Orak
اوراق,Orak
اوراق اوغلى,Orakoğlu
قبيلۀ اوراق اوغلى,Orakoğlu/Kabile-i Orakoğlu
اورامار,Oramar
اورمان دوسكى جلوى عليا و سفلا,"Oramar (Orman), Doski, Cilo-yı Ulya ve Süfla"
اورمار و دوسكى,"Oramar ve Doski/Cilo-i Ulya
Cilo-i Süfla"
اورمارى,Oramar/Oramari
اوران,Oran
اوراشيه,Oraşye
اوره و,Orav
اورچول,Orçul
اورچول كماح,Orçul/Orçul-ı Kemah
اردو,Ordu
اوردو,Ordu
اوردى,Ordu
اردو مع بيراملو و بولانجق,Ordu maa Bayramlı ve Akköy (Bulancak)
نفس اوردى,Ordu merkez
اولو بگ و ابو الخير مع نواحئ پنجشنبه و بوجان و يعقوب بگ,Ordu Ulubey Ebulhayr maa Nevahi-i Perşenbe  ve Bucak ve Yakubbey/Ulubey ve Ebulhayr maa Nevahi-i Pençşenbe ve Bucan ve Yakubbey
اولوبك  مع  حبسمانه,Ordu Ulubey maa Habsamana/Ulubey maa Habsamana
اولوبك مع  حبسمانه,Ordu Ulubey maa Habsamana/Ulubey maa Habsamana
اولوبك مع  حپسمانه,Ordu Ulubey maa Habsamana/Ulubey maa Hapsamana
اولو بك مع اوزغره,Ordu Ulubey maa Oskara/Ulubey maa Ozgara
اولو بك,Ordu Ulubey/Ulubey
اولوبك,Ordu Ulubey/Ulubey
الوبك,Ordu Ulubey/Ulubey
اولوبيك,Ordu Ulubey/Ulubey
اردوى بيراملو,Ordu-yı Bayramlı
اردوى همايون,Ordu-yı Hümayun
بيراملو,Ordu/Bayramlı
اردو,Ordu/Bayramlı
بوجاق,Ordu/Bucak
بجاق,Ordu/Bucak
جانيك بيرام,Ordu/Canik-i Bayram
جانيت بيرام,Ordu/Canit-i Bayram
جانيت بيراملى,Ordu/Canit-i Bayramlı
اردو بيراملى,Ordu/Ordu Bayramlı
اردوى بيراملو,Ordu/Ordu-yı Bayramlı
اردو بيراملى,Ordu/Ordu-yı Bayramlı
اوردى بايراملو,Ordu/Ordu-yı Bayramlı
اوردوباد,Ordubad
اوردباد,Ordubad
اوردووار,Ordubad/Orduvar
اورفانو,Orfano
اورفان,Orfano/Orfan
روفانى,Orfano/Rofani
اوركان,Organ (?)
اورخانيه,Orhaniye
سامونجيوو,Orhaniye/Samonciyevo
اورخانلر,Orhanlar
اورلاوه,Orlava
اورلاوسقه,Orlaviska
اورمان,Orman
اورمانه,Ormana
اوروش,Oroş
اوروش,Oroş
اوروز,Oroz
اورته,Orta
اورته جه,Ortaca
اورته چونقار,Ortaçongar/Ortaçonkar
اورته چونغار,Ortaçongar/Ortaçonkar
اورطه جونغر,Ortaçongar/Ortaçonkar
اورته چونغر,Ortaçongar/Ortaçonkar
اورته جونغر,Ortaçongar/Ortaçonkar
اورته ايل,Ortail
اورته ايل كماخ,Ortail/Ortail-i Kemah
اورته ايل كماح,Ortail/Ortail-i Kemah
اورتا قيه (؟),Ortakaya (?)
اورتاقجى,Ortakçı
او رتاقجى,Ortakçı/Kuyucak
اورتاقجى,Ortakçı/Kuyucak
قيوجق,Ortakçı/Kuyucak
اورته كرش,Ortakerş
اورته كرج,Ortakerş/Ortakerç
اورتاقلر,Ortaklar
اورته قول,Ortakol
اورته كوى,Ortaköy
اورتا كوى,Ortaköy
اورته پاره,Ortaköy/Ortapare
اورته پاره و يوزده پاره,Ortaköy/Ortapare ve Yüzdepare
اورته نيابت,Ortaniyabet
اورته اوز,Ortaöz
اوته اوز مع يورطان,Ortaöz maa Yortan/Öteöz maa  Yortan
اورته پاره,Ortapare
اورتاسيه,Ortasiye
اورتا شهرى,Ortaşehri (?)
اورجغان كبير,Oruçgan-ı Kebir
اورجغان صغير,Oruçgan-ı Sagir
اورل,Orul
اورول,Orul
اُرول,Orul
اوصاد,Osad
اوصات,Osad/Osat
اوسانيچه,Osaniçe
اوسانچه,Osaniçe
اوسخه,Osha
اوسحه,Osha
اوسيخه,Osha/Osiha
استخه,Osha/Ostiha
استحه,Osha/Ostiha
اوصقره,Oskara
على بك اجه,Oskara/Alibeyece
اوسقره,Oskara/Alibeyece
علي بك اچه,Oskara/Alibeyece (Alibeyeçe)
اوصغره,Oskara/Osgara
ازغره,Oskara/Ozgara
اوزغره,Oskara/Ozgıra
اوصلان,Oslan
اوسلان,Oslan
اوصما,Osma
عثمانجق,Osmancık
عثمانجوق,Osmancık/Osmancuk
عثمان ايلى,Osmaneli/Lefke
لفكه,Osmaneli/Lefke
لفكه,Osmaneli/Lefke
عثمان ايلى,Osmaneli/Osmanili
عثمانيه,Osmaniye
عثمانيه,Osmaniye
عثمانيه,Osmaniye
بركت طاغى,Osmaniye/Bereketdağı
عثمانلى,Osmanlı
عثمانلى مع الكسى,Osmanlı maa Aleksi (?)
عثمانلي ولايتي,Osmanlı Vilayeti
عثمان پاشالر,Osmanpaşalar
عثمان پشه لر,Osmanpaşalar
عثمان پازارى,Osmanpazarı
عثمان بازارى,Osmanpazarı
عثمان پازارى_x001C_,Osmanpazarı
الا كنيسه,Osmanpazarı/Alakenise
الا كليسا,Osmanpazarı/Alakilise
عثمان بازارى,Osmanpazarı/Alakilise
استاتيه,Ostatye
اوستاتيه,Ostatye
اوستاة,Ostatye/Ostat
اوستيقه,Ostika
استروپاليا,Ostropalya
اوستروپاليا,Ostropalya
استروپاليه,Ostropalya
اوسترباليا,Ostropalya
اوسترپاليا,Ostropalya
استرپاليا,Ostropalya
اوستروباليا,Ostropalya
استپاليه و كرينه,Ostropalya (Astipalye) ve Kerpe
استفاليه,Ostropalya/Astifalya
استپاليه,Ostropalya/Astipalya
استپاليا,Ostropalya/Astipalya
استپاليه,Ostropalya/Astipalye
جزيرۀ اوسترپاليه,Ostropalya/Cezire-i Ostropalya
استوپاليه,Ostropalya/İstopalya
اسْتوپَاليا,Ostropalya/İstopalya
استوپاليا,Ostropalya/İstopalya
اِسْتوپَالْيا,Ostropalya/İstopalya
استوپوليه,Ostropalya/İstopolya
استورپاليا,Ostropalya/Ostorpalya
ستامپاليا,Ostropalya/Stampalya
استروشيجه,Ostroşiçe
استرشيجه,Ostroşiçe
استروسجه,Ostroşiçe/Ostrosice
اوسترووه,Ostrova
اوسترووه,Ostrova
استروه,Ostrova
اوستروه,Ostrova
استوروه,Ostrova
اوستروا,Ostrova
اوستروه,Ostrova
استوره,Ostrova/İstora
استوروه,Ostrova/İstorova
اوستوروه,Ostrova/Ostorova
اوستره وه,Ostrova/Ostrava
استراوه,Ostrova/Ostrava
اوسترويچه,Ostroviçe
استرويچه,Ostroviçe
اوسترويجه,Ostroviçe
اوسترويجه,Ostroviçe
استرويچه,Ostroviçe
اوسترويجه مع استريه اوسترويجه,Ostroviçe maa İsterye Ostroviçe
اوسترويچه مع وقف خسرو بك,Ostroviçe maa Vakf-ı Hüsrevbey
اوسترويچۀ عتيق,Ostroviçe-i Atik
وارش قلعۀ اوسترويجۀ عتيق,Ostroviçe-i Atik/Varoş-ı Kale-i Ostroviçe-i Atik
واروش قلعۀ اوسترويچۀ عتيق,Ostroviçe-i Atik/Varoş-ı Kale-i Ostroviçe-i Atik
اوسترويچۀ جديد,Ostroviçe-i Cedid
قلعۀ اوسترويچه,Ostroviçe/Kale-i Ostroviçe
قلعۀ اوسترويچه,Ostroviçe/Kale-i Ostroviçe
قلعۀ اوسترويچۀ عتيق,Ostroviçe/Kale-i Ostroviçe-i Atik
قلعۀ اوسترويچۀ عتيق,Ostroviçe/Kale-i Ostroviçe-i Atik
قلعۀ اوسترويچۀ جديد,Ostroviçe/Kale-i Ostroviçe-i Cedid
اوسترونچه,Ostroviçe/Ostroniçe
اوستروشچه,Ostroviçe/Ostrovişçe
اوستروزچه,Ostroviçe/Ostroziçe
واروش قلعۀ اوسترويجه,Ostroviçe/Varoş-ı Kale-i Ostroviçe
استون,Ostun (?)
اوستون,Ostun (?)
اوسيه چانى,Osyeçani
اوشربقه,Oşarobka
اوشناق,Oşnak
اوشون,Oşun
اوطاو,Otav
اوتلق,Otluk
اوتلق,Otluk
اوتلق كوى,Otlukköy
اوتوقه,Otoka
اوتوق,Otoka/Otok
اوه,Ova
اووه جق,Ovacık
اواجوق,Ovacık
اوه جك,Ovacık
اواجق,Ovacık
اووا جق,Ovacık
اوه جق,Ovacık
اواجق اسپر,Ovacık-ı İspir
اواجق,Ovacık-ı İspir/Ovacık
ايواجق,Ovacık/Ayvacık
پيلور,Ovacık/Pilur
اوه دوزى,Ovadüzü
اووه يقه,Ovayaka
اوه يوزى,Ovayüzü
اووه يوزى,Ovayüzü
جمعه,Ovayüzü/Cuma
اووه,Ovayüzü/Ova
اووه,Ovayüzü/Ova
اوچاق,Ovçak
اوواطه جغى,Ovo Adacığı
اويناش,Oynaş
اويتو,Oyto
اوتو,Oyto/Oto
اُوتُو,Oyto/Oto
اويم آغاج,Oyumağaç
ايوم اغاج,Oyumağaç
اويم اغاج,Oyumağaç
اوزدينه,Ozdine
اوزوره,Ozora
اوزره,Ozora
قلعۀ اوزوره,Ozora/Kale-i Ozora
اوزور,Ozora/Ozor
اوزرين,Ozrin
اوده مش,Ödemiş
نفس اوده مش,Ödemiş merkez
اودوك,Ödük
اوديك,Ödük/Ödik
اوكدم,Öğdem
اوكسه,Ökse
اوكسون,Öksün
عمر,Ömer
عمركان,Ömerkan
عمريان,Ömerkan/Ömeryan
عمرلى,Ömerli
اورن,Ören
اورنجك,Örencik
اوسك,Ösek
نفس اوسك,Ösek merkez
اوسيك,Ösek/Osiyek
اوته يقا,Öteyaka
اويوجك,Öyücek
اويوكلو,Öyüklü
اوزبيك,Özbey
اوزرايلى,Özerili
عزير مع بقراص و قنق,Özerili (Üzeyr) maa Bakras ve Kınık
عزير مع قنق,Özerili (Üzeyr) maa Kınık
عزير و بالس,Özerili (Üzeyr) ve Balis
عزيز,Özerili/Aziz
اوزر,Özerili/Özer
عزير,Özerili/Üzeyr
عزيرايلى,Özerili/Üzeyrili
اوزي,Özi
اوزى,Özi
اوزى صوى,Özi Suyu
اوزي صويي,Özi Suyu
ازى و اقكرمان,Özi ve Akkirman
جانكرمان,Özi/Cankirman
سلستره,Özi/Silistre
اوزيچه,Öziçe
اوزيجه,Öziçe
اوزيچه,Öziçe
ازيچه,Öziçe
قلعۀ اوزيچه,Öziçe/Kale-i Öziçe
اوژيچه,Öziçe/Ujiçe
اوزيچه,Öziçe/Ujiçe
اوژيجه,Öziçe/Ujiçe
واروش اوزيچه,Öziçe/Varoş-ı Öziçe
اوزى قواغى,Özükavağı
اوزى قواغى,Özükavağı
پادجا,Padaca
پادجه,Padaca
پاغو,Pago
پاغنيك,Pağnik
پاخ,Pah
باخ,Pah/Bah
باقره,Pakra
پاقره,Pakra
پاقرسقه ستره دا,Pakraska Sitreda
پاقرسقه,Pakraska Sitreda/Pakraska
پاقريچ,Pakriç
پقريچ,Pakriç
باقريچ,Pakriç/Bakriç
زاچسنه,Pakriç/Zaçesne
پاقسو,Pakso
پاقسواطه سى,Pakso
پاقسو,Pakso
بخشلو,Pakso/Bahşili
پاقجوس,Pakso/Pakcos
پاقسى,Pakso/Paksi
پاقسوس,Pakso/Paksos
يخشيلر,Pakso/Yahşiler
پاقشه,Pakşa
پالاچ,Palaç
بالاچ,Palaç/Balaç
پلاما,Palama/Bahadır
پلاموده,Palamude
پلاموط,Palamut
پلامود,Palamut/Palamud
پالامود,Palamut/Palamud
بلامود,Palamut/Palamud
صوغان دره سى,Palamut/Soğanderesi
يايا كوى,Palamut/Yayaköy
پلا ن دوكن,Palandöken
پلانقۀجديداقكنيسا,Palanka-i Cedid-i Akkenisa
پلاس,Palas
بلاس,Palas
بلاس,Palas/Belas
پالرمه,Palerme
پالينورس قيالرى,Palinoris Kayaları
پالو قصرى,Palokasrı
پالوقصرى,Palokasrı
پالوقصرى,Palokasrı
بلو قصرى,Palokasrı
باللوقصرى,Palokasrı/Ballukasrı
قلعۀ پالو قصرى,Palokasrı/Kale-i Palokasrı
قلعه پالو قصرى,Palokasrı/Kale-i Palokasrı
قلعۀ پالوقصرى,Palokasrı/Kale-i Palokasrı
قاسترو,Palokasrı/Kastro
پالو,Palu
پَالو,Palu
پالُو,Palu
پالى معدن مع چسقه,Palu (Palımaden) maa Çiska
بالو مع شوره,Palu maa Şure
نفس پالو,Palu merkez
پالو و جرمك,Palu ve Çermik
بالا,Palu/Bala
پالى,Palu/Palı
پاليوخورا,Palyohora
پاليوخور,Palyohora/Palyohor
پاليوقاسترو,Palyokastro
پاناغيچه اطه جغى,Panagiçe Adacığı
پناكيا,Panagiya
پاناكيا,Panagiya
آيى نيقوله,Panagiya/Ayinikola
پانائيا,Panagiya/Panaiya
پانائيا,Panaiya
پانائييا,Panaiya
بونيغيا,Panaiya/Bonigiya
پناثيمو,Panasimo
پنايه,Panaya
پانايا,Panaya
پنايا اطه لرى,Panaya Adaları
مادونه اطه لرى,Panaya/Maduna Adaları
پنايا,Panaya/Panapalya
پناپيا,Panaya/Panapiya
پنبوق اوزى,Panbuközü
پانچوه,Pançova
بانداليغوسه,Pandaligosa
مادونا,Pandaligosa (Madona)/Kandilyosa
انديلغوسه,Pandaligosa/Andiligosa
اندولوغوسه,Pandaligosa/Andologosa
قاندولئوسا,Pandaligosa/Kandoleosa
قورديلوسا,Pandaligosa/Kordilusa
مادونه,Pandaligosa/Madona
بانداليقوسه,Pandaligosa/Pandalikosa
پانداليقوسه,Pandaligosa/Pandalikosa
پاندروس,Panderos
پاندرونسى,Panderos/Panderonisi
پانده رونسى,Panderos/Panderonisi
پانيچه,Paniça
پانقوته,Pankota
پانلى,Panlı
پانورمه,Panorma
پاپا,Papa
پاپنقوز,Papinkoz
پراقا لمه,Parakalama
پره قالمه,Parakalama
پاراسا,Parasa
پارغه,Parga
بارغه,Parga
پارغا,Parga
ناحيۀ پارغه,Parga/Nahiye-i Parga
پريقه,Parika
پاريكيا,Parikiya
پارس,Paris
بارمقسز,Parmaksız
برمقسز,Parmaksız
پاروس,Paros
باره,Paros/Bare
بارّه,Paros/Barre
بارره,Paros/Barre
پاره,Paros/Para
پاره,Paros/Pare
پاروز,Paros/Paroz
بارسيى بيت,Parsibit
پارذه نى,Parzeni
پاسكه,Pasge
پاسين,Pasin
پاسمان,Pasman
پاسپاغوزا اطه لرى,Paspagoz Adaları
پاسپارغو,Paspargo
پاسبارغو,Paspargo
اشك,Paspargo/Eşek
پاسپاريغو فنار,Paspargo/Pasparigo Fener
پاسوه,Passava
پاسوه مع كلفا و زارناته,Passava maa Kelefa ve Zarnata
قلعۀ پاسوه,Passava/Kale-i Passava
پاستيه,Pastiye
پاستوح,Pastoh
پاسيا,Pasya
كوچك انافى,Pasya/Küçükanafı
كوجك انافى,Pasya/Küçükanafı
پاخيا,Pasya/Pahiya
پاشا,Pasya/Paşa
پاشا,Paşa
اوغوستا,Paşa/Ogusta
اغستو,Paşa/Ogusto
طاش چفتلكي,Paşa/Taşçiftliği
طاش چفتلكى,Paşa/Taşçiftliği
پاشا طاغ,Paşadağ
پاشا طاغلرى,Paşadağ/Paşa Dağları
پاشا كاويسى,Paşagavisi
پاشالر,Paşalar
پاشاليمانى,Paşalimanı
پاشا ليمانى,Paşalimanı
باشا ليمانى,Paşalimanı
آلونيه,Paşalimanı/Alonya
الونيه,Paşalimanı/Alonya
جزيرۀ پاشا ليمانى,Paşalimanı/Cezire-i Paşalimanı
مرمره پاشا ليمانى,Paşalimanı/Marmara Paşalimanı
پاشويك,Paşavik
باشويك,Paşavik/Başavik
پاشا يكيد,Paşayiğid
پاشايكيت,Paşayiğid/Paşayiğit
پاشكلى,Paşikli
پاشقوپوليه,Paşkopolye
پاشقو پوليه,Paşkopolye
پاشماق,Paşmak
پاشماقلى,Paşmaklı
پشماقلى,Paşmaklı
پاشه وه,Paşova/Paşava
پاط,Pat
پتاليس,Patalis
پاتاناس,Patanas
مانوه,Patanas/Manova
پاتليدا,Patelida
بانلدا,Patelida/Banelida
پاتموس,Patmos
پاطموس,Patmos
پاموس,Patmos
پاتموس,Patmos
باطبوز,Patmos/Batboz
باطينوز,Patmos/Batınoz
باتناز,Patmos/Batnaz
باطنوس,Patmos/Batnos
بطنوس,Patmos/Batnos
باطنوز,Patmos/Batnos
پاتموس,Patmos/Batnos
باطنوس,Patmos/Batnos
باطنوش,Patmos/Batnoş
باطنوز,Patmos/Batnoz
جزيرۀ باطموس,Patmos/Cezire-i Batmos
پاتينوس,Patmos/Patinos
پطنوس,Patmos/Patnos
بطنوز,Patmos/Patnoz
باطنوز,Patmos/Patnoz
پاطنوز,Patmos/Patnoz
پاطنوز,Patmos/Patnoz
پاطنوس,Patnos
باطنوس,Patnos
باتنوس,Patnos
بطنوس,Patnos
پاطنوس مع  عنتاب,Patnos maa Antab
ناحيۀ بطنوس مع هامور,Patnos maa Hamur/Nahiye-i Patnos maa Hamur
پاوه,Pave
پاوَه,Pave
باوى,Pave/Bavi
پاوى,Pave/Pavi
پاولى,Pavlı
پاولئ بولى,Pavlı-i Bolu
پاولى,Pavlı-i Bolu/Pavlı
باولى,Pavlı-i Bolu/Pavlı
پاولو,Pavlı-i Bolu/Pavlu
پاولى ايلى,Pavliili
پاولي ايلى,Pavliili
پاول,Pavliili/Pavel
پاولى,Pavliili/Pavli
پاولي,Pavliili/Pavli
پاولو,Pavliili/Pavlu
پاوليش,Pavliş
پاولو كورتك,Pavlokurtik
پاولو,Pavlu
باولى مع نواحى,Pavlu (Bavlı) maa Nevahi
باولى,Pavlu/Bavlı
بَاوْلَه,Pavlu/Pavle
پاوله,Pavlu/Pavle
پاولى,Pavlu/Pavlı
باولىئ حميد,Pavlu/Pavli-i Hamid
پياملى,Payamlı
پياس,Payas
پاياس,Payas
بياس,Payas
نفس پياس,Payas merkez
پايازه,Payaze/Gonomaymoili
پازار,Pazar
بازار بورويجه,Pazar-ı Boroviçe
بازار بوروفچه,Pazar-ı Boroviçe/Pazar-ı Borofça
واروش بورويچه,Pazar-ı Boroviçe/Varoş-ı Boroviçe
بازار كوركواج,Pazar-ı Gurgevaç
بازار خواج,Pazar-ı Hovaç
بازار قاقنه,Pazar-ı Kakane
بازار كيركواج,Pazar-ı Kirkovaç
بازار پتريچه,Pazar-ı Petriçe
بازار ساس,Pazar-ı Sas
واروش معدن ساس,Pazar-ı Sas/Varoş-ı Maden-i Sas
بازار زيرنونيچه,Pazar-ı Zirnovniçe/Petleş
پازار كوى,Pazar/Pazarköy
پازارجق,Pazarcık
بلكۀ پازارجق,Pazarcık/Bölge-i Pazarcık
بازار چايى,Pazarçayı
بازاركاه,Pazargah
پازاركاه,Pazargah
پازار كوى,Pazarköy
پاازار كوى,Pazarköy
بازار كوى,Pazarköy
پازاركوى,Pazarköy
بازاركوى,Pazarköy
پازاركويى,Pazarköy
بازار كويى مع كوره له,Pazarköy maa Gürle/Pazarköyü maa Gürele
پازاركويى مع گُورَه لَه,Pazarköy maa Gürle/Pazarköyü maa Gürele
پازاركويى مع گوره له,Pazarköy maa Gürle/Pazarköyü maa Gürele
پازار كويى مع گوره له,Pazarköy maa Gürle/Pazarköyü maa Gürele
اورخان غازى,Pazarköy/Orhangazi
بازار كويى,Pazarköy/Pazarköyü
پازار كويى,Pazarköy/Pazarköyü
بازاركويى,Pazarköy/Pazarköyü
پازاركويى,Pazarköy/Pazarköyü
بازار كويى,Pazarköyü
بازارلو,Pazarlı
پازار صويى,Pazarsuyu
پازارصويى,Pazarsuyu
بازار صويى,Pazarsuyu
قره صو,Pazarsuyu/Karasu
پازارويران,Pazarviran
پازارويران,Pazarviran/Han
پازار ويران,Pazarviran/Han
پازار يرى,Pazaryeri
بچي,Peci
پجى,Peci
پجي,Peci
پچى,Peci
پايجي,Peci/Paycı
پچ,Peci/Peç
پچين,Peçin
پچن مع ميلاس,Peçin maa Milas
بچين,Peçin/Beçin
بجوى,Peçuy
بچوى,Peçuy
پچوي,Peçuy
پچوى,Peçuy
نفس پچوى,Peçuy merkez
نفس پچوي,Peçuy merkez
پچوار,Peçvar
پديه,Pedye
بزيه,Pedye/Bezye
جزيرۀ بزيه,Pedye/Cezire-i Bezye
بده يه,Pedye/Pedeye
پذيه,Pedye/Pezye
پذيا,Pedye/Pezye
پَزْيَه,Pedye/Pezye
پذيه,Pedye/Pezye
پزيه,Pedye/Pezye
پكريچ,Pekeriç
پكريچ كبير,Pekeriç-i Kebir
پكريچ صغير,Pekeriç-i Sagir
پكرنچ,Pekeriç/Pekerinç
پكلن,Peklin
پكلين,Peklin
بكلين,Peklin
بكين,Peklin/Pekin
پيكنى,Peklin/Pekini
واروش قلعۀ پكلين,Peklin/Varoş-ı Kale-i Peklin
پكسماد,Peksimad
بكسماد,Peksimad
پكسمادى,Peksimadi
پكسيمادى,Peksimadi
اقسماريا,Peksimadi/Aksimarya
پقسماد,Peksimadi/Paksimad
پاقسمادا,Peksimadi/Paksimada
پاقسماكى,Peksimadi/Paksimaki
پكسماد,Peksimadi/Peksimad
پكسماد,Peksimadi/Peksimad
پراسو,Peksimadi/Praso
پكسيماديا اطه جقلرى,Peksimadya Adacıkları
بلاغونيس,Pelagonis/Belagonis
په لاغونيزي,Pelagonizi
پلاغونيزى,Pelagonizi
قراپناچا,Pelagonizi/Kırapanaça
پلاغو,Pelagonizi/Pelago
په لاغو,Pelagonizi/Pelago
پلانيسى,Pelagonizi/Pelanisi
پلقو,Pelagonizi/Peleko
پلغورا,Pelagura
په لاييئاس,Pelayies
پلندوار (؟),Pelendvar (?)
پلنكان,Pelengan
په له ريسسا,Pelerissa
پليد بوكى,Pelidbükü
پليد بوك,Pelidbükü/Pelidbük
پليدلى تكيه,Pelidlitekye
پليدلي تكيه,Pelidlitekye
په لوزو,Peluzo
په لوژو,Peluzo/Pelujo
پنبك,Penbek
پندايه,Pendaya
پندايا,Pendaya
بندايه,Pendaya/Bendaya
هنديه,Pendaya/Hindiye
اومورفه پندايه,Pendaya/Omorfa Pendaya
پانديه,Pendaya/Pandaye
پندانه,Pendaya/Pendana
بندانه,Pendaya/Pendana
پنداني,Pendaya/Pendani
پندك,Pendik
پنك,Penek
بنك مع مامرمان,Penek maa Mamervan
بنك,Penek/Benek
پنسكرد,Peneskird
پنسكيرد,Peneskird
پنشكرد,Peneskird/Peneşkird
پراكندۀايدين,Perakende-i Aydın
پراكندۀ قنغال,Perakende-i Kangal
پراكندۀمنتشا,Perakende-i Menteşe
پراكندۀ مقاطعات,Perakende-i Mukataat
پراكنه,Perakine
پراما,Perama
پرامه,Perama
په راتى,Perati
پرچنچ,Perçenç
پرچنج,Perçenç/Akçakiraz
پره مه,Pereme
پَريِّد,Pereyyid
پرخنكوك,Perhangök
په رخانكوك,Perhangök
پرحنكوك سفلا,Perhangök/Perhangök-i Süfla
پرخنكوك سفلا,Perhangök/Perhangök-i Süfla
پريم,Perim
پريم,Perim/Babülmendeb
پرين,Perin
واروش قلعۀ پرين,Perin/Varoş-ı Kale-i Perin
پريسترى,Peristeri
ساره كينو,Peristeri (Sarakino)/Güğercin
كوكرجين,Peristeri/Güğercin
ساراكينو,Peristeri/Sarakino
سراكينو,Peristeri/Sarakino
پرى صويى,Perisuyu
پرووليا,Perivolya
پَرْلَتْستى,Perletsti
پرناوود,Pernavud
پرشنبه,Perşenbe
پنچشنبه,Perşenbe/Pençşenbe
پنجشنبه,Perşenbe/Pençşenbe
يعقوب بيك,Perşenbe/Yakubbey
يعقوب بك دربندى,Perşenbe/Yakubbey Derbendi
پرتك,Pertek
پرتك,Pertek
پرتَكْ,Pertek
برتك,Pertek
برتك عن اولكاء چمشكيزك,Pertek (Bertek) an-ülke-i Çemişgizek
پرتگ,Pertek/Pürtük
پورتك,Pertek/Pürtük
پرت اكرك,Pertekrek
برتكرك,Pertekrek
پرتكرك,Pertekrek
پتكرك,Pertekrek/Petekrek
پيرتكرك,Pertekrek/Pirtekrek
پروكيچ,Perukiç
پروشك,Peruşik
پروشيك,Peruşik
واروش قلعۀ پروشيك,Peruşik/Varoş-ı Kale-i Peruşik
واروش پروشيك,Peruşik/Varoş-ı Peruşik
پروانه,Pervane
پروارى,Pervari
پروارئ بالا,Pervari-i Bala
پروارى,Pervari-i Bala/Pervari
بروارى ژورى مع بروارى زيرى,Pervari-i Juri maa Pervari-i Jiri
پروارئ زير,Pervari-i Zir
بروارى,Pervari/Bervari
پراورى,Pervari/Peravari
پرورى,Perveri
پروزى,Perveri/Pervezi
پَشْلو,Peşlü
پشلو,Peşlü
پشته,Peşte
پشترا,Peştera
پشتره,Peştera
پشترا,Peştera/Peristera
پشتريچه,Peşteriçe
پتاله,Petala
په تالا,Petala
په تاليد,Petalid
پته ليده,Petalide
پتاليدس,Petalides
پتاليدى,Petalidi
پتاليس,Petalis
پتاليه,Petalya
پتاليه,Petalya
پتاليه,Petalya Adaları
په تالى,Petalya/Petali
پتالى,Petalya/Petali
پتالى,Petalya/Petali
پتالي,Petalya/Petali
پتاسى,Petasi
پتكلى,Petekli
پتربورغ,Peterburg
ته توز,Petoz/Tetoz
پترقمنه,Petrakamena
پتره,Petre
پترمژاك,Petremjak
پترشبان,Petreşban
بترشپان,Petreşban/Betreşpan
پتريچ,Petriç
پتريج,Petriç
بتريچ,Petriç
بتريج,Petriç
بدريج,Petriç/Bedriç
بليزنيچه,Petriç/Bilizniçe
پتريج,Petriç/Petric
پترى كونمه,Petrigonime
پتروكونمه,Petrigonime/Petrogonime
پتريل,Petril
پتريل مع رادويز,Petril maa Radoviz
پتريل مع  رادويز,Petril maa Radoviz
بتريل مع  رادوويز,Petril maa Radoviz
پترين,Petrin
پتري يوفجه,Petriyofça
پترى نوفچه,Petriyofça/Petrinofça
پترويوفچه,Petriyofça/Petroyofça
پترو,Petro
پترو اطه جغى,Petro Adacığı
پتروقاراوى,Petrokaravi
پتروس,Petros
پراكين,Petros/Perakin
پتروش,Petros/Petroş
پتروواچ,Petrovaç
پتروواج,Petrovaç
پتروفچه,Petrovaç/Petrofça
پتروه غوره,Petrovagora
پتروه پوليه,Petrovapolye
پتروپوليه مع پتروه غوره,Petrovapolye maa Petrovagora
پيكار,Pınar
پيكار حصار,Pınarhisar
پيكارحصار,Pınarhisar
بيكار حصار,Pınarhisar
بيكار حصارى,Pınarhisar
پيڭارحصارى,Pınarhisar/Pınarhisarı
پيڭار حصارى,Pınarhisar/Pınarhisarı
بيكار حصارى,Pınarhisar/Pınarhisarı
پيكار حصارى,Pınarhisar/Pınarhisarı
پيكارحصارى,Pınarhisar/Pınarhisarı
بيكارحصارى,Pınarhisar/Pınarhisarı
پيكارلى,Pınarlı
پرناز,Pırnaz
برناز,Pırnaz
پورناز,Pırnaz/Purnaz
پروناللو,Pıronallı
بيرنارلى,Pıronallı/Birnarlı
قلازومن,Pıronallı/Klazomen
مدور اطه,Pıronallı/Müdürada/Pınarlıada
يوللجه اده,Pıronallı/Yolluca Ada
پيجين,Picin
پيچار,Piçar
پيچار,Piçar
پچار,Piçar
بجار,Piçar/Bicar
بيجار,Piçar/Bicar
محمديان,Piçar/Mehmedyan
پيده,Pide
پيتا,Pide/Pita
پيدياس,Pidiyas
پغاده,Pigada
پغانوسا,Piganusa
پيغانوسا,Piganusa
بيغا,Piganusa/Biga
بيغانوسا,Piganusa/Biganusa
پاغانوسا,Piganusa/Paganusa
پيه نوزه,Piganusa/Piyenuza
پيكي,Pigi
پيكى,Pigi
پيلاور,Pilaver
بلوه,Pileva
پيلمار,Pilimar
پلمار,Pilimar
پيليمار,Pilimar
جزيرۀ پيلمار,Pilimar/Cezire-i Pilimar
پوطموز,Pilimar/Potamoz
پوطاموز,Pilimar/Potamoz
پنجار,Pincar
بنجار,Pincar
پنكان,Pingan
پدغام,Pingan/Pedgam
پنكا,Pinka
پنيانش,Pinyaniş
پيپه رى,Piperi
پي پرى,Piperi
بربرجك,Piperi/Berbercik
بيبر,Piperi/Biber
پاى پرى,Piperi/Payperi
پيپر,Piperi/Piper
پيران,Piran
پيران مع بتوئَن,Piran maa Bituen
پيراصون,Pirason
پيرعزيز,Piraziz
پير عزيز,Piraziz
پير عزيز مع  آق كوى,Piraziz maa Akköy
پير چوبان,Pirçoban
پيرغى,Pirgı
بيرغى,Pirgı
پيرغو,Pirgo
بيرغو,Pirgo
پيره,Pirgo/Pire
يرغو,Pirgo/Yergo
پيرغو پسيلونه رو,Pirgopisilonero
پيرغوپسيلونه رو,Pirgopisilonero
پيرغوس,Pirgos
پيرغوسا,Pirgosa
برغوسه,Pirgosa/Birgosa
برغوزه,Pirgosa/Birgoza
پريغوسا,Pirgosa/Perigusa
ريغوزا,Pirgosa/Rigoza
پير حياتى و چياسبز,Pirhayati ve Çeyasebz
پرنج,Pirinç
پرنچلك,Pirinçlik
پرلاوغنده,Pirlavganda
پرلوغنده,Pirlavganda
برلوغنده,Pirlavganda
پرلوغنده مع خادم,Pirlavganda maa Hadim
پرلوغنده مع حادم,Pirlavganda maa Hadim
پرلوغنده,Pirlavganda/Hadim
پرلپ,Pirlep
پرلپ,Pirlep
پرلپه,Pirlepe
پرلپه,Pirlepe
پيرلپه,Pirlepe
پرلپه,Pirlepe
پرلبه,Pirlepe
برلبه مع مورجوه,Pirlepe maa Morihova (Moriçova)
نفس پرلپه,Pirlepe merkez
پريوتيچه,Piryotiçe
پريوتچه,Piryotiçe
پِريوتچه,Piryotiçe
پريوتجه,Piryotiçe
بريوتيچه,Piryotiçe
پريوتيچه,Piryotiçe
جزيرۀ پريوتيچه,Piryotiçe/Cezire-i Piryotiçe
بيره يوتيجه,Piryotiçe/Pireyotiçe
پرغوفچه,Piryotiçe/Pirgofça
پرغوستجه,Piryotiçe/Pirgostiçe
پرغوستيجه,Piryotiçe/Pirgostiçe
پريوفچه,Piryotiçe/Piryofça
پسقوكفالو,Piskokefalo
پيسقوپي,Piskopi
پسقوپى,Piskopi
پسقوبى,Piskopi
بسقوبى,Piskopi
بسقوبو,Piskopi
پسقپوپى,Piskopi
بسقبو,Piskopi
پسقوپى,Piskopi
پسقوبو,Piskopi/Piskobu
پسقبو,Piskopi/Piskobu
بسقبو,Piskopi/Piskobu
پسقپو,Piskopi/Piskopu
پسقوى,Piskopi/Piskovi
پسقپويه,Piskopoya
پشقوپيه,Piskopoya/Pişkopye
پسورونيسى,Pisoronisi
بسورونيس,Pisoronisi/Bisoronis
لبسورونيس,Pisoronisi/Libsoronis
پِسْيَانْ,Pisyan
پسيان,Pisyan
بسيان و پوجيان و زيلان,Pisyan ve Pociyan ve Zilan/Bisyan ve Pociyan ve Zilan
بستان,Pisyan/Bistan
پشدر,Pişder
بشدر,Pişder/Bişder
پشتر,Pişder/Pişter
پشمان,Pişman
پشمانه,Pişman/Pişmane
پشتريك,Piştirik
پاشترويك,Piştirik/Paşterovik
پيتا,Pita
پيطيحه,Pitiha (?)
پتكير,Pitkir
پتكر,Pitkir
نوكوجك,Pitkir/Nügücük
پتيو,Pitu
عاجى سرانيده,Pitu/Acısaranide
پتيا,Pitu/Pitiya
پيوه بانه,Pivebana
پيوه,Pivebana (Pive)/Bana
بيوه,Pivebana/Pive
پيوه,Pivebana/Pive
پيوه,Pivebana/Pive
پياده كان انقره,Piyadegan-ı Ankara
پياده كان ايدين,Piyadegan-ı Aydın
پياده كان بيغا,Piyadegan-ı Biga
پياده كان بولى,Piyadegan-ı Bolu
پياده كان بولي,Piyadegan-ı Bolu
پياده كان حميد,Piyadegan-ı Hamid
پياده كان خداوندكار,Piyadegan-ı Hüdavendigar
پياده كان حداوندكار,Piyadegan-ı Hüdavendigar
پياده كان قره حصار صاحب,Piyadegan-ı Karahisar-ı Sahib
پياده كان قره حصار,Piyadegan-ı Karahisar-ı Sahib (Karahisar)
پياده كان قراسى,Piyadegan-ı Karesi (Karasi)
پياده كان كوتاهيه,Piyadegan-ı Kütahya
پياده كان كوتاهيّه,Piyadegan-ı Kütahya
پياده كان منتشا,Piyadegan-ı Menteşe
پياده كان صاروخان,Piyadegan-ı Saruhan
پياده كان سلطان اوكى,Piyadegan-ı Sultanönü
پيال,Piyal
پيالى,Piyal/Piyali
پيانچه,Piyaniçe
بيا نچه,Piyaniçe
بيا نچه,Piyaniçe/Biyaniçe
پلاكا,Plaka
پلاقه,Plaka
پلاقا,Plaka
بلاقا,Plaka
آيى يوركى,Plaka/Ayiyorgi
پلاتى,Plaka/Plati
پلاكيدى,Plakidi
بلاكيت,Plakidi/Plakit
بلاكيته,Plakidi/Plakite
پلاقونيسى,Plakonisi
بلاقونيس,Plakonisi/Blakonis
پلانا,Plana
پلانه,Plana
پيلانا,Plana/Plero
پلاننۀ بزرك,Planine-i Büzürk
پلاننۀ كوچك,Planine-i Küçük
پلاش,Plaş
بلاشنيك,Plaşnik/Blaşnik
پلا تانوس,Platanos
پلاته يه اطه لرى,Plataya Adaları
پلاتى,Plati
بلاتى,Plati
بيلاتى,Plati
پلاتي,Plati
پلاتى اطه جغى,Plati Adacığı
پلانى,Plati/Plani
پلاتيمنه,Platimana
پلاتيمانه,Platimana
پلاطمنه,Platimana
پلاتمنه,Platimana
بلاطمنه,Platimana
پلاطمنه مع قترين,Platimana maa Katerin
پلاطمنه مع يكيجۀ قره جه آباد,Platimana maa Yenice Karacaabad/Platimana maa Yenice-i Karacaabad
پلاتامونا,Platimana/Platamona
پلاتينى,Platini
پلاتى,Platini/Plati
پلاتيا,Platiya
پلاطيه,Platiya
پلاتيه,Platiya
پلاو,Plav
پلاونه,Plavna
پلايا,Playa
پيلايا,Playa
پلاچ,Playa/Plaç
پلشويچه,Pleşoviçe
پلشويچه بالا,Pleşoviçe/Pleşoviçe-i Bala
پلوشويچه,Pleşoviçe/Ploşeviçe
پلونه,Plevne
بلونه,Plevne
پوچاپنجى,Poçapinci
پوچاى,Poçay
پوچتل,Poçitel
پوچى تل,Poçitel
پوچيتل,Poçitel
بوجتل,Poçitel
واروش قلعۀ پوچى تل,Poçitel/Varoş-ı Kale-i Poçitel
بودبوجيه,Podbuçye
پودبوجيه,Podbuçye
پودوجيه,Podbuçye/Podocye
پودغور,Podgor
بودغوراچ,Podgoraç
پودغراچ,Podgoraç
پودغوراچ,Podgoraç
پودغوراج,Podgoraç
پودغوريجه,Podgoriçe
پودغوريچه مع اشبوزى,Podgoriçe maa İşpuzi
بودغوريجه مع قره طاغ,Podgoriçe maa Karadağ
بوغوريجه,Podgoriçe/Pogoriçe
پورغوريجه,Podgoriçe/Porgoriçe
دپه دوكن,Podgoriçe/Tepedöğen (Depedöğen)
پودغوريه,Podgorya
پودغوريه و قوندروچه,Podgorya ve Kondrovçe
پودغوريانى,Podgoryani
پودى,Podi
پودژه پا,Podjepa
پودلاپچه,Podlapaça
پودلوژه,Podloje
پودلوژيه,Podloje/Podlojye
پودمير,Podmir
پودومار,Podomar
پودپوريه,Podporye
پودرينيه,Podrinye
پودويرشقي,Podvirşka
پودويرشقى,Podvirşka
پوفين,Pofin
پوغونيا اطه لرى,Pogoniya
پوغونيه,Pogoniye
بالئوپوغونيه,Pogoniye/Baliopogoniye
بوغانيه,Pogoniye/Boganiye
بوغونيه,Pogoniye/Bogoniye
پاليپوغون,Pogoniye/Palipogon
باليبوغون,Pogoniye/Palipogon
پاليپغون,Pogoniye/Palipogon
پوغون,Pogoniye/Pogon
ووشتنه,Pogoniye/Voştine
ووشتنه,Pogoniye/Voştine
وستنيچه,Pogoniye/Voştine (Vesteniçe)
وستنچه,Pogoniye/Voştine (Vesteniçe)
بوغرادچ,Pogradeç
پوژغه,Pojega
پوژه غه,Pojega
پوزه غه,Pojega
نفس پوزه غه,Pojega merkez
نفس پوژه غه,Pojega merkez
پوژه غه و اوسك,Pojega ve Ösek
حوزغه,Pojega/Hozga
پوژه غه جق,Pojegacık
پوژغه جق,Pojegacık
پوژغه جق,Pojegacık
پوژ ه غجق,Pojegacık
پوژ ه غه جق,Pojegacık
پوزه غه جق,Pojegacık
پوژاغه,Pojegacık/Pojaga
پوژه غا,Pojegacık/Pojega
پوزه غه,Pojegacık/Pojega
پوژه غه,Pojegacık/Pojega
پوژغجه جق,Pojegacık/Pojeğcacık
پولاد,Polad
پولاد ايلى,Poladili
پولادلى,Poladlı
پولانه,Polana
پولانه مع ديراغوطين,Polana maa Dragotin
پولانه,Polana/Podgradya
پولانچه,Polaniçe
پولانيچه,Polaniçe
بولانجه,Polaniçe/Bolaniçe
بوليانچه,Polaniçe/Bolyaniçe
پولانيه,Polaniye
بولانيه,Polaniye/Bolaniye
پولاته,Polata
پولتخانه,Polathane
پولغار,Polgar
بولغار,Polgar
پوليچه,Poliçe
پولهنت,Polihnit
پولهنيت,Polihnit
پول هنت,Polihnit
پوليقاندرى,Polikandri
پولى قندري,Polikandri
پوليقندرى,Polikandri
بوليقندري,Polikandri
بولى قاندرى,Polikandri
بولى قالندرى,Polikandri/Polikalendri
پوليقاندرو,Polikandri/Polikandro
پوليقاندروس,Polikandri/Polikandros
پولي قندروس,Polikandri/Polikandros
پوليقاندروه,Polikandri/Polikandrova
پولميه,Polimiye
كورنه پولميه,Polimiye/Gornapolimiye
پوليميه,Polimiye/İstroviçe
پولنو,Polino
پولينو,Polino
پولينوس,Polino/Polinos
پولشنيك,Polişnik
پوليروز,Poliyiroz
پولوميه,Polomiye
پولميه,Polomiye
بولميه مع قره لوم,Polomiye maa Lom (Karalom)
پوليه,Polomiye/Polye
پولونى,Poloni
وئيدى,Poloni/Voidi
پولوس,Polos
پولوس كيروف,Poloskirof
نفس پولوس كيروف,Poloskirof merkez
پوليور,Polyor
پومستى,Pomesti
پومستانى,Pomesti/Pomestani
پومو,Pomo
بونديغوسه,Pondigosa
كجى,Pondigosa/Keçi
پونديقوس,Pondigosa/Pondikos
بونديقوسا,Pondigosa/Pondikosa
پونديقوز,Pondigosa/Pondikoz
پونتكوتا,Pondigosa/Pontikuta
صجان,Pondigosa/Sıçan
طراغونيس,Pondigosa/Tragonis
طراغونيسى,Pondigosa/Tragonisi
پونديقو,Pondiko
پونديقونيسى,Pondiko/Pondikonisi
پوند يقونيزى,Pondiko/Pondikonizi
پونتى قونيزى,Pondiko/Pontikonizi
صچان,Pondiko/Sıçan
پونتى قونيزى,Pontikonizi
پوپنه,Popine
پوپلاديه,Popladiye
پوبلاديه_x001C_,Popladiye
پوپلاتيه,Popladiye/Poplatiye
پوپول,Popol
پوپوه,Popova
بوبوسقه,Popova/Poposka
پوپوسقه,Popova/Poposka
بوبوجي,Popovci
نفس بوبوجي,Popovci merkez
پوپرزيه,Poprezye
بورچه,Porçe
پورچه,Porçe
پوره چه,Poreçe
واروش پوره چيه,Poreçe/Varoş-ı Poreçye
پورتى,Poreti
پوره تى,Poreti
پوريدى,Poreti/Poridi
پورغه,Porga
پورغه,Porga/Aşağıköy
پورى,Pori
پوريچه,Poriçe
پورچا,Poriçe/Porça
پوروس,Poros
پروس,Poros
بوروز,Poros/Boroz
پتالوده,Poros/Petaluda
روماله,Poros/Romale
پروسلو,Poroslo
پوروسلو,Poroslo
پوروى,Poroy
پورصوق,Porsuk
پورسوق,Porsuk
پورتاريا,Portarya
پورتوريقو,Porto Riko
پورت سعيد,Portsaid
پورتگال ولايتي,Portugal Vilayeti
پوصاويه,Posaviye
پوصاريه,Posaviye/Posariye
پوساوه,Posaviye/Posava
پوسخوف,Poshof
پسخو,Poshof/Poshov
پوسخو,Poshof/Poshov
پسحو,Poshof/Poshov
پوسيخو,Poshof/Posihov
پوستخو,Poshof/Posthov
پصوشه,Posuşe
پوصوشه,Posuşe
بوسوشيه,Posuşe/Bosuşye
پوصوشيه,Posuşe/Posuşye
پوسوشيه,Posuşe/Posuşye
پُشت گرى,Poştgeri
پوشتكوه,Poştkuh
پشت راه,Poştrah
پوتامو,Potamo
پوتاموس,Potamos
پويراز,Poyraz
پوزانطى,Pozantı
بوزانطى,Pozantı
پوزاروفجه,Pozarofça
بوزروفجه,Pozarofça
بوزارفچه,Pozarofça/Bozarofça
بوزه فجه,Pozarofça/Bozofça
بوزورفجه,Pozarofça/Bozorofça
پوژرفجه,Pozarofça/Pojarefça
پوژاروفجه,Pozarofça/Pojarofca
پوزارفچه,Pozarofça/Pozarefçe
پتوركه,Pötürge
ايمرون,Pötürge/İmrun
بازار پراچه,Praça (Çatalca)/Pazar-ı Praça
بازار براچه,Praça (Çatalca)/Pazar-ı Praça
پراچۀ بالا,Praça-i Bala
پراچۀ زير,Praça-i Zir
چتالجه,Praça/Çatalca
بازار چتالجه,Praça/Pazar-ı Çatalca
بازاري پراچه,Praça/Pazar-ı Praça
بازار واروش پراچه,Praça/Pazar-ı Varoş-ı Praça
پراهوه,Prahova
پرهوه,Prahova
پراموره,Pramura
يشيل اطه,Pramura/Yeşilada
پراصو,Praso
پراسو,Praso
پراصو اطه لرى,Praso Adaları
پراسو,Praso/Garbitavşan
پراسولوغوس,Prasologos
پراسونى,Prasoni
پراسودا,Prasuda
پراسوده,Prasuda
پراسودى,Prasudi
پراقودى,Prasudi/Prakudi
پراسودو,Prasudo
پرامو,Prasudo/Pramo
پره شوه,Praşova
پراشوه,Praşova
پره شوه,Praşova
پرشوه,Praşova
پراواديجك,Pravadicik
پروادي,Pravadicik/Prevadi
پروادى,Pravadicik/Prevadi
پراويشته,Pravişte
پراوشته,Pravişte
براوشته,Pravişte
پراويشته,Pravişte
پراوشته وقواله مع بركتلو,Pravişte ve Kavala maa Bereketli
پرازينى آطه لر,Prazini
پرازينى,Prazini
پرمدى,Premedi
نفس پرمدى,Premedi
پره مدى,Premedi
بره مدى,Premedi
اپره مدى,Premedi/İpremedi
پره متى,Premedi/Premeti
پره موريه,Premorye
پر موريه,Premorye
پره موده,Premuda
پره پوليه,Prepolye
پره پوليه_x001C_,Prepolye
پرپوليه_x001C_,Prepolye
بازار پره پوليه,Prepolye/Pazar-ı Prepolye
بازار پرپوليه,Prepolye/Pazar-ı Prepolye
پره پول,Prepolye/Prepol
بره بول,Prepolye/Prepol
نفس پره پول,Prepolye/Prepol merkez
پريپولى,Prepolye/Pripoli
پره ساقوفچه,Presakofça
پرسلين,Preselin/Preseklani
برسلين,Preselin/Seklani
پرسيچان,Presiçan
برسجان,Presiçan
پرسجان,Presiçan
پره سپه,Prespa
پرسپه,Prespa
برسبه,Prespa
پرسبه,Prespa/Presbe
پروادى,Prevadi
پره وادى,Prevadi
پراودى,Prevadi
پراوادى,Prevadi
پره وادى,Prevadi
بره وادى,Prevadi
برقازى,Prevadi/Berkazi
پراوادى,Prevadi/Pravadi
پراوادى,Prevadi/Pravadi
پره وزه,Preveze
پره وزه,Preveze
پروزه,Preveze
پره وزه مع لامرى,Preveze maa Lamri
پروزه مع نارده,Preveze maa Narda
نارده مع پروزه,Preveze maa Narda/Narda maa Preveze
نارده مع  پروزه,Preveze maa Narda/Narda maa Preveze
پره وزه مع نواحى,Preveze maa Nevahi
نفس پره وزه,Preveze merkez
پره وزه ونارده,Preveze ve Narda
پره ويزه,Preveze/Previze
پره ويزه,Preveze/Previze
پرز,Prez
پريبوى,Priboy
بريپوى,Priboy
پر يبوى,Priboy
پرى بوى,Priboy
بازار پريبوى,Priboy/Pazar-ı Priboy
پره بوى,Priboy/Preboy
پرپوى,Priboy/Pripoy
پريجه,Price
پرقراى,Prikray
پرقراى,Prikray
پرنيا وور,Prinyavor
پرناوور,Prinyavor/Pernavur
پرناور,Prinyavor/Pernavur
بربود,Pripod
بريبود,Pripod
پريبود,Pripod
پريپوش شاغ,Pripuşşağ
پرپوشته,Pripuşte
پر شتنه,Priştine
پر شتنه,Priştine
پرشتنه,Priştine
پرشتنه,Priştine
برشتنه,Priştine
پر شتنه,Priştine
پر شتنه,Priştine
بازار پرشتنه,Priştine/Pazar-ı Priştine
پريدور,Priyedor
پريئيه در,Priyedor
پريدور مع قوزارچه,Priyedor maa Kozarçe
پريذور,Priyedor/Priyezor
پرزرين,Prizrin
پرزرن,Prizrin
پريزرين,Prizrin
برزرين,Prizrin
پرزرين مع نواحى,Prizrin maa Nevahi
پرزرين مع پرشتنه,Prizrin maa Priştine
پرزرين مع صهريقه,Prizrin maa Suhorika
برزرين مع صهريقه,Prizrin maa Suhorika
نفس پرزرين,Prizrin merkez
نفس پرزرن,Prizrin merkez
پروچه غوره,Proçegora
پرودانو,Prodano
برات,Prodano/Berat
پرادانو,Prodano/Pradano
پرودان,Prodano/Prodan
بروتى,Prodano/Proti
پرولوژچه,Prolojaçe
پرولوسيجه,Prolojaçe/Prolosiçe
پرولوشچه,Prolojaçe/Proloşiçe
پروستنيه,Prostenye
پروواتى,Provati
پروزور,Prozor
پروزر,Prozor
پروزور مع اقحصار,Prozor maa Akhisar
پروزوروپوژين واستروفجه,Prozor ve Pojin (?) ve Ostrofça
بازار پروزور,Prozor/Pazar-ı Prozor
پره زر,Prozor/Prezer
پريدور,Prozor/Pridor
واروش پروزور,Prozor/Varoş-ı Prozor
پساريانو,Psaryano
پساتونيس,Psatonis
پساتونيس ديكر,Psatonis-i diğer
پساتونيس ديكر,Psatonis-i diğer
ديكر پساتونيسى,Psatonis-i diğer (Diğer Psatonisi)
پساتونيسى,Psatonis/Psatonisi
پساتونيزى,Psatonis/Psatonizi
پساتونيزى,Psatonis/Psatonizi
پساتورا,Psatura
ارسوره,Psatura/Arsura
پساثرو,Psatura/Psasuro
پسيخرو,Psihoro
پسيرا,Psira
ايپسيرا,Psira/İpsira
كهله,Psira/Kehle
پساپرا,Psira/Pisapera
پوغانوس,Puganus
پوهوه مكه,Puhovameke
پوحوه مكه,Puhovameke
پوقه,Puka
پوقه,Puka
بوقه مع اقباله,Puka maa İtbala (İkbale)
بوقا واتباله مع مرديتا,Puka ve İtbala maa Mirdita
پوقه,Puka/Malizi
پولاى,Pulay
پلور,Pulur
پوراچيك,Puraçik
پرنار طاغى,Purnardağı
پوشادى,Puşadı
بوشادى,Puşadı
ايليج,Puşadı/İliç
پوشاط,Puşadı/Puşad
شادى,Puşadı/Şadi
پوشوه,Puşova (?)
پوطنه,Putna
پوتنيك,Putnik
بوتنيك,Putnik
پوينيك,Putnik/Puynik
پوزه او,Puzeo
نفس پلومر,Pülümür merkez
پلورك,Pülürek
پورنك,Pürnek
بورنك,Pürnek
پرتلو,Pürtlü
رابه,Raba
ربض عليقه,Rabaz-ı Ulleyka
رابطه,Rabıta
رابغ,Rabiğ
رجومه,Racuma
راچه,Raça
نفس راچه,Raça merkez
راتچه,Raça/Ratça
رداع,Rada
نفس رداع,Rada merkez
رادى,Radi
رادنه,Radna
رادوهنه,Radohine
رادومير,Radomir
رادومير,Radomir
رادومير مع سرشك,Radomir maa Sirişnik (Sirşik)
رادوپوليه,Radopolye
راده پوليه,Radopolye/Radepolye
رادويچقا,Radoviçka
رادوينه,Radovine
رادونه,Radovine
رادويشته,Radovişte
رادويشته,Radovişte
رادوشته,Radovişte
رادوشته,Radovişte
رادويشينه,Radovişte/Radovişine
رادويز,Radoviz
رادوويز,Radoviz
رادويز,Radoviz
رادومير,Radoviz/Radomir
رافتى,Rafti
راكوينه,Ragevine
رغدان,Rağdan
رحبه,Rahbe
رهبه,Rahbe
راحيك,Rahik
رحمانيه,Rahmaniye
راخوفچه,Rahofça
راحوفچه,Rahofça
راحوه,Rahova
رحوه,Rahova
راحووا,Rahova
راحوه مع جبره,Rahova maa Cibre
راحوه مع قصبۀ سبره,Rahova maa Cibre/Rahova maa Kasaba-i Sibre
نيكبولى راحوه سى,Rahova/Niğbolu Rahovası
اوراحووه,Rahova/Orahova
راحويجه,Rahoviçe
راحويجۀ زير و بالا,Rahoviçe-i Zir ve Bala
راحوتچه,Rahoviçe/Rahovitçe
راحويل,Rahovil (?)
راحونيك,Rahovnik
بازار راحونيك,Rahovnik/Pazar-ı Rahovnik
رقه,Raka
رقه لر,Rakalar
رقه,Rakalar/Raka
رقۀ بالا و زير,Rakalar/Raka-i Bala ve Zir
راقتنه,Rakitine
راقتنچه,Rakitniçe
رقه,Rakka
رقّه,Rakka
راقه,Rakka
رقه,Rakka/Ruha
رامه,Rama
رمادى,Ramadi
قلعۀ رمادى,Ramadi/Kale-i Ramadi
رماديه,Ramadi/Ramadiye
رام الله,Ramallah
رمصلى,Ramaslı
رمضان,Ramazan
رامشكان,Rameşkan
ره نسته,Raniste
را نسته,Raniste
رانيه,Raniye
نفس رانيه,Raniye merkez
راپشه,Rapşe
راس,Ras
روى,Ras/Roy
رسيجه,Rasice
راسوه,Rasova
رستوميت,Rastomit
راشيا,Raşeyya
راشيّا,Raşeyya
راشديه,Raşidiye
راشيا,Raşiya
باحينا,Raşiya/Bahina
پاخيا,Raşiya/Pahiya
راكيا,Raşiya/Rakya
راتوناس,Ratonas
راونيچه,Ravaniçe
روانيچه,Ravaniçe
راوندان,Ravendan
راواندان,Ravendan/Ravandan
رواندان,Ravendan/Ravandan
رواندان,Ravendan/Revandan
راونه,Ravna
راونه ريقا,Ravnarika
راونه ريقه,Ravnarika
رياقه,Rayyaka
رياكه,Rayyaka/Rayyake
رازلق,Razlık
رج,Reç
رچ مع لوهه,Reç maa Luhe
رچيچه,Reçiçe
رفيعات,Refiat
رقيعات,Refiat/Rakiat
ركج,Regec
رهباط,Rehbat
رحاليه,Rehhaliye
رجاليه,Rehhaliye/Ricaliye
رِحاليه,Rehhaliye/Rihaliye
ركينه,Rekine
رمشت,Remeşt
رمله,Remle
رمته,Remte
رندسيه,Rendesye
رندينه,Rendine
رَنْدينَه,Rendine
راس قسم,Res-i Kusum
رأس مسندم,Res-i Müsendem
راس رواعي,Res-i Revai
رساوه,Resava
رسوه,Resava
اسوه,Resava/İseva
قلعۀ رساوه,Resava/Kale-i Resava
رسوه,Resava/Reseva
رسلج,Reselec
رسمو,Resmo
رسيمو,Resmo
رثمو,Resmo
رسمو جزيره سى,Resmo Ceziresi
نفس رسمو,Resmo merkez
جزيرۀ رتمو,Resmo/Cezire-i Retmo
رسيمه,Resmo/Resime
رسيمو,Resmo/Resimo
رتيمو,Resmo/Retimo
رتمو,Resmo/Retmo
رَتْمو,Resmo/Retmo
رتمو,Resmo/Retmo
واروش قلععهء رثمو,Resmo/Varoş-Kale-i Resmo
رسنه,Resne
رستما,Restema
رستما و عين و مشيم بيت ابو علوان و توابعه (؟),Restema ve Ayn ve Meşim Beyt-i Ebuulvane ve tevabiihi
رأس العين,Resülayn
راس العين,Resülayn
راس السير,Resüsseyr
رشاديه,Reşadiye
رشى,Reşi
رَشيد,Reşid
رشيد,Reşid
رشيد,Reşid
رشيد مع بورلوس,Reşid maa Burulus
رَشِيد مع بُرلُوس,Reşid maa Burulus
رشكوتان,Reşkotan
رشنگان,Reşkotan (Reşengan (?))
ره اونيون,Reuniyon
رَوَا,Reva
رواى واديء خوبان,Reva-yı Vadi-i Huban
روان,Revan
قلعۀ روان,Revan/Kale-i Revan
روانديز,Revandiz
رواندز,Revandiz
رواندِز,Revandiz
رواندِز,Revandiz
نفس راونديز,Revandiz merkez
روندك,Revanduk
روان سر,Revanser
ريده,Reyde
ريحانيه,Reyhaniye
عميق اوه مع ريحانلو,Reyhaniye/Amikova maa Reyhanlı
نفس ريمه,Reyme merkez
رزازه,Rezaze
رزى,Rezi
رضوان,Rıdvan
ردوان,Rıdvan
رضوانيه,Rıdvaniye
رضائيه,Rızaiye
رباط,Ribat
ربنق,Ribnik
رجال المع,Ricalülma
ريچ,Riç
ريحا و زاويه و روج,Riha ve Zaviye ve Ruc
رقه,Rika
ركا,Rika
ريكان,Rikan
بيكاره,Rikan/Bikare
ريقاش,Rikaş
رقاش,Rikaş
ريم سج,Rimesec
ريمه صونباط,Rimesonbat
ريم صونباط,Rimesonbat
رمنيق مع فوقشان,Rimnik maa Fokşan
ريناسا,Rinasa
ريناسه,Rinasa
رندسته,Rindiste
رنى,Rini
رسان,Risan
قلعۀ رسنه,Risan/Kale-i Risan (Resne)
واروش قلعۀ رسان,Risan/Varoş-ı Kale-i Risan
ريشه,Rişe
رشمل,Rişmil
عشيرت رشوان,Rişvan
رشوان,Rişvan/Mecidiye
رشوانى عشيرتى,Rişvani Aşireti
ريوه,Riva
ايروه,Riva/İrva
روانجق,Riva/Revancık
ريكان,Riyekan
ريكان,Riyekan/Grahova
غراهوه,Riyekan/Grahova
رييول,Riyol
ريزان,Rizan
ريزه,Rize
ريزه مع مپاورى و باطرى و قراى و آندرى,Rize maa Mapavri ve Batırı ve Kura-yı Seba (Kuray) ve Andrı
نفس ريزه,Rize merkez
ريزه و ماپا ورى,Rize ve Mapavri
لازستان,Rize/Lazistan
ريزه,Rize/Lazistan
ريزو,Rizo
رِيزو,Rizo
ريزو,Rizo
ريزو مع منوفاج,Rizo ve Monofaç
ريزو و منوفاچ,Rizo ve Monofaç
جزيرۀ ريزو,Rizo/Cezire-i Rizo
روذارا,Rodara/Rozara
ردوس,Rodos
رودوس,Rodos
نفس ردوس,Rodos
ردوس,Rodos
ردوس,Rodos
ردُوسْ,Rodos
ردوس جزيره سى قلعه سى,Rodos Ceziresi Kalesi
ردوس مع ميس,Rodos maa Meis (Meyis)
ردوس مع ميس,Rodos maa Meyis
نفس ردوس,Rodos merkez
رودوس كهنه,Rodos-ı Köhne
ردوس كهنه,Rodos-ı Köhne
جزيرۀ ردوس,Rodos/Cezire-i Rodos
ايليوسا,Rodos/İlyosa
قلعۀ رادوس,Rodos/Kale-i Rados
قلعۀ رودوس,Rodos/Kale-i Rodos
قلعۀ ردوس,Rodos/Kale-i Rodos
اورودوس,Rodos/Orodos
رَدُوسْ,Rodos/Rados
رادوس,Rodos/Rados
روزكار آطه سى,Rodos/Rüzgar Adası
روفچه,Rofça
روجه,Rofça/Rovce
روفوسه,Rofusa
روفوسا,Rofusa
روغ,Rog
روغ,Rog
قلعۀ روغ,Rog/Kale-i Rog
قلعۀ روغ,Rog/Kale-i Rog
روغام,Rogam
رغام,Rogam
روغوز,Rogoz
راغوز,Rogoz
روقاقه,Rokaka
قزل الما,Roma/Kızılelma
ريم پاپا,Roma/Rimpapa
رومان,Roman
روپوز,Ropoz
روشدن,Roşden
روشقو پوليه,Roşkopolye
روينه,Rovine
روج,Ruc
روج الغربى,Rucülgarbi
روج الشرقى,Rucüşşarki
رودبار,Rudbar
روده,Rude
روده,Rude/Yenivaroş
روده بانه,Rudebana
روديه بانه,Rudebana/Rudyebana
رودخانه مع دربند,Rudhane maa Derbend
رودقات,Rudikat
رودينه,Rudine
رودنه,Rudine
روديله,Rudine/Rudile
رودنيك,Rudnik
رودنيك,Rudnik/Soroviç
روفالو,Rufalo
روغوه,Rugova
روها,Ruha
رها,Ruha
رُوهَا,Ruha
روحه,Ruha
روها,Ruha
نفس اورفه,Ruha (Urfa) merkez
بيرة الفرات,Ruha (Urfa)/Biretülfırat
اورفه,Ruha/Urfa
اورفا,Ruha/Urfa
رها,Ruha/Urfa maa Nevahi
نفس اورفه,Ruha/Urfa merkez
روحيه,Ruhiye
رق الحاجى,Rukkulhacı
روم,Rum
روم,Rum
رومْ,Rum
روم حديث,Rum-ı Hadis
روم قديم,Rum-ı Kadim
روم,Rum/Tokat
رومه,Ruma
رماحيه,Rumahiye
روماهيه,Rumahiye
رماهيه,Rumahiye
رومان,Ruman
روم ايلى,Rumeli
رُومْ ايلى,Rumeli
روم ايلي,Rumeli
روم ايلئ شرقى,Rumeli-i Şarki
شرقى روم ايلى,Rumeli-i Şarki/Şarki Rumeli
روم ايلى,Rumeli/Rumili
روم ايلى فنارى,Rumelifeneri
رمين,Rumeyn
رومي,Rumi
رومى,Rumi
رومى و اشنو,Rumi ve Uşni
ارومى,Rumi/Urumi
روميه,Rumiye
رُومِيَّه,Rumiye
روم قلعه,Rumkale
روم قلعه,Rumkale
روم قلعه قائممقاملغى,Rumkale
رومناچى,Rumnaçi
روندى,Rundi
روندي بالا,Rundi-i Bala
روبجوز,Rupçoz
روبچوز,Rupçoz
روس مملكتي,Rus Memleketi
روسجق,Ruscuk
روسجق,Ruscuk
روسجق,Ruscuk
روس,Ruscuk (Rus)/Yergöğü
روسجق مع نواحى,Ruscuk maa Nevahi
روس,Ruscuk/Rus
روسچق,Ruscuk/Rusçuk
اروس,Ruscuk/Urus
يركوكي بري يقه,Ruscuk/Yergöğü-i Beriyaka
روسى قسرى,Rusikasrı
روسي قصري,Rusikasrı
روسى قصرى,Rusikasrı
روس قصرى,Rusikasrı
روسيقصرى,Rusikasrı
روسه قصرى,Rusikasrı/Rusekasrı
روسقصرى,Rusikasrı/Ruskasrı
روسقصرى,Rusikasrı/Ruskasrı
روست,Rust
روستاو,Rustav
روستيقه,Rustika
اروته,Ruta (Erruta (?))
روطان,Rutan
ردطان,Rutan/Redtan
سعران,Saaran
سبقحانلو,Sabakhanlı (?)
ثابت,Sabit
ابن ثآبت,Sabit/İbn-i Sabit
صبيه,Sabiye
صابوج,Saboc (?)
صابوشلو,Saboşlu
صابورلى,Saburlu
سابوسنه و غفات و منصور و باطنه,Sabusne ve Gaffat ve Mansur ve Batıne (?)
صبيا,Sabya
جبا,Sabya/Caba
صاچى قرالو مع  اسبارته,Saçıkaralı maa Isparta
صاد,Sad
ساداب,Sadab (?)
سعدآباد مع  صاريز مغاره سى,Sadabad maa Sarız Mağarası
صداق,Sadak
صدرك,Saderek
صدمرّه,Sadmerre
صدر دار,Sadr-ı Dar
صدر سويب,Sadr-ı Suveyb
قلعۀ صدر سويب,Sadr-ı Suveyb/Kale-i Sadr-ı Suveyb
سويب,Sadr-ı Suveyb/Suveyb
صدرالعشار,Sadrulaşşar
صدوكين,Sadukin
صدوان,Saduvan
سدوان,Saduvan
صادوديك,Sadvodik
صاد وديك,Sadvodik
صفا,Safa
سفاجه,Saface
صفد,Safed
صفَد,Safed
صفد,Safed
صفد مع عكا و كفر كنه,Safed maa Akka ve Kefrkenne
صفدمع عكا وكفركنه,Safed maa Akka ve Kefrkenne
صفد و جبل,Safed ve Cebel
صفد و صَيْدَا و بيروت,Safed ve Sayda ve Beyrut
صفد و صيدا و بيروت,Safed ve Sayda ve Beyrut
صفت,Safed/Safet
جزيرۀ سفلا,Safiliya/Cezire-i Süfla
الصوفى,Safiliya/es-Sufi
صافيه,Safiliya/Safiye
صافيتا,Safita
صافتا,Safita
صافيتا,Safita
سافونيدى,Safonidi
آپوس نيقولاغوس,Safonidi/Aposnikolagos
ايوس نيقولاغوس,Safonidi/Ayosnikolagos
صفوى,Safva
صفّا,Safva/Saffa
ساغوار,Sagvar
ساغجى مع بادلو,Sağıcı (?) maa Badıllı
صاغ قول,Sağkol
صغمان,Sağman
صَغمَانْ,Sağman
صاحب,Sahib
صايب,Sahib/Saib
ساحل,Sahil
ساحل مع سوسَهْ و لجم و مهديه,Sahil maa Suse (Suseh) ve Lecem ve Mehdiye
ساحل مع سوسَهْ و لجم و مهديّه,Sahil maa Suse ve el-Cem ve Mehdiye/Sahil maa Suseh ve Lecm ve Mehdiye
ساحل مع سوسه و لجم و مهديه,Sahil maa Suse ve Lecem ve Mehdiye
ساحل مع سوسه و لجم و مَهْدُيّه,Sahil maa Suse ve Lecem ve Mehdiye
ساحل عكّه,Sahil-i Akka
ساحل عكا,Sahil-i Akka
ساحل عثليث الغربى,Sahil-i Aslisülgarbi
عتليت,Sahil-i Aslisülgarbi/Atlit
ساحل عتليت,Sahil-i Aslisülgarbi/Sahil-i Atlit
ساحل عينتاب,Sahil-i Aslisülgarbi/Sahil-i Ayntab
ساحل بيروت,Sahil-i Beyrut
ساحل,Sahil-i Beyrut/Sahil
سَاحِلِ حَامِتْ,Sahil-i Hamit
ساحل حامِت و سَبْلِين,Sahil-i Hamit ve Silin (Seblin)
ساحل معركه,Sahil-i Mareke
ساحل,Sahil/Suse
صحنه,Sahna
صحنه وطيبه,Sahna ve Tayyibe
صحنه و طيّبه,Sahna ve Tayyibe
صحرا,Sahra
صحراء قيصريه,Sahra-i Kayseriye
صحرا,Sahra-i Kayseriye/Sahra
صحراى قراقوش,Sahra-yı Karakuş
كوه بلوك قراقوش,Sahra-yı Karakuş/Kuh-ı Bölük-i Karakuş
صحراى قونيه,Sahra-yı Konya
صحرا,Sahra-yı Konya/Sahra
صحراء قونيه,Sahra-yı Konya/Sahra-i Konya
اووه,Sahra/Ova
اوه,Sahra/Ova
صحره اباد,Sahraabad
صهيون,Sahyun
صَهيون,Sahyun
نفس صهيون,Sahyun merkez
صهيون وجبل اكراد,Sahyun ve Cebel-i Ekrad
سعيد اباد,Saidabad
سعد آباد,Saidabad
سعد اباد,Saidabad
سعيد اباد,Saidabad/Afşar Aşireti
سعيد ايلى,Saidili
سعيد ايلى مع دربند قادين خانى,Saidili maa Derbend-i Kadınhanı
سعيد ايلى مع يوركان لادق,Saidili maa Yörükan-ı Ladik
قادين خان,Saidili/Kadınhan
سعيد ايلى,Saidili/Kadınhanı
سعل عدر,Sail Ader
سعل عدر الكبير,Sail Aderilkebir
سعل عنبر,Sail Anber
سعل عربى,Sail Arabi
سعل بديره,Sail Bedire
سعل كتاب,Sail Küttab
سعل صيح,Sail Sih
صقال,Sakal
صقل,Sakal
سقال,Sakal
صقان,Sakan
صقارقيا,Sakarkaya
سقاريا,Sakarya
سقاريه,Sakarya
سقريه,Sakarya
صاقچ,Sakç
صاقج,Sakç
صاقچه,Sakç/Sakça
ساقز,Sakız
ساقيز,Sakız
صاقز,Sakız
ساقز,Sakız
سَاقز,Sakız
ساقز مع قراى مصطكى,Sakız maa Kura-yı Mastaki
نفس ساقز,Sakız merkez
جزيرۀ ساقز,Sakız/Cezire-i Sakız
ديوان ساقز,Sakız/Divan-ı Sakız
قلعۀ ساقز,Sakız/Kale-i Sakız
قلعۀ صاقز,Sakız/Kale-i Sakız
ساقز,Sakız/Kastro
قاسترو,Sakız/Kastro
ساقز جزيره سى,Sakız/Sakızceziresi
واروش جزيرۀ ساقز,Sakız/Varoş-ı Cezire-i Sakız
واروش ساقز,Sakız/Varoş-ı Sakız
ساقيۀ موسى,Sakiyye-i Musa
ساقِيّۀ موسى,Sakiyye-i Musa
صقلاويه,Saklaviye
سقلاويه,Saklaviye
صقمار,Sakmar
ساله,Sala
صلاچور,Salaçor
صلاجور,Salaçor
صلاحيه,Salahiye
صلاحيّه,Salahiye
نفس صلاحيه,Salahiye merkez
قصبۀكفرى,Salahiye/Kasaba-i Kifri
كفرى,Salahiye/Kifri
كفرى,Salahiye/Kifri
صلاحيه,Salahiye/Kifri
سالحوره,Salahora
سلحوره,Salahora
سلقه,Salaka
صلاقه,Salaka
صلاقوز,Salakuz
سالامين,Salamin
قالويرو,Salamin/Kaliviro
قالورى,Salamin/Kaluri
قلورو,Salamin/Kaluro
قولورى,Salamin/Kuluri
قلورى,Salamin/Kuluri
قولوري,Salamin/Kuluri
كولورى,Salamin/Kuluri
سلاميس,Salamin/Selamis
صالانته,Salanta
سلط,Salat
صلوار,Salavar
صالاوار,Salavar
صلاوار,Salavar
صَلاَوار,Salavar
ساله,Sale
صالغر,Salgır
صلحد,Salhad
صلخد,Salhad
سلحد,Salhad
سلحط,Salhad/Selhat
صالق,Salık
صالحيه,Salihiye
صالحلو,Salihli
صالحلى,Salihli
نفس صالحلو,Salihli merkez
صالحلر,Salihli/Salihler
صالحلو,Salihli/Salihlü
صليما,Salima
سالمه,Salima
سالمه,Salime
سلمه,Salime/Selime
صالنه,Salina
سالينه,Salina
صالونه,Salina/Saluna
سالمانلر,Salmanlar
صالنجه,Salniçe
سلط,Salt
صلت,Salt
صلت عجلون,Salt-Aclun
صلت عجلون مع كرك و شوبك,Salt-Aclun maa Kerek ve Şubek (Şevbek)
صالتق,Saltık
صالور,Salur
صماقو,Samakov
صماقو الاپلى,Samakov-ı Alaplı
صماقو آلاپلى,Samakov-ı Alaplı
صماقو,Samakov-ı Alaplı/Samakov
صماقو ايولايچو,Samakov/Samakov-ı İvlayçov
صماقوجق,Samakovcuk
دمير كوى,Samakovcuk/Demirköy
صماقو,Samakovcuk/Samakov
تيمور كوى,Samakovcuk/Timurköy
صمان,Saman (?)
صمانجى,Samancı
صماپور,Samapor
صمابور,Samapor
قلعۀ صمابور,Samapor/Kale-i Samabor
صمابور,Samapor/Samabor
صمارجق,Samarcık
صمرجق,Samarcık
صمارينه,Samarina
سامرا,Samarra
سامره,Samarra
سمارها,Samarra/Samarraha
سرمنرا,Samarra/Sürremenra
سرّمن را,Samarra/Sürremenra
سرمن را,Samarra/Sürremenra
ساميوپولا,Samiyopula
آيى,Samiyopula/Ayı
سيماپولو,Samiyopula/Simapulo
ساموتراكى,Samotraki
ساموتراكى,Samotraki/Matraki
ساماتراكى,Samotraki/Samatraki
سمندرك,Samotraki/Semendirek
صمصاد,Samsad
صامصاد,Samsad
سميصاد,Samsad/Semisad
سيمساط,Samsad/Simisat
صامسون,Samsun
صامسون,Samsun
سامسون,Samsun
نفس صامسون,Samsun merkez
صامسون و معدن كابى,Samsun ve Maden-i Kabi
سان,San
صنعا,Sana
سنه,Sana
صَنْعا,Sana
صانه,Sana
سانه,Sana
نفس صنعا,Sana merkez
صنعان,Sana/Sanan
صناحين,Sanahin
صنامير,Sanamir
سنجاق,Sancak
سنجاسولى,Sancasulu (?)
صنداللو,Sandallı
صندللى,Sandallı
صندارون,Sandaron (?)
صندقلى,Sandıklı
صندوقلى,Sandıklı
صندقلو,Sandıklı
صاندقلو,Sandıklı
نفس صندوقلى,Sandıklı merkez
صندقلو,Sandıklı/Sandıklu
صندوقلى,Sandıklı/Sanduklı
صندوقلو,Sandıklı/Sanduklu
ساندومينو,Sandomino
صاندومير,Sandomir
سانيچه,Saniçe
صنار,Sannar
ساننيقولو,Sannikolo
سانسغو,Sansigo
سانسكى موست,Sanskimost
سانسقى موست,Sanskimost
سانسكى موست,Sanskimost
صانه,Sanskimost/Sana
سانه,Sanskimost/Sana
سانطه,Santa
سانتورين,Santorin
سانطورين,Santorin
صانطورين,Santorin
صانتورين,Santorin
سنطورين,Santorin
استانبوليه,Santorin/İstanbuliye
استانبوليّه,Santorin/İstanbuliye
سانتورون,Santorin/Santoron
صانطورون,Santorin/Santoron
سانتوزين,Santorin/Santozin
سقارو,Santorin/Skaro
صپانجه,Sapanca
صپانجا,Sapanca
صبانجه مع  بش ديوان,Sapanca (?) maa Beşdivan
صبانجى مع آطه بازارى,Sapanca (Sabancı) maa Adapazarı
صبانجى,Sapanca (Sabancı)/Ada
سبانجه مع  آطه پازارى,Sapanca maa Adapazarı
صبانجه,Sapanca/Sabanca
صبانجى,Sapanca/Sabancı
صبانجى / صبانجه,Sapanca/Sabancı
صبانلى,Sapanca/Sabanlı
ساپيانزا,Sapiyanza
بستيه ادالرى,Sapiyanza Adaları
ساپنيچه,Sapiyanza/Sapniçe
ساپيانس,Sapiyanza/Sapyanis
صاپنه,Sapna
سراجلى,Saraçlı
صاره ده,Sarada
سراكينو,Sarakino
صرانده,Sarande
سارات,Sarat
صراته,Sarata
صرته,Sarata
صاراته,Sarata
صارى آتا,Sarata/Sarıata
سراى,Saray
سراى ويزه,Saray-ı Vize
سراى,Saray-ı Vize/Saray
سرايحه,Saray-ı Vize/Sarayha
سراى بوسنه,Saraybosna
بازار تورقوشته,Saraybosna (Saray)/Pazar-ı Turkovişte
سراى بوسنه مع نواحى,Saraybosna maa Nevahi
بازار سراى,Saraybosna/Pazar-ı Saray
سراى,Saraybosna/Saray
واروش سراى,Saraybosna/Varoş-ı Saray
سرايجق,Saraycık
سيرانجق,Saraycık/Seyrancık
سراى كوى,Sarayköy
سرايكوى,Sarayköy
نفس سرايكوى,Sarayköy merkez
اذينه,Sarayköy/Ezine
ازينه لازقيه,Sarayköy/Ezine-i Lazkiye
ازينه لاذقيه,Sarayköy/Ezine-i Lazkiye
ازينۀ لاذقيه,Sarayköy/Ezine-i Lazkiye
اذينه لاذقيه,Sarayköy/Ezine-i Lazkiye
ازينۀ لادقيه,Sarayköy/Ezine-i Lazkiye
سراى كوى,Sarayköy/Ezine-i Lazkiye (Çarşamba-i Lazkiye)
سراى,Sarayköy/Saray
سراى,Sarayköy/Saray
سراى اوزى,Sarayözü
صاردنيا,Sardunya
ساردينيا,Sardunya/Sardinya
صارو,Sarı/Saru
صارى آلاڭ,Sarıalan
صارى بل,Sarıbel
صارى بورون,Sarıburun
صاريجه,Sarıca
صاريجه على,Sarıcaali
صاري چام,Sarıçam
صارى چام,Sarıçam
صارى چام و عشيرت حاجيلو و كوركجيلو,Sarıçam
صاري چام مع قره قشله,Sarıçam maa Karakışla
صارى چام وعشيرت حاجيلو و كوركجيلو,Sarıçam ve Aşiret-i Hacılı ve Kürkçülü
صارى,Sarıçam/Sarı
صاروچام,Sarıçam/Saruçam
صارو چام,Sarıçam/Saruçam
صارى چاير,Sarıçayır
صاريچاير,Sarıçayır
صاري جاير,Sarıçayır
صارى جاير,Sarıçayır
صارى چيچك,Sarıçiçek
صا رى چيچك,Sarıçiçek
صارى طوغان,Sarıdoğan
صارى غازى,Sarıgazi
صارى كول,Sarıgöl
صارى كول,Sarıgöl/Çarşamba
صارى گول,Sarıgöl/Çarşamba
چهارشنبه,Sarıgöl/Çarşamba
جهارشنبه,Sarıgöl/Çarşamba
صارى ىول,Sarıgöl/Sarıyol
صارى كوزل,Sarıgüzel
صاريخانلر,Sarıhanlar
صارى حضر,Sarıhızır
صارو قامش,Sarıkamış
صارى قاميش,Sarıkamış
صارى قواق,Sarıkavak
صارى قواق,Sarıkavak
صاريقواق,Sarıkavak
صارى قواق مع زينى,Sarıkavak maa Zeyne (Zeyni)
صارى كچيلو,Sarıkeçili
صارى كجيلو,Sarıkeçili
صارى كوى,Sarıköy
صاروميشه,Sarımeşe/Sarumişe
صارو مشه,Sarımeşe/Sarumişe
صارو ميشه,Sarımeşe/Sarumişe
صارمساقلى,Sarımsaklı
صارنچ,Sarınç/Sarnıç
صارينى,Sarını
صارى اوغلان,Sarıoğlan
صارى صو,Sarısu
صارى شعبان,Sarışaban
صاريشعبان,Sarışaban
صارى طاش,Sarıtaş (?)
صاري يار,Sarıyar
صاريز,Sarız
ساريز,Sarız
كوى يرى,Sarız/Köyyeri
صاروز,Sarız/Saruz
ساريزك,Sarızeg
ساريه,Sariya
ساريا,Sariya
سارييا,Sariya
سارييه,Sariya
اسقارپاتون,Sariya/Iskarpaton
ميقرى قاربانو,Sariya/Mıkrıkarbano
ميساريا,Sariya/Misarya
مساريا,Sariya/Misarya
صارنج,Sarnıç
ساروس,Saros
ساروس,Saros
سارپتاق,Sarpatak
سارپطاق,Sarpatak
شارپتاق,Sarpatak/Şarpatak
صارصب,Sarsab
صارصاب,Sarsab
سارسو,Sarso
صارت,Sart
صرط,Sart
صارت مع صالحلو,Sart maa Salihli
صارت مع صالحلر,Sart maa Salihli (Salihler)
صاروخان,Saruhan
صَارُوخَان,Saruhan
صاروحان,Saruhan
صرخان,Saruhan
صاروخان,Saruhan/Manisa
مغنيسا,Saruhan/Manisa
صاروحان بكلو,Saruhanbeyli
صاروقورغان,Sarukurgan
افشار,Sarukurgan/Afşar
صارواشقو,Sarvaşkö
صارواشكو,Sarvaşkö
سارويز,Sarviz
ساس,Sas
صاصون,Sason
صاسون,Sason
صاسون,Sason
ساسون,Sason
نفس صاسون,Sason merkez
صاطانوه,Satanova
نفس صاطانوه,Satanova merkez
صاتلمش و بيراملو,Satılmış ve Bayramlı
صاتليل,Satlil
صاتليل و مرخو,Satlil ve İmirhavi (Mirhav)
صاوا,Sava
صوه,Sava
صاوه,Sava
صوبا,Savba
ساوجى صنقور,Savcısunkur
صاورون,Savrun
ساوسيغ,Savsig
صاوور,Savur
صاور,Savur
صيادا,Sayada
صيعان,Sayan
سيعان,Sayan (Seyan (?))
صيدا,Sayda
صيدا,Sayda
صيدا و بيروت,Sayda ve Beyrut
صيداوبيروت,Sayda ve Beyrut
ساير مواضع,Sayir Mevazi
صير ابو نعير,Sayr Ebunuayr
ساز,Saz
صاز,Saz
ساز,Saz
سازاق,Sazak
سزاق,Sazak
سازه نو,Sazano
سازه نو,Sazano/Sazan
سازا ن,Sazano/Sazan
سازانه,Sazano/Sazana
صازنا,Sazano/Sazana
سازنه,Sazano/Sazana
سرانوس,Sazanos/Saranos
ساز باشى,Sazbaşı
سازباشى,Sazbaşı
سازين,Sazin
سازن,Sazin
سازلى دره,Sazlıdere
صازلق,Sazlık
سبلبن,Sebellebin
سبللبين,Sebellebin
صبرقطي,Sebercet/Saberkati
سن جون,Sebercet/Sincun
سبحه,Sebha
سبهه,Sebhe
سَبْهَه,Sebhe
سَبْهه,Sebhe
سبهه و سمنو,Sebhe ve Semnu
شبين,Sebhe/Şübeyn
سبيا و زنجير,Sebiya ve Zencir
سپكى,Sebki/Sepki
سَبْلِينْ,Seblin
سچن,Seçen
سَچَانْ,Seçen/Seçan
سَچَان,Seçen/Seçan
سچان,Seçen/Seçan
سچشته,Seçişte
سلچشته,Seçişte/Selçişte
سدّ اسلام,Sedd-i İslam
سد البحر,Seddülbahir
صدف,Sedef
انتروويتا,Sedef/Antirovita
صدف,Sedef/Antirovita
طوشان,Sedef/Tavşan
سدره,Sedra
سدرو,Sedro
ماقرى,Sedro/Makri
سفاجر,Sefacir
سه فاجر,Sefacir
سفريحصار,Seferihisar
سفريحصار چشمه مع ناحيۀ هَرَكَه و قلعۀ صيغجق,Seferihisar (Sifrihisar-ı Çeşme) maa Nahiye-i Hereke ve Kale-i Sığacık
سفريحصار چشمه مع ناحيۀ هركه,Seferihisar-ı Çeşme maa Nahiye-i Hereke
سفريحصار,Seferihisar/Sığacık
سوريحصار,Seferihisar/Sifrihisar
سفريحصار چشمه,Seferihisar/Sifrihisar-ı Çeşme
سفريحصارچشمه,Seferihisar/Sifrihisar-ı Çeşme
سفريحصار جشمه,Seferihisar/Sifrihisar-ı Çeşme
سوريحصار,Seferihisar/Sivrihisar
سغارلا,Segarla
سقاره,Segarla/Sekare
ساكاويجه,Segaviçe
سكاويچه,Segaviçe
سكديك,Segedik
سكدين,Segedin
سَكَدِينْ,Segedin
سگدين,Segedin
نفس سكدين,Segedin merkez
سكدين,Segedin/Baçka
سكژد,Segejd
سختلو,Sehatlı (?)
سكچوى,Sekçuy
سكچوي,Sekçuy
سكجوي,Sekçuy
سَكْچُويْ,Sekçuy
قلعه سكجوي,Sekçuy/Kale-i Sekçuy
سكلهد,Sekelihid
سكر,Seker
سكريان,Sekeryan
سكرمه,Sekirme
سكروفچه,Sekirofça
سَكْسَار,Seksar
سكسار,Seksar
سَكْسَارْ,Seksar
سكسار مع مهاچ,Seksar maa Mohaç
سكتان,Sektan
سلالى,Selali
سلاله,Selali/Selale
سلامه,Selame
سلامتلى,Selametli
سلانيك,Selanik
سلانيق,Selanik
سلانيك,Selanik
سلانيك مع نواحى,Selanik maa Nevahi
نفس سلانيك,Selanik merkez
نفس سلانيك مع نواحى,Selanik merkez maa Nevahi
سلانيك و قواله,Selanik ve Kavala
سلانيك مع نواحئ كسندره و گلمريه و معدن سيديروقافسى,Selanik ve nevahi-i Kesendire ve Kelemerye ve Maden-i Sidirokafsi
سلانيك مع نواحئ كسندره و گلمريه و معدن سيديروقافسى,Selanik ve nevahi-i Kesendire ve Maden-i Sidirokafsi
سلانيك وسدره قپسى,Selanik ve Sidrekapsi
سلبوكن,Selbüken
سلبوكنى,Selbüken/Selbüken
سِلبكون,Selbüken/Silbükün
سلفيه,Selefiye
سلحوره,Selehora
سلميه,Selemiye
سلميه و ديررحبه,Selemiye ve Deyr ve Rahbe (Deyr-Rahbe)
سليميه,Selemiye/Selimiye
سلميه,Selemiye/Selimiye
سليميه,Selemiye/Selimiye
سلندى,Selendi
سلندى,Selendi
سلندي,Selendi
سلنتى,Selendi
سلندر,Selendi/Selender
سيلندى,Selendi/Silendi
سلنچه,Seleniçe
سله پور,Selepur
سيلى,Seli (Seyli)/Hankendi
سيلى,Seli (Seyli)/Hankendi (Hanköy)
سيلى,Seli/Seyli
سليم,Selim
سلنو,Selino
جزيرۀ سلنه,Selino/Cezire-i Seline
سالنه,Selino/Saline
سلينه,Selino/Seline
سلنه,Selino/Seline
سَلنه,Selino/Seline
سَلِنه,Selino/Seline
سلنه,Selino/Seline
سلنه قستلى,Selino/Selinekasteli
سلونه,Selino/Selone
سلنتى,Selinti
سلنتى,Selinti
سلندى بازارجق بولكه سى,Selinti (Selindi) Pazarcık bölgesi
سلنتى مع بلكۀ پازارجق وبلكۀ اينجه آغز,Selinti maa bölge-i Pazarcık ve bölge-i İnceağız
سلنتى مع نواحى,Selinti maa Nevahi
غازى پاشا,Selinti/Gazipaşa
سلندى,Selinti/Selindi
سلندي,Selinti/Selindi
سلقين,Selkin
سقلين,Selkin/Saklin
سلمانلر,Selmanlar
سلمانلى,Selmanlı
سلمانلو,Selmanlı
سلمانلو و قراء ممالو,Selmanlı ve Kura-i Mamalı (Mamalu)
سلمانلوى كبير,Selmanlı-yı Kebir
سلمانلو كبير,Selmanlı-yı Kebir/Selmanlı Kebir
سلمانلوء كبير,Selmanlı-yı Kebir/Selmanlu-i Kebir
سلمانلوى صغير,Selmanlı-yı Sagir
سلمانلو صغير,Selmanlı-yı Sagir/Selmanlı Sagir
سلمانلوء صغير,Selmanlı-yı Sagir/Selmanlu-i Sagir
سلمانلى,Selmanlı/Salmanlı
سالمانلى,Selmanlı/Salmanlı
سلمان پاك,Selmanpak
سلماس,Selmas
سلمنك,Selmenik
سلمى,Selmi
سلودى (؟),Seludi (?)
سلوه,Selve
سما ديرك,Semadirek
سمادرك,Semadirek
سمدرك,Semadirek
سمادرك,Semadirek
سما درك,Semadirek
جزيرۀ سمدرك,Semadirek/Cezire-i Semadirek
جزيرۀ سمادرك,Semadirek/Cezire-i Semadirek
سمادك,Semadirek/Semadik
سمادرك,Semadirek/Semadirek
سمادرك,Semadirek/Semadrek
سَمَادْرَكْ,Semadirek/Semadrek
سَمادْرَكْ,Semadirek/Semadrek
سمدرك,Semadirek/Semedirek
سمندره,Semadirek/Semendire
سمندرك,Semadirek/Semendirek
سمنديرك,Semadirek/Semendirek
سماوه,Semave
سموات,Semave/Semavat
سماوات,Semave/Semavat
سمن,Semen
سمنه,Semen/Semene
سمندره,Semendire
سمَندرَه,Semendire
سمندره,Semendire
سمندره,Semendire
سمندره اوصادى,Semendire Osadı
اوصاد,Semendire Osadı/Osad
اوصد,Semendire Osadı/Osad
اوصات,Semendire Osadı/Osat
قلعۀ سمندره,Semendire/Kale-i Semendire
سمراوزى,Semerözü
سمز اوزى,Semerözü/Semizözü
سمحال,Semihal
سمنو,Semnu
سَمْنُو,Semnu
سمنو و سبهه,Semnu ve Sebhe
سمت قبلى,Semt-i Kıbli
سمت قبله,Semt-i Kıbli/Semt-i Kıble
سناك,Senak
سنبللوين,Senbellavin
سَنْبَلْلُوِين,Senbellavin
سَنْبَلْلُوين,Senbellavin/Senbellüvin
سنجبد,Sencbed
سنبو,Senebu
سنمنلى,Senemenli
سنامنلو,Senemenli
سينامنلو,Senemenli/Sinamenli
سنك سلفكه,Seng-i Silifke
سنكاو,Sengav
سنكلت,Sengelet
سنكوب,Sengob
نفس قلعۀ سنكوب,Sengob Kalesi merkezi
سنغودهار,Sengodhar
سنكورك,Sengorg
سنكرود,Sengrod
سنگرود,Sengrod
سنكروت,Sengrod/Sengrot
سنحان,Senhan
بلاد سنحان,Senhan/Bilad-ı Senhan
سنيچه,Seniçe
سنيچه,Seniçe
سنجه,Seniçe
سنيچه نام ديكر استار افلاق مع نواحى,Seniçe maa Nevahi/İstar Eflak
سيه نيجه,Seniçe/Siyeniçe
سكر,Senir
سڭر مع دوشنبه,Senir maa Düşenbe
سكر مع دوشنبه,Senir maa Düşenbe
سكركند,Senirkend
سكر كند,Senirkend
سكر كنت,Senirkend/Senirkent
سكركسن,Senirkesen
سن لازار,Senlazar
سن لورينچ,Senlörinç
سنلورنج,Senlörinç
سنلورنچ,Senlörinç
سنلورينچ,Senlörinç
سنمارتين,Senmartin
سن مارتين,Senmartin
سنمارتون,Senmartin/Senmartun
سنمقلوش,Senmikloş
بالا سنمقلوش,Senmikloş/Balasenmikloş
سن موريس,Senmoris
سن پتره,Senpetre
سنت اندريه,Sentandreye
سنت آنغريقو,Sentangeriko
سنت جون,Sentcon
سنت جونس,Sentcons
سنت جورج,Sentcorc
سنت استاد,Sentestad
سنت نيقولا,Sentnikola
آيانيقولا,Sentnikola/Ayanikola
ايانقولا,Sentnikola/Ayanikola
سنت نيقولو,Sentnikolo
سنت پليوس اطه جغى,Sentpiliyos Adacığı
سپنديك,Sepenedik
سپتجى,Sepetci
سپتلى,Sepetli
سپكى,Sepki
سبكى,Sepki/Sebki
سپته,Septe
سراب,Serab
سراجو,Seracu
سرا دره سى,Seraderesi
سراكنه,Serakine
سراة,Serat
سرا,Serat/Sera
سربند,Serbend
سرچمه,Serçeme
سرچيان,Serçeyan
سرچه,Serçeyan/Serçe
سر چنار,Serçınar
سرچنار و قوپسى (؟),Serçınar ve Kopsi (?)
سرچنار غربى,Serçınar-ı Garbi
سرچنار غرب,Serçınar-ı Garbi (Garb)
سرچنار شرقى,Serçınar-ı Şarki
سرچنار شرق,Serçınar-ı Şarki (Şark)
سرچنار شرقى,Serçınar-ı Şarki/Demirkan
سرده,Serde
سرده هل,Serdehel
سردرود,Serdrud
سردصحرا,Serdsahra
سردوصحرا,Serdsahra
سرسك,Seresek
سرفيچه,Serfiçe
سرفيجه,Serfiçe
سرفچه,Serfiçe
سرفيچه,Serfiçe
سرفيچه مع اكرى بجاق,Serfiçe maa Eğribucak
نفس سرفيچه,Serfiçe merkez
سرفيجه,Serfiçe/Serfice
سر فيروز اباد,Serfiruzabad
سرفوپولو,Serfopolo/Küçükserfo
كوجك سرفوز,Serfopolo/Küçükserfoz
سرفو,Serfopolo/Serfo
سريفوپولون,Serfopolo/Serifopulon
سركن,Sergen
قزانو,Sergiç/Kazano
كليسه,Sergiç/Kilise
سركيچ,Sergiç/Tavşan
سريج,Seric
سريفوس,Serifos
سرفوس,Serifos
قيونلجه,Serifos/Koyunluca
سرفيه,Serifos/Serfiye
سرفو,Serifos/Serfo
سرفوز,Serifos/Serifoz
سرپو,Serifos/Seripo
سريغو,Serigo
بويوك چوقه,Serigo/Büyükçuka
بيوك چوقه,Serigo/Büyükçuka
چقه,Serigo/Çuka
چوقه,Serigo/Çuka
شرش,Seriş
سر قالو,Serkalo (?)
سركش,Serkeş
سركيس,Serkeş/Serkis
سركس,Serkeş/Serkis
سركس,Serkis
سركيس,Serkis
سرماسادارس و سانه,Sermasadaris ve Sana (?)
سرمين,Sermin
سرعين,Serraayn
سرتاج,Sertaç
سرو,Serv
سروى,Servi
الافونيزى,Servi/Elafonizi
پاشا,Servi/Paşa
سَرْوِيّه,Serviye
سرويّه,Serviye
سسقيلى,Seskılı
كوچك سنبه كى,Seskılı/Küçüksönbeki
سكى,Seskılı/Seki
سقلى,Seskılı/Seklı
سسكى,Seskılı/Seski
سقيلى,Seskılı/Sikılı
سيسكى,Seskılı/Siski
سترك,Setrek
سترك سفلا,Setrek-i Süfla
سواديه,Sevadiye
سوادى,Sevadiye/Sevadi
سواكن,Sevakin
جزيرۀ سواكِن,Sevakin/Cezire-i Sevakin
سوير,Sevir
ثور,Sevr
سيدى بن عباس,Seydi bin Abbas
سيدكان,Seydikan
سيدى قواقى,Seydikavağı
سيدى كوى,Seydiköy
سيديكوى,Seydiköy
سيدى كويى,Seydiköy/Seydiköyü
سيدى شهرى,Seydişehri
سيدى شهري,Seydişehri
سيدى شهرى,Seydişehri
سيدى شهر,Seydişehri/Seydişehir
سيد شهر,Seydişehri/Seyyidşehir
سيد شهرى,Seydişehri/Seyyidşehri
سيّد شهرى,Seydişehri/Seyyidşehri
سيحات,Seyhat
سهات,Seyhat/Sehat
شهات,Seyhat/Şehat
سيحون,Seyhun
قزيل ارمق,Seyhun/Kızılırmak
قزيل ايرمق,Seyhun/Kızılırmak
سيحان,Seyhun/Seyhan
سيل كبير,Seyl-i Kebir
سيلان,Seylan/Serendib
سنبول,Seynol (?)
سيّد,Seyyid
سيد بابا,Seyyidbaba
سيد غازى,Seyyidgazi
سيد غازي,Seyyidgazi
سيدى غازى,Seyyidgazi/Seydigazi
سيدى غازي,Seyyidgazi/Seydigazi
سيدلر,Seyyidler
صيچان,Sıçan
صچان,Sıçan
سيچان,Sıçan
پونديقواطه جغى,Sıçan/Pondiko Adacığı
صيغه حق,Sığacak
صيغه جق,Sığacık
قلعۀ صيغه جق,Sığacık/Kale-i Sığacık
صغر,Sığır
صغير,Sığır
بووى,Sığır/Bovey
وويدونى,Sığır/Voydoni
صغرى,Sığrı
صيغرى,Sığrı
صندرغى,Sındırgı
چوروم,Sındırgı Çorum/Çorum
صرب,Sırb
سرب,Sırb
سيرب,Sırb
صرب ولايتي,Sırb Vilayeti
صرپ امارتى,Sırb/Sırp Emareti
صيرچه اباد,Sırçaabad
سرقنطى,Sırkıntı
سرقنطئ بالا,Sırkıntı-i Bala
سرقنطيء بالا,Sırkıntı-i Bala
يوقارو صارقنديلى,Sırkıntı-i Bala/Yukarısarkındılı
يوقارى سرقنطى,Sırkıntı-i Bala/Yukarısırkıntı
سرقنطئ زير,Sırkıntı/Sırkıntı-i Zir
صرب صنديغى,Sırpsındığı
صرت,Sırt
صرت مع اكدير,Sırt maa İğdir
صارت,Sırt/Sart
سعال,Sial
سيال,Sial
سيئال,Sial
سيأل,Sial
سيئل,Sial
سيبريچه,Sibriçe
سبياك,Sibyak
سجيليه,Sicilya
سجليه,Sicilya
سده,Side
سيده رى اوه,Sideriova
سدره قبسى,Sidrekapsi
سدره قپسى,Sidrekapsi
سدره قاپسى,Sidrekapsi
معدن سيديروقافسى,Sidrekapsi/Maden-i Sidirokafsi
معدن سدره قپسى,Sidrekapsi/Maden-i Sidrekapsi
سدروقاپسى,Sidrekapsi/Sidrokapsi
سيدوسسا,Sidussa
سيدوزا,Sidussa/Siduza
سيفنوس,Sifnos
سفنوس,Sifnos
سفنوه,Sifnos (Sifnova (?))
جزيرۀ شفنوس,Sifnos/Cezire-i Şifnos
اسپنوس,Sifnos/İspinos
سيفانو,Sifnos/Sifano
سفينوز,Sifnos/Sifinoz
سيفنه,Sifnos/Sifne
سفنوش,Sifnos/Sifnoş
سيفنوز,Sifnos/Sifnoz
شفنوس,Sifnos/Şifnos
شيفنوز,Sifnos/Şifnoz
شفنوز,Sifnos/Şifnoz
ياوزجه,Sifnos/Yavuzca
ثيغانى,Sigani
ماورونيسى,Sigani/Mavronisi
سكت,Siget
سكتوار,Sigetvar
نفس سكتوار,Sigetvar merkez
سكتوار و پچوي,Sigetvar ve Peçuy
قلعۀ سكتوار,Sigetvar/Kale-i Sigetvar
سَكتْوآر,Sigetvar/Segetvar
سيكى,Siği
سحاب,Sihab
سعرد,Siird
سعيرد,Siird
نفس سعرد,Siird merkez
سعرد و حصنمنصور,Siird ve Hısn-ı Mansur
اسفرد,Siird/İsfird
اسعرد,Siird/İsird
سعرد,Siird/İsird
سيكى يا,Sikiya
سيقلاد آطه لر,Siklad Adaları
سيقلاد اطه لرى,Siklad Adaları
سيقلاد,Siklad Adaları
سايقليد اطه لرى,Siklad/Sayaklid Adaları
سلاح,Silah
سيلاح,Silah
سيلاخور,Silahur
سيلفانى,Silifani
سلفكه,Silifke
سيلفكه,Silifke
سلفكه مع اوقاف و بلكۀ جبل,Silifke maa Evkaf ve Bölge-i Cebel
سليس اوزي,Silisözü
سيليس اوزى,Silisözü
سيلس اوزى,Silisözü
سلس,Silisözü/Silis
سلستره,Silistre
سِلِسترَه,Silistre
سلستره,Silistre
سلستره مع نواحى,Silistre maa Nevahi
سلستره مع طولچى,Silistre maa Tulca
اوزى,Silistre/Özi
سلتره,Silistre/Silitre
سلورى,Silivri
سلورى,Silivri
سيليورى,Silivri
سيلورى,Silivri
سليورى,Silivri
سيليورى,Silivri
سلوپى,Silopi
سلوبى,Silopi
سلوبى,Silopi/Silobi
سلوان,Silvan
سيلوان,Silvan
سيلوان,Silvan
ميا فارقين,Silvan/Meyyafarikin
سيلوان,Silvan/Meyyafarikin
سلوان,Silvan/Meyyafarikin
ميّافارقين,Silvan/Meyyafarikin
ميافارقين,Silvan/Meyyafarikin
مفارقين,Silvan/Meyyafarikin (Mefarikin)
سماو,Simav
سيماو,Simav
نفس سيماو,Simav merkez
شابخانه,Simav/Şabhane
سمر,Simer
سيمار,Simer/Simar
سمير,Simer/Simir
سيمين رود,Siminrud
سيموش,Simoş
سمره,Simre
سمره طاشان,Simre-i Taşan
سمرۀ لاديق,Simre/Simre-i Ladik
سين,Sin
سيل,Sin (Sil (?))
سن و آگو و خوشناو,Sin ve Agu ve Hoşnav
سين و چتنه,Sin ve Çetine
قلعۀ سين و چتنه,Sin ve Çetine/Kale-i Sin ve Çetine
قلعۀ سين,Sin/Kale-i Sin
قلعۀ سين,Sin/Kale-i Sin
سنه,Sin/Sine
واروش قلعۀ سين,Sin/Varoş-ı Kale-i Sin
سينافير,Sinafir
سناف,Sinafir/Senaf
سنان,Sinan
سنان,Sinan
سنانلو,Sinanlı
سنانلى,Sinanlı
سنان پاشا,Sinanpaşa
سنجان,Sincan
سنجان مع  كرماستى,Sincan maa Kirmasti
سنجان مع  ميخاليج,Sincan maa Mihaliç
سنجاق مع  ميخاليچ,Sincan maa Mihaliç/Sancak maa Mihaliç
سنجانلو,Sincanlı
سنجانلو,Sincanlı
سنجانلى,Sincanlı
صيچانلو,Sincanlı/Sıçanlı
صچانلو,Sincanlı/Sıçanlı
سيچانلى,Sincanlı/Sıçanlı
سنجانلى,Sincanlı/Sinanpaşa
سنان پاشا,Sincanlı/Sinanpaşa
سنجان,Sincanlı/Sincan
اولو سنجانلو,Sincanlı/Ulusincanlı
سنجار,Sincar
نفس سنجار,Sincar merkez
بلد,Sincar/Beled
سَنْجَارْ,Sincar/Sencar
سنجاو,Sincar/Sincav
سنجيك,Sincik
سنجك,Sincik
سندى,Sindi
سندى كللى,Sindigüllü
سنديان,Sindiyan
سينه,Sine/Seyne
سنكجى,Sinekçi/Sinekci
سنكل,Singel
سنى,Sini
سينه,Sinne
سنه,Sinne
سينوب,Sinob
سينوب مع نواحى,Sinob maa Nevahi
نفس سينوب,Sinob merkez
سپلاق,Siplak
سيپلاق,Siplak
سبلاق,Siplak
سيبلاق,Siplak/Siblak
سپصقه,Sipsaka
سپتوروس,Siptoros
سير,Sir
سير بنى ياس,Sir Beniyas
صير بنى ياس,Sir Beniyas
سير ابو شيه,Sir Ebuşiye
سير بردع,Sir/Sir-i Berda
سِراجيه,Siraciye
سيرجه,Siraçe
سيرچه,Siraçe
سيرچه,Sirçe
سيرم,Sirem
سرم,Sirem
سرغايا,Sirgaya
سركه,Sirge
سيركه,Sirge
سيرينا,Sirina
سرينا,Sirina
سيرنا,Sirina
اسرينا,Sirina (Ayoscovanis)/Esrina
آيى يانى,Sirina/Ayiyani
سيرينا,Sirina/Ayoscovanis
سيرنوس,Sirina/Sirnos
سرنوس,Sirina/Sirnos
يوانى,Sirina/Yovani
سيرنيك,Sirinik
سرشنيك,Sirişnik
سرشنيك مع كورنه قيرايشته,Sirişnik maa Gornakrayişte
سيرنيچه,Sirniçe
سيروز,Siroz
سيروز,Siroz
سيروز مع درامه,Siroz maa Drama
سيروز مع اردوى همايون,Siroz maa Ordu-yı Hümayun
سيروز مع تفنّى,Siroz maa Tefenni
نفس سيروز,Siroz merkez
سروز و كمر,Siroz ve Kemer
سِرت,Sirt
سرت,Sirt
صرت,Sirt
سِرْتْ,Sirt
سِرتْ,Sirt
سِيرت,Sirt
سيريا,Sirya
سيس,Sis
سِيسْ,Sis
سيِسْ,Sis
نفس سيس,Sis merkez
قوزان,Sis/Kozan
قوزان,Sis/Kozan
سيسام,Sisam
سيسام,Sisam
سيسام اطه سى,Sisam Adası
سيسام امارتى,Sisam Emareti
صوسام,Sisam/Susam
صوصام,Sisam/Susam
سيسيى,Sisi
سيس اورته,Sisorta
سيس اورته  مع نائبلو,Sisorta maa Naibli
اورته مع نائبلو,Sisorta maa Naibli/Orta maa Naibli
سيس,Sisorta/Sis
سيسيان,Sisyan
ستاوق,Sitavuk
ستورا,Situra
سيدر,Situra/Sidur
سبور,Situra/Sipur
سيوان,Sivan
سيواس,Sivas
سيوآس,Sivas
سيواس عزيزيه,Sivas Aziziye
عزيزيه,Sivas Aziziye/Aziziye
بيكارباشي,Sivas Aziziye/Pınarbaşı
بيكارباشى,Sivas Aziziye/Pınarbaşı
سيواس مع ناحيۀ حافيك,Sivas maa Nahiye-i Hafik
سيواس مع سيواس ايلى,Sivas maa Sivasili
نفس سيواس,Sivas merkez
سيواس ايلى,Sivasili
سيواسلى,Sivaslı
سيورك,Siverek
سيوه رك,Siverek
سورك,Siverek
سوَه رَكْ,Siverek
سيوه رك قره جه طاغ,Siverek Karacadağ
قره جه طاغ,Siverek Karacadağ/Karacadağ
سورك و صمعاد,Siverek ve Samsad (Samad)
شهر,Siverek/Şehir
سوى,Sivi
سيوير,Sivir
سوير,Sivir
سيووطه,Sivota
سيورى,Sivri
سيورى آطه,Sivriada
سورى اطه,Sivriada
سيورى اطه,Sivriada
لوقسه يا,Sivriada/Luksaya
سوريجه حصار,Sivricehisar
سفريجه,Sivricehisar/Sifrice
سوريجه,Sivricehisar/Sivrice
سوريچه,Sivricehisar/Sivriçe
سيوريچه,Sivricehisar/Sivriçe
سيوريحصار,Sivrihisar
سيوروحصار,Sivrihisar
سفريحصار,Sivrihisar/Sifrihisar
سفرى حصار,Sivrihisar/Sifrihisar
سفريحصار,Sivrihisar/Sifrihisar
سفريخصار,Sivrihisar/Sifrihisar
سفريحصار كونيوزى,Sivrihisar/Sifrihisar-ı Günyüzü
سفريحصار كون يوزى,Sivrihisar/Sifrihisar-ı Günyüzü
سيورى كيسه,Sivrikese
سيوريطاش مع نواحى,Sivritaş maa Nevahi
سياه كوه,Siyahkuh
سى ذرون,Sizeron
سلام,Slam (?)
صوبصلو,Soboslo
صوبيجه,Sobuca
صوبيچه,Sobuca
سوچى,Soçi
سوفرانو,Sofrano
صوفرانو,Sofrano
رافوراس,Sofrano/Raforas
طه لرى,Sofrano/Safran
زافوراس,Sofrano/Zaforas
زافرانا,Sofrano/Zafrana
زفرانى,Sofrano/Zafrani
صوفيلر,Sofular
صوفيلر,Sofular
صوفيلو,Sofulu
صوفيلى,Sofulu
صوفيلو,Sofulu
نفس صوفيلو,Sofulu merkez
صوفيه,Sofya
پاشا,Sofya/Paşa
صوفيه,Sofya/Serdic
صوغان,Soğan
قروميدونيس,Soğan/Kromidonis
صوغانلى,Soğan/Soğanlı
صوغانلى,Soğanlı
صوغداق,Soğudak
صغوداق,Soğudak
صوغوداق,Soğudak
قلعۀ صوغوجاق,Soğudak/Kale-i Soğucak
صوداق,Soğudak/Sudak
صوغوق پيكار,Soğukpınar
سحوم,Sohum
صوحوم,Sohum
صخوم,Sohum
سخوم,Sohum
صوقوينى مع بوقو,Sokavini maa Buko
صقول,Sokol
صوقول,Sokol
صقول بزرك,Sokol-ı Büzürk
صقول كوجك,Sokol-ı Küçük
صقول كوچك,Sokol-ı Küçük
قلعۀ صقول,Sokol/Kale-i Sokol
قلعۀ صوقول,Sokol/Kale-i Sokol
بازار,Sokol/Pazar
واروش قلعۀ صقول,Sokol/Varoş-ı Kale-i Sokol
واروش صقول,Sokol/Varoş-ı Sokol
صقولويچى,Sokoloviçi
صولين,Solin
صول قول,Solkol
صلنق,Solnok
صولنق,Solnok
صولنوق,Solnok
صولنيق,Solnok/Solnık
صُولْنيق,Solnok/Solnık
صونلق,Solnok/Sonlok
واروش صولنق,Solnok/Varoş-ı Solnok
سولطه,Solta
لورن,Solta/Loren
صومه,Soma
صوما,Soma
سومه,Soma
صومه [مع] ترحاله,Soma [maa] Tarhala
صومه مع تارحاله,Soma maa Tarhala
صومه مع تارحاله,Soma maa Tarhala
صومه مع تارخاله و قرق اغاچ,Soma maa Tarhala ve Kırkağaç
صومحرط,Somhurt
سمودور,Somodor
سموكين,Somogin
صونبور,Sonbor
صومبور,Sonbor/Sombor
ضومبور,Sonbor/Zombor
صونده,Sonda
صونيسا,Sonisa
صونيسه,Sonisa
صونسه,Sonisa
صونيسا مع نيكسار,Sonisa maa Niksar
صونيسا و نيكسار,Sonisa ve Niksar
صونيا,Sonisa/Soniya
صوپوت,Sopot
سپوت,Sopot
ثمود,Sopot/Somod
صوپيه,Sopye
سُورَان,Soran
صوردى طوب اطالرى,Sordıtob Adaları
صورغون,Sorgun
صورغن قسطمونى,Sorgun-ı Kastamonu
صورغون,Sorgun-ı Kastamonu/Sorgun
صورقون,Sorgun-ı Kastamonu/Sorkun
صورويج,Soroviç
صوصكرد,Sosgerd
سوستى,Sosti
سوتين,Sotin
سوطين,Sotin
صوالق,Sovalak
صوولاق,Sovalak
صوق بلاق,Sovukbulak
صوق بلآق,Sovukbulak
ساوج بولاغ,Sovukbulak/Savucbulağ
ساوج بولاق,Sovukbulak/Savucbulak
صاوق بولاق,Sovukbulak/Savukbulak
سكود,Söğüd
سگود,Söğüd
نفس سكود,Söğüd merkez
سكود و پازار صويى,Söğüd ve Pazarsuyu
بك سكودي,Söğüd/Beysöğüdü
سوكوت,Söğüd/Söğüt
سكوت,Söğüd/Söğüt
سكودلى,Söğüdlü
سكود اوزى,Söğüdözü
سكوت,Söğüt
سكوت اباد,Söğütabad
سوكوتجك,Söğütcük
سكودجك,Söğütcük/Söğüdcük
سوگتلو,Söğütlü
سوگتلو,Söğütlü
سوكه,Söke
سوكه آق كوى,Söke Akköy
آق كوى,Söke Akköy/Akköy
سوكه,Söke/Akçaşehir
اقچه شهر,Söke/Akçaşehir
آقچه شهر,Söke/Akçaşehir
اقجه شهر,Söke/Akçaşehir
سوكه,Söke/Akçaşehir-i Aydın
اقچه شهر ايدين,Söke/Akçaşehir-i Aydın
سكمان اباد,Sökmenabad
سكمن اباد,Sökmenabad
سوكيلى جلتك,Sökülüçeltik (?)
سلوش,Söllöş
سولوش,Söllöş
سومبكى,Sömbeki
سومبكي,Sömbeki
سمباكى,Sömbeki
سومبكى,Sömbeki
جزيرۀ سومبكى,Sömbeki/Cezire-i Sömbeki
سيمى,Sömbeki/Simi
صومبكى,Sömbeki/Simi
سمباكى,Sömbeki/Sömbaki
سومباكى,Sömbeki/Sömbaki
سومبكى جزيره سى,Sömbeki/Sömbeki Ceziresi
سونبكى,Sömbeki/Sönbeki
سُونْبَكى,Sömbeki/Sönbeki
سنبه كى,Sömbeki/Sönbeki
سنبكى,Sömbeki/Sönbeki
سويله مز,Söylemez
سويلمز,Söylemez
سويله مز,Söylemez/Hacıömerbey
سپذييا,Speziya
سپيليا,Spilya
سپليا,Spilya
سپيرا,Spira
سراتنا غورا,Sratnagora/Ortadağ
صراولوس,Sravalos
سرولوس,Sravalos
سراولوس,Sravalos
اسراولوس,Sravalos/İsravalos
سرالوس,Sravalos/Sralos
صراولوز,Sravalos/Sravaloz
سراواولوس,Sravalos/Sravavalos
سراواولوس,Sravalos/Sravavlos
سره برنيچه,Sreberniçe
صره برنيچه,Srebreniçe
سربرنيچه,Srebreniçe
سرابرنيچه,Srebreniçe
سرا برنيچه,Srebreniçe
سره برنيچه,Srebreniçe
سيره برنيچه,Srebreniçe
سربرنچه,Srebreniçe
سرپرنچه,Srebreniçe
سربرنيجه,Srebreniçe
بازار معدن سربرنيچه,Srebreniçe/Pazar-ı Maden-i Srebreniçe
بازار معدن سربرنچه,Srebreniçe/Pazar-ı Maden-i Srebreniçe
سره برنيق,Srebrenik
سربرنيق,Srebrenik
واروش قلعۀ سربرنيق,Srebrenik/Varoş-ı Kale-i Srebrenik
ستفانو,Stefano
سنت جورج,Stefano/Sentcorc
سنت جورج,Stefano/Sentcorc
ستنچه,Steniçe
سترونكيلو,Strongilo
سيترونغيلو,Strongilo
ستيرنغيلو,Strongilo/Stirongilo
ستروويلو,Strovilo
استره وول,Strovilo/İstrevol
ستورينه,Sturine
صوبادره,Subadra
زوبه دره,Subadra/Zubadra
ظوبه دره,Subadra/Zubadra
صوباشى,Subaşı
صوبر,Suber
سبوچقه,Suboçka
سبودسقه,Subodiska
صوبوتقه,Subotika
صوبوتنچه,Subotinçe
صبوتنچه,Subotinçe
سبوتنجه,Subotinçe
صو چاتى,Suçatı
صوچاتى,Suçatı
سوچيچه,Suçiçe
صوچوه,Suçova
سوده,Suda
سوده,Suda
سودان مصرى,Sudan-ı Mısri
سوده,Sude
صو درهمى,Sudirhemi
صو درمى,Sudirhemi
سلله,Sudirhemi/Sille
سيلله,Sudirhemi/Sille
سله,Sudirhemi/Sille
صو درهمى,Sudirhemi/Sille
سيله,Sudirhemi/Sille
صو درمى,Sudirhemi/Sudiremi
صوغله,Suğla
صغله,Suğla
صغله,Suğla
صغاجق,Suğla/Sığacık
صغه جق,Suğla/Sığacık
سيغله,Suğla/Sığla
صهاج,Suhac
سنهج,Suhac/Senhec
سَنْهَجْ,Suhac/Senhec
سوهى ميحال,Suhimihal
سخنه,Suhne
صحودوليه,Suhodolye
سخوغرله,Suhogırla
سحوغرله,Suhogırla
سخوغرله,Suhogırla
صحريقه,Suhorika
صحوريقه,Suhorika
صحورقه,Suhorika
صحورقعه,Suhorika/Suhorikaa
سهره ورث,Suhrevers
صوخته,Suhte (?)
سوق الشيوخ,Sukuşşuyuh
سقطرى,Sukutra
صليب,Suleyb
صولنه (؟),Sulina (?)
سلووه,Sulova
سلوه,Sulova
سولوه,Sulova
سكوه,Sulova/Sekova
سوله,Sulova/Süle
سلطان,Sultan
سلطان طاغلرى,Sultan Dağları
سلطان خانى,Sultanhanı
سلطان حصار,Sultanhisar
سلطانحصار,Sultanhisar
سلطان حصار ايدين,Sultanhisar/Sultanhisar-ı Aydın
سلطان حصارى,Sultanhisar/Sultanhisarı
سلطانحصارى,Sultanhisar/Sultanhisarı
سلطانيه,Sultaniye
نفس سلطانيه,Sultaniye merkez
آناپوليس,Sultaniye/Anapolis
سلطانيه,Sultaniye/Anapolis
آنوپولي,Sultaniye/Anopoli
انوپولي,Sultaniye/Anopoli
سلطانمود,Sultanmud
سلتانمود,Sultanmud
مود,Sultanmud/Mud
سلطان اوكى,Sultanönü
سلطان اوكي,Sultanönü
سلطان اوكى,Sultanönü
نفس سلطان اوكي,Sultanönü merkez
سلطان اوكى,Sultanönü/Eskişehir
سلطان اوكي,Sultanönü/Eskişehir
سلطان يرى,Sultanyeri
سلطان يرى,Sultanyeri
سلطانيرى,Sultanyeri
سلطانيرى,Sultanyeri
طاغ اردى و دارى دره واغريجان,Sultanyeri (Dağardı) ve Darıdere ve Ağrican
نفس سلطان يرى,Sultanyeri merkez
طاغ آردى,Sultanyeri/Dağardı
سلطان يرى,Sultanyeri/Dağardı
سلطان ايلى,Sultanyeri/Sultanili
صولوجه,Suluca
اسپچيا,Suluca/İspeçya
اسپه زيا,Suluca/İspeziya
اسپزيا,Suluca/İspeziya
سپذييا,Suluca/Speziya
سپذييا,Suluca/Speziya
صوليجه,Suluca/Sulice
صوليجه,Suluca/Suliçe
صوليچه,Suluca/Suliçe
صوليچا,Suluca/Suliçe
صلوجلر,Sulucalar
صولى سراى,Sulusaray
صوماق,Sumak
صوما ق,Sumak
صوماته,Sumata
صومطر,Sumatar
صومطرى,Sumatar/Sumatarı
صماى,Sumay
صُمايْ,Sumay
صومخيط,Sumhayt
سماق,Summak
صوناقور,Sunakur
سنباس,Sunbas
سنغورلى,Sungurlu
سنقورلى,Sungurlu
سنقورلو,Sungurlu
صونغورلى,Sungurlu
بودق اوزى,Sungurlu (Sungur)/Budaközü
بوداق اوزي,Sungurlu/Budaközü
بوداق اوزى,Sungurlu/Budaközü
صنغرلى,Sungurlu/Budaközü
سنغورلو,Sungurlu/Budaközü
بوداق اوزئ قره حصار,Sungurlu/Budaközü-i Karahisar
صنغور,Sungurlu/Sungur
سنقورلى,Sungurlu/Sungurlu
سنقور,Sunkur
سنقور اباد,Sunkurabad
سوپتار,Supetar
سوپيه,Supiye
صور,Sur
صور مع رأس,Sur maa Res
صور مع ولعس,Sur maa Velas (?)
بيروت صور,Sur/Beyrut Sur
سراطع,Suratu
سوراتو,Suratu
سورجى,Surci
سورطاش,Surdaş
سرطاش,Surdaş
سورطاش,Surdaş/Surtaş
سوريه,Suriye
سوريه مركز,Suriye merkez
سروج,Suruç
سروچ مع عشيرت برازى,Suruç maa Aşiret-i Berazi
اردو,Suruç/Ordu
سروج,Suruç/Suruc
سوسن,Susan (?)
سوسه,Suse
صوسه,Suse
سوسد,Sused
صوسز,Susuz
صوسزمسلم,Susuzmüsellem
صوسزمسلم,Susuzmüsellem/Susuzmüsellim
سوش,Suş
سوس,Suş/Sus
صو شهرى,Suşehri
صو شهري,Suşehri
نفس صو شهرى,Suşehri merkez
انديرس,Suşehri/Endiris
سوشهرى,Suşehri/Endiryas
آندرياس,Suşehri/Endiryas
اندرياس,Suşehri/Endiryas
سوتسقه,Suteska
صوتسقه,Suteska
ستسقه,Suteska
بازار سوتسقه,Suteska/Pazar-ı Suteska
بازار سوتيسقه,Suteska/Pazar-ı Sutiska
سعول,Suul
شمال,Suul/Şimal
صوان مجابره,Suvan-ı Mecabire
محابره,Suvan-ı Mecabire/Muhabere
صوور,Suvar
صور,Suvar
سوارقيه,Suvarkıya
سوارقيه,Suvarkıya
صو يولى,Suyolu
صو يولى,Suyolu/Kemerburgaz
كمربورغاز,Suyolu/Kemerburgaz
سُيُوطْ,Suyut
سيوط,Suyut
سيوط مع ابو تيج,Suyut maa Ebutic
سيوط مع اَبُو تِيجْ,Suyut maa Ebutic
سُيُوطْ مع ابو تيج,Suyut maa Ebutic
اسيوط,Suyut/Asyut
اوسيوط,Suyut/Usyut
سبحان,Sübhan
شجاس,Sücas/Şücas
سفلا,Süfla (Zaruşad'da)
سفلئ مدللّو,Süfla-i Midilli
قلعۀ سفلا,Süfla-i Midilli/Kale-i Süfla
قلعۀ زير,Süfla-i Midilli/Kale-i Zir
سوكنه,Sükne
سوكْنَه,Sükne
سلدوز,Süldüz
سولدوس,Süldüz/Süldüs
سوله,Süle
سليمان,Süleyman
سليمانيه,Süleymaniye
سليمانيّه,Süleymaniye
سليمانيّه مع سر چنار و عشيرت مَنْدُمى,Süleymaniye maa Serçınar ve Aşiret-i Mendümi
نفس سليمانيه,Süleymaniye merkez
سليمانيان,Süleymaniye/Süleymaniyan
سليمانلى,Süleymanlı
سليمانلو,Süleymanlı
سليمانلو مع آوجيلر,Süleymanlı maa Evciler
سليمانلى و بوغازليان و سلمانلى,Süleymanlı ve Boğazlıyan ve Selmanlı
سليمانلوى كبير,Süleymanlı-yı Kebir
سليمانلوء كبير,Süleymanlı-yı Kebir/Süleymanlu-i Sagir
سليمانلوى كوچك,Süleymanlı-yı Küçük
سليمانلو صغير,Süleymanlı-yı Sagir
سليمانلوء صغير,Süleymanlı-yı Sagir/Süleymanlu-i Sagir
سليمان سراى,Süleymansaray
سللس,Sülles
سوللى,Süllü
سلمنلر,Sülmenler
سلوك,Sülük
سولوكلى,Sülüklü
ثلث عكار,Sülüs-i Akkar
ثلث كوره,Sülüs-i Küre
ثلثان كوره,Sülüsan-ı Küre
سمر,Sümer
سنه,Sünne
سوننه,Sünne
سُنَّه,Sünne
سنّه,Sünne
سنور,Sünür
سپورن,Süpüren
سوردك,Sürdük
سوردوك,Sürdük
سوردوق,Sürdük/Surduk
سوركى,Sürgü
سوركى,Sürgü/Mersu
سورملى,Sürmeli
سورملي,Sürmeli
سورملو,Sürmeli
سورمنه,Sürmene
سوروه,Süruh
سروجك,Sürüccük
سروج جك,Sürüccük
سوروجوك,Sürüccük
سروجوك,Sürüccük
سروچك,Sürüccük
سروچك و قزلجه مع طراطور و چَفتان و پَنْجُويَن,Sürüccük ve Kızılca maa Taratur ve Çeftan ve Pençvin
قلعۀ سروجّك,Sürüccük/Kale-i Sürüccük
سروج جق,Sürüccük/Suruccuk
سويده,Süveyde
جبل دروز,Süveyde/Cebel-i Düruz
جبل درز,Süveyde/Cebel-i Düruz
جبل دروز,Süveyde/Cebel-i Düruz
جبل [د]روز,Süveyde/Cebel-i Düruz
جبل دروز,Süveyde/Cebel-i Düruz
جبل دروز حوران,Süveyde/Cebel-i Düruz-ı Havran
جبل دروزِ حوران,Süveyde/Cebel-i Düruz-i Havran
جبل دروز حوران,Süveyde/Cebel-i Düruz-i Havran
جبل حوران,Süveyde/Cebel-i Havran
جبل الدروز,Süveyde/Cebelüddüruz
سويدا,Süveyde/Süveyda
سويديه,Süveyde/Süveydiye
سويديه,Süveydiye
سويده,Süveydiye/Süveyde
سويد,Süveydiye/Süveyde
سويش,Süveyş
سُوَيسْ قپودانلغي,Süveyş Kapudanlığı/Süveys Kapudanlığı
سويس,Süveyş/Süveys
سوزه بولى,Süzebolu
سودين,Svodin
شعاره,Şaara
شاب,Şab
شاب على,Şab-ı Ali
شعب عنبر,Şab-ı Anber
شعب عربيد,Şab-ı Arbid
شعب بعركوت,Şab-ı Baarkut
شعب ابو فندراع,Şab-ı Ebufindira
شاب ابو فنده را,Şab-ı Ebufindira
شعب خمسة,Şab-ı Hamse
شعب قصير,Şab-ı Kasir
شعب قميري,Şab-ı Kumeyri
شعب لوكا,Şab-ı Luka
شاب محمود,Şab-ı Mahmud
شعب مبيت,Şab-ı Mebit
شعب معراس,Şab-ı Miras
شاب موسايق,Şab-ı Musayık
شعب ناصر,Şab-ı Nasır
شعب عمر,Şab-ı Ömer
شاب اموار,Şab-ı Ömer/Şab-ı Emvar
شعب صبح,Şab-ı Subh
شعب شجر,Şab-ı Şecer
شعب شيبه,Şab-ı Şeybe
شعب طويل,Şab-ı Tavil
شعب ذلو,Şab-ı Zelu
شعبان,Şaban
شعبان اوزى,Şabanözü
شعبان اوزى مع قورى جاى,Şabanözü maa Kuruçay
شابخانه,Şabhane
شبخانه,Şabhane
شعب العبيط,Şabülabit
شعب القرمه,Şabülkarme
شعب الكبير,Şabülkebir
شاب الكبير,Şabülkebir
شاب كبير,Şabülkebir/Şab-ı Kebir
شعب الصبار,Şabüssabbar
شعب الصغير,Şabüssagir
شادي اباد,Şadiabad
شادوان,Şadvan
شاغوينه,Şagovine
شاغور,Şagur
شاغور,Şagur
شاعور,Şagur/Şaur
شاغ,Şağ
شها,Şaha
شاها,Şaha
شاهان,Şahan
شحار,Şahar
شاه باغى,Şahbağı
شاهين,Şahin
شاهينلر,Şahinler
شاهنلر,Şahinler
شاهمه,Şahme
شاهمه,Şahme/Cumalı
شاهه,Şahme/Şahe
شحنه چمني,Şahnaçimeni
شحنه چمنى,Şahneçimeni
شحنه چمني,Şahneçimeni
شاهويك,Şahovik
شاهرود,Şahrud
شاه يول,Şahyol
شقادره,Şakadıra
شغادره,Şakadıra/Şagadıra
شاقبن,Şakban
شقيف,Şakif
شقيف,Şakif
شَقِيف,Şakif
شقلاوه,Şaklava
سَقلاوه,Şaklava
شاله شوش,Şaleşoş
شالغو,Şalgo
شام,Şam
شام,Şam
شام شريف مع تركمانان,Şam (Şam-ı Şerif) maa Türkmanan
شام شريف,Şam (Şam-ı Şerif)/Dımışk
عرب,Şam/Arab
دار السلام محروسۀ شام,Şam/Darusselam-ı Mahrusa-i Şam
دمشق,Şam/Dımışk
دمشقي,Şam/Dımışki
دمشق الشام,Şam/Dımışkuşşam
شام دارالسلان,Şam/Şam-ı Darüsselam
شا مشريف,Şam/Şam-ı Şerif
شام شريف,Şam/Şam-ı Şerif
شامشريف,Şam/Şam-ı Şerif
شامبيادى,Şambayadı
شام بيادى,Şambayadı
شاميه,Şamiye
شاملى,Şamlı
شامليجه,Şamlıca
شاملوجه,Şamlıca/Şamluca
شانوش هزه,Şanoşheze
شاپ,Şap
شاپچه,Şapça
شعرا,Şara
شَعْرا,Şara
الشعره,Şara/eş-Şara
شرابخانه,Şarabhane
شراه,Şarah
شعراويّه,Şaraviye
شعراويه,Şaraviye
شعراويۀ غربيه,Şaraviye-i Garbiye
شعراويه غربيّه,Şaraviye-i Garbiye
شعراويه غربيه مع بنى صعب,Şaraviye-i Garbiye maa Benisaab
شعراويۀ شرقيه,Şaraviye-i Şarkiye
شعراويه شرقيه,Şaraviye-i Şarkiye
شعراويه الشرقيّه,Şaraviye-i Şarkiye/Şaraviyetüşşarkiye
شعراويه الشرقيه,Şaraviye-i Şarkiye/Şaraviyyetüşşarkiye
دار الشعرا,Şaraviye/Daruşşara
شارحوراد,Şarhorad
شرق,Şark
شرق جانبى عربانى,Şark Canibi Urbanı
شارقاد,Şarkad
شرقئ امد,Şarki-i Amid
شرق,Şarki-i Amid/Şark
شرقپاره,Şarkipare
شرقى پاره,Şarkipare
شرقيپاره,Şarkipare
شرقى باره,Şarkipare
شرقيان پاره,Şarkipare/Şarkiyanpare
شرقيه,Şarkiye
شرقيه,Şarkiye
شرقيّه,Şarkiye
شرق,Şarkiye/Şark
شاركوى,Şarköy
شاركوى,Şarköy
شاركوى,Şarköy
نفس شاركوى,Şarköy merkez
شاركويى,Şarköy/Şarköyü
شاركويى,Şarköy/Şarköyü
شهركوى,Şarköy/Şehirköy
شهركويى,Şarköy/Şehirköyü
شارلى,Şarlı
شارل,Şarlı/Şarl
شارطه,Şarlı/Şarta
شارلد,Şarlod
شارآد,Şarlod/Şarad
شارو,Şaro
شاروار,Şarvar
شاروى,Şarvi
شاروى مع افلطار,Şarvi maa Aflatar
شارويز,Şarviz
شتاق,Şatak
شتق (؟),Şatak (?)
نفس شتاق,Şatak merkez
شاطى,Şatı
شطى,Şatı
شطرة العماره,Şatratülamare
شطره,Şatratülamare/Şatra
شطرة المنتفك,Şatratülmüntefik
شطره,Şatratülmüntefik/Şatra
شاطره,Şatratülmüntefik/Şatra
شطّ جارور,Şatt-ı Carur
جارور,Şatt-ı Carur/Carur
شطّ طويل,Şatt-ı Tavil
شط طويل,Şatt-ı Tavil
شطيۀ جزاير,Şattıye-i Cezayir
شط العرب,Şattülarab
شطّ العرب,Şattülarab
شط العطشان,Şattülatşan
شط الادهم,Şattüledhem
شواق,Şavak
شوشاد,Şavşad
شاوشاد,Şavşad
ميرخو,Şavşad/İmirhavi (Mirhav)
نصف شاوشاد,Şavşad/Nısf Şavşad
شاوشه ت,Şavşad/Şavşat
شاوشاط,Şavşad/Şavşat
شاوشيت,Şavşad/Şavşit
شاور,Şavur
شايبلو,Şayibli
شاعب و فرموده,Şayibli (Şaib) ve Fermude
شايب,Şayibli/Şayib
شعيب,Şayibli/Şuayb
شبش مع لغوش,Şebiş maa Lugoş
شبش و لوغوش,Şebiş ve Lugoş
شبش لغوش,Şebiş ve Lugoş/Şebiş Lugoş
شَبْسَاتْ,Şebsat
شبسات,Şebsat
شَبْسات,Şebsat
شجر,Şecer
شهبا,Şehba
شيهل اوغلي (؟),Şehiloğlu (?)
شهر,Şehir
شهر,Şehir (Arabgir )
شهر,Şehir (Ruha)
شهر قشله,Şehirkışla
شهر قيشله,Şehirkışla
شهرقشله,Şehirkışla
تنوس,Şehirkışla/Tonus
شهركوى,Şehirköy
شهركوي,Şehirköy
شهركويى,Şehirköy
شهركويى,Şehirköy/Şehirköyü
شهركويى,Şehirköy/Şehirköyü
شهرلو,Şehirli
شهر پازار,Şehirpazar
شهر بازار,Şehirpazar
شهر پازار مع قره چولان و برگوه,Şehirpazar maa Karaçulan ve Berguh
نفس شهر پازار,Şehirpazar merkez
شهر بازارى,Şehirpazar/Şehirpazarı
شهرويران,Şehirviran
شهر بهسنى,Şehr-i Behisni
شهر,Şehr-i Behisni/Şehir
شهر ملاطيه,Şehr-i Malatya
شهر,Şehr-i Malatya/Şehir
شهر و قصبه,Şehr-i Malatya/Şehir ve Kasaba
شهر زور,Şehr-i Zor
شهرزور,Şehr-i Zor
شهر زور,Şehr-i Zor
شهرزول,Şehr-i Zor/Şehr-i Zol
شَهر زُول,Şehr-i Zor/Şehr-i Zol
شهر زول,Şehr-i Zor/Şehr-i Zol
شهراباد,Şehrabad
شهرباد,Şehrabad
شهر,Şehrabad/Şehir
شهران,Şehran
شهران مع حرير,Şehran maa Harir
شهرامانتى,Şehremaneti
شهربان,Şehriban
شهربانى,Şehribani
شكر,Şeker
شكرحاني,Şekerhanı
شكر خانه,Şekerhanı/Şekerhane
شكرلى,Şekerli
شكر اوبه,Şekeroba
شكر اوبه سى,Şekeroba/Şekerobası
شكى,Şeki
شكيو,Şekuyo
شلنمون,Şelenmun (?)
شلين,Şelin
شلني,Şelin/Şelini
شيلين,Şelin/Şilin
شلّلى,Şelli
شلوه,Şelve
شماخي,Şemahı
شماخى,Şemahı
شمائل,Şemail
شمامك,Şemamek
شمدينان,Şemdinan
شمدينان,Şemdinan
شمدينان مع كوارى و هريكى,Şemdinan maa Gerdi (Gevari) ve Heriki
شميران,Şemiran
شميران مع شيخ ميدان و عشيرت چاقير,Şemiran maa Şeyhmeydan ve Aşiret-i Çakır
شمرعنو,Şemiran/Şemrano
شمشكى عشيرتى,Şemişki Aşireti
شمكان,Şemkan
شمكور بصان,Şemkürbasan
شمكور,Şemkürbasan/Şemkür
شمليك,Şemlik/Virşice
شمس الدين,Şemseddin
شمس الدّين,Şemseddin
شمسيات,Şemsiyat
شنكين,Şengin
شنته,Şente
شنوثانتى,Şenusanti (?)
شه ربا,Şerba
شربان,Şerban
شربتين,Şerbetin
شرفان,Şerefan (?)
شرفيه,Şerefiye
شرفصنقور,Şerefsunkur
شريعه,Şeria/Ürdün/Yordan
شرش,Şeriş
شرش و بنى منصور,Şeriş ve Benimansur
شرّا,Şerra
شرور,Şerur
شستان,Şestan
جبل شستان,Şestan/Cebel-i Şestan
شطك,Şetek
شطق,Şetek/Şetak
شترى,Şeteri
شتوار,Şetvar
شوريط,Şevarit
شونلى,Şevenli
شيبره,Şeybara
شيبارا,Şeybara
شبره,Şeybara/Şebere
شيخ,Şeyh
شيخ عدوم,Şeyhadum
شيخ على كاسون,Şeyhalikasun
شيخان,Şeyhan
شيخان مع سركند,Şeyhan maa Serkend
عين سفينه,Şeyhan/Ayn-ı Sefine
شيخانلو,Şeyhanlı
شيخ بزنلى,Şeyhbizinli
شيخبزنلى,Şeyhbizinli
شيخ جمعه,Şeyhcuma
شيخدودان,Şeyhdodan
شيح طورسون,Şeyhdursun/Karatura
شيخ ابو شعيب,Şeyhebuşuayb
شيخ حاجى,Şeyhhacı
سيخ خليل تكه سى,Şeyhhaliltekkesi
شيخ الى,Şeyhili
شيخ ايلى,Şeyhili
شيخ اسماعيل طائفه سى,Şeyhismailtaifesi
شيخلر,Şeyhler
شيخلر مع شقاقى,Şeyhler maa Şikaki
شيخلو,Şeyhler/Şeyhli
شيحلى,Şeyhler/Şeyhli
شيخلو,Şeyhli
شيخلى,Şeyhli
شيخلر مع ناحيۀ كيكلر,Şeyhli (Şeyhler) maa Geyikli
حون مع  شيخلو,Şeyhli maa Homa (Hun maa Şeyhli)/Çivril
چيوريل,Şeyhli/Çivril
ايشقلو,Şeyhli/Işıklı
شيخلو,Şeyhli/Işıklı maa Geyikler
شيخلر,Şeyhli/Şeyhler
شيخ مربط,Şeyhmirbat
شيخ مروط,Şeyhmirbat/Şeyhmirvat
شيخ موربوت,Şeyhmirbat/Şeyhmurbut
شيخ مسكين,Şeyhmiskin
شمسكين,Şeyhmiskin/Şemiskin
شيخ مصطفى,Şeyhmustafa
شيخ سعد,Şeyhsaad
شيخ سعيد,Şeyhsaid
شيخ سعد,Şeyhsaid
شيخ سرا,Şeyhsera
صدى,Şeyhsera/Sıdı
شيخ شعيب,Şeyhşuayb
شيخ طابه,Şeyhtabe
شيخ تيمارى,Şeyhtimarı
شيخ عشاقي,Şeyhuşşaki
شيخ الحديد,Şeyhülhadid
شيخ مع عميق و تزين,Şeyhülhadid (Şeyh) maa Amik ve Tizin
شيخ الحديد مع كوندزلووعميق,Şeyhülhadid maa Gündüzlü ve Amik
شيخ الحديد و كوندزلو وعميق,Şeyhülhadid ve Gündüzlü ve Amik
شيخ الحرملك,Şeyhülharemlik
شيخ الاسلاملق,Şeyhülislamlık
شيزار,Şeyzer
شيزر,Şeyzer
شيزر و مصياف,Şeyzer ve Masyaf
سعود,Şeyzer/Suud
شبقه,Şıbka
شرناق,Şırnak
شبام,Şibam
شيبه,Şibe
شِيبَه,Şibe
شبه نك,Şibenik
شبين القُمْ,Şibinülkum
شَبِين القُم,Şibinülkum
شبين الكوم,Şibinülkum/Şibinülkevm
شبين الكوم,Şibinülkum/Şibinülkevm
شفا قبلى,Şifa Kıbli
شفا وغور,Şifa ve Gur
شفاعمرو,Şifaamr
شفاعمر,Şifaamr
شفاشفاعمرو,Şifaamr
شفى عمر,Şifaamr
شفا وعمر,Şifaamr/Şifa ve Amr
شفادره,Şifadere
شفاتيه,Şifatiye
شفائيه,Şifatiye/Şifaiye
شفا الغربى,Şifaülgarbi
شفا الشمالى,Şifaüşşimali
شهاب الدين,Şihabüddin
شقاغى,Şikaği
شقاقلى,Şikaklı
شكفتى,Şikefti
شكوفتى مع صور و طاق,Şikefti (Şikufti) maa Sur ve Tak (?)
شكوفتى,Şikefti/Şikufti
شقلوش,Şikloş
شقلوش,Şikloş
شقلويش,Şikloş/Şikloviş
شيلازا,Şilaza
شيله,Şile
شيلى,Şile
شِيلَه,Şile
شيله,Şile
شيله,Şile
شيلى,Şile/Şili
شليكان,Şilikan
شمال,Şimal
شماندره,Şimandra
شمسطار,Şimistar
شمونطورنه,Şimontorna
شمنطورنه,Şimontorna
شموُنْطورنه,Şimontorna
شمون طورنه,Şimontorna
شمونطورنه,Şimontorna
شمونطورنه و ازور,Şimontorna ve Ozora (Ozor)
سمونطورنه,Şimontorna/Simontorna
شَموُنطورنَه,Şimontorna/Şemontorna
واروش شمونطورنه,Şimontorna/Varoş-ı Şimontorna
شنافيه,Şinafiye
قناقيه,Şinafiye/Kınakıye
شينك و قلاله مع ماوِت و سُيول,Şinek ve Kalale maa Mavit ve Süyul
سنك,Şinek/Sinek
شنكرك,Şingerk
شنته,Şinte
شيرا,Şira
شيره,Şira
شيره,Şira
صيره,Şira/Sıra
سيره,Şira/Sire
سيره,Şira/Sire
شيران,Şiran
شيران,Şiran
شيران و كركرك و اولتى,Şiran ve Gergerek (?) ve Oltu
شيران,Şiran/Karaca
قره جه,Şiran/Karaca
قره جۀ بايبورد,Şiran/Karaca-i Bayburd
شريان,Şiran/Şiryan
شيريان,Şiran/Şiryan
شيريا ن,Şiran/Şiryan
شيريان,Şiran/Şiryan
اولوشيران,Şiran/Uluşiran
شرره,Şirare
شراعوه,Şirare/Şeraive
شيرار,Şirare/Şirar
شربين,Şirbin
شَرْبِينْ,Şirbin/Şerbin
شَرْبين,Şirbin/Şerbin
شرين,Şirin
شيرين,Şirin
شيرن,Şirin
شيرينچ,Şirinç
شيروقه,Şiroka
شروقه,Şiroka
شيروان,Şirvan
شروان,Şirvan
شيروانلى عشيرتى,Şirvanlı Aşireti
شروى,Şirvi
شروي,Şirvi
شيروى,Şirvi
كفره,Şirvi/Küfre
نصف شروى,Şirvi/Nısf Şirvi
شروان,Şirvi/Şirvan
شروان,Şirvi/Şirvan
شيروان,Şirvi/Şirvan
شروان,Şirvi/Şirvan
نفس شروان,Şirvi/Şirvan merkez
شيروه,Şirvi/Şirve
شيريا ن,Şiryan
شريان مع  الشكرد,Şiryan maa Eleşkird
شيشان,Şişan
ششان,Şişan
شوان,Şivan
شيوان,Şivan
شبان,Şivan/Şiban
شيوه لان,Şivelan
شياق,Şiyak
نفس شياق,Şiyak merkez
شيك,Şiyik (?)
شوغاين,Şogayn
شغين,Şogayn
شوغاين,Şogayn/Şogayb
شولموش,Şolimoş
قلعۀ شولموش,Şolimoş/Kale-i Şolimoş
سولموش,Şolimoş/Solimoş
شموكوار,Şomogivar
شموشقه,Şomoşka
شوربا,Şorba
چوربا,Şorba (Çorba)
شوربا مع سَمَرْ اوزى,Şorba maa Semerözü
شوروا,Şorba/Şurva
شورلوط,Şorlut
شرلوت,Şorlut
شوتيك,Şotik
شوتك,Şotik
شوملو,Şömlö
شو آن,Şuan
شعان,Şuan
شوبك,Şubek
شوبين,Şubin
شوبيك,Şubin
شوف,Şuf
شوف,Şuf
شوف ابن معن,Şuf İbn-i Maan
شوف ابن معن و شوف الحيطى و شوف الشويحانى,Şuf İbn-i Maan ve Şufülhayti ve Şuf-i Şüveyhani
شوف ابن معن وشوف الخيطى و شوف شويحانى,Şuf İbn-i Maan ve Şufülhayti ve Şuf-i Şüveyhani
شوف ابن معن و شوف الحيطى و شوف شويزانى,Şuf İbn-i Maan ve Şufülhayti ve Şuf-i Şüveyhani (Şuf-i Şüveyzani)
شوف ابن معن وششوف الحيطى و شوف شويزانى,Şuf İbn-i Maan ve Şufülhayti ve Şuf-i Şüveyhani (Şuf-i Şüveyzani)
شوف بن معن,Şuf İbn-i Maan/Şuf bin Maan
نفس شوف,Şuf merkez
شوفين,Şufeyn
شوف البياض,Şufülbeyaz
شوف الخرادين,Şufülharradin
شوف الحرادين,Şufülharradin
شوف الخرّادين,Şufülharradin
شغر,Şugur
شغور,Şugur
شغور,Şugur
جسر شغور مع ناحيۀ دركوش و اردو,Şugur (Cisr-i Şugur) maa Nahiye-i Derkuş ve Ordu
جسر شغور,Şugur/Cisr-i Şugur
جسرشغور,Şugur/Cisr-i Şugur
جسر الشغور,Şugur/Cisrüşşugur
شهود,Şuhud
شهودلو,Şuhudlu
شقيق,Şukayk
شميطيه,Şumaytiye
شومر,Şumer
اقليم شومر مع  شقيف,Şumer (İklim-i Şumer) maa Şakif
اقليم شومر,Şumer/İklim-i Şumer
اقليم الشمر,Şumer/İklimuşşumer
شمر,Şummar
شومار,Şummar
شمنى,Şumnu
شومنى,Şumnu
شومني,Şumnu
شومنى,Şumnu
شمنى,Şumnu
شمنى مع نواحى,Şumnu maa Nevahi
شنون,Şunun
شوپديه,Şupdiye
شوپدين,Şupdiye/Şüpdin
شورح,Şurah
شوران,Şuran
شوره,Şure
شوره مع بوجاق,Şure maa Bucak
كفرديز,Şure/Keferdiz
پتوركه كفرديز,Şure/Pötürge Keferdiz
سيرر,Şure/Sirer
شيره,Şure/Şira
شيرو,Şure/Şiro
سيرو,Şure/Şiro (Siro)
شير,Şure/Şiro (Şir)
شوره ايلى,Şure/Şureili
شوش,Şuş
شووانوس,Şuvanos
شواطيه,Şuvatiye
شوير,Şuveyr
شبرخيت,Şübrehit
شَبَرْخِيتْ,Şübrehit/Şeberhit
شٍبَرْخِيت,Şübrehit/Şeberhit
شَبَرْخيت,Şübrehit/Şeberhit
شمك,Şümeg
شوره كل,Şüregel
شوره گيل,Şüregel
شوره كيل,Şüregel/Şüregil
شُروكْ,Şürük
شُرُوكْ,Şürük
شُرُوك,Şürük
شتر بصان,Şütürbasan
شطر,Şütürbasan/Şütür
تابان,Taban
طبان,Taban
طبانلى,Tabanlı
طبانلو,Tabanlı
و عشيرت بوز اولوس,Tabanlı ve Aşiret-i Bozulus
طبانلو و بوز اولوس,Tabanlı ve Bozulus
عاصى يوزغاد,Tabanlı/Asiyozgad
طبارقه,Tabarka
طبرقه,Tabarka
تبارقه,Tabarka
قلعۀ طبرقه,Tabarka/Kale-i Tabarka
قلعۀ طَبَرْقه,Tabarka/Kale-i Tabarka
طبرستان,Taberistan
طبريه,Taberiye
طبريّه مع نواحى,Taberiye maa Nevahi
طبريا,Taberiye/Taberiya
طبريّا,Taberiye/Taberiyya
طبرسوق,Tabersuk
طابيه,Tabiye
طابطاب,Tabtab
طابور,Tabur
جبل طابور,Tabur/Cebel-i Tabur
تاجوره,Tacura
تاجورا,Tacura
تاجور,Tacura/Tacur
تاجُور,Tacura/Tacur
طفيله,Tafile
طفره,Tafra
طَها,Taha
طها,Taha
طاهر,Tahir
خالياز,Tahir/Halyaz
تخمانس,Tahmanis
طهماسيّه,Tahmasiye
طهران,Tahran
طهطا,Tahta
طَهْطَا,Tahta
طَهْطا,Tahta
طهطهاء منشيه,Tahtaha-i Münşiye
تحته كوپرى,Tahtaköprü
تحتلى,Tahtalı
تحتالو,Tahtalı
تحت الطريق,Tahtettarik
تحت الطّريق,Tahtettarik
طائف,Taif
تائيه,Taiye
تعز,Taiz
تعز,Taiz
تعز,Taiz
نفس تعز,Taiz merkez
نفس تعز,Taiz merkez
طاق وسطان,Tak-ı Vostan
طاقه,Taka
طاقماق,Takmak
تقورى,Takuri
تقورى عشيرتى,Takuri/Takuri Aşireti
طلانده,Talanda
طا لنده,Talanda
طالنده,Talanda
طلنده,Talanda
طلانته,Talanda/Talanta
طلاس,Talas
تلاس,Talas
تلاص,Talas
طلحاى ملك,Talha-yı Melik (?)
طاليش و كلستان,Talış ve Gülistan
تالين,Talin
تلاح كبير,Tallah-ı Kebir
طلاعة الله الكبيرة,Tallah-ı Kebir/Talaatullahilkebir
تلاح صغير,Tallah-ı Sagir
طلاعة الله الصغيرة,Tallah-ı Sagir/Talaatullahissagir
طلوار,Talvar
ييلاق,Talvar/Yaylak
تاماديه,Tamadya
طماق,Tamak
نصف تماق,Tamak/Nısf Tamak
نصف طماق,Tamak/Nısf Tamak
طمان,Taman
تمان,Taman
طمان,Taman
طمان اطه سى,Taman
آطۀ شاهي,Taman/Ada-i Şahi
جزيرۀ طمان,Taman/Cezire-i Taman
طماشين,Tamaşin
طماشوان سكت,Tameşvan Siget
طمراش,Tamraş
طامزاره,Tamzara
تمزره,Tamzara
تانا,Tana
ثانه,Tana/Sana
طانيل,Tanil
تنكرى طاغى,Tanrıdağı/Tengridağı
تكرى ويرمش,Tanrıvermiş
طنطا,Tanta
طنطا,Tanta
طَنْطا,Tanta
طنطوره,Tantura
طپان,Tapan
تاره,Tara
طاره,Tara
طارا,Tara
طراقلى,Taraklı
طراقلو يڭيجه سى,Taraklı/Taraklı Yenicesi
طراقلو يكيجه سى,Taraklı/Taraklı Yenicesi
يكيجه طراقلو,Taraklı/Yenice Taraklı
يكجه طراقلو,Taraklı/Yenice Taraklı
يكيجه طراقلى,Taraklı/Yenice Taraklı
يكيجۀ طراقلو,Taraklı/Yenice-i Taraklı
يكيجۀ طراقلى,Taraklı/Yenice-i Taraklı
يكيجۀ  طراقلى,Taraklı/Yenice-i Taraklı
طرقلو بورلى,Taraklıborlu
طراقلى بورلى,Taraklıborlu
طراقلى بورلو,Taraklıborlu
طراقلو بورلو,Taraklıborlu
طراقلو بورلى,Taraklıborlu
طراقلوى بولى,Taraklıborlu (Taraklı-yı Bolu)/Zağferanbolu
بورلى,Taraklıborlu/Borlu
بورلى,Taraklıborlu/Borlu
بورلو,Taraklıborlu/Borlu
دراقلو بورلي,Taraklıborlu/Daraklıborlu
زغفران بندرلى,Taraklıborlu/Zağferan-ı Bendereğli (Benderli)
زغفرانبولى,Taraklıborlu/Zağferanbolu
طراقلى بورلى,Taraklıborlu/Zağferanbolu
زغفرانبورلى,Taraklıborlu/Zağferanborlu
طرقلى بورلى,Taraklıborlu/Zağferanborlu
طراقسو,Taraksu
طرانداكيا,Tarandakiya
داراندوز,Tarandos/Darandoz
طراندوس,Tarandos/Karanda
قراندا,Tarandos/Karanda
طاريا,Taraya
طارجال,Tarcal
طارجالي قرستور,Tarcalikarestur
طارطالى قرستور,Tarcalikarestur/Tartanikarestur
تارخله,Tarhala
تارحله,Tarhala
تارخاله,Tarhala
تارحاله,Tarhala
ترخاله,Tarhala
تارحاله مع صومه,Tarhala maa Soma
تارحاله,Tarhala/Soma
تارقله,Tarhala/Tarkala
ترخان,Tarhan
تارخان,Tarhan
ترحناس,Tarhanas
ترخانيات,Tarhanyat
تارحانيات,Tarhanyat
تارحانان,Tarhanyat (Tarhanan)/Menemen
نفس منمن,Tarhanyat merkez/Menemen merkez
منمن,Tarhanyat/Menemen
منمان,Tarhanyat/Menemen
مَنَمَنْ,Tarhanyat/Menemen
تارحانيات,Tarhanyat/Menemen
ترخانيات,Tarhanyat/Menemenpazarı
ترهونه,Tarhuna
تَارْخوُنَه,Tarhuna
تارْخُونَه,Tarhuna
ترحونه,Tarhuna
تَرْهُونَه,Tarhuna
تَرْهُونه,Tarhuna
ترهون,Tarhuna/Tarhun
طارناق,Tarnak
طرسوس,Tarsus
طرسوس,Tarsus
نفس طرسوس,Tarsus merkez
طرسون,Tarsus/Tarsun
طرطوس,Tartus
انطرطوس,Tartus/Antartus
طوطوس,Tartus/Tutus
تارون (؟),Tarun (?)
تاروت,Tarut
تاَروُتْ,Tarut
دارين,Tarut/Darin
تسيق,Tasık
طاسونيس,Tasonis
طسوج,Tasuc
انزاب,Tasuc/Anzab
طاش اباد,Taşabad
طاش اوا,Taşabad/Taşova
طاش آغيل,Taşağıl
طاش اغلى,Taşağılı
طاشتيمور,Taşdemir/Taştimur
طاش ايل,Taşil
طاش اباد,Taşil/Taşabad
طاش ايلى,Taşil/Taşili
طاش ايلى,Taşili
طاش ايلى كاويسى,Taşili gavisi
طاشير,Taşir
طاشير اباد,Taşir/Taşirabad
طاش قصبه سى,Taşkasabası
طاشكسان,Taşkesen
طاش كوپرى,Taşköprü
طاشكوپرى,Taşköprü
طاشكپرى,Taşköprü
طاش كوپرى,Taşköprü
طاش كپرى,Taşköprü
طاشكپرى,Taşköprü
طاشكبرى,Taşköprü
طاشكپرى,Taşköprü
طاش كبرى,Taşköprü
طاش كوپرى و طولاب مير حسين,Taşköprü ve Dolab-ı Mirhüseyin
طاشلى,Taşlı
طاشلى بلغه,Taşlıbulga
طاشلى يلغه,Taşlıbulga/Taşlıyılga
طاشليجه,Taşlıca
طاشليجه,Taşlıca
طاشلوجه,Taşlıca
طاشليچه,Taşlıca
بازار طاشلوجه,Taşlıca (Pazar-ı Taşlıca)/Plevle
نفس طاشلوجه,Taşlıca merkez
نفس طاشليجه,Taşlıca merkez/Plevliye
قوقان,Taşlıca/Kukan
بازار پيلوه,Taşlıca/Pazar-ı Pleve
بازار طاشلوجه,Taşlıca/Pazar-ı Taşlıca
بازار طشلوجه,Taşlıca/Pazar-ı Taşlıca
طاشلى چاى,Taşlıçay
طاشلى دره,Taşlıdere
طاشلى,Taşlıdere/Taşlı
تاشلى,Taşlıdere/Taşlı
طاشلق,Taşlıdere/Taşlık
طاشلق اوتلوغى,Taşlıkotluğu
طاش اولوق,Taşoluk
طاشوز,Taşöz
طاش اوز,Taşöz
طاش اوزاداسى,Taşöz
طاشوز,Taşöz
داش يوز,Taşöz/Daşyöz
طاسوس,Taşöz/Tasos
طاشوس,Taşöz/Taşos
طاش اوزى,Taşöz/Taşözü
طاشيوز,Taşöz/Taşyöz
طاش يوز,Taşöz/Taşyöz
طاش رومى,Taşrumi
طاش اوجى,Taşucu
تاتار,Tatar
تاتار احمد,Tatarahmed
تاتارستان,Tataristan
تاتارلر,Tatarlar
تاتار,Tatarlar/Tatar
تاتارلى,Tatarlı
تاتاربازارى,Tatarpazarı
تاتارپازارى,Tatarpazarı
تاتاربازارى مع نواحى,Tatarpazarı maa Nevahi
تاتاربازارى مع اوه,Tatarpazarı maa Ova
بازارجق,Tatarpazarı/Pazarcık
پازارجق,Tatarpazarı/Pazarcık
تاتاربازارى,Tatarpazarı/Pazarcık
تاتارجق,Tatarpazarı/Tatarcık
تاتارپازارجغى,Tatarpazarı/Tatarpazarcığı
تاتاربكارى,Tatarpınarı
تاتاربكار,Tatarpınarı/Tatarpınar
تاتيك,Tatik
تاطليلر,Tatlılar (?)
طاطوى,Tatoy
تاتوان,Tatvan
تاتُوان,Tatvan (Tatuvan)/Gevarselim
طوابِين,Tavabin
تاوانه س,Tavanas/Çaruha
طواس,Tavas
طواس,Tavas
طواس مع وقفلر,Tavas maa Vakıflar
قلعۀ طواس,Tavas/Kale-i Tavas
طواز,Tavas/Tavaz
طوكنر,Tavginer
طويل,Tavil
طويل رقدان,Tavil Rukdan
طويله,Tavile
طويله,Tavile
طوق الله,Tavkullah
طاولا,Tavla
طاولسون,Tavlasun
طاوسى,Tavsı
طاوشان,Tavşan
طوشان,Tavşan
طوشان اطه لرى,Tavşan Adaları
طاوشان آطه لرى,Tavşan Adaları
اشك اطه لرى,Tavşan Adaları/Eşek Adaları
اشكلر,Tavşan Adaları/Eşekler
لاپين آطه لرى,Tavşan Adaları/Lapin Adaları
طوشان,Tavşan Adaları/Tavşan
آيى,Tavşan/Ayı
پوغانوس,Tavşan/Poganos
ذاسوپولو اطه جغى,Tavşan/Zasopolo Adacığı
طاوشانلى,Tavşanlı
طوشانلو,Tavşanlı
طاوشانلو,Tavşanlı
طاوشنلو,Tavşanlı
طوشنلو,Tavşanlı
طوشانلى,Tavşanlı
طاوق,Tavuk
طوقلر,Tavuklar
تاورغه,Tavurga
تَاوُرْغَه,Tavurga
طاورغه,Tavurga
طاوس,Tavus
طاوس,Tavus
ناحيۀ طاوس,Tavus/Nahiye-i Tavus
طاوسكر,Tavusker
طوسكر,Tavusker
طاوسكر مع بيكرك,Tavusker maa Pertekrek (Pikrek)
طوسگر مع پتكرك,Tavusker maa Pertekrek/Tavusger maa Petekrek
طاوسكار,Tavusker/Tavuskar
طى,Tay
طيفور,Tayfur
طى غانى,Taygani (?)
طير,Tayr
طى,Tayy
بنى طى مع فايق (؟),Tayy maa Fayik (?)/Benitayy maa Fayik (?)
طيار,Tayyar
طيارئ عليا و سفلا,Tayyar/Tayyari-i Ulya ve Süfla
طيارى عليا و سفلا,Tayyar/Tayyari-i Ulya ve Süfla
طيبه,Tayyibe
طيبه الملا,Tayyibe el-Molla
تازه خورماتى,Tazehurmatı
تازه خورماتو,Tazehurmatı
تباها,Tebaha
تبلوح,Tebluh
تبريز,Tebriz
ته بوربا,Teburba
تبوك,Tebük
تجهرى,Tecerhi/Techeri
تجرلو,Tecirli
تاجرلى,Tecirli/Tacirli
تاجرلو,Tecirli/Tacirli
تدقر,Tedkar
تدمر,Tedmür
تَدمُرْ,Tedmür
تدمير,Tedmür/Tedmir
تُودْمير,Tedmür/Tüdmir
تفل,Tefel
تفن,Tefen
تفن پازارى,Tefen/Tefenpazarı
تفنى,Tefenni
تفنى مع سيروز,Tefenni maa Siroz
تفنى  مع  سيروز,Tefenni maa Siroz
تفن مع سيروز,Tefenni maa Siroz
نفس تفنى,Tefenni merkez
ناولى,Tefenni/Navlı
سيروز,Tefenni/Siroz
تفريش,Tefriş
تكاك,Teğek
تيك,Teğek/Tiyek
تهميه,Tehmiye (?)
تكه,Teke
تكه مع علائيه,Teke maa Alaiye
تكه مع قاش,Teke maa Kaş
تكه وانطاليه,Teke ve Antalya
تكه,Teke/Antalya
آنطاليه,Teke/Antalya
انطاليه,Teke/Antalya
تكه ايلى,Teke/Tekeili
تكه لى,Tekeli
تكه لو,Tekeli
تكه لو مع  گولك,Tekeli maa Gülek
تكه لو مع كولك,Tekeli maa Gülek
تكفور طاغى,Tekfurdağı
تكورطاغى,Tekfurdağı
تكفورطاغى,Tekfurdağı
تكير طاغى,Tekfurdağı
تكفور طاغى,Tekfurdağı
تكفور طاغى مع ويزه,Tekfurdağı maa Vize
نفس تكفور طاغى,Tekfurdağı merkez
جبل تكفور,Tekfurdağı/Cebel-i Tekfur
رودوسجق,Tekfurdağı/Rodoscuk
تكفور طاغى,Tekfurdağı/Rodoscuk
تكفور طاغى,Tekfurdağı/Rodoscuk
تكفور طاغي,Tekfurdağı/Rodoscuk
ردوسجق,Tekfurdağı/Rodoscuk
رودستو,Tekfurdağı/Rodosto
تكفوركولى,Tekfurgölü
كونجى بازارى,Tekfurgölü/Göncüpazarı
قره صو,Tekfurgölü/Karasu
تكفوركولى,Tekfurgölü/Karasu
كونجى بازارى,Tekfurgölü/Karasu/Göncüpazarı
كوستنجه,Tekfurgölü/Köstence
تكفورصيان,Tekfursayan
تكه,Tekke
تكمان,Tekman
تكوج,Tekuc
تكيه,Tekye
تلعفر,Telafer
تلعفر,Telafer
تيلعفر,Telafer/Tilafer
تلبسم,Telbesim
تلچاق,Telçak
تلچاق,Telçak
قلعۀ تلچاق,Telçak/Kale-i Telçak
تلندوس,Telendos
كندوسى,Telendos/Kendosi
لندوس,Telendos/Lendos
تلاندو,Telendos/Telando
ته لاندوس,Telendos/Telandos
تله پولى,Telepoli
تلغراف,Telgraf
تلين,Telin
تل كلخ,Telkelah
تمد,Temed
تمد مأدبه,Temed/Temed-i Medebe
تمنس,Temenos
تَمَنوس,Temenos
تمنوس,Temenos
تمنوس,Temenos
تمنوس,Temenos
جزيرۀ تمنوس,Temenos/Cezire-i Temenos
تميناكى,Teminaki
تمنار,Temnar
تمنين تحتا,Temnin-i Tahta
تمرزلر,Temrezler
تمرزلر و حيدرلر,Temrezler ve Haydarlar
تمرك,Temrük
تمروق,Temrük/Temruk
تموم,Temum
تن دره,Tendere
تندره,Tendere
تندره,Tendere
تنكين,Tengin
تنورين,Tennurin
تنومه,Tenume
تنوره,Tenure
تنور,Tenure/Tenur
تنوره كلاويم,Tenure/Tenure Kelavim
تئودور,Teodor
تؤدور,Teodor
آيى طودورى,Teodor/Ayitodori
آيوثوظورى,Teodor/Ayosozori
تودورى,Teodor/Todori
طودورى,Teodor/Todori
تپه,Tepe
تپه دلن,Tepedelen
دپه دلن,Tepedelen
دپه دلن,Tepedelen/Depedelen
دپه دلان,Tepedelen/Depedelen
دبه دلن,Tepedelen/Depedelen
تپه خان,Tepehan
تپه سى دلك,Tepesidelik
ترابين,Terabin
ترانيسى,Teranisi
ترانيزى,Teranisi/Teranizi
ترازيا,Teraziya
جراسيه,Teraziya/Cerasiye
ثراسيا,Teraziya/Serasya
طراسيا,Teraziya/Tarasiya
ترجان,Tercan
نفس ترجان,Tercan merkez
ترجان سفلا,Tercan-ı Süfla
ترجان سُفْلَا,Tercan-ı Süfla
ترجان عليا,Tercan-ı Ulya
تَرجان عُلْيَا,Tercan-ı Ulya
ماما خاتون,Tercan/Mamahatun
ماما خاتون,Tercan/Mamahatun
مما خاتون,Tercan/Mamahatun
ترجانين,Tercan/Tercaneyn
ترجيل,Tercil
تَرْجيل,Tercil
حضرو,Tercil/Hazro
ترك,Terek
تارل (؟),Tereli (Tarıl (?))
تركور,Tergever
تركَوَرْ,Tergever
ترخو,Terhu (?)
تريكان,Terikan
ترلغان,Terilgan
تركمش خاصى,Terkemişhassı
ترقوس,Terkos
ترقوس,Terkos
ترغوس,Terkos/Tergos
ترقوز,Terkos/Terkoz
ترليس,Terlis
ترمه,Terme
ترمه مع آقچاى,Terme maa Akçay
ترمه مع ايواجق,Terme maa Ayvacık
ترمه و اقچاى,Terme ve Akçay
تيرمه,Terme/Tirme
تيرمه دس,Terme/Tirmedos
تيرمدوس,Terme/Tirmedos
ترمشى,Termişi
قلعۀ ترميش,Termişi/Kale-i Termiş
ترميش,Termişi/Termiş
ترميه,Termiye
ترميه,Termiye
ترمه,Termiye
جزيرۀ ترميه,Termiye/Cezire-i Termiye
ترمه,Termiye/Terme
ترميا,Termiye/Termiya
ترسانه,Tersane
ترسيه,Tersiye
ترسون سفلالا,Tersun-ı Süfla
ترشيحا,Terşiha
ترزى دره,Terzidere
درزى دره,Terzidere
ترزى دره قريه سى,Terzidere/Terziderekaryesi
ترزي ويران,Terziviran
تستور,Testur
تشنه,Teşene
تشنه مع زنجيه,Teşene maa Jepçe (Zenciye)
تشنه مع زيچه,Teşene maa Jepçe (Ziçe)
تشنه مع قصبۀ زبجه,Teşene maa Kasaba-i Jepçe (Zebçe)
واروش قلعۀ تشنه,Teşene/Varoş-ı Kale-i Teşene
تيران,Tetevan/Tiran
تتون,Teteven
ته ته ون,Teteven
تتوان,Teteven/Tetevan
تواتل و مخوب,Tevatil ve Mahub
توفيقيه,Tevfikiye
توقيع,Tevki
تزنه دره سى,Tezenederesi
طمش,Tımış
طمشوار,Tımışvar
طمشْوآر,Tımışvar
نفس طمشوار,Tımışvar merkez
قلۀ دمشقار,Tımışvar/Kule-i Demeşkar
قلّۀ دمشقار,Tımışvar/Kule-i Demeşkar
پاشا,Tımışvar/Paşa
ينوه,Tımışvar/Yanova
طراحيه,Tırahiye
طراجيه,Tırahiye/Tıraciye
ترخاله,Tırhala
ترحاله,Tırhala
ترخاله,Tırhala
تِرْحَالَه,Tırhala
ترحاله مع غلوس,Tırhala maa Golos
ترحاله مع نواحى,Tırhala maa Nevahi
ترحاله مع نواحئ آروان و غارجان و بولانيه و قره جوه و خاصلر و اسپروپوتام,Tırhala maa nevahi-i Ardan (Arvan) ve Gariçan ve Polaniye ve Kraçova ve Haslar ve Aspiropotam
ترحاله مع نواحئ آروان و غارجان و بولانيه و قره چوه و خاصلر و اسپروپوتام,Tırhala maa nevahi-i Ardan ve Gariçan ve Polaniye ve Kraçova ve Haslar ve Aspiropotam/Tırhala maa nevahi-i Arvan ve Gariçan ve Polaniye ve Karacova ve Haslar ve Aspiropotam
طرليس,Tırlis
طرنوى,Tırnova
طرنوه,Tırnova
طرنووه,Tırnova
طرنوى,Tırnova
طرنوه,Tırnova
طرنوى مع نواحى,Tırnova maa Nevahi
نفس طرنوه,Tırnova merkez
قصبۀ طرنوى,Tırnova/Kasaba-i Tırnova
بازار طرنوه,Tırnova/Pazar-ı Tırnova
طرنوى,Tırnova/Tırnovi
طرنوه جق,Tırnovacık
طرنويجق,Tırnovacık
طرنوه,Tırnovacık/Tırnova
طرنوى,Tırnovacık/Tırnova
طرنواچ,Tırnovaç
تويردوش,Tıvırdoş
طيبنه,Tibne
تبنين,Tibnin
تبنين و ساحل معركه,Tibnin ve Sahil-i Mareke
تبنين و شقيف,Tibnin ve Şakif
تبنين,Tibnin/Bilad-ı Benibeşara
بلاد بشاره,Tibnin/Bilad-ı Beşara
تفليس,Tiflis
تفلس,Tiflis
تهومير,Tihomir
تهون,Tihon
تكريت,Tikrit
تيكريت,Tikrit
تكوه ش,Tikveş
تيكوش,Tikveş
تكوش,Tikveş
بلوس,Tikveş/Belves
قوادار,Tikveş/Kavadar
تيلاوه,Tilava
تلبشار,Tilbeşar
تلبشار,Tilbeşar
تلباشر,Tilbeşar/Tilbaşar
تلمسان,Tilemsan
تيلكوران,Tilgören/Tilgöran
تيلج,Tilic (?)
تلمو,Tilmo
ثيلمو,Tilmo
تيليا,Tilya
تيما,Tima
تيمار,Timar
تيمار صرچه لى,Timar-ı Sırçalı
تيموق,Timok
تموق,Timok
تيموران,Timuran
تمران,Timuran
تيمور حصار,Timurhisar
تيمورحصار,Timurhisar
تمورحصار,Timurhisar
تمور حصار,Timurhisar
دمورحصار,Timurhisar/Demirhisar
تيمور حصارى,Timurhisar/Timurhisarı
تيمورحصارى,Timurhisar/Timurhisarı
تمور حصارى,Timurhisar/Timurhisarı
تمورينچه,Timurinçe
تيمورنچه,Timurinçe
تيمورينچه,Timurinçe
تيمورنجه,Timurinçe
تيموريچه,Timurinçe/Timuriçe
تِيمُورِيچَه,Timurinçe/Timuriçe
طومانيجه,Timurinçe/Tomaniçe
طوماريچه,Timurinçe/Tomariçe
تومرنچه,Timurinçe/Tomorinçe
تيمور شير,Timurşir
فم الشعير,Timurşir/Femmüşşair
تينه,Tinah
تينوس,Tinos
تينوس,Tinos
استنديل,Tinos/İstendil
استندل,Tinos/İstendil
استنديل,Tinos/İstendil
تينوز,Tinos/Tinoz
تران,Tiran
تيران,Tiran
تيران,Tiran
تيران مع اقچه حصار,Tiran maa Akçahisar
تيران مع اقحصار,Tiran maa Akhisar
تيره,Tire
تيره بولى,Tirebolu
تيره بولى مع كورتون,Tirebolu maa Kürtün
دريبولى,Tirebolu/Diribolu
دربولي,Tirebolu/Diribolu
تيره بولى,Tirebolu/Görele
تريبولى,Tirebolu/Tiribolu
تيرك,Tirek
ترغوويشته,Tirgovişte
ترغويشته,Tirgovişte
ترغوشته,Tirgovişte
ترغوويشته,Tirgovişte
ترقوشته,Tirgovişte
ترغووشته,Tirgovişte
ترغوشته مع نواحى,Tirgovişte maa nevahi
ترقوشته,Tirgovişte/Tirkovişte
ترليه,Tirilye
ترليه,Tirilye
تيريليا,Tirilye/Tirilya
ترينس,Tirins
ترييانيزا,Tiriyaniza
كيليو,Tiriyaniza/Kilyo
تركش,Tirkeş
ترياليد,Tiryalid
تريانده,Tiryanda
دربند,Tiryanda/Derbend
دريانده,Tiryanda/Deryanda
دريانده,Tiryanda/Deryanda
تيسه,Tisa
تيسه ويرشان,Tisevirşan
تتل,Titel
تيتل,Titel
تتنك,Titinik
تيونس,Tiyonis
تيزيوزو,Tizivuzu
تيزمند,Tizmend
تبوچانى,Toboçani
طبرق,Tobruk
طُبرُوقْ,Tobruk
طوبرق,Tobruk
طوخمه,Tohma
توقاد و سيواس,Tokad ve Sivas
توقار چاى,Tokarçay
توقاريس,Tokaris
توقاريس,Tokaris/Gavurzi
توقات,Tokat
توقاد مع دونكسه اباد ومجيداوزى,Tokat (Tokad) maa Dönekseabad ve Mecidözü
توقاد مع ناحيۀ قومنات و كافرنى و توزاكلى,Tokat (Tokad) maa Nahiye-i Komenat ve Kafirni ve Tozanlı
توقاد مع توزاكلى,Tokat (Tokad) maa Tozanlı
نفس توقاد,Tokat (Tokad) merkez
توقاد,Tokat/Tokad
توقاد,Tokat/Tokad
توقاى,Tokay
طوقاي,Tokay
طوقاى,Tokay
طوقلر,Toklar
طوقليان,Tokluyan
طوقمق اطه لرى,Tokmak Adaları
طوقماق آطه لرى,Tokmak Adaları
طومارى,Tokmak/Tomarı
تولنه,Tolna
طولنه,Tolna
طولون,Tolon
تولون,Tolon
داسقاليا,Tolon/DaskTalya
تولو,Tolon/Tolu
تومانس,Tomanis
طومانيس,Tomanis
طوماش هيد,Tomaşhid
طوماشى,Tomaşi
طوماشين,Tomaşin
تمونشته,Tomonişte
توند,Tond
تنوس,Tonus
تنوس,Tonus
تونس,Tonus
تونس,Tonus
نفس تنوس,Tonus merkez
تنوس,Tonus/Tenus
طونيه,Tonya
شابخانه,Tonya
طونيه مع  وقف كبير,Tonya maa Vakf-ı Kebir
طونيه و وقف كبير,Tonya ve Vakf-ı Kebir
طوباقلى,Topaklı
طوبجى,Topçu
طوپجى,Topçu
طوپچى,Topçu
طوب حصار,Tophisar
طوپحصار,Tophisar
تپولنچه,Topolniçe
توپولنچه,Topolniçe
توپولنيچه,Topolniçe
توپولنچه,Topolniçe/Novabırda
توپولونيك,Topolovnik
توپوليانى,Topolyani
طوبنيجه,Toponiçe
طوپراق آطه,Toprakada
علامتلى اطه,Toprakada/Alametli Ada
طپراق اطه سي,Toprakada/Toprak Adası
طوربالى,Torbalı
طوربالى مع تريانده,Torbalı maa Tiryanda
طوربالى مع  تريانده,Torbalı maa Tiryanda
قزيل حصار,Torbalı/Kızılhisar
قزلحصار,Torbalı/Kızılhisar
قزل حصار,Torbalı/Kızılhisar
قزيلحصار,Torbalı/Kızılhisar
طوربالى,Torbalı/Kızılhisar
قزلحصار,Torbalı/Kızılhisar
قزلحصار,Torbalı/Kızılhisar
قزلحصار,Torbalı/Kızılhisar
توريچانى,Toriçani
توروشقه,Toroşka
تورتوم,Tortum
طورطوم,Tortum
تُورْتُومْ,Tortum
تورتم,Tortum
قلعۀ تورتوم,Tortum/Kale-i Tortum
تورتوم,Tortum/Nihah
نخاح,Tortum/Nihah
نخاخ,Tortum/Nihah
طوردوم,Tortum/Tordum
طورتونلى,Tortunlu
طورول,Torul
طرول,Torul
طورل,Torul
طورل,Torul
طورول,Torul
طورول,Torul/Ardasa
ارداسه,Torul/Ardasa
آراداسه,Torul/Ardasa (Aradasa)
دورول,Torul/Dorul
طور يان,Toryan
طوريان,Toryan
طُورْيان,Toryan
طُورْيان,Toryan
طوريان,Toryan
طوسيه,Tosya
طوسيه,Tosya
طوطيلو,Totilo
طوتوه مع قلاص,Totova maa Kalas
توى,Toy
توي,Toy
طويان,Toyan (?)
طويلى مع عثمان ايلى,Toylu (?) maa Osmaneli
توزاكلو,Tozanlı
توزانلو,Tozanlı
توزاڭلى,Tozanlı
توراكلو,Tozanlı
توزاكلى,Tozanlı
توزاكلى,Tozanlı/İpsile
ابسيله,Tozanlı/İpsile
ايبسيله,Tozanlı/İpsile (İbsile)
طرابلس,Trablus
نفس طرابلس  مع مينه,Trablus merkez maa Mina
طرابلس غرب,Trablusgarb
طربلوس غرب,Trablusgarb
طربلوس غَرب,Trablusgarb
طره بلوس غرب,Trablusgarb
طرابلس غرب,Trablusgarb
طرابلسغرب,Trablusgarb
طرابلوس غرب,Trablusgarb
طرابلس مع مَرابَطين,Trablusgarb (Trablus) maa Murabıtayn
نفس طرابلس,Trablusgarb (Trablus) merkez
طرابلس غرب و بنغازى,Trablusgarb ve Bingazi
جزاير غرب طرابلوسي,Trablusgarb/Cezayir-i Garb Trablusu
طرابلس,Trablusgarb/Trablus
طرابلس,Trablusgarb/Trablus
طرابلوس,Trablusgarb/Trablus
طرا بلس,Trablusgarb/Trablus
طربلوس مغرب,Trablusgarb/Trablus-ı Mağrib
طرابلس شام,Trablusşam
طره بلوس شام,Trablusşam
طرابلوس شام,Trablusşam
طربلوس شام,Trablusşam
طرا بلوس شام,Trablusşam
طره بلس شام,Trablusşam
طربلس شام,Trablusşam
طره بلوس شام,"Trablusşam
Trablus"
طرابلس شام,Trablusşam merkez
شام طرابلس,Trablusşam/Şam Trablus
طرا بلس,Trablusşam/Trablus
طر بلوس,Trablusşam/Trablus
طرابلوس,Trablusşam/Trablus
طربلوس,Trablusşam/Trablus
طرابلس,Trablusşam/Trablus
طره بلوس,Trabluşşam/Trablus
ترابوئين,Traboin
طربزون,Trabzon
طره بزون,Trabzon
طرابزون,Trabzon
طربزون,Trabzon
طره بزون,Trabzon
طربزون مع نواحى,Trabzon maa Nevahi
طربزون مع نواحى,Trabzon maa nevahi
نفس طربزون,Trabzon merkez
نفس طره بزون,Trabzon merkez
تراغونيس,Tragonis
طراغو,Tragonis/Trago
تراغونيسى,Tragonis/Tragonisi
تراغونيزى,Tragonis/Tragonizi
تراغوسا,Tragusa
تراكيا,Trakiya
تراچيا,Trakiya/Treçiya
ترامبه تو,Trambeto
طراونه,Travna
طِرَاوْنَه,Travna
تراونيك,Travnik
تراونيق,Travnik
تراونيق مع كليس,Travnik maa Klis
نفس تراونيك,Travnik merkez
بازار تراونيق,Travnik/Pazar-ı Travnik
واروش قلعۀ تراونيك,Travnik/Varoş-ı Kale-i Travnik
واروش تراونيك,Travnik/Varoş-ı Travnik
تربچه,Trebçe
تربجه,Trebçe
تربچه,Trebçe
معدن تربچه,Trebçe/Maden-i Trebçe
معدن تربچه بالا,Trebçe/Maden-i Trebçe-i Bala
تربجۀ زير,Trebçe/Trebçe-i Zir
تره بتين,Trebetin
تره بين,Trebin
تيره بين,Trebin
ترابنه,Trebin/Trabine
تره بنه,Trebin/Trebine
تره بينه,Trebin/Trebine
تربنه,Trebin/Trebine
تربينه,Trebin/Trebine
تربنه,Trebine
تره بيشته,Trebişte
تربوه,Trebova
تره پوليچه,Trepoliçe
طره پوليچه,Trepoliçe
طره پليجه,Trepoliçe
طره پلوجه,Trepoliçe
طرا بلوس,Trepoliçe/Trablus
طراپوليچه,Trepoliçe/Trapoliçe
طره پوله,Trepoliçe/Trepole
تربستوه,Tribistova
تريغراد,Trigrad
تريكه رى,Trikeri
تريكر,Trikeri/Triker
تريكريا,Trikeri/Trikerya
تريكيرى,Trikeri/Trikiri
ترپتنسى,Tripitinisi
ترنيس,Tripitinisi/Trinis
تريسونيا,Trisonya
تريذونيه,Trisonya/Trizonya
ترسته نيك,Tristenik
تريا ماوراودنا,Triya Mavravodina
ترييا ماوراودنا,Triya Mavravodina
تريا ماورومنا,Triya Mavravodina (Triya Mavromina)
تريا نيسيا,Triyanisiya
ترييانيسيا,Triyanisiya
اشرفى اطه لرى,Triyanisiya/Eşrefi Adaları
نيسيا,Triyanisiya/Nisiya
طرييو,Triyo
ترييو,Triyo
تربوشتيجه,Troboştice
تروبوشتيچه,Troboştiçe
تربوشتيجه,Troboştiçe
ترپوشتچه,Troboştiçe/Tropoştiçe
توفير (؟),Tufir (?)
توغلر,Tuğlar
قاره طوغلر,Tuğlar/Karatuğlar
طوغوت,Tuğut
توحما,Tuhma
طوقما,Tuhma/Tukma
توخت,Tuht
تخت,Tuht
توحت,Tuht
طولجى,Tulca
تولجه,Tulca
طولچى,Tulca/Tolçi
طولجى,Tulca/Tolçi
طولميتا,Tulemeyta
طول كرم,Tulkerem/Tulkerm
طولون,Tulon
طولوم اطهسى,Tulumadası/Orovi
طو نه,Tuna
طونه,Tuna
طُونه,Tuna
طونه,Tuna
دوننماى نهر طونه,Tuna/Donanma-yı Nehr-i Tuna
نهر تونه,Tuna/Nehr-i Tuna
نهر طونه,Tuna/Nehr-i Tuna
طونجه,Tunca
تونس,Tunus
تُونُس,Tunus
طونس,Tunus
تنس,Tunus
تونس,Tunus
تنيس,Tunus/Tunis
طور,Tur
طور سينا,Tur-ı Sina
طره باى,Turabay
طوراج اوغلي,Turaçoğlu
توران,Turan
تورانلى,Turanlı
طوراسى,Turası
ترات,Turat
تورجان,Turcan
طورغود,Turgud
تورغود,Turgud (?)
طورغود مع جهانبكلى,Turgud maa Cihanbeyli
طورغود تركمان بوز اولوس,Turgud Türkmen-i Bozulus
طورغود و بايبرد,Turgud ve Bayburd
طورغود و بوز اولوس,Turgud ve Bozulus
دورغود,Turgud/Durgud
طورغود ايلى,Turgud/Turgudili
طورغودلى,Turgudlu
طورغودلو,Turgudlu
طورغودلى,Turgudlu/Kasaba
قصبه,Turgudlu/Kasaba
نفس قصبه,Turgudlu/Kasaba merkez
تورخال,Turhal
ترخال,Turhal
تورحال,Turhal
طورحال,Turhal
تورخال,Turhal
طورحال مع عشائر,Turhal maa Aşair
تورخال مع  قاز اباد,Turhal maa Kazabad
طورخال,Turhal/Keşan
طورلوطي,Turloti
طورنا,Turna
طورنالى,Turnalı
ترساق,Tursak
تورش,Turuş
توروش,Turuş
طوت,Tut
طوطاق,Tutak
طوتاق,Tutak
طوتاق,Tutak
طوتاق,Tutak
طوطاق,Tutak/Antab
عنتاب,Tutak/Antab
عنتاب,Tutak/Antab
طوتاق,Tutak/Antab
دوطاخ,Tutak/Dutah
توطاش,Tutaş
بازار بويك واروش يونس پاشا,Tutik (Pazar-ı Boyik-i Varoş-ı Yunuspaşa)
واروش يونس پاشا,Tutik/Varoş-ı Yunuspaşa
توترقان,Tutrakan
توتروقان,Tutrakan
طوتره قان,Tutrakan
طُوتْره قان,Tutrakan
طوترقان,Tutrakan
طوبريج,Tuveyric
طوز,Tuz
طوز,Tuz
طوز,Tuz
غرود,Tuz/Grud
غروده,Tuz/Gruda
غروذه,Tuz/Gruza
طوزلى,Tuz/Tuzlu
طوزاق,Tuzak
طوزاق مع دوشملر,Tuzak maa Döşemeler (?)
طوزبرون,Tuzburun
طوزجيان,Tuzcuyan
طوز حصار,Tuzhisar
قزيل حصارى,Tuzhisar/Kızılhisarı
طوز خورماتو,Tuzhurmatu
طوز خورماتى,Tuzhurmatu
طوزله,Tuzla
طوزله,Tuzla
طوزلۀ بالا,Tuzla-i Bala
مملحۀ بالا,Tuzla-i Bala/Memlaha-i Bala
طوزلۀ زير,Tuzla-i Zir
نفس طوزلۀ زير,Tuzla-i Zir merkez
طوزلۀ زير و بالا,Tuzla-i Zir ve Bala
مملحۀ زير,Tuzla-i Zir/Memlaha-i Zir
مملحه زير,Tuzla-i Zir/Memlaha-i Zir
اسكله,Tuzla/İskele
اسكلهً طوزله,Tuzla/İskele-i Tuzla
لارناقه,Tuzla/Larnaka
مملحتين,Tuzla/Memlahateyn
طوز,Tuzla/Tuz
طوزن,Tuzla/Tuzan
طوزله اسكله سي,Tuzla/Tuzlaiskelesi
طوزله كوزى,Tuzlagözü
طوزلق,Tuzluk
توزلق,Tuzluk
قوزلق,Tuzluk/Kozluk
توزلى,Tuzluk/Tuzlu
طوزسز,Tuzsuz
تفلح,Tüflah
تيفتاح,Tüflah/Tiftah
توكوچه (؟),Tüküçe (?)
تومك,Tümük
تموك و اقچه قلعه و يره مدكى و پازارجق و طاش بولاق (؟),Tümük ve Akçakale ve Yeremudki (?) ve Pazarcık ve Taşbulak
تربه,Türbe
تربه دره,Türbedere
چركس كوى,Türbedere/Çerkesköy
حميديه,Türbedere/Hamidiye
تربة القحم,Türbetülkahm
تربت القحم,Türbetülkahm
نجد الدار,"Türbetülkahm/
Necdüddar"
تربة القحم,Türbetülkahm/Necdüddar
تربة القحم,Türbetülkahm/Şerab
شرعب,Türbetülkahm/Şerab
تركانلو,Türkanlı
تورك طغانجه,Türkdoğanca
تورك ايلى,Türkeli/Türkili
توركنلر,Türkenler
توركنلر مع زكم عليا,Türkenler maa Zegem-i Ulya
تركمان,Türkmen
تركمان و الاجه حان دربندى,Türkmen ve Alacahan Derbendi
تركمان بوز اولوس,Türkmen-i Bozulus
بوز اولوس,Türkmen-i Bozulus/Bozulus
تركمنان بوز اولوس,Türkmen-i Bozulus/Türkmenan-ı Bozulus
تركمان حلب,Türkmen-i Haleb
تركمان,Türkmen-i Haleb/Türkmen
تركمان حلب مراد بك,Türkmen-i Haleb/Türkmen-i Haleb-i Murad Bey
تركمانان سلوريه,Türkmenan-ı Selluriye
تركمانان سلورى,Türkmenan-ı Selluriye
تركمانان,Türkmenan-ı Selluriye/Türkmanan
تركمانان سلورى,Türkmenan-ı Selluriye/Türkmanan-ı Selluri
تركمان سلوريه,Türkmenan-ı Selluriye/Türkmen-i Selluriye
تركمن جلابى,Türkmencülabı
ترك اوغلى,Türkoğlu
تورنك,Türnük
تورنيك,Türnük
لوشديكن,Türnük/Löşdiğin
ترشمك,Türüşmek
اعيوج,Uayvic
عبيد,Ubeyd
العبيد,Ubeyd/el-Ubeyd
اوجان,Ucan
عجيلات,Uceylat
عَجيلات مع علايِق,Uceylat (Acilat) maa Alayik
عَجيلات مع علايِق,Uceylat maa Alayik
عجير,Uceyr
اوچ حصار,Uçhisar
اوچكان,Uçikan
اوده,Ude
عديد,Udeyd
عدين,Udeyn
نفس عدين,Udeyn merkez
اودوارد,Udvard
اودور,Udvard/Udvar
اودوور,Udvard/Udvor
اودوينه,Udvine
قلعۀ اودونه مع واروش,Udvine (Kale-i Udvine) maa Varoş
قلعۀ اودوينه,Udvine/Kale-i Udvine
اودوبنه,Udvine/Udobine
اوفاجقلى,Ufacıklı
اوفه جقلى,Ufacıklı
اوفجقلى,Ufacıklı
اغريك,Ugarik
اوغود,Ugod
عكان,Ukan
اوقان,Ukan
عكاظ,Ukaz
عقبان,Ukban
اوله,Ula
علا,Ula
اولا,Ula
العلا,Ula/el-Ula
اوله,Ula/Gökabad
اولاه شپش,Ulahşepiş
اولاه شبش,Ulahşepiş
اولاح شپش,Ulahşepiş
اولاق,Ulak
اولاق,Ulak
عولاق,Ulak
اولاق دره سى,Ulak/Ulakderesi
اوغلاق دره,Ulak/Ulakderesi (Oğlakdere)
اولان الى,Ulaneli
اولانوف,Ulanof
اولا پرت,Ulapert
اولاش,Ulaş
اولاش,Ulaş
اولاش مع  نمرون,Ulaş maa Namrun
اولاش مع نمرون,Ulaş maa Namrun
الاش و قيى,Ulaş ve Kıyı
اولاش و نمرون,Ulaş ve Namrun
الوس,Ulaş/Alus
اولوش,Ulaş/Uluş
اولبو,Ulbo
ئوليا,Uliya
اوليا,Uliya
اولقانه,Ulkana
عليقه,Ulleyka
عُلَّيْقَه,Ulleyka
عُلَّيْقه,Ulleyka
جرد عُلّيقه,Ulleyka/Cürd-i Ulleyka
جُرد العَليقه,Ulleyka/Cürdülulleyka
اولوغ,Ulog
اولو اباد,Uluabad
اولوباد,Uluabad/Ulubad
اولوباد,Ulubad
آبولنيا,Ulubad/Abolonya
آپُليُوند,Ulubad/Apolyond
اونلباميه,Ulubad/Onlubamye
اولوبات,Ulubad/Ulubat
اولوبورلى,Uluborlu
اولو بورلو,Uluborlu
اولوبورلو,Uluborlu
اولو بورلى,Uluborlu
اوليبورلى,Uluborlu
اولو كوبك,Ulugöbek
كوبك,Ulugöbek/Göbek
اولوبك,Ulugöbek/Ulubey
اولو بك,Ulugöbek/Ulubey
اولو قلعه,Ulukale
اولوقشله,Ulukışla
اولوقيشله,Ulukışla
اولو قشله,Ulukışla
حميديه,Ulukışla (Hamidiye)/Maden
حميديه,Ulukışla (Hamidiye)/Maden
حميديه,Ulukışla/Hamidiye
شجاع الدين,Ulukışla/Kokas/Şücaeddin
معدن,Ulukışla/Maden
معدن همايون,Ulukışla/Maden-i Hümayun
بولغار معدنى,Ulukışla/Maden/Bulgarmadeni
شجاع الدين,Ulukışla/Şücaeddin
الوكوئ اسكيلب,Uluköy-i İskilib
اولو,Uluköy-i İskilib/Ulu
علوم,Ulum
اولوس,Ulus
اولوس مع اماسري,Ulus maa Amasra
اولوس,Ulus/Ovaköy
اولو شيران,Uluşiran
عليا,Ulya (Zaruşad'da)
اموربك,Umurbey
امور فقيه,Umurfakih
امور فقه,Umurfakih
امور فقى,Umurfakih/Umurfakı
اموريك,Umurik
موريك,Umurik/Murik
اونا,Una
اونه,Una
اونچه,Unçe
اونسه,Unise
اونيه,Uniye
عر,Ur/Urr
اوراكه,Urake
اوراقه,Urake/Uraka
اورمان,Uraman
عربان,Urban
عُرْبانِ جانب الغرب,Urban-ı Canibülgarb
عُرْبانِ جانب الشرق,Urban-ı Canibüşşark
اورفله,Urfille
اوُرْفِلَه,Urfille
اورفلّه,Urfille
اورفلله,Urfille
اوُرْفَله,Urfille/Urfelle
اُورْفَله,Urfille/Urfelle
اورفِلَه,Urfille/Urfile
اورله,Urla
اورله,Urla
اورلا,Urla
بازار اورله,Urla/Pazar-ı Urla
عرمان,Urman
اروش,Uruş
اورش,Uruş
اوروزلر,Uruzlar
عصيمان,Usayman
اوصغون (؟),Uskara/Osgun
اوسقوپيه,Uskupye
اسقوپيه,Uskupye
اسقوبيه,Uskupye
اسقوبله,Uskupye (Uskoble)/Vakıf
اسقوينه,Uskupye (Uskovina)
اسقوبلۀ بالا,Uskupye/Uskoble-i Bala
اوسوره,Usora
استقولنه,Ustokolina
بازار اوستوقولنه,Ustokolina/Pazar-ı Ustokolina
بازار اوستقولنه,Ustokolina/Pazar-ı Ustokolina
استرزوب,Ustrozob
استروغه,Ustruga
اوستروغه,Ustruga
استروغا,Ustruga
استروما,Ustruma
اوسترومجه,Ustrumca
استرومجه,Ustrumca
استورمجه,Ustrumca
استورومجه,Ustrumca
استرمجه,Ustrumca
اوسترمجه,Ustrumca
استرومجه و طويران,Ustrumca ve Doyran
استرومجه,Ustrumca/İstrumca
استورمجه,Ustrumca/Usturumca
اوستودنه,Ustudana
استودنه,Ustudana
استودانى,Ustudana/Kamaniska
اوستوده نيچه,Ustudaniçe
عشاق,Uşak
عشا ق,Uşak
عشاق,Uşak
عشاق مع بناز,Uşak maa Banaz
عشاق مع ناحيۀ اولو كوبك,Uşak maa Nahiye-i Ulugöbek
نفس عشا ق,Uşak merkez
عشّاق,Uşak/Uşşak
عُشّاق,Uşak/Uşşak
اوشنى,Uşni
اوشتى زرزا,Uşni/Uşni-yi Zerza
عتمه,Utma
اوتوين,Utvin
عُوَينه,Uveyne
اوي بارش,Uybarş
اوى بارش,Uybarş
اوي پارش,Uyparş/Uybarş
عيون,Uyun
عيون,Uyun/Cun
ايوار,Uyvar
اويوار,Uyvar
اويوآر,Uyvar
قلعۀ اويوار,Uyvar/Kale-i Uyvar
اوى واروش,Uyvaroş
اوز,Uz
اوز مساخور,Uzmesahor
اوز,Uzmesahor/Uz
اوزون,Uzun
اوزون اطه,Uzunada
اوزون اطه,Uzunada
ببرجك,Uzunada/Bibercik
ببرجك,Uzunada/Bibercik
غروصه,Uzunada/Grosa
مقرونيسى,Uzunada/Makronisi
ماقرونيسى,Uzunada/Makronisi
ماقرونيزى,Uzunada/Makronizi
اوزنجه اطه,Uzunada/Uzuncaada
اوزونجه اباد خاصكويى,Uzuncaabad-ı Hasköy
اوزنجه آباد خاصكوى,Uzuncaabad-ı Hasköy
اوزنجه اباد خاصكوى,Uzuncaabad-ı Hasköy
اوزونجه اباد خاصكوى,Uzuncaabad-ı Hasköy
اوزنجه اباد خاصكوى,Uzuncaabad-ı Hasköy
خاصكوى,Uzuncaabad-ı Hasköy/Hasköy
خاصكوى اوزنجه اووه,Uzuncaabad-ı Hasköy/Hasköy-i Uzuncaova
اوزنجه اباد,Uzuncaabad-ı Hasköy/Uzuncaabad
اوزنجه اباد,Uzuncaabad-ı Hasköy/Uzuncaabad
اوزونجه اووه,Uzuncaabad-ı Hasköy/Uzuncaova
اوزونجه اوه,Uzuncaabad-ı Hasköy/Uzuncaova
اوزونجه اووه حاصكوى,Uzuncaabad-ı Hasköy/Uzuncaova Hasköy
اوزنجه اوۀ خاصكوى,Uzuncaabad-ı Hasköy/Uzuncaova-i Hasköy
اوزون كوپرى,Uzunköprü
اوزون كپرى,Uzunköprü
جسر اركنه,Uzunköprü/Cisr-i Ergene
جسر ارگنه,Uzunköprü/Cisr-i Ergene
جسر اركنه,Uzunköprü/Cisr-i Ergene
اركنه,Uzunköprü/Ergene
اوزونلى,Uzunlu
ازون صقال,Uzunsakal
اوزون تارله,Uzuntarla
اوچ اطه لر,Üç Adalar
اوچ آطه لر,Üç Adalar
اوج اطه لر,Üç Adalar
اوج قرداشلر اطه لرى,Üçkardaşlar Adaları
اوچ كوى,Üçköy
اوكمجه مع كوسه لى,Üğümce maa Köseli
اوكز,Üğüz
اوكوز,Üğüz
اوگز,Üğüz
اوكيز,Üğüz/Üğiz
اوگز,Üğüz/Üğiz
اولگون,Ülgün
اولكون,Ülgün
اولكونبار,Ülgünbar
اولكاي مكري,Ülke-yi Megeri
اولوندرك,Ülündürük
اولندرك,Ülündürük
لوندرك,Ülündürük/Lündürük
ام على,Ümm-i Ali
ام غازى,Ümm-i Gazi
ام ادريس,Ümm-i İdris
ام قدقور,Ümm-i Kadkur
ام النخيلة,Ümm-i Nahile
بردستان,Ümm-i Nahile/Berdistan
نحيلو,Ümm-i Nahile/Nahilu
ام نحسان,Ümm-i Nahsan
ام رحا,Ümm-i Raha
امّ سلامه و بناتها,Ümm-i Selame ve Benatuha
ام سمروع,Ümm-i Semeru
ام سحار,Ümm-i Sihar
ام سمارى,Ümm-i Simari
مورمارى,Ümm-i Simari/Murmari
ام سوق,Ümm-i Suk
ام شلغار,Ümm-i Şilgar
امّ العم,Ümmülamm
ام البعرور,Ümmülbarur
املج,Ümmülec
امّ الفيارين,Ümmülfeyyarin
ام الحمايل,Ümmülhamayil
ام الحشب,Ümmülhaşeb
ام الحطب,Ümmülhatab
ام الكريب,Ümmülkerib
ام كولان (؟),Ümmülkevlan (?)
ام القروش,Ümmülkuruş
اون الغروش,Ümmülkuruş/Unulguruş
ام الكره,Ümmülküre
ام المراديم,Ümmülmeradim
ام المرادم,Ümmülmeradim
ام الواشى,Ümmülvaşi (?)
ام الرماح,Ümmürrimah
ام الطرحان,Ümmüttarhan
ام الزعول,Ümmüzzaul
ام الذيبان,Ümmüzziban
عمرانيه و حرْبتينِيه,Ümraniye ve Harbetiniye
انكروس,Üngürüs
اِنكِرُوسْ,Üngürüs/İngirüs
اونيه,Ünye
اونيه مع نواحى,Ünye maa Nevahi
اونيه و جويز دره و جوره كل و فنارس و افراز,Ünye ve Cevizdere ve Çöreği (Çöreğil) ve Fenaris ve İfraz
اردن,Ürdün
اورا كير,Üreğir
اركوب,Ürgüb
اوركوب,Ürgüb
اوركوب,Ürgüb
اركوپ,Ürgüp
اوركوپ,Ürgüp
اركوب,Ürgüp/Ürgüb
اورگوب,Ürgüp/Ürgüb
اوركوب,Ürgüp/Ürgüb
ارگوب,Ürgüp/Ürgüb
اسكوب,Üsküb
اسُكُوب,Üsküb
اوسكوب,Üsküb
اسكوب,Üsküb
اسكوب مع ناحيء قچانك,Üsküb maa Nahiye-i Kaçanik
اسكوب مع نواحى,Üsküb maa Nevahi
اسكوب مع نوكريچه,Üsküb maa Nogoriçe
نفس اسكوب,Üsküb merkez
اسكوبي,Üskübi
اسكوبى,Üskübi
اوسكبى,Üskübi
اسكدار,Üsküdar
اسكدار,Üsküdar
اسكودار,Üsküdar
اسكودر,Üsküdar
اسوكدار,Üsküdar
اوسكودار,Üsküdar
اسكدار مع كوملجنه,Üsküdar maa Gümülcine
اوسكنه,Üsküne
اسكوتى,Üskütü
اوستكران,Üstükran
اوستكرا ن عليا,Üstükran/Üstükran-ı Ulya
اوتوك,Ütük
عزير,Üzeyr
اوزمدل,Üzümdil
اوزمى,Üzümi
اوزملى,Üzümlü
اوزملو,Üzümlü
اوزوملى,Üzümlü
واج,Vac
واچ,Vaç
واچنه,Vaçne (?)
وادى,Vadi
وَادِى,Vadi
وادى,Vadi
وادى بَرَدَه,Vadi-i Berada
وادى برده,Vadi-i Berada
وادي برده,Vadi-i Berada
وادى بره ده,Vadi-i Berada
وادى بَرده,Vadi-i Berada
وادى البرده,Vadi-i Berada/Vadilberada
وادي جمول,Vadi-i Cumul
وادئ جمول,Vadi-i Cumul
وادئ حمول,Vadi-i Cumul/Vadi-i Humul
وادئ غربى,Vadi-i Garbi
وادئ غربىNakhalat,Vadi-i Garbi
غربى,Vadi-i Garbi/Garbi
وادى قنديل,Vadi-i Kandil
وادئ موسى,Vadi-i Musa
وادى موسى,Vadi-i Musa
وادى موسى,Vadi-i Musa
وادئ نخله,Vadi-i Nahle
وادى شعير,Vadi-i Şair
وادى الشعير,Vadi-i Şair/Vadişşair
وادئ شرقى,Vadi-i Şarki
شرقى,Vadi-i Şarki/Şarki
شرقى,Vadi-i Şarki/Şarki
وادئ عتبه,Vadi-i Utbe
وادئ عَنْبَه,Vadi-i Utbe/Anbe
عتبه,Vadi-i Utbe/Utbe
عُتْبه,Vadi-i Utbe/Utbe
عتيه,Vadi-i Utbe/Utye
وادى يبروت,Vadi-i Yebrut
وادى العجم,Vadilacem
وادى العجم,Vadilacem
ناحيۀ وادى الهم,Vadilacem/Nahiye-i Vadilhem
وادى عجم,Vadilacem/Vadi-i Acem
وادى الاخضر,Vadilahdar
واديلي,Vadili
وادى اللوا,Vadilliva
وادى النصارى,Vadinnasara
وادى النصرى,Vadinnasara
وادى النصاره,Vadinnasara
وادى النصارا,Vadinnasara
وادى النبى,Vadinnebi
وادي الرّماع,Vadirrumaa
وادى الشعرا,Vadişşuara
وادى الشعراء الغربى,Vadişşuara el-Garbi
وادى التيم,Vaditteym
وادالتيم,Vaditteym
وادالتيم,Vaditteym
وادى التيم و عرقوب,Vaditteym ve Arkub
وادى الشمه,Vaditteym/Vadişşemme
وادى وانك,Vadivank
واديه,Vadiye
واديّه,Vadiye
واژون,Vajon
واق,Vak
واغ,Vak/Vağ
وقف حمزه بيك,Vakf-ı Hamzabey
وقف كبير,Vakf-ı Kebir
وقف كبير,Vakf-ı Kebir
وقف كبير,Vakf-ı Kebir
وقف كبير مع اسكيه,Vakf-ı Kebir maa İskefiye (İskeye)
وقف كبير اسكفه يه,Vakf-ı Kebir maa İskefiye/Vakf-ı Kebir İskefeye
وقف,Vakf-ı Kebir/Vakf
وقف صغير,Vakf-ı Sagir
وقف زير,Vakf-ı Zir
وقف,Vakıf
وقف,Vakıf
وقفلر,Vakıf/Vakıflar
ولاقسا,Valaksa
بالاقسا,Valaksa/Balaksa
ولاحا,Valaksa/Valaha
والاندووه,Valandova
والير,Valir
والپوه,Valpova
والپووه,Valpova
والپوه,Valpova
والطه,Valta
والتوز,Valtoz
وليامن,Valyemin
واليوه,Valyeva
ولوه,Valyeva/Valova
واليه وو,Valyeva/Valyevo
واليوه,Valyeva/Zagor
واموس,Vamos
وان,Van
وان,Van
وآن,Van
وان ادرميد,Van Edremid
ادرميد,Van Edremid/Edremid
نفس وان,Van merkez
وان و اختمار,Van ve Ahtamar
وانتروق,Vanterok
وپراش,Vapraş
واپريپاش,Vapraş/Vapripaş
وپرياش,Vapraş/Vapriyaş
واراد,Varad
وراد,Varad
ورات,Varad/Varat
واردين,Varadin
ورادين,Varadin
وارادين,Varadin
وآرادين,Varadin
وارآدين,Varadin
واره دين,Varadin
قلعۀ واره دين,Varadin Kalesi
واراديه,Varadya
وراديه,Varadya
وآرآديه,Varadya
توت,Varadya/Tot
طوت,Varadya/Tot
واراديه,Varadya/Totvaradi
توت واردى,Varadya/Totvaradi
وارادنه,Varadya/Varadana
واردانه,Varadya/Varadana
وراق,Varak
وارانو,Varano
وراى,Varay
واى,Varay/Vay
واربا,Varba
ابو غرابه,Varba/Ebugurabe
وارچاروقف,Varçarvakıf
وارچار,Varçarvakıf/Varçar
واردار,Vardar
واردار,Vardar
واردار صوي,Vardar suyu
واردار كبير و صغير,Vardar/Vardar-ı Kebir ve Sagir
واردار صغير,Vardar/Vardar-ı Sagir
واردارصغيروكبير,Vardar/Vardar-ı Sagir ve Kebir
واردارين,Vardar/Vardareyn
وارديانى,Vardiyani
وارديان آدالرى,Vardiyani/Vardiyan Adaları
وارنه,Varna
وارنقه,Varnaka
وروش,Varoş
وارش,Varoş
واروش,Varoş
واروش,Varoş
واروش فروزبك,Varoş-ı Firuzbey
واروش قلعۀ مكوريجيه,Varoş-ı Kale-i Mikuriçye
واروش قلعۀ مكوريچيه,Varoş-ı Kale-i Mikuriçye
واروش كيژوينه,Varoş-ı Kijevine
واروش لشنيجه,Varoş-ı Leşniçe
واروش لشنيج,Varoş-ı Leşniçe/Varoş-ı Leşniç
واروش سوله,Varoş-ı Sole
وارطان,Vartan
وارطو,Varto
وارتو,Varto
وارطوى عليا و سفلا مع عشيرت جبرانلو,Varto (Varto-yı Ulya ve Süfla) maa Aşiret-i Cibranlı
نفس وارطو,Varto merkez
كومكوم,Varto/Gümgüm
وارطوى عليا و سفلا,Varto/Varto-yı Ulya ve Süfla
وارطولر,Varto/Vartolar
وصاب عالى,Vasab-ı Ali
وصاب سافل,Vasab-ı Safil
وصابين,Vasabeyn
واصار,Vasar
واسكرد,Vasgird
واسكيرت,Vasgird/Vasgirt
واسط,Vasıt
واصط,Vasıt
واثى,Vasi
واسيل آطه,Vasilada
واصيل,Vasilada/Vasil
واسيلى,Vasili
مليسه,Vasili/Melise
واصلقه,Vasilika
واسيليقو,Vasiliko
واسيلقو,Vasiliko
واصلقو,Vasiliko
واسليقوز,Vasiliko/Vasilikoz
واسيلقوس,Vasilikos
وسيطه,Vasita
واسقوان,Vaskovan
واسقووان,Vaskovan
اسقووان,Vaskovan/İskovan
واسلوى,Vasluy
واسوويك,Vasovik
واسويك زير,Vasovik/Vasovik-i Zir
واشارهل,Vaşarhel
واشيلادى,Vaşiladi
واشقه سنمارتين,Vaşka Senmartin
واشوار,Vaşvar
واشيان,Vaşyan
وطن,Vatan
وته,Vate
دنه,Vate/Dena
واتى,Vati
واتى,Vati
واتقه,Vatika
واتيقه,Vatika
واتون,Vaton
توپاذيا,Vaton/Topazya
يشل,Vaton/Yeşil
يشيل,Vaton/Yeşil
يشيل اطه,Vaton/Yeşilada
وايونتيا,Vayonetya
واظلدان,Vazıldan
وازن,Vazin
وبش,Vebeş
وديچه,Vediçe/Pahna Suyu
وفس,Vefs
وكره,Vekre
ولا,Vela
ولچه,Velçe
ولستن,Velestin
ولستين,Velestin
ولسين,Velestin/Velesin
ولى بابا,Velibaba
وليقه,Velika
وليقه,Velika
وليقه اسلوبوچيه,Velika İslobuçye
وليقه,Velika İslobuçye/Velika
وليقه استروه,Velika Ostrova
وليقه سچن,Velika Seçen
ولين,Velin
قلعۀ ولين,Velin/Kale-i Velin
واروش قلعۀ ولين,Velin/Varoş-ı Kale-i Velin
ولوندوس,Velvendos
وليه,Velye
ونچه,Vençe
رشمى (؟),Vençe/Reşmi
ونيچه,Vençe/Vençi
ونچى,Vençe/Vençi
ونجى,Vençe/Vençi
ونديك مملكتي,Venedik Memleketi
ونديقو,Venediko
ونديقواطه جغى,Venediko Adacığı
اوردك,Venediko/Ördek
ونديك,Venediko/Venedik
وه نه تيقو,Venetiko
غالو,Venetiko/Galo
ونديك,Venetiko/Venedik
وه ته نيقو,Venetiko/Veteniko
ونك,Venk
وراژن,Verajne (Verajn (?))
وردور,Verdura
وه ردورا,Verdura/Ayanikola
وربيل,Verebil
ورنده,Verende
وريشان,Verişan
ويريشان,Verişan/Virişan
ورتنك (؟),Vertenk (?)
وشين,Veşin
وتحى,Vethi
وتحي,Vethi
وتهي,Vethi
ويسيّه,Veysiye
وزيرخانى,Vezirhanı
وزيرخان,Vezirhanı/Vezirhan
وزيركوپرى,Vezirköprü
كده غره و غازيلر اوجاغى,Vezirköprü (Kedegara) ve Gaziler Ocağı
كده غره,Vezirköprü (Kedegara)/Köprü
كده غره,Vezirköprü (Köprü)/Kedegara
كده غره,Vezirköprü (Vezirköprüsü)/Kedegara
كدغره,Vezirköprü (Vezirköprüsü)/Kedegara
كده غره,Vezirköprü/Kedegara
كده قره,Vezirköprü/Kedegara (Kedekara)
كوپرى,Vezirköprü/Köprü
نفس كوپرى,Vezirköprü/Köprü merkez
وزيركوپرسى,Vezirköprü/Vezirköprüsü
ولق,Vılk
ولق ايلى,Vılk/Vılkili
ويرانش,Vıraneş
ويروير,Vırvır
ويچه,Viçe
ويجه,Viçe
ويتره,Viçe/Vitre
وچرا,Viçra
ويد,Vid
ويدهر,Vidher
ويدين,Vidin
ودين,Vidin
وِدِينْ,Vidin
ودين مع ناحيۀ صحراء بلغرادجق و لوم و پولميه,Vidin maa Nahiye-i Sahra ve  Belgradcık ve Lom ve Polomiye
ودين مع نواحى,Vidin maa Nevahi
ودين و نواحى,Vidin ve Nevahi
ويدو,Vido
ويدوسقه,Vidoska
ويدوسقه وبورماز,Vidoska ve Burmaz
وروسقه,Vidoska/Viroska
ودرينچه,Vidriniçe
ويلاغوش,Vilagoş
ونچاج,Vinçaç
وينقوفچه و ايوانقوه,Vinkofça ve İvankova
وينقوفجي,Vinkofçi
وينوغراچ,Vinograç
ويرانجق,Virancık
ويرانجك,Virancık
سازانوس,Virancık/Sazanos
ويرانجق,Virancık/Sazanos
سزانوز,Virancık/Sazanoz
ويران شهر,Viranşehir
ويرانشهر,Viranşehir
ويران شهرى,Viranşehir/Viranşehri
ويربانيه,Virbanya
ويرباشقى,Virbaşkı
واروش قلعۀ ويرباشقي,Virbaşkı/Varoş-ı Kale-i Virbaşkı
ويرجه,Virce
ويرچوه,Virçova
ويردنيك,Virdnik
ويردنك,Virdnik
ويرك,Virdnik/Virik
ويروتيچه,Virevitiçe
ويره وتيچه,Virevitiçe
قلعۀ ويروتيچه,Virevitiçe/Kale-i Virevitiçe
ويرغوراج,Virgoraç
ويرغورچه,Virgoraç/Virgoriçe
ويرح غورچه,Virgoraç/Virhgoriça
ويرح بليجه,Virhbiliçe
واروش كربنه,Virhkrupine/Varoş-ı Grebene
ويرحليقه,Virhlika
ويرهووينه,Virhovine
ويرحوينه,Virhovine
ويرهوينه,Virhovine
ويرح ريقه,Virhrika
قلعۀ ويرح ريقه,Virhrika/Kale-i Virhrika
واروش قلعۀ ويرح ريقه,Virhrika/Varoş-ı Kale-i Virhrika
ويرحليقه,Virhrika/Virhlika
ويرشيجه,Virşice
ويره شيجه,Virşice/Vireşice
وثيقوق,Visikuk
وثيقوك,Visikuk
وشيقوك,Visikuk/Vişikuk
ويسوقه,Visoka
وسوقه,Visoka
بازار واروش ويسوقه,Visoka/Pazar-ı Varoş-ı Visoka
بازار اروش ويسوقه,Visoka/Pazar-ı Varoş-ı Visoka
بازار ويسوقه,Visoka/Pazar-ı Visoka
ويسسوقا,Visoka/Vissoka
ويسوره,Visora
وسوره,Visora
ويشغراد,Vişegrad
ويشه غراد,Vişegrad
وشغراد,Vişegrad
ويشغراد,Vişegrad
ويشقراد,Vişegrad
بالاء ويشغراد,Vişegrad/Bala-i Vişegrad
بازار ويشغراد,Vişegrad/Pazar-ı Vişegrad
واروش ويشغراد,Vişegrad/Varoş-ı Vişegrad
واروش  ويشغراد,Vişegrad/Varoş-ı Vişegrad
ويشقراد,Vişegrad/Vişekırad
ويشوغراد,Vişegrad/Vişograd
ويشوه,Vişova
وشوه,Vişova
ويطولشته,Vitoleşte
ويانو,Viyano
ويزه,Vize
ويزه,Vize
نفس ويزه,Vize merkez
ولاشقه مع يرگوگى,Vlaşka maa Yergöğü
ولاشقه مع يرگوگى,Vlaşka maa Yerğöğü
ولايشته,Vlayişte
وده نيچه,Vodeniçe
ودنيچه,Vodeniçe
وده نيچه بلاي بلاغاى,Vodeniçe/Vodeniçe-i Blayblagay
وده نيچه بيلاي بيلاغاي,Vodeniçe/Vodeniçe-i Blayblagay
وودينه,Vodine
وودينه,Vodine
وُدِنَه,Vodine
ودنه,Vodine
ودينه,Vodine
وودنا,Vodine
ودينه,Vodine
وودينه مع قره جه آباد,Vodine maa Karacaabad
نفس وودينه,Vodine merkez
وودا نه,Vodine/Vodana
ودانه,Vodine/Vodana
ودا نه,Vodine/Vodana
وده نه,Vodine/Vodena
ووئيدى,Voidi
ووكين,Vokin
وكين,Vokin
ووكين مع اسوتي مقلوش,Vokin maa İsvetimikloş
ووليسو,Voliso
وولوس,Volos
ولوس,Volos
ونوس,Volos/Venos
وولوز,Volos/Voloz
وونا,Vona
وونيچه,Voniçe
ونيچه,Voniçe
وشتران,Voşteran
وشتيچه,Voştiçe
ووشتيجه,Voştiçe
وشتيجه,Voştiçe
ووشتيچه,Voştiçe
ووستيجه,Voştiçe/Vostica
وينق,Voynuk
وينوق,Voynuk
وينوغان,Voynuk/Voynugan
وينوغان رُوم ايلى,Voynuk/Voynugan-ı Rumeli
وينوغان روم ايلى,Voynuk/Voynugan-ı Rumeli
ويوده,Voyvoda
وره بيل,Vrabil
وراخاس,Vrahas
ورانيك,Vranik
ويرانوغراچ,Vranograç
وراتار,Vratar
اوراتار,Vratar/İvratar
بازار اوراتار,Vratar/Pazar-ı İvratar
ورومونا,Vromuna
ورومونه,Vromuna
وروميونا,Vromuna/Vromyona
وچيچه,Vuçiçe
وغادي,Vugadi
وقه,Vuka
ووقه,Vuka
ووقوليس,Vukolis
ولچه مع رمنيق,Vulçe maa Rimnik
ولچترين,Vulçıtrın
ولجترين,Vulçıtrın
ولچترين,Vulçıtrın
ولچترن,Vulçıtrın
والچترين,Vulçıtrın
ولجترين,Vulçıtrın
ولچترين مع نظارت قراطوه و اسُكُوبْ,Vulçıtrın maa Nezaret-i Kratova ve Üsküb
ولچترين مع نظارت اسكوب,Vulçıtrın maa Nezaret-i Üsküb
ولچترين  مع نظارت اسكوب,Vulçıtrın maa Nezaret-i Üsküb
والچترين,Vulçıtrın/Valçıtrın
ويلچترين,Vulçıtrın/Vılçıtrın
وِلچِتريِن,Vulçıtrın/Vılçıtrın
وولغارو,Vulgaro
ولقوار,Vulkovar
والقوار,Vulkovar/Valkovar
وليقوار,Vulkovar/Velikovar
وومرى,Vumeri
وومرو,Vumeri/Vumero
وونوس,Vunos
ونوس,Vunos
ووتون,Vunos/Voton
وورقولاقه,Vurkolaka
وساليط,Vussalit
ووسالت,Vussalit
وسطه,Vusta
ووولوس,Vuvalos
يبان آباد,Yabanabad
يبان اباد,Yabanabad
يبان آباد,Yabanabad
يبان آباد,Yabanabad
يبان آباد,Yabanabad/Kızılcahamam
پازاركوى,Yabanabad/Pazarköy
يبان آباد,Yabanabad/Yabanova
يابان اواسى,Yabanabad/Yabanovası
يابلاق وماقرق (؟),Yablak (?) ve Makrak (?)
ياج اغاچ,Yaçağaç
يادره,Yadara
يادره مع اتبكار,Yadara maa Atpınar
يادكين,Yadgin
يفا,Yafa
يافه,Yafa
يافع (؟),Yafi (?)
ياغودنه,Yagodine
ياغودينه,Yagodine
يغودنه,Yagodine
لفچه,Yagodine/Lefçe
ياغان,Yağan
يغان,Yağan
ياغبصان,Yağbasan
ياربصان,Yağbasan/Yarbasan
يايجيلر,Yağcılar/Yaycılar
ياغده,Yağda
ياغداش,Yağdaş
يغلو بياده (؟),Yağlıbayada (?)
ياغليجه,Yağlıca
يغلو دره,Yağlıdere
يغما,Yağma
ياغمور دره,Yağmurdere
يغمور دره,Yağmurdere
يغموردره سى,Yağmurdere
يغموردره,Yağmurdere
يغمور در سى,Yağmurdere/Yağmurderesi
يغموردره سى,Yağmurdere/Yağmurderesi
يغمور دره سى,Yağmurdere/Yağmurderesi
ياغمور دره سى,Yağmurdere/Yağmurderesi
يخكيك,Yahkik
بجيلك,Yahkik/Becilik
تحكك,Yahkik/Tahkik
يحتك,Yahkik/Yehtek
يهوديان,Yahudiyan
يهوديه و زين,Yahudiye ve Zeyn
يحيالو,Yahyalı
يحيا لى,Yahyalı
يحيا لو,Yahyalı
يقه,Yaka
يقه جق,Yakacık
يقه جق,Yakacık
يقه جق و آق شهر آباد و تامزاره,Yakacık ve Akşehirabad ve Tamzara
ياقوريت,Yakorit
ياقوه,Yakova
ياقوه,Yakova
ياقوه مع التون ايلى,Yakova maa Altınili
ياقوه مع التون ايلى,Yakova maa Altunili
دياقوه,Yakova/Diyakova
يلاق,Yalak
يلاق اباد,Yalakabad
يلاق آباد,Yalakabad
يالوه,Yalakabad/Yalova
يالوه / يلاق آباد / يالق اباد,Yalakabad/Yalova
نفس يالوه,Yalakabad/Yalova merkez
يلا نجى,Yalancı
يلاسون,Yalasun
يلسون,Yalasun
يلاصون,Yalasun
ياله,Yale
يالى,Yalı
يالي,Yalı
غالى,Yalı/Gali
اسديرنكيلو,Yalı/İsdiringilo
اسديرنكيلو,Yalı/İsdringilo
استروس,Yalı/İstros
صقارجه لر,Yalı/Sakarcalar
صغرجق,Yalı/Sığırcık
صغرجقلر,Yalı/Sığırcıklar
سترونغيلو,Yalı/Strongilo
يلا,Yalı/Yala
ياللي,Yalı/Yallı
يالكز چام,Yalnızçam/Yalınızçam
يالوميچا,Yalomiça (?)
يالوميچه,Yalomiçe
يلواج,Yalvaç
يالواچ,Yalvaç
نفس يلواج,Yalvaç merkez
يلواج و قره اغاج,Yalvaç ve Karaağaç
يلواج و قره اغاچ,Yalvaç ve Karaağaç
يالواچ قره اغچ,Yalvaç ve Karaağaç
يلاوچ,Yalvaç/Yalavaç
يان,Yan
يانبولى,Yanbolu
يانبولى مع نواحى,Yanbolu maa Nevahi
خاصۀ يانبولى,Yanbolu/Hassa-i Yanbolu
يانيق,Yanık
يانق,Yanık
چوماقوفجه,Yaniçe/Çomakofça
يانسقار,Yaniskar
يانوس هذه,Yanoşheze
يانوشهاز,Yanoşheze/Yanoşhaz
يانوه,Yanova
يَانُوه,Yanova
ينوه,Yanova
يانوه,Yanova (?)
ينوه مع شاموكش,Yanova maa Şamukeş
يانوه مع ساموكش,Yanova maa Şamukeş (Samukeş)
ينوه مع شاموكس,Yanova maa Şamukeş (Şamukes)
يانوۀ جديد,Yanova/Yanova-i Cedid
يان اوۀ قديم,Yanova/Yanova-i Kadim
يانتره,Yantra
يانيه,Yanya
يانيه,Yanya
مركز يانيه,Yanya
يانيه مع قرندوس,Yanya maa Korindos
يانيه مع قورندوس,Yanya maa Korindos
يانيه مع قروندوس,Yanya maa Korindos
يانيه مع نواحى,Yanya maa Nevahi
نفس يانيه,Yanya merkez
نفس يانيه,Yanya merkez
ياننه,Yanya/Yanina
يپالي,Yapalı
يارقه,Yaraka
يرنيكومه,Yarangüme
يارنكومه,Yarangüme
طواس,Yarangüme/Tavas
يارنكمى,Yarangüme/Yarangömü
يارچه,Yarçe
يارحصار,Yarhisar
يار حصار,Yarhisar
يارحصار بروسه مع بازارجق,Yarhisar (Yarhisar-ı Bursa) maa Pazarcık
يارحصار مع پازارجق,Yarhisar maa Pazarcık
يارحصار مع بازارجق نام ديكر ارمنى بازارى,Yarhisar maa Pazarcık/Ermenipazarı
يارمجه,Yarımca
يارلق,Yarlık
ياروشوقه,Yaroşevka
يارپوز,Yarpuz
يرپوز,Yarpuz
ياصنوفچه,Yasanofça
ياسات,Yasat
ياصدوره,Yasdura
ياسنچه,Yaseniçe
ياسنوويك,Yasenovik
ياسنويك,Yasenovik
يصى,Yassı
يصى كوى,Yassı/Yassıköy
يصى آطه,Yassıada
پيلاتى,Yassıada/Plati
پلاطويا,Yassıada/Platoya
پلوطويا,Yassıada/Plotoya
يصّى,Yassıada/Yassı
يصيچه,Yassıca
ياصيجه,Yassıca
يصيجه آطه لرى,Yassıca Adaları
قرونسى,Yassıca/Karonisi
قاورو,Yassıca/Kavro
ياصيجه,Yassıca/Platine
پلاتيا,Yassıca/Platiya
ياساجه,Yassıca/Yasaca
يصى اورن,Yassıören
يصى ويران,Yassıören/Yassıviran
ياش,Yaş
ياش طاغ,Yaşdağ
ياشداغى,Yaşdağ/Yaşdağı
يوادى,Yavadı
يواش,Yavaş
لواشل,Yavaş/Levaşel
يواش الى,Yavaş/Yavaşili
يوه بولي,Yavebolu
ياوه بولى,Yavebolu
ياوه بولى,Yavebolu/Görele
ياوى,Yavi
ياويجه,Yaviçe
ياوجه,Yaviçe
ياوچه,Yaviçe
يولاق,Yavlak
ياولاق قرمانلو,Yavlakkaramanlı
يولاق بصان,Yavlakkaramanlı/Yavlakbasan
ياووز كمال,Yavuzkemal
ياوزكلى,Yavzekli (?)
ياياكوي,Yayaköyü
يايچه,Yayçe
ياييچه مع بهورينه بهكه,Yayçe maa Bihke/Yayiçe maa Bihorine Bihke
قلعۀ يايچه,Yayçe/Kale-i Yayçe
واروش قلعۀ يايچه,Yayçe/Varoş-ı Kale-i Yayçe
ياينچه,Yayçe/Yayniçe
يايقل,Yaykıl
يايقيل,Yaykıl
يايقل,Yaykıl
سفل,Yaykıl/Sefil
يايقين,Yaykıl/Yaykın
ييلاجق,Yaylacık
دوده راز,Yaylacılar/Dodaraz
يايلاق,Yaylak
يايلاق كبير,Yaylak-ı Kebir
يايلاق صغير,Yaylak-ı Sagir
يازبرين,Yazberin
يازى كوى,Yazıköy
يازى يرى,Yazıyeri
يازلوفجه,Yazlofça
يدى آطه,Yediada
يدي ديوان,Yedidivan
يدى ديوان,Yedidivan
پنچشنبه,Yedidivan/Pençşenbe
پنجشنبه,Yedidivan/Pençşenbe
يكانه,Yegana
بڭان,Yegana/Began
يهولنجه,Yeholniça
يلج,Yelec
يلج,Yelec
بازار يلج,Yelec/Pazar-ı Yelec
يليل,Yelil
يلكه سى,Yelkesi (?)
يَلْكه سى,Yelkesi (?)
يلليجه,Yellice
يللجه,Yellice
يلتيمور,Yeltimur
يلتمور,Yeltimur/Yeltemur
يمانية السفلا,Yemaniyetüssüfla
يمن,Yemen
یمن,Yemen
يمهوره,Yemhura
يمشلو,Yemişli
ينبوع,Yenbu
ينبع البحر,Yenbuulbahr
يَنْبُوعُ البحر,Yenbuulbahr
ينبوع البحر,Yenbuulbahr
ينبوع,Yenbuulbahr/Yenbu
ينكى,Yengi
يكيجه,Yenice
يكيجه كوى,Yenice
يكيجه قره جه اباد,Yenice Karacaabad
قره جه آباد,Yenice Karacaabad/Karacaabad
يڭيجۀ قره جه آباد,Yenice Karacaabad/Yenice-i Karacaabad
يكيجۀ قره جه اباد,Yenice Karacaabad/Yenice-i Karacaabad
يڭيجۀ آفلانى,Yenice-i Eflani
يكيجۀافلانى,Yenice-i Eflani
يكيجه افلانى,Yenice-i Eflani
افلغان يكيجه سى,Yenice-i Eflani/Eflağan Yenicesi
يكيجه,Yenice-i Eflani/Yenice
يكيجۀافلاقان,Yenice-i Eflani/Yenice-i Eflakan
يكجۀ كوكصو,Yenice-i Göksu
يكيجه قره صو,Yenice-i Karasu
يكيجۀ قره صو,Yenice-i Karasu
يكيجۀ قره صو,Yenice-i Karasu
يڭيجۀ قره صو,Yenice-i Karasu
يكيجۀ  قره صو,Yenice-i Karasu
قره صو,Yenice-i Karasu/Karasu
قره صو يكيجه سى,Yenice-i Karasu/Karasu Yenicesi
قره صو يكيجه سى,Yenice-i Karasu/Karasu Yenicesi
قره صو يكيجه سى,Yenice-i Karasu/Karasu Yenicesi
يكيجه,Yenice-i Karasu/Yenice
يكيجه قره,Yenice-i Karasu/Yenice Kara
يكيجۀ قزل اغاچ,Yenice-i Kızılağaç
يكيجۀ قزل آغاج,Yenice-i Kızılağaç
يكيجۀقزل اغاج,Yenice-i Kızılağaç
يكيجه قزل اغاج,Yenice-i Kızılağaç
قزل آغاج مع خاتون ايلى,Yenice-i Kızılağaç (Kızılağaç) maa Hatunili
يكيجۀ قزل آغاج مع خاتون ايلى,Yenice-i Kızılağaç maa Hatunili
يكيجۀ قزل اغاچ مع خاتون ايلى,Yenice-i Kızılağaç maa Hatunili
يكيجه قزل اغاج مع خاتون ايلى,Yenice-i Kızılağaç maa Hatunili
خاتون ايلى مع  قزل آغاج,Yenice-i Kızılağaç maa Hatunili/Hatunili maa Kızılağaç
قزل آغاج مع خاتون ايلى,Yenice-i Kızılağaç maa Hatunili/Kızılağaç maa Hatunili
قيزل اغاج,Yenice-i Kızılağaç/Kızılağaç
قزل اغاج,Yenice-i Kızılağaç/Kızılağaç
قزل اغاچ,Yenice-i Kızılağaç/Kızılağaç
قزيل اغاج يكيجه سى,Yenice-i Kızılağaç/Kızılağaç Yenicesi
قزل اغاچ يكيجه سي,Yenice-i Kızılağaç/Kızılağaç Yenicesi
قزيل اغج يكيجه سى,Yenice-i Kızılağaç/Kızılağaç Yenicesi
يكيجۀ روم,Yenice-i Rum
يكيجه,Yenice-i Rum/Yenice
يكيجۀ واردار,Yenice-i Vardar
يكيجۀ واردار,Yenice-i Vardar
يكيجۀ  واردار,Yenice-i Vardar
يكيجۀ وردار,Yenice-i Vardar
يكيجۀ  واردار,Yenice-i Vardar
يكيجه  واردار,Yenice-i Vardar
يكيجۀ واردار,Yenice-i Vardar
يكيجۀ واردار مع ودينه,Yenice-i Vardar maa Vodine (Vodena)
يكيجۀواردار و كوكيلى,Yenice-i Vardar ve Gevgili
واردار,Yenice-i Vardar/Vardar
واردار يكيجه سى,Yenice-i Vardar/Vardar Yenicesi
يكيجه,Yenice-i Vardar/Yenice
اينه جه,Yenice/İnece
يكيجه جمعه,Yenicecuma
يكيجه حصار,Yenicehisar
يكيجه,Yenicehisar/Yenice
يكيجه قلعه,Yenicekale
يڭيجه قلعه,Yenicekale
يڭيجه قلعه,Yenicekale
يكيجه كوى,Yeniceköy
ينيجه لى,Yeniceli
يكيجه اوبه,Yeniceoba
يكى جمعه,Yenicuma
يكيچرى اطه لرى,Yeniçeri Adaları
يكيچرى,Yeniçeri Adaları/Yeniçeri
يگي دنيا,Yenidünya
يكى خان,Yenihan
يكى حصار,Yenihisar
يكى ايل,Yeniil
يگى ايل,Yeniil
يكى ايل عشيرتى,Yeniil Aşireti
يكى ايل و قنغال و طنوس و دلكلى طاش,Yeniil ve Kangal ve Tonus ve Deliklitaş
ينكى ايل,Yeniil/Yengiil
يكى قلعه,Yenikale
يكي قصبه,Yenikasaba
يكى كوى,Yeniköy
يكى مسلمان,Yenimüslüman
يكى مسلمان و قوشتاش,Yenimüslüman ve Kuştaş
يكى ناحيه,Yeninahiye
چفتلك,Yeninahiye/Çiftlik
چفتلك التى,Yeninahiye/Çiftlikaltı
يكى پازار,Yenipazar
يكى بازار,Yenipazar
يڭى پازار,Yenipazar
يڭى پازار مع متروفجه,Yenipazar maa Mitroviçe (Mitrofca)
يكى پازار مع متروفچه,Yenipazar maa Mitroviçe (Mitrofça)
يكى پازار مع ناحيۀ سنيچه و سراى,Yenipazar maa Nahiye-i Seniçe ve Saray
يكى پازار مع نواحى,Yenipazar maa Nevahi
يكى بازار مع ترقوشته,Yenipazar maa Tirgovişte (Tırkovişte)
يكى پازارايدين,Yenipazar-ı Aydın
يڭى پازار آيدين,Yenipazar-ı Aydın
يكى پازار ايدين,Yenipazar-ı Aydın
يكى پازار,Yenipazar-ı Aydın/Yenipazar
يكپازارى,Yenipazar-ı Aydın/Yenipazar
يكيپازار,Yenipazar-ı Aydın/Yenipazar
يكى بازار,Yenipazar-ı Aydın/Yenipazar
بكپازارى,Yenipazar-ı Aydın/Yenipazar (Beypazarı)
يكى بازار بره وادى,Yenipazar-ı Prevadi
پروادى يكى بازارى,Yenipazar-ı Prevadi/Prevadi Yenipazarı
يكى پازار,Yenipazar-ı Prevadi/Yenipazar
يڭى پازار,Yenipazar-ı Prevadi/Yenipazar
يكى بازار,Yenipazar-ı Prevadi/Yenipazar
يكى پازار,Yenipazar-ı Prevadi/Yenipazar
يكى پازار,Yenipazar-ı Prevadi/Yenipazar
يكى بازارى,Yenipazar-ı Prevadi/Yenipazarı
يكيجه بازار,Yenipazar/Yenicebazar
يكى سادا,Yenisada
جاتى زاده,Yenisada/Catizade
زيونيس ياره س,Yenisada/Zivnisyaras
يكشار,Yenişar
يكشار مع قشاقلى,Yenişar maa Kaşaklı
يكى شهر,Yenişar/Yenişehir
يكيشهر,Yenişar/Yenişehir
يكيشهر,Yenişehir
يكى شهر,Yenişehir
نفس يكيشهر,Yenişehir merkez
يكيشهروفنار,Yenişehir ve Fener
يكيشهر و فنار,Yenişehir ve Fener
يكشهر ايدين,Yenişehir-i Aydın
يكيشهر ايدين,Yenişehir-i Aydın
يكيشهر ايدين مع قره جه صو,Yenişehir-i Aydın maa Karacasu
يڭى شهر آيدين مع قرجه صو,Yenişehir-i Aydın maa Karacasu
قره جه صو مع يكيشهر ايدين,Yenişehir-i Aydın maa Karacasu/Karacasu maa Yenişehir-i Aydın
يكيشهر ايدين,Yenişehir-i Aydın/Karacasu
يكى شهر,Yenişehir-i Aydın/Yenişehir
يكيشهر,Yenişehir-i Aydın/Yenişehir
يكيشهر بروسه,Yenişehir-i Bursa
يكيشهر بروسا,Yenişehir-i Bursa
يڭىشهر بروسه,Yenişehir-i Bursa
يكيشهر,Yenişehir-i Bursa (?)/Yenişehir
يكيشهر,Yenişehir-i Bursa/Yenişehir
يكيشهر,Yenişehir-i Bursa/Yenişehir
يكيشهر,Yenişehir-i Bursa/Yenişehir
يكى شهر,Yenişehir-i Bursa/Yenişehir
نفس يكيشهر,Yenişehir-i Bursa/Yenişehir merkez
يكيشهر فنارمع نواحى,Yenişehir-i Fener maa Nevahi
يكي واروش,Yenivaroş
يڭي واروش,Yenivaroş
يكى واروش,Yenivaroş
يگى واروش,Yenivaroş
يگى واروش مع استر افلاق,Yenivaroş maa İstar Eflak
سلچه,Yenivaroş/Seliçe
يكى واروش,Yenivaroş/Seliçe
يكى واروش,Yenivaroş/Seliçe/Varoş-ı İskenderpaşa
واروش اسكندرپاشا,Yenivaroş/Varoş-ı İskenderpaşa
يره,Yera
يره,Yera/Ayoyani
يرو,Yera/Yeru
يره پتره,Yerapetra
ياره پتره,Yerapetra
يراپتره,Yerapetra
يراپترا,Yerapetra
يَرَاپَتْره,Yerapetra
يراپتره,Yerapetra
يرا پتره,Yerapetra
جزيرۀ يره پتره,Yerapetra/Cezire-i Yerapetra
ايرا پترا,Yerapetra/İrapetra
قستل,Yerapetra/Kastel
قستل ياره پترو,Yerapetra/Kastel-i Yarapetro
ياره پترو,Yerapetra/Yarapetro
يره پترو,Yerapetra/Yerapetro
ييره پتره,Yerapetra/Yirapetra
قستل,Yerapetre/Kastel
يركوكى,Yergöğü
يركوكى اوته ياقه,Yergöğü-yi Öteyaka
وروش قلعۀ يركوكى,Yergöğü/Kale-i Varoş-ı Yergöğü
يركوى,Yergöğü/Yerköy
يريم,Yerim
پريم,Yerim/Perim
ير كسكى,Yerkesiği
ير كسيگى,Yerkesiği
ير كسيكى,Yerkesiği
يير كسيكى,Yerkesiği
دكزآباد,Yerkesiği/Denizabad
يرلى صو,Yerlisu
يرونيسى,Yeronisi
يشيل ايرمق,Yeşilırmak
يزه رو,Yezero
ييغيلجه,Yığılca
ييغليجه,Yığılca/Yığılıca
ييلان,Yılan
يلان,Yılan
ييلان,Yılan/Fidonisi
ييلانجق,Yılancık
لينازو,Yılancık/Linazo
لينوسا,Yılancık/Linosa
لنوسه,Yılancık/Linosa
يلانلوجه,Yılanlıca
ييلانليجه,Yılanlıca
ييلانلوجه,Yılanlıca
يلانليجه,Yılanlıca
يلديز,Yıldız
ييلديز ايلى,Yıldızeli
يلديز ايلى,Yıldızeli
يلديزايلى,Yıldızeli
يلديز ايلى,Yıldızeli
يلدزايلى,Yıldızeli
خان جديد مع يلدز ايلى,Yıldızeli maa Han-ı Cedid/Han-ı Cedid maa Yıldızeli
يلدز ايلى مع خان جديد,Yıldızeli maa Han-ı Cedid/Yıldızili maa Han-ı Cedid
ييلديز ايلى,Yıldızeli/Yenihan
يكى خان,Yıldızeli/Yenihan
يكى خان,Yıldızeli/Yenihan
يلدز,Yıldızeli/Yıldız
يلديز ايلى,Yıldızeli/Yıldızili
يلدوز,Yıldızeli/Yılduz
يفرين,Yifrin
قصر ييفرين,Yifrin (Kasr-ı Yifrin)/Kasr-ı Cebel
جبل,Yifrin/Cebel
جبل غربى,Yifrin/Cebel-i Garbi
جبل غربيه,Yifrin/Cebel-i Garbiye
جبل غربيّه,Yifrin/Cebel-i Garbiye
يفرين,Yifrin/Cebel-i Garbiye
مصرت,Yifrin/Cebel-i Garbiye/Mısrat (?)
قصر ييفرين,Yifrin/Kasr-ı Yifrin
يومره,Yomra
يمره مع  وقف صغير,Yomra maa Vakf-ı Sagir
يومره مع وقف صغير,Yomra maa Vakf-ı Sagir
وقف صغير مع  يمره,Yomra maa Vakf-ı Sagir/Vakf-ı Sagir maa Yomra
وقف صغير و يمهور,Yomra maa Vakf-ı Sagir/Vakf-ı Sagir ve Yemhor
يموره,Yomra/Yomura
يونجالو,Yoncalı
يونيقه جزيره لرى,Yonika Cezireleri
يوره,Yora
جاروس,Yora/Caros
جوره,Yora/Cura
جوروس,Yora/Curos
كيور,Yora/Giyor
ژييورا,Yora/Jiyora
يوردان,Yordan
يورمه,Yorma
يورس,Yoros
يوروس,Yoros
يوروس مع شيخلو و قره صو,Yoros maa Şeyhler (Şeyhli) ve Karasu
يورس و قره صو و شيخلر,Yoros ve Karasu ve Şeyler
بكقوز,Yoros/Beykoz
يوروس,Yoros/Beykoz
بگقوز,Yoros/Beykoz
يوروس,Yoros/Beykoz
يوروز,Yoros/Yoroz
يورطان,Yortan
يورتان,Yortan
يوشوه,Yoşava
يوزغاد,Yozgad
قصبۀ يوزغاد مع  قزلقوجه,Yozgad maa Kızılkoca/Kasaba-i Yozgad maa Kızılkoca
نفس يوزغاد,Yozgad merkez
يوزغاد,Yozgad/Kızılkoca
يوزغات,Yozgat
يوروك,Yörük
يورك,Yörük
يركان,Yörükan
يوروكان,Yörükan
يركان,Yörükan
يوركان,Yörükan
يوركان انقره,Yörükan-ı Ankara
يورك,Yörükan-ı Ankara/Yörük
يوركان,Yörükan-ı Ankara/Yörükan
يوركان اراج,Yörükan-ı Araç
يوركان آراج,Yörükan-ı Araç
يوروكان بزرك,Yörükan-ı Büzürk
يوركان اسلاملو,Yörükan-ı İslamlı
يوركان روم ايلى,Yörükan-ı Rumeli
يوروكان روم ايلى,Yörükan-ı Rumeli
يوركان طراقلى,Yörükan-ı Taraklı
يوركان طراقلى بورلى,Yörükan-ı Taraklıborlu
يوروكان طراقلو بورلى,Yörükan-ı Taraklıborlu
يوركان طراقلو,Yörükan-ı Taraklıborlu/Yörükan-ı Taraklı
يوركان زيله,Yörükan-ı Zile
بلكۀ يوركان,Yörükan/Bölge-i Yörükan
يوركان بولكه سى,Yörükanbölgesi
يوركلى,Yörüklü
يوبا,Yuba
يوقارى بوزطغان,Yukarıbozdoğan
يوقارو جانب,Yukarıcanib
يوقارى دندار,Yukarıdündar
يوقارى كلر,Yukarıkeler
يوقارى قلنجلو,Yukarıkılıçlı
يقارو زغوريه,Yukarızagorye
يومقلى جريدى,Yumaklıceridi
يومرى,Yumru
يمورطه آطه,Yumurtaada
يمورطه لق مع  قره طاش,Yumurtalık maa Karataş
يوناق,Yunak
يونان اطه لرى,Yunan Adaları
يونان دكزى,Yunan Denizi
يونده,Yunda
يونده اطه لرى,Yunda Adaları
على بك,Yunda/Alibey
جزيرۀ يونده,Yunda/Cezire-i Yunda
جوندا,Yunda/Cunda
جونده,Yunda/Cunda
يونده,Yunda/Muskonisa
يوند,Yunda/Yund
يوند اطه لرى,Yunda/Yund Adaları
يونيه,Yunda/Yunya
يوند اطه سى,Yundadası
يونداغى,Yundağı/Yunddağı
يوند طاغى,Yunddağı
يورد طاغى,Yunddağı/Yurddağı
يونس,Yunus
يورد,Yurd
يوسفجه,Yusufca
يوه,Yuva
يوه و اكيردور,Yuva ve Eğirdür
يولاق,Yuvalak/Yulak
يوره كير,Yüreğir
يوره گيل,Yüreğir/Yüreğil
يوره كل,Yüreğir/Yüreğil
يوزباش,Yüzbaş
يوزده پاره,Yüzdepare
يوزده باره,Yüzdepare
زاب اسفل,Zab-ı Esfel
زابرديه,Zabırdiye
زابويانه,Zaboyana
زابوت,Zabut
زاب الاعلا,Zabülala
زاب اعلا,Zabülala/Zab-ı Ala
زاچسنه,Zaçesne
زاجسنه,Zaçesne
زاچسته,Zaçesne (Zaçeste)/Çernik/Pakriç
زاچَسْنه,Zaçesne/Çernik
زاجسنه,Zaçesne/Çernik
زاچسنه,Zaçesne/Çernik
زادريمه,Zadrime
زارده مع لش,Zadrime (Zarde) maa Leş
زادريمه مع رغام,Zadrime maa Rogam
زادريم,Zadrime/Zadrim
زادرين,Zadrime/Zadrin
ظفير,Zafir
ذافنس,Zafnis
زاغه,Zaga
زاغرلته,Zagırlata
زاغرلاته,Zagırlata
زاغور,Zagor
زاغوره,Zagora
زاغورى,Zagori
زاغور,Zagori/Zagor
زغور,Zagori/Zagor
زغوريه,Zagori/Zagorye
زاغوز,Zagori/Zagoz
زغوريه,Zagorye
زغنوس پاشا,Zağanospaşa
زغرۀ عتيق,Zağra-i Atik
زغرۀ غتيق,Zağra-i Atik
زغرۀ عتيق,Zağra-i Atik
زغره عتيق,Zağra-i Atik
زغره عتيق,Zağra-i Atik
نفس اسكى زغره,Zağra-i Atik (Eskizağra) merkez
اسكى حصار,Zağra-i Atik/Eskihisar
اسكى حصار زغره,Zağra-i Atik/Eskihisar-ı Zağra
اسكيحصار زغره,Zağra-i Atik/Eskihisar-ı Zağra
اسكصار,Zağra-i Atik/Eskisar
اسكى زغره,Zağra-i Atik/Eskizağra
زغرۀ اسكيحصار,Zağra-i Atik/Zağra-i Eskihisar
زغرۀ اسكى حصار,Zağra-i Atik/Zağra-i Eskihisar
زغرۀ اسكحصار,Zağra-i Atik/Zağra-i Eskihisar
زغرۀ جديد,Zağra-i Cedid
زغرۀ جديد,Zağra-i Cedid
زغرۀجديد,Zağra-i Cedid
زغره جديد,Zağra-i Cedid
زغره جديد,Zağra-i Cedid
يكيجۀ زغره,Zağra-i Cedid/Yenice-i Zağra
يكى زغره,Zağra-i Cedid/Yenizağra
زغره يكيجسى,Zağra-i Cedid/Zağra Yenicesi
زغره يكيجه سى,Zağra-i Cedid/Zağra Yenicesi
زغرۀ يكيجه,Zağra-i Cedid/Zağra-i Yenice
يكيجۀ زغره,Zağra-i Cedid/Zağra-i Yenice
زخله,Zahle
زحله,Zahle
زحله,Zahle
زخل,Zahle
زحله,Zahle
زخنونيه,Zahnuniye
زاخو,Zaho
زاخو,Zaho
زاحو,Zaho
زاجو,Zaho
ضهران,Zahran
ظهران,Zahran
ظهرآن,Zahran
ضهرة,Zahret
ضهرة جعفري,Zahret Caferi
ضهرة دجيلة,Zahret Düceyle
ضهرة ابو مصلح,Zahret Ebumuslih
ضهرة مرعي,Zahret Mera
ضهرة سمر,Zahret Simer
ضهرة ام الطرحان,Zahret Ümmüttarhan
ظهر الغربى,Zahrulgarbi
ضهرالغربى,Zahrulgarbi
ظهرالغربى و قدموس و جرد العليقه,Zahrulgarbi ve Kadmus ve Cürdülulleyka
زاقه,Zaka
زاقان,Zakan
داقان,Zakan/Dakan
زاقوس,Zakos
ذلخدير,Zalhadir
ظالف,Zalif
قيرجه صالح,Zalif/Kırcasalih
قِرجَه صالح,Zalif/Kırcasalih
ظالوف,Zalif/Zalof
زالوف,Zalif/Zalof
ظالم,Zalim
زاله جو,Zallecev
ضمانتى,Zamantı
ضمانتو,Zamantı
ضمانطى,Zamantı
ظمانتى,Zamantı
حيمانتين,Zamantı/Haymanateyn
ظمانتى,Zamantı/İlbaşı
ايلباشى,Zamantı/İlbaşı
ضمانتى,Zamantı/İlbaşı
قلعۀ ضمانتو,Zamantı/Kale-i Zamantı
زمار,Zamar
ذمار,Zamar
نفس زمار,Zamar merkez
دمار,Zamar/Damar
دمرمر,Zamar/Demermer
ذاماستا,Zamasta
زانغى,Zangı
زانطه,Zanta
زانته,Zanta
زانطه,Zanta
جانته,Zanta/Cante
زاكليسا,Zanta/Zakilisa
زاكليسا,Zanta/Zakilisa
زاكليسه,Zanta/Zakilise
زاكيسه,Zanta/Zakise
زاكسه,Zanta/Zakise
ذاكستا,Zanta/Zakista
زاكستا,Zanta/Zakista
زه كليسا,Zanta/Zekilisa
زانزور,Zanzur
زانطور,Zanzur
ظنظور,Zanzur
زنظور,Zanzur
ظنظور,Zanzur
ظانظور,Zanzur
طَنْظُور مع ماتِيّه ورشوان,Zanzur (Tanzur)  maa Matiye ve Rişvan
ظنظور مع مَاتِيّه و رِشْوَانْ,Zanzur maa Matiye ve Rişvan
جنذور,Zanzur/Cenzur
جنزور,Zanzur/Cenzur
زپلانا,Zaplana
زاپلانه,Zaplana
اپلانه,Zaplana/İplana
ژاپلانه,Zaplana/Japlana
پلانه,Zaplana/Plana
زاپولانه زاپلانه,Zaplana/Zapulana
زار,Zar
زاره عمرانيه,Zara İmraniye
حميد آباد,Zara İmraniye/Hamidabad
عمرانيه,Zara İmraniye/İmraniye
زارق,Zarak
غرچان,Zarak/Gariçan
غارجان,Zarak/Gariçan (Garican)
زارق,Zarak/Gariçan (Garican)
زارى,Zarı
زارناته,Zarnata
زارو,Zaro
زارّس,Zarris
زاريش,Zarris/Zarriş
زاروشاد,Zaruşad
زارشاد,Zaruşad
آرپه چايى,Zaruşad/Arpaçayı
داورشاد,Zaruşad/Daverşad
زارزبيل,Zarzebil
زارزمين,Zarzebil/Zarzemin
ظارزيس,Zarzis
ظرزيس,Zarzis
ظَارْزِيسْ,Zarzis
ذات عراق,Zat-ı Irak
زاطنوس,Zatnos
زاوه كوه مع ميلان دره سى,Zavakuh maa Milan Deresi
زاورش,Zavireş
زاويرش,Zavireş
زاويرشيه,Zavireş/Zavireşye
زاوروش,Zavireş/Zaviroş
زاويه,Zaviye
زويه,Zaviye
زاويه غربيه,Zaviye-i Garbiye
زاويه,Zaviye-i Garbiye/Zaviye
زاويّه,Zaviye-i Garbiye/Zaviye
زاويه شيه چاكر,Zaviye-i Şeyhçaker
زاويه,Zaviye-i Şeyhçaker/Zaviye
پترون زويه,Zaviye/Batrun Zaviye
زاوية الباره,Zaviyetülbare
زاويه,Zaviyetülbare/Zaviye
زايجار,Zayeçar
زاز,Zaz
زار,Zaz/Zar
زبدانى,Zebedani
زبداني و وادى برده,Zebedani ve Vadi-i Berada
رمدانى,Zebedani/Remadani
زبدانيه,Zebedani/Zebedaniye
زبيد,Zebid
نفس زبيد,Zebid merkez
زبيد وعدن,Zebid ve Aden
زبيد سليمان بك,Zebid/Zebid-i Süleymanbey
زُبَير,Zebid/Zübeyr
زبيل,Zebil
زج,Zec
زچوه,Zeçeva
زفيرى,Zefiri
صفر,Zefiri/Safir
زكم,Zegem
زكم سفلا,Zegem-i Süfla
زكم عليا,Zegem-i Ulya
زهران,Zehran
زقازيق,Zekazık
زقازيق,Zekazık
زكرياكوى,Zekeriyaköy
زكيه,Zekiye
زكيّه,Zekiye
قلعۀ زكيه,Zekiye/Kale-i Zekiye
زلنيقوه,Zelenikova
زلفيف,Zelfif
زله,Zelle
زَلَه,Zelle
زاله,Zelle
زَلَّه,Zelle
زملين,Zemlin
زمون,Zemun
ذمون,Zemun
زمون مع قرغوريفچه,Zemun maa Gırgorofça (Kırgorifçe)
قلعۀ زمون,Zemun/Kale-i Zemun
واروش قلعۀ زمون,Zemun/Varoş-ı Kale-i Zemun
زنجان,Zencan
زنجير,Zencir
قلعه زنجير,Zencir/Kale-i Zencir
ذنك آباد,Zengabad
زنگاباد,Zengabad
زنك آباد,Zengabad
زنك اباد,Zengabad
زنكباد,Zengabad
زنك آباد,Zengabad (?)
ژنك اباد,Zengabad/Jenkabad
زنك اباد,Zengabad/Kızılribat
زنكى اباد,Zengabad/Zengiabad
زنكى اباد,Zengabad/Zengiabad
زنكوان,Zengavan
زنكنه,Zengene
زنكه زور,Zengezur
زنكيجك,Zengicek
زنكجك,Zengicek
زنكيل,Zengil
زنتان,Zentan
زروكان,Zeravikan
زراوكان,Zeravikan
زاوركان,Zeravikan/Zarvergan
قره طاغ,Zerdabad/Karadağ
قره طاغ و زردِياباد,Zerdabad/Karadağ ve Zerdiyabad
زردى,Zerdi
زرنه,Zerna
اسكندريه,Zertuk/İskenderiye
زرتوق,Zertuk/İskenderiye
اسكندريّه مع توابع,Zertuk/İskenderiye maa tevabi
قلعۀ اسكندريه,Zertuk/Kale-i İskenderiye
زرنوك,Zertuk/Zernük
زرزان,Zerzan
زرزنه,Zerzene
ذرذنه,Zerzene
زه تيز قيالرى,Zetiz Kayaları
زَتْنه,Zetne
زوى الجوارى,Zevilcevari
زوى جوارى,Zevilcevari/Zevicevari
ذوالجوارى,Zevilcevari/Zülcevari
زويه,Zeviye
زوكر,Zevker
زيدان,Zeydan
زيديه,Zeydiye
زيلع,Zeyla
جزيرۀ زيلع,Zeyla/Cezire-i Zeyla
زينه,Zeyne
زينه,Zeyne
زَيْنه,Zeyne
زينه,Zeyne
زيتون,Zeytun
زيتون,Zeytun
زيتون و فيرنوس,Zeytun ve Fırnıs (Firnos)
زيتون و قوجه قياسى,Zeytun ve Kocakayası
جبل زيتون,Zeytun/Cebel-i Zeytun
زيتين,Zeytun/Zeytin
زيتونلى,Zeytunlu
زيتونلى اطه,Zeytunluada
زيوه لو,Zeyveli
زيخك,Zıhık
ضنيه,Zıniye
ظنيه,Zıniye
ضنيه مع  طرابلس شام,Zıniye maa Trablusşam
ضِنِيّه,Zıniye/Zıniyye
ظواريق,Zıvarık
ضواريق,Zıvarık
زيبار,Zibar
زيبارى و سوريجى و شروان و برادوست و كردى,Zibar/Zibari ve Sürücü ve Şirvan ve Beradost ve Gördi
زفته,Zifte
زَفْته,Zifte
زفته,Zifte/Zefte
زيخارى,Zihari
ذيخك,Zihik
ذيخنه,Zihne
زيخنه,Zihne
زيحنه,Zihne
زخنه,Zihne
زيخنۀ عتيق,Zihne-i Atik
زيقو,Ziko
زيغوز,Ziko/Zigoz
زيقور,Ziko/Zikor
زكتى,Zikti
زكنى,Zikti/Zikni
زيل,Zil
زيل,Zil/Karaçayır
قره چاير,Zil/Karaçayır
زيله,Zil/Zile
زيلان,Zilan
ذيلان,Zilan
زيلان مع  دركول,Zilan maa Dirgül
زيلانلو عشيرتى,Zilanlı Aşireti
زيله,Zile
زيلى,Zile
زيله,Zile
زيله مع اورته پاره,Zile maa Ortapare
زيله مع يوركان و عشائر مع اورته پاره,Zile maa Yörükan ve Aşair maa Ortapare
نفس زيله,Zile merkez
زيله و مشهد اباد,Zile ve Meşhedabad
ذلحوه,Zilehova
ذلخوه,Zilehova
ظليتن,Ziliten
ظتين,Ziliten/Zıtin
ظلتين,Ziliten/Zilitin
ظليتن,Ziliten/Zilitin
ظِليتين,Ziliten/Zilitin
ظِليتينْ,Ziliten/Zilitin
ظللتين,Ziliten/Zillitin
زمر,Zimer
زمينا,Zimina
ديمينا,Zimina/Dimina
فيمنا,Zimina/Fimena
فيمنه,Zimina/Fimena
زمرين,Zimrin
زمرنه,Zimrin/Zimrine
زنسكى,Ziniski
ذنقو,Zinkov
نفس ذنقو,Zinkov merkez
زير,Zir
زير و بالا,Zir ve Bala
زراع تراس,Zira Teras
زيرد,Zird
زركان,Zirikan
زرقى,Ziriki
زريقى,Ziriki
زريقي,Ziriki
زريقي مع كردكان,Ziriki maa Kürdigan
د ريقي,Ziriki/Deriki
زِرِّيقْ,Ziriki/Zirrik
زرين,Zirin
زرقه,Zirkuh
زيرقوه,Zirkuh
زركوه,Zirkuh
زركوز,Zirkuz
زيرمانيه,Zirmanya
زيرمانيه,Zirmanya
ذيرمانيه استريه,Zirmanya İsterye
زيرمانيه و پوپنه,Zirmanya ve Popine
زيرمك,Zirmek
زيرنانيچه,Zirnaniçe
ژيرنانيچه,Zirnaniçe/Jirnaniçe
زيسوجقو,Zisoçko
ذيشراق,Zişarak
ذيشراق,Zişarak/el-Kaid
القائره,Zişarak/el-Kaid/(el-Kaira)
زشتوى,Ziştovi
زيشتوى,Ziştovi
شش طوغى,Ziştovi/Şiştoği
زشتوه,Ziştovi/Ziştova
زيوه و بارجكان,Zive ve Parçikan
زوين,Zivin
زياچه,Ziyaçe
زياديه,Ziyadiye
زيارت,Ziyaret
ز يارت,Ziyaret
زوق,Zok
زونغولداق,Zonguldak
زونقولداق,Zonguldak
زنوس,Zonuz/Zonus
زور,Zor
ظور,Zor
زور,Zor/Ormanlık Kaymakamlığı
زباره,Zubara
زوبچه,Zubçe
زوغار,Zugar
زوخا,Zuha
زوخنونيه,Zuhnuniye
زوق,Zuk
زقاق,Zukak
زوملق,Zumlak (?)
زونوز,Zunuz
زنوز,Zunuz
ظورباتيه,Zurbatiye
زرباطيه,Zurbatiye
زواره,Zuvara
ظوَارَه,Zuvara
ظواره,Zuvara
ظَواره,Zuvara
ظَواره,Zuvara/Zavara
زبيد,Zübeyd
زُبيد,Zübeyd
زبير,Zübeyr
زهره,Zühre
ذو النون اباد,Zünnunabad
ذالنون اباد,Zünnunabad
ذو النون آباد,Zünnunabad
ذو النّون آباد,Zünnunabad
ذوالنون اباد,Zünnunabad
ذالنون,Zünnunabad/Zünnun
زرباطيه,Zürbatiye
خضر,Hazar
ابادان,Abadan
ابانه,Abana
ابنه,Abana
اطه قلعه سى,Adakalesi
غايدارونيسى,Ağatonis (Gaydaronisi)
اغجه لر,Ağcalar
آغرى,Ağrı
نغروپونته,Neğroponte
لحسا,Lahsa
پولاتخانه,Polathane
آرقه,Arga (Arka)
قرويه,Kruya
اشتى,Aşti
اشتي,Aşti
قره كوز,Karagöz
اقحصار,Akhisar-ı Geyve (Akhisar)
بوغوينه,Bugoyna
اسقوبلۀ زير,Uskoble-i Zir
آق كپرى,Akköprü
ماروليه,Marula (Marulya)
آقسكى,Akseki
آق اوره ن,Akören
چيلليف,Çillaga (Çillif)
اماسرى,Amasra
آمد,Amid
عميق,Amik
عموطقه,Amutka
معموريّه,Mamuriye
اورته قيا,Ortakaya
اورته قيه,Ortaköy (Ortakaya)
اورته قريه,Ortaköy (Ortakarye)
انطاليه كمر,Antalya Kemer
آله اوسا، آله سسان,Aleusa/Alessan
گول شهر,Gülşehir
كلشهرى,Gülşehri
زنبش,Zenebiş
آرغيرو قاسترو,Argirokastro
لاز,Laz
ره پى,Repi
ارمود ايلى,Armudili
جبل مريس,Cebel-i Murays
اديرناس,Adirnas
قيون ايلى,Koyuneli
سانتاماورا,Santamavra
اياماورو,Ayamavra (Ayamavro)
سنت مور,Sentmor
استفان,İstefan
اياسراندا,Ayasaranda
كلزمان,Kilizman
كلزمان,Kilizman
قره حصار بيغا,Karahisar-ı Biga
پرامتيا,Paramitya
دانشمند اسكسى,Danişmendeskisi
بابا اسكسى,Babaeski (Babaeskisi)
باغ اراسى,Bağarası
فخرى,Fahri
اون ايكى ديوان,Onikidivan
قوزان غربى,Kozan-ı Garbi
بيلان كوى,Belenköy (Bilanköy)
بولاماچ,Bolamaç
بولماچ,Bolamaç
بلغراد,Belgrad-ı Dalamuç (Belgrad)
دلاموچ,Dalamuç
زته,Zeta
ارگلى,Ereğli
واصويك,Vasivoyik
آرناود بلغرادى,Arnavud Belgradı
بش اطه لر,Beş Adalar
بزخلفان,Bezahlefan
بدوى,Bidevi
بيحاج,Bihac
ولقاشين,Vılkaşin
برقه,Berka
بَرْقه,Berka
بيره جك قائممقاملغى,Birecik Kaymakamlığı
بئرة الفرات,Biretülfırat
جبل حميص,Cebel-i Hamis
غروچقه,Groçka
حصار روم ايلى,Hisar-ı Rumili
ايزوويك,İzvovik
پراچه,Praça
تيمورجى,Timurci
بوزبابا,Bozbaba
تندوس,Tenedos
سرستاد,Siristad
اويوك,Öyük
ايرديك,İrdig
قره طوكه,Karadona
بوگر دلن,Böğürdelen
غوشته,Goşta
فارماكوزا,Farmakoza
بولادان,Buldan (Buludan)
بولادان,Buldan (Buladan)
چهارشنبۀ لازقيه,Çarşamba-i Lazkiye
بولادان,Buldan
تركمش,Terkemiş (Türkemiş)
اسكى شام,Eskişam
اطۀ كبير,Ada-i Kebir
بيوك قره صو/ سيروز قره صويى,Büyük Karasu/Siroz Karasuyu
مغالو,Megalo
ماروو,Marvo
غربى لبنان,Garbi Lübnan
عرفيه,Örfiye
قپوداني,Kapudani
سبره,Sibre
چبره,Cibre (Çibre)
قيو محمودى,Kuyumahmudi
چوباس,Cubas (Çubas)
كاوركان,Gavurgan
برمانه,Burumana
چاپوريچه,Çaporiçe
بركتلو,Bereketli
چام آردى,Çamardı
چاپوتلو,Çaputlu
جاى حصار,Çayhisar
چاير شيخى,Çayırşeyhi
بوك,Bük
شينجه,Şince
چلبى بازارى,Çelebipazarı
روغاتيچه,Rogatice
روغاتيچه / چلبى بازارى,"Rogatiçe, Çelebipazarı"
روغاتجه / چلبى بازار,"Rogatiçe, Çelebipazar"
واروششته,Varoşişte
عربيا,Arabiya
چركش مجيديه,Çerkeş Mecidiye
چركش اووه جق,Çerkeş Ovacık
ليچيك,Liçik
غرچيقه,Groçka (Groçika)
بويالق,Boyalık
زلزنه معدن,Jelezine Maden
پشتيقوز,Piştikoz
چور,Çor
مرمريس رشاديه,Marmaris Reşadiye
سليمان,Süleyman
كچيلر و بيراملو,Keçiler ve Bayramlu
لسقوجه,Leskofça
غلوچاويجه,Gluçaviçe
غلوهاويجه,Gluhaviçe
غلوحاويچه,Gluhaviçe
فقى دره سى,Fakıderesi
الدريكيش,ed-Duraykiş
حوزات,Hozat
شيوبايصان,Şiyobaysan
دنك معدن,Dinekmaden
ديمترى,Dimitri
يمشنلى,Yemşenli
پيسقوبيه/پولاننه,Piskobiye/Polanine
پسقوبيه / بولاتنه,Piskobiye/Polanine (Polatine)
دوراسو,Duraso
جبل قلمون,Cebel-i Kalemun
دوزجه پازارى,Düzcepazarı
قوڭرپه,Konrapa
اچمياذك,Eçmiyazin
آتنه كورفزى,Atina
امد,Emed
بيرام پاشا قلعسي,Bayrampaşakalesi
بيرام پاشا پلنقه سى,Bayrampaşapalankası
جورم كوردى,Çorumkürdü
هميدبارو (؟),Hemidbaru (?)
هميدبارو(؟),Hemidbaru (?)
شوحه مليحه,Şuha Meliha
طوپراق قلعه,Toprakkale
هره ك,Herek
اربيل سلطانيه,Erbil Sultaniye
ارمنى پازارى,Ermenipazarı
اسكى مكرى,Eskimekri
اسكى سوده,Eskisuda
ايوب انصارى,Eyyüb-i Ensari
اَيْنه پازارى,İnepazarı (Eynepazarı)
اينه پازارى,İnepazarı
اَيْنَه پازارى,İnepazarı (Eynepazarı)
اياثلوغ,Ezine-i Ayasluğ (Ayasluğ)
ازينۀ اياثلوغ,Ezine-i Ayasluğ
آزِينۀ اياثلوغ,Azine-i Ayasluğ
ازينۀ آياثلوغ,Ezine-i Ayasluğ
قازطاغى,Kazdağı
قازطاغ پازارى,Kazdağpazarı
فاره,Fare
فات,Fatsa (Fat)
توتنچه,Tutniçe
فلتوت,Feltot
قاشتل,Kaştel
قلادوه,Kladova
صو صغرلغى,Susığırlık (Susığırlığı)
صوصغيرى,Susığırlık (Susığırı)
صوصيغرلق,Susığırlık
فورميكوله,Formikula
فويرسات,Füveyrisat
عاوليس,Avlis
غزيه,Gaziye
سراباد,Serabad
دينار,Dinar
كولخان,Gölhan
موراوا,Morava
كرمى,Girmeği (Girmi)
بوجاق,Bucak
كرمگي,Girmeği
بوجاق,Bucak
بانيچۀ جديد,Baniçe-i Cedid (?)
فاصللر,Fasıllar
فضللر,Fasıllar (Fazıllar)
فاضللر,Fasıllar (Fazıllı)
فاصللو,Fasıllar (Fasıllı)
كورله,Görele
طومارزه,Tomarza
طوربه لى,Torbalı
طوبره لى,Torbalı (Tobralı)
طاراطه,Darada
غره ونا,Grevena
شلنديره,Şilindire
شلنديره,Şilindire
شلندره,Şilindire
صارى گول,Sarıgöl
اشمه كوره,Eşmegüre
كورله,Gürle
پازاركويى,Pazarköyü
يوزده جيان,Yüzdeciyan
قوزان شرقى,Kozan-ı Şarki
صغناق,Sığnak
دومروان,Dümervan
دورمروان,Dümervan (Durmervan)
ايونيزى,Ayunizi
خاكس,Hakis
حبرون,Habrun
بوزاطه,Bozada
تحته لى,Tahtalı
شط المكار,Şattülmekar
خسرو پاشا,Hüsrevpaşa
خردل,Hardal
قيلدونلى,Kıldonlu Cemaatleri
حكومت شهران,Hükümet-i Şehran
حكومت شهريان,Hükümet-i Şehriyan
پاسين عليا,Pasin-i Ulya
اسكى حصارلق,Eskihisarlık
اسكيحصارلق,Eskihisarlık
كوزلجه,Güzelce
حوصه,Havsa
حافصه,Havsa (Hafsa)
عيسا الوريه,İsa el-Verye
كوة الحى,Kutülhay
ايانجا,Ayanca
يبان حمامى,Yabanhamamı
ككليك,Keklik
لاترونيسى,Latronisi
غورونا,Guruna
حيلودوروميه,Hilodoromiye
ايقوش,İkoş
فليوس,Filyos
حصار اوڭى,Hisarönü
قره صو سفلا,Karasu-yı Süfla
مجنگرد,Mecingerd
محمودي,Mahmudi
سلوى,Selvi
لبده,Lebde
فورنى,Furni
فورنوز,Furnoz
ربط,Rabat
آلاجه,Alaca
الاجه,Alaca
ذغنوس,Zağnos
طورغودلى ايليجه,Turgudlu Ilıca
ايليجۀ صاروخان,Ilıca-i Saruhan
اورغانلى,Urganlı
بلاسيق,Blasık
پسلورتى,Psiloriti
ليونو,Livno
حسيّه,Hisya (Hasiyye)
اقليم تفاح,İklimüttüffah (İklim-i Tüffah)
تيلو,Tilos (Tilo)
الكى,İleki
مير على,Mirali
قالولمنى,Kalolimni
كوكچه اطه,Gökçeada
امساكيه,İmsakiye
كورۀ معموره,Küre-i Mamure
آلاشهراينه كول,Alaşehir İnegöl
بوزاويوك,Bozöyük
أنس,Enes
پچ,Peç
مديات قضالرى,Midyat Kazaları
لفقامورى,Lefkamori
تساليان اطه اطه لرى,Teselyan Adaları
پوليت ليقه,Politlika
سپنى لونغه,Spinilonga
قو,Ko
قوس,Kos
زوغريا,Zoğriya
زوغرياكى,Zoğriyaki
مدنه,Medene
پودغراديه,Podgradya
كاغدكنان,Kağıdkonan
جسر,Cisr
چناق قلعه سى,Çanakkalesi
يوقارو اووه,Yukarıova
برييك,Priyeg (Briyeg)
پرييك,Priyeg
مزرعۀ اوماق,Mezraa-i Omak
چورم كوردى,Çorumkürdü
قره حصارتيمورجى,Karahisar-ı Demirli (Karahisar-ı Timurci)
آفيون قره حصارى,Afyonkarahisarı
افيون قره حصارى,Afyonkarahisarı
كيغونيه,Kigonya
شبين قره حصار,Şebinkarahisar
قره حصار,Karahisar-ı Teke (Karahisar)
قره تكه,Karahisar-ı Teke (Karateke)
قره حصار تكه مع ناحيۀ بشقوناق,Karahisar-ı Teke maa Nahiye-i Beşkonak
قره حصار تكه,Karahisar-ı Teke
قره حصارتكه,Karahisar-ı Teke
قرامبوزا,Karamboza
قره تل حمدون,Karatilhamdun
با ليكسرى,Balıkesri
قره مانلو يقاسى,Karamanlıyakası
قارص,Kars-ı Maraş (Kars)
قارص ذوالقدريه,Kars-ı Zülkadriye
آخى كريه,Ahikerye
آخى گَرْيه,Ahikerye (Ahigerye)
آخي گريه,Ahikerye (Ahigerye)
آخى گريه,Ahikerye (Ahigerye)
ايقاريا,İkarya
قاريوت,Karyot
نيقاريه,Nikarya
يڭى شهر,Yenişar (Yenişehir)
قشاقلى,Kaşaklı (Kaşaklu)
قشاقلو,Kaşaklı (Kaşaklu)
قسوط,Kaşot (Kasot)
حبوبات,Hububat
كيترو,Kitro
سرفيچه جمعه سى,Serfiçe Cuması
چفتلك,Çiftlik
متروپولى,Mitropoli
متروپولى,Mitropoli
مشهد حسين,Meşhed-i Hüseyin
قاستوريا,Kastorya
كشان مجيديه,Keşan Mecidiye
شداده,Şeddade
بهرام كوى,Behramköy
بهرام كويى,Behramköyü
لقه,Lika
قزل اوه,Kızılova
قوزيچان,Kızuçan (Kuziçan)
پلمور,Pülümür
تمران,Temüran
كينه روز,Kineroz
قوزى,Kuzu
شتريان,Şitriyan
قوش اطه لرى,Kuş Adaları
غرانيوس,Graniyos
دوربناك,Drobnak (Durobnak)
دروبناقلر,Drobnaklar
بلغراد,Belgrad
قوپ,Kop
زاغوزد,Zagozd
قواس,Kovas
وه لزه,Veleze
جوستان,Custan
زاورشه,Zavirşa
قولن وقفى,Kulenvakfı
سلطان حصارى,Sultanhisarı
اوچ طاش,Üçtaş
قوزى كودنلى,Kuzugüdenli
انتى پاروس,Antiparos
اندى باره,Andibare
اند باره,Andibare
كوچك سريغو,Küçükserigo
كوجك دكرمنلك,Küçük Değirmenlik
كوچك قره صو/يكيجه قره صويى,Küçükkarasu/Yenice Karasuyu
كپز,Kepez
چايره,Çayra
لاغوسه,Lagusa
لارسه,Larisa
لارسه,Larisa
لارسه,Larisa
اوطاغ طره بلوس,Otağ-ı Trablus
لبهوه,Libohova
اليميه اطه سى,İlimye
ليمنوس,Limnos
تشوار,Tişuvar
وارطن,Vartin
وارتين,Vartin
بولميه,Polomiye
جويزلك,Cevizlik
جوزلك,Cevizlik
شوشار,Şuşar
دَلوْ,Delev
يزيدى,Yezidi
بولرنو,Bolerno
يكى ملا طيه,Yenimalatya
ايد,İd
ذوالقدريه,Zülkadriye
قيرميل,Kırmıl
تيمورجئ صاروخان,Demirci-i Saruhan (Timurci-i Saruhan)
كول مرمره,Gölmarmara
اشك اطه لرى,Eşek Adaları
چقور كوى,Çukurköy
ماندجه,Mandiçe
اووقات حاجى كوى,Avukathacıköy
طادوس,Tados
مكاريك,Megarik
ژلژنو مكوريچقي,Jelejno Megoriçka
زلژنه مكورچقي,Zelejne Megoriçka
زلزنو مكوريچقى,Zelezno Megoriçka
قلعة النجم,Kalatünnecm
جديده,Cedide
چه مى چه تو,Çemiçeto
غوشقواق,Koşukavak (Goşukavak)
موقوف,Mevkuf
عشاره,Aşara
مدحتيه,Medhatiye
لسپوس,Lespos
صوصورلى,Susurlu
عاصى ميخاليج,Asimihaliç
مهر وفا,Mihrivefa
منين,Mineyn
ولى كوى,Veliköy
كوپرو حصار,Köprühisar
كوپروحصار,Köprühisar
مستار,Mostar
ساروز,Saroz
مودروس,Mudros
كورد,Kürd
كورد عشيرتى,Kürdaşireti
عشيرت كورد,Kürdaşireti (Aşiret-i Kürt)
اونوس,Onos
موشار,Muşar
هيوك,Höyük
كورسواك,Korsuvak
صرمتا,Saramita
نا صريه,Nasıriye
ناقسو,Nakso
نازيلى,Nazilli
نازيللى,Nazilli
نواحى,Nevahi
نكشكلر,Nikşik (Nikşikler)
اتوغوشته,Onogoşta (Otogoşta)
نكشك,Nikşik
شيوه له,Şivelan (Şivele)
سنت جورجيواطه سى,Sentcorciyo
اوخريدا,Ohrida
ترودوس,Trodos
قراجه اواسي,Karacaovası
اپون,Apon
"جلوۀ عليا
جلوۀ سفلا","Cilo-i Ulya
Cilo-i Süfla"
اردواولو بك,Ordu Ulubey
على بكه جه,Alibeyece
بهادر,Bahadır
پلامود,Palamut (Palamud)
پناپليا,Panapalya
قانديليوسه,Kandilyosa
باطنوس,Batnos
كونومايموايلى,Gonomaymoili
پتلش,Petleş
پازار سويى,Pazarsuyu
اقچه كراز,Akçakiraz
باب المندب,Babülmendeb
پريسترا,Peristera
پنارلى اطه,Pınarlıada
پله رو,Plero
استرويچه,İstroviçe
اشاغى كوى,Aşağıköy
چتالجه,Praça (Çatalca)
غربى طوشان,Garbitavşan
پرسكلاني,Preseklani
سكلاني,Seklani
سكلانى,Seklani
ماليزى,Malizi
ريحانيّه,Reyhaniye
اورفه,Ruha (Urfa)
اورفه مع نواحى,Urfa maa Nevahi
توقاد,Tokat (Tokad)
يير كوكي,Yergöğü
سوسه,Suse
افشار عشيرتى,Afşar Aşireti
قادين خانى,Kadınhanı
كفرى,Kifri
ماتراكى,Matraki
سراى,Saraybosna (Saray)
سراى,Sarayköy (Saray)
سراى كويى,Sarayköyü
چهار شنبه,Çarşamba
چهارشنبه,Çarşamba (Çeharşenbe)
مغنيسا,Manisa (Mağnisa)
سازان,Sazan
سبرجت,Sebercet
انتروويتا,Antirovita
بچقه,Baçka
خان كوى,Hanköy
دميركان,Demirkan
كوچك سرفو,Küçükserfo
سه روى,Servi
سرنديب,Serendib
صندرغى چوروم,Sındırgı Çorum
اسعرد,İsird
مفارقين,Meyyafarikin (Mefarikin)
مفارقين,Meyyafarikin (Mefarıkin)
آيوس جوانس,Sirina (Ayoscovanis Adaları)
آيوس جوانيس,Ayoscovanis
سردج,Serdic
آقچه شهر,Akçaşehir
آقچه شهرايدين,Akçaşehir-i Aydın
آقچه شهرآيدين,Akçaşehir-i Aydın
آقچه شهر آيدين,Akçaşehir-i Aydın
اقجه شهر ايدين,Akçaşehir-i Aydın
سيمى,Simi
حاجى عمر بك,Hacıömerbey
اورته طاغ,Ortadağ
ستفانوس,Stefano (Stefanos)
سله,Sille
آناپوليس,Anapolis
صنغور,Sungur
صنغورلى,Sungurlu
بوداق اوزى,Budaközü
اندرياس,Endiryas
كمر بورغاس,Kemerburgaz
مرصو,Mersu
جمعه لى,Cumalı
جمعه لو,Cumalı
دِمِشق,Dımışk
شاوشيد,Şavşad (Şavşid)
اردن/يوردن,Ürdün/Yordan
قره طوره,Karatura
چوريل,Çivril
شيخلر,Şeyhli (Şeyhler)
اشقلو مع كينلر,Işıklı maa Geyikler (Geyinler)
زغفران بولى,Zağferanbolu
زعفران بولى,Zağferanbolu
زغفران بورلى,Zağferanborlu
قراندا,Karanda
منمن,Menemen
منمن بازارى,Menemenpazarı
پلوله,Plevle
پلوليه,Plevliye
گوار,Gevarselim (Gevar)
چاروحا,Çaruha
طاوشان اطه لرى,Tavşan Adaları
تفن,Tefenni (Tefen)
ردوسجق,Rodoscuk
ردوسجق,Rodoscuk
تكيرطاغى,Tekfurdağı (Tekirdağı)
تكفوركولى، قره صو,Tekfurgölü/Karasu
تكفور گولى,Tekfurgölü
بلاد بنى بشارا,Bilad-ı Benibeşara
كورله,Görele
كاوورذى,Gavurzi
كاوورزى,Gavurzi
نوابردا,Novabırda
طوربا لو,Torbalı
طوبرالى,Torbalı (Tobralı)
نخاح,Nihah
ارداسه,Ardasa
ايپسله,İpsile
اوروي,Orovi
عينتاب,Antab (Ayntab)
عنتاب,Antab
توتيك,Tutik
نجد الدار,Necdüddar
شرعب,Şerab
تورنوك,Türnük
معدن,Maden
اولو قشلا/قوكاس,Ulukışla/Kokas
اولو قشلا,Ulukışla
اووه كوى,Ovaköy
قامانسقه,Kamaniska
جون,Cun
اوزون كوبرى,Uzunköprü
توت واردى,Totvaradi
واتون,Vaton
پاحنه صوىي,Pahna Suyu
آيانيقولا,Ayanikola
كپرى,Vezirköprü (Köprü)
كوبرى,Vezirköprü (Köprü)
وزيركوپريسى,Vezirköprü (Vezirköprüsü)
وزير كوپريسى,Vezirköprü (Vezirköprüsü)
سزانوس,Sazanos
ويرخ قروپنه,Virhkrupine
قزلجه حمام,Kızılcahamam
يبان اووه,Yabanova
يانيچه,Yaniçe
يارنكومه,Yarangüme
بلاتنه,Platine
يايلاجيلر,Yaylacılar
سلچه,Seliçe
سلچه / واروش اسكندرپاشا,Seliçe/Varoş-ı İskenderpaşa
ايويانى,Ayoyani
ايو يانى,Ayoyani
فيدونيسى,Fidonisi
قصر جبل,Kasr-ı Cebel
جبل غربيه,Cebel-i Garbiye
جبلِ غربيه,Cebel-i Garbiye
بكقوز,Beykoz
يوروس,Yoros
بگقوز,Beykoz
موسقونيسيا,Muskonisa
چرنيك / قريچ,Çernik/Pakriç (Kariç)
چرمك,Çernik (Çermik)
ايل باشى,İlbaşı
ايلباشى,İlbaşı
غرجان,Gariçan (Garican)
زرداباد,Zerdabad
قره چاير,Karaçayır
القائره,el-Kaid (el-Kaira)
القاعد,el-Kaid
اورمانلق قائممقاملغى,Ormanlık Kaymakamlığı
آب كارون,Ab-ı Karun
آبصافى,Ab-ı Safi
ابصافى,Ab-ı Safi
اب صافي,Ab-ı Safi
اب صافى,Ab-ı Safi
آب صافى,Ab-ı Safi
آب صوفى,Ab-ı Safi/Abısofu
آبْصافى,Ab-ı Safi/Absafi
الب صوفى,Ab-ı Safi/Alpsofu
اباد,Abad
آبادان,Abadan
عبادان,Abadan
خضر,Abadan/Hazar
آبادان,Abadan/Hazar
الحضرا,Abadan/Hazar (el-Hazra)
ابغاى,Abagay
آبغاى,Abagay
ابااغا,Abagay/Abaağa
آبانه,Abana
عبانه,Abana
اورانيه,Abana/Evrenye
كينولى,Abana/Ginolu
كيونلى,Abana/Ginolu (Keyvenli)
گينولى مع آورنيه,Abana/Ginolu maa Evrenye
آباران,Abaran
اباران,Abaran
ابازا,Abaza
ابازه,Abaza
عباس,Abbas
عبّاس,Abbas
ابدال,Abdal
عبدالان,Abdalan
ابدانان,Abdanan
عبدى اولان,Abdiulan
عبدى اولان طاشليسى,Abdiulan/Abdiulantaşlısı
عبد الدره,Abduddürre
عبد الفادى,Abdulfadi
عبد الغاب,Abdulgab
عبد الغالي,Abdulgali
عبد الحليم,Abdulhalim
عبد القاف,Abdulkaf
عبدالله,Abdullah
عبد الله ديه,Abdullahdiye
عبدالله قروص,Abdullahkurus
عبد الرحمن بك اوبه سى,Abdurrahmanbeyobası
عبد الرحمن غازى,Abdurrahmangazi
عبش,Abeş
عيش,Abeş
ابها,Abha
نفس ابها,Abha merkez
ابكور,Abkur
آبكور,Abkur
ايكور,Abkur/İnör
اب پاره,Abpare
ابرى,Abrı
آبرى,Abrı
آبرى و حراله,Abrı ve Harala
ابرينك,Abrink
ابرانك,Abrink/Abranik
امرانك,Abrink/Amranik
عبس,Abs
عبوس,Abus
عبوين,Abveyn
آبيار,Abyar
ايبار,Abyar/İbar
اجاجى,Acacı
اچاجى و اوزى قواغى,Acacı (Açacı) ve Özükavağı
آجان,Acan
غريب,Acan/Garib
عجار,Acar
آچار,Acar/Açar
اجره,Acara
اجاره,Acara
اجارۀ سفلا,Acara-i Süfla
آجارۀ سفلى,Acara-i Süfla
اجرۀ سفلا,Acara-i Süfla
اجرۀ سفلى,Acara-i Süfla
اجارۀ سفلى,Acara-i Süfla
اجارۀ عليا,Acara-i Ulya
آجارۀ عليا,Acara-i Ulya
اجرۀ عليا,Acara-i Ulya
اجاره ماجقال,Acara/Acara-i Maçahel (Maçakal)
اجره دره سى,Acaraderesi
اجرى,Acari
آجرى,Acari
اجري سفلا,Acari-i Süfla/Acari-yi Süfla
اجرى عليا,Acari-i Ulya/Acari-yi Ulya
عجم بابا,Acembaba
عجمى,Acemi
عجمستان,Acemistan
آجي صُويىِ,Acısuyu
عجير,Acir
عجلون,Aclun
عجلون كوره,Aclun Küre
كوره,Aclun Küre/Küre
عجلون مع توابع,Aclun maa Tevabi
عجلون و بنى وهدان,Aclun ve Benivehdan
جبل عجلون,Aclun/Cebel-i Aclun
جبَل عَجْلُون,Aclun/Cebel-i Aclun
اجنان كارحانه,Acnan-ı Karhane
اجنان تورك,Acnan-ı Türk
عجوز,Acuz
عجوز و زاخوم,Acuz ve Zahom
اوجوس,Acuz/Ucus
عجوزه,Acuze
عجوه,Acve
اچق باش,Açıkbaş
اجق باش,Açıkbaş
آجق باش,Açıkbaş
آچيپوپولو,Açipopolo
اطه,Ada
آطه,Ada
آطه,Ada
اده,Ada
اطه بورنكى,Adaburnuki (?)
آطه كيده,Adagide
اطه هاء ملحقه,Adaha-i Mülhaka
اطه قلعه,Adakale
آطه,Adakale/Ada
اطۀ كبير,Adakale/Ada-i Kebir
اطه قلعه سى,Adakale/Adakalesi
اطۀ كبير,Adakale/Adakalesi/Ada-i Kebir
اطله,Adala
آطاله,Adala
اطاله,Adala
آطله,Adala
اطاله مع منده حوريه,Adala maa Mendehorya
اطه لر,Adalar
آطه لر,Adalar
آطه لر دكزى,Adalar Denizi
اطه,Adalar/Ada
اداليه,Adalya
ادامانلو عشيرتى,Adamanlı Aşireti
اطنه,Adana
آطنه,Adana
آطنه,Adana
ادنه,Adana
ادانه,Adana
اطانه,Adana
آدنه,Adana
آدنه,Adana
ادنَه,Adana
آدنه مع يوره كيل,Adana maa Yüreğir (Yüreğil)
آدنه مع يره كيل,Adana maa Yüreğir (Yüreğil)
آدنه مع يوره گيل,Adana maa Yüreğir (Yüreğil)
آدنه مع يره گيل,Adana maa Yüreğir (Yüreğil)
نفس آطنه,Adana merkez
نفس ادنه,Adana merkez
نفس اطنه,Adana merkez
اطه پازارى,Adapazarı
آطه پازارى,Adapazarı
اطه بازارى,Adapazarı
اطه پازارى مع صپانجه,Adapazarı maa Sapanca
آطه پازارى مع صبانجه,Adapazarı maa Sapanca (Sabanca)
آطه بازاري مع صبانجه,Adapazarı maa Sapanca (Sabanca)
اطه بازارى مع صبانجه,Adapazarı maa Sapanca (Sabanca)
آطه پازارى مع صبانجى,Adapazarı maa Sapanca (Sabancı)
اده,Adapazarı/Ada
اطه ويرن,Adaviran
آدلفا,Adelfa
آدلفى,Adelfi
آدالفى اطه لرى,Adelfi (Adalfi) Adaları
ادلفيا,Adelfiya
آدلفوپولون,Adelfopolon
عدن,Aden
اديحون,Adıhun
عادل,Adil
عادلجواز,Adilcevaz
عادالجواز,Adilcevaz
عادى الجواز,Adilcevaz
عادلجواز مع بليس,Adilcevaz maa Bitlis (Bilis)
عدليه,Adliye
عَدْلِيَه,Adliye
آدولوقو,Adoluko
آدرياتيق,Adriyatik
ونديك,Adriyatik/Venedik
عفك,Afak
عفار,Affar
افغان,Afgan
افلاطار,Aflatar
افلاتار,Aflatar
افريقا,Afrika
افريقاى عثمانى,Afrika-yı Osmani
آفرقيه مع باجه,Afrikıye maa Bace
آفْرِقِيّه مع باجه,Afrikıye maa Bace
آفريقيّه مع باجه,Afrikıye maa Bace
آفرقيه مع مطر,Afrikıye maa Matar
آفرين,Afrin
افشار,Afşar
آفشار,Afşar
آفشار,Afşar
افشار معه ناخيۀ ايرله,Afşar maa Nahiye-i Barla/Afşar maa Nahiye-i İrle
افشار و بارله,Afşar ve Barla
اوشار,Afşar/Avşar
آوشار,Afşar/Avşar
اغاچ اغيل,Ağaçağıl
اغاجرى,Ağaçeri
اغاجري,Ağaçeri
آغاجلو,Ağaçlı
اغاچلى,Ağaçlı
آغاچلو,Ağaçlı
اغاجلى,Ağaçlı
اغادوه,Ağadeve
اغاكس,Ağakis
آغاكس,Ağakis
اغاكيس,Ağakis
اخاكيس,Ağakis/Ahakis
اخكيس,Ağakis/Ahakis
ارغاكس,Ağakis/Argakis
اغاتونيس,Ağatonis
اغاتونيسى,Ağatonis
اشك,Ağatonis (Gaydaronisi)/Eşek
غاطونيسى,Ağatonis/Gatonisi
غاتونيسى,Ağatonis/Gatonisi
غايدارو,Ağatonis/Gaydaro
اغجه,Ağca
اغجه بدي,Ağcabedi
غجه قلعه,Ağcakale
اغجه قلعه,Ağcakale
قلعۀ اغجه,Ağcakale/Kale-i Ağca
آغجه قشله,Ağcakışla
املاك,Ağcakışla/Emlak
اقچه لر,Ağcalar/Akçalar
قلعۀ سيوكه,Ağcalar/Kale-i Sivke
آغين,Ağın
اغين,Ağın
اغلاصون,Ağlasun
اغلاسون,Ağlasun
اغلسون,Ağlasun
آغلاسون,Ağlasun
آغلاسون طاغلرى,Ağlasun Dağları
اغلسون مع انجير بازرارى,Ağlasun maa İncirpazarı
اغلاسون مع انجير بازارى,Ağlasun maa İncirpazarı
اغلاسون مع انجير,Ağlasun maa İncirpazarı/Ağlasun maa İncir
اغلاسون مع انجير,Ağlasun maa İncirpazarı/Ağlasun maa İncir
انجير مع اغلاسون,Ağlasun maa İncirpazarı/İncir maa Ağlasun
انجيرلى مع اغلاسون,Ağlasun maa İncirpazarı/İncirli maa Ağlasun
بل اوكى,Ağlasun/Belönü
اغلى,Ağlı
اعلى,Ağlı/Ala
اغرافه,Ağrafa
آغرافه,Ağrafa
اغرفه,Ağrafa
فنار اغرفه,Ağrafa/Fener Ağrafa
اغرلوسا,Ağralosa
اغرلوسا,Ağralosa/Ağenosa
اغريوسا,Ağralosa/Ağreyosa
اغري,Ağrı
آرارت,Ağrı/Ararat
اغريبوز,Ağrıboz
آغريبوز,Ağrıboz
اغربوز,Ağrıboz
ابوآ,Ağrıboz/Eboa
أِغرِبوز,Ağrıboz/Igrıboz
نغروپونت,Ağrıboz/Neğropont
آغريبوز,Ağrıboz/Neğroponte
اغرجان,Ağrıcan
آغريجان,Ağrıcan
اغريجان,Ağrıcan
اغردس,Ağrıdos
اغردوس,Ağrıdos
آغريدوس,Ağrıdos
اغراس,Ağrıdos/Ağras
اوغرى طاش,Ağrıdos/Uğrıtaş
اوغر يطاش,Ağrıdos/Uğrıtaş
اغريطاش,Ağrıdos/Uğrıtaş
آغرى كول,Ağrıgöl
اغريلوس,Ağrilos
اغرييا,Ağriya
آغريا,Ağriya
اغروس,Ağros
آغروس,Ağros
اغروس مع كچيبورلى,Ağros maa Keçiborlu
اغراس,Ağros/Ağras
اغرس,Ağros/Ağras
اغردوس,Ağros/Ağrıdos
آتابك,Ağros/Atabey
اغروب,Ağrub
اغوللى,Ağullu
اغونصوص,Ağunsos
اغنصوص,Ağunsos
آغستوس,Ağustos
اغستوس,Ağustos
اغوستوس,Ağustos
اغوستوس,Ağustos
اغوه,Ağva
آغوه,Ağva
اغوانس,Ağvanis
آغوانس,Ağvanis
اغوانيس,Ağvanis
اغويران,Ağviran
اغويران عليا,Ağviran/Ağviran-ı Ulya
اخا,Aha
احدلر,Ahadlar
احدلر كبير,Ahadlar-ı Kebir
احلطبا,Ahaltaba
اخبصور,Ahbisor
احجرك,Ahçirik
احچرك,Ahçirik
اخ جورك,Ahçirik/Ahçurik
اخنجى,Ahıncı
آخير طاغلرى,Ahır Dağları
اخسقه,Ahıska
اخسخه,Ahıska/Ahısha
احسحه,Ahıska/Ahısha
آخسخه,Ahıska/Ahısha
اخصتباد,Ahıstabad
اخست آباد,Ahıstabad
اخست اباد,Ahıstabad
اخى چلبى,Ahiçelebi
آخى چلبى,Ahiçelebi
اخى چلبى,Ahiçelebi
اخى جلبى,Ahiçelebi
نفس اخى چلبي,Ahiçelebi merkez
اخلكلك,Ahilkelek
احلكلك,Ahilkelek
عاهم,Ahim
احينوز,Ahinoz
اخيران,Ahiran
عاهره,Ahire
اخلاط,Ahlat
احلاط,Ahlat
آخلاط,Ahlat
آحلاط,Ahlat
نفس اخلاط,Ahlat merkez
اخلاط و چقور,Ahlat ve Çukur
احمد بك,Ahmedbey
احمدلى,Ahmedli
اخميم,Ahmim
آخْميم,Ahmim
احسا,Ahsa
آحسا,Ahsa
لَحْسا,Ahsa/Lahsa
لحسا,Ahsa/Lahsa
احصا,Ahsa/Lahsa
نجد,Ahsa/Necid
نجد شرقى,Ahsa/Necid-i Şarki
احسن دره,Ahsendere
اخسن دره,Ahsendere
اخته جى,Ahtacı
احته جئ سفلا,Ahtacı-i Süfla
احته جئ عليا,Ahtacı-i Ulya
اخطله,Ahtala
اختمار,Ahtamar
اخته پولى,Ahtapolu
اخته پولى,Ahtapolu
آخته پولى,Ahtapolu
اغاتبولى,Ahtapolu/Ağatabolu
اغتبولى,Ahtapolu/Ağtabolu
احته بولى,Ahtapolu/Ahtabolu
اخطار مع قره كليسا,Ahtar maa Karakilise
اخترين,Ahterin
اختى,Ahti
احتى,Ahti
آخيولى,Ahyolu
احيولى,Ahyolu
آق آباد,Akabad
اق اباد,Akabad
اقچه اووه,Akabad/Akçaova
آقچه اووا,Akabad/Akçaova
اقچه اوه,Akabad/Akçaova
عقبه,Akabe
اقرجه,Akarca
عَقَرْقوف,Akarkuf
آق بابا,Akbaba
اق بولاق,Akbulak
آق جيجه لى,Akciceli
اقچه,Akça
آقچه آباد,Akçaabad
اقچه اباد,Akçaabad
اقچه آباد,Akçaabad
اقجه اباد,Akçaabad
اقچه اباد مع پولادخانه,Akçaabad maa Poladhane
اقچه اباد مع پولاط[خا]نه,Akçaabad maa Polat[ha]ne
آقچه اباد مع يمهوره,Akçaabad maa Yemhura
اغجه اباد,Akçaabad/Ağcaabad
اقچه آباد,Akçaabad/Polathane
پولتخانه,Akçaabad/Polathane
پولتخانه,Akçaabad/Polathane
بولاتخانه,Akçaabad/Polathane
اقچه بيكلى,Akçabeyli
اقچه طاغ,Akçadağ
آقچه طاغ,Akçadağ
آقچه طاغ,Akçadağ
اقجه طاغ,Akçadağ
اغجه طاغ,Akçadağ/Ağcadağ
اقجه طاغ,Akçadağ/Akcadağ
آقچه طاغ,Akçadağ/Arga
ارغه,Akçadağ/Arga
آقچه حصار,Akçahisar
اقچه حصار,Akçahisar
اقجه حصار,Akçahisar
اقحصار,Akçahisar/Akhisar
قروجه,Akçahisar/Kruca
قرويه,Akçahisar/Kruya
آقچه حصار,Akçahisar/Kruya
الاجه حصار,Akçahisar/Kruya (Alacahisar)
اقچه حصار,Akçahisar/Tiran
اقچه قلعه,Akçakale
اقجه قلعه,Akçakale
اقچه قلعه,Akçakale
اغجه قلعه,Akçakale (Ağcakale)/Aşti
اغجه قلعه,Akçakale/Ağcakale
آغجه قلعه,Akçakale/Ağcakale
اَقْچه قَلعَه,Akçakale/Aşti
اقچه قزانلق,Akçakızanlık
اقجه قزانلق,Akçakızanlık
قزانلق,Akçakızanlık/Kızanlık
قزانلق,Akçakızanlık/Kızanlık
اقچه كليسا,Akçakilise
اقچه كليسا مع  قارلوه,Akçakilise maa Karlova
آقجه قيونلو,Akçakoyunlu
آقچه قويونلى,Akçakoyunlu
آقچه قيونلر,Akçakoyunlu/Akçakoyunlar
اقجه مسجد,Akçamescid
اقچان,Akçan
آقچان,Akçan
اقچار,Akçar
اقچه شهر,Akçaşehir
اسكيشر مع اسكى ايل,Akçaşehir (Eskişer) maa Eskiil
اقچه شهر مع اسكي ايل,Akçaşehir maa Eskiil
اقچه شهر مع اسكي ايل,Akçaşehir maa Eskiil
آقچه شهر بولى,Akçaşehir-i Bolu
اقجه شهر بولى,Akçaşehir-i Bolu
اقچه شهر,Akçaşehir-i Bolu/Akçaşehir
آقچه شهر,Akçaşehir-i Bolu/Akçaşehir
اقچشهر,Akçaşehir-i Bolu/Akçaşehir
اقجه شهر,Akçaşehir-i Bolu/Akçaşehir
آق چاى,Akçay
اقچاى,Akçay
اق جاى,Akçay
آق چاى مع ترمه,Akçay maa Terme
آق طاغ,Akdağ
اقطاغ,Akdağ
اق طاغ,Akdağ
اغويران,Akdağ/Ağviran
آق طاغ معدنى,Akdağmadeni
آق طاغ معدنى,Akdağmadeni
آق طاغ مع معدنجيان,Akdağmadeni/Akdağ maa Madenciyan
آق طاغ معدن همايونى,Akdağmadeni/Akdağ Maden-i Hümayunu
آق طاغ معدن,Akdağmadeni/Akdağmaden
معدن,Akdağmadeni/Maden
معدن,Akdağmadeni/Maden
معدن همايون آق طاغ,Akdağmadeni/Maden-i Hümayun-ı Akdağ
آق دكز,Akdeniz
اق دكز,Akdeniz
اق دكيز,Akdeniz
بحر سفيد,Akdeniz/Bahr-i Sefid
بحرسفيد,Akdeniz/Bahr-i Sefid
آق دره,Akdere
آق كول,Akgöl
اقحصار,Akhisar
آقحصار,Akhisar
آق حصار,Akhisar
نفس آقحصار,Akhisar merkez
آقحصار گيوه,Akhisar-ı Geyve
آقحصار كيوه,Akhisar-ı Geyve
اق حصار كيوه,Akhisar-ı Geyve
آق حصار گيوه,Akhisar-ı Geyve
اقحصار كيوه,Akhisar-ı Geyve
اقحصار,Akhisar-ı Geyve (Akhisar)/Karagöz
قره كوز,Akhisar-ı Geyve (Akhisar)/Karagöz
اق حصار,Akhisar-ı Geyve/Akhisar
آق حصار,Akhisar-ı Geyve/Akhisar
آقحصار,Akhisar-ı Geyve/Akhisar
اقحصار,Akhisar-ı Geyve/Akhisar
كيوه اق حصار,Akhisar-ı Geyve/Geyve Akhisar
اق حصار صاروخان,Akhisar-ı Saruhan
آق حصار صاروخان,Akhisar-ı Saruhan
اقحصار صاروخان,Akhisar-ı Saruhan
اقجه حصار صارى خان,Akhisar-ı Saruhan/Akçahisar-ı Sarıhan
اقچه حصار صاروخان,Akhisar-ı Saruhan/Akçahisar-ı Saruhan
اقحصار,Akhisar-ı Saruhan/Akhisar
آقحصار,Akhisar-ı Saruhan/Akhisar
آق حصار,Akhisar-ı Saruhan/Akhisar
بوغوينه,Akhisar/Bugoyna
آقحصار,Akhisar/Bugoyna
بقوژين,Akhisar/Bugoyna (Bukojin)
بقوزى,Akhisar/Bugoyna (Bukozi)
قلعۀ اقحصار,Akhisar/Kale-i Akhisar
پيلوري,Akhisar/Pilori
آق حصار,Akhisar/Uskoble-i Zir
واروش قلعۀ اقحصار,Akhisar/Varoş-ı Kale-i Akhisar
اق حصار دره سى,Akhisarderesi
اقحصار,Akhisarderesi/Akhisar
آقينجيلر,Akıncılar
اقنجيان نيكبولى و سلستره,Akıncıyan-ı Niğbolu ve Silistre
آقيز,Akız
عقيق,Akik
آكينارا,Akinara
عكا,Akka
عكه,Akka
عكا,Akka
نفس عكا,Akka merkez
اق قادينلر,Akkadınlar
عكار,Akkar
عكار,Akkar
آق قيا,Akkaya
اق قيا,Akkaya
آق قيا مع  چكلى,Akkaya maa Çanlı
اقجه طاش,Akkaya/Akçataş
آق كوى,Akkaya/Akköy
آق قيا,Akkaya/Çanlı
عك,Akke
اق كچلو,Akkeçili
اقكره,Akkere
اقكرمان,Akkirman
اق كرمن,Akkirman
اق كرمان,Akkirman
اقكرمن,Akkirman
آق كيسى,Akkisi
اق كپرى,Akköprü
آق كپرى مع  قورى همايون,Akköprü maa Koru-yı Hümayun
آق كوپرى,Akköprü/Koru-yı Hümayun
قورئ همايون,Akköprü/Koru-yı Hümayun
آق كوى,Akköy
اقكوى,Akköy
آق كوى و پازار صويى,Akköy ve Pazarsuyu
بولانجق,Akköy/Bulancak
اق ليمان,Akliman
آق لوم,Aklom
اقمسجد,Akmescid
اق مسجد,Akmescid
آقمسجد,Akmescid
آقوه,Akova
اقوه,Akova
اقوه مع بهور,Akova maa Bihor
آقوه مع  بهور,Akova maa Bihor
اقوه مع قمران,Akova maa Komaran
آق بلنقه,Akpalanka
موسى پاشا,Akpalanka/Musapaşa
آقبيكار,Akpınar
آق پيكار,Akpınar
عقره,Akra
آقرا,Akra
قلاع عقره و كلى دير,Akra (Kıla-ı Akra) ve Killideyr
قلاع عقره وكل دير,Akra (Kıla-ı Akra) ve Killideyr
قلاع عقره وكلّى دير,Akra (Kıla-ı Akra) ve Killideyr
نفس عقره,Akra merkez
اقروطور,Akrotor
اق صچلي عشيرتي,Aksaçlı Aşireti
اقصالور,Aksalur
اقصالق,Aksalur/Aksalık
اقسراى,Aksaray
آقسراى,Aksaray
اقسراى,Aksaray
اقسراي,Aksaray
اقسراى مع ايوب ايلى,Aksaray maa Eyübili
اقسرا,Aksaray/Aksara
اق ساز,Aksaz
اقصاز,Aksaz
اقسكى,Akseki
آقسكى,Akseki
اق سكى,Akseki
اقسكي,Akseki
اق سكي,Akseki
نواحئ علائيه,Akseki (Nevahi-i Alaiye)/Marulya
نفس آقسكى,Akseki merkez
ماروله,Akseki/Marula
ماروليه,Akseki/Marulya
نواحيء علائيه,Akseki/Nevahi-i Alaiye
نواحئ علائيه,Akseki/Nevahi-i Alaiye
نواحئ علائيّه,Akseki/Nevahi-i Alaiye
نواحى علائيه,Akseki/Nevahi-i Alaiye
اق سكر,Aksenir
آقسنى,Aksini
آقسنى,Aksini
آق صو,Aksu
اق شهر,Akşehir
آقشهر,Akşehir
اقشهر,Akşehir
آق شهر,Akşehir
آقشهر مع طوغانحصار,Akşehir maa Doğanhisar
نفس آقشهر,Akşehir merkez
اقشهر اباد,Akşehirabad
اق شهراباد,Akşehirabad
اقشهراباد,Akşehirabad
آق شهراباد مع يقه جق,Akşehirabad maa Yakacık
اباد اقشهر,Akşehirabad/Abad-ı Akşehir
اقشهر,Akşehirabad/Akşehir
آقشهر,Akşehirabad/Akşehir
اق طاش,Aktaş
آقطاش,Aktaş
آق طاش,Aktaş
اقطاش,Aktaş
عاقو,Aku
اكو,Aku
آق ويران,Akviran
اق ويران,Akviran
اق ويران,Akviran/Akören
اقيازى,Akyazı
آقيازى,Akyazı
اقيازى,Akyazı
اق يازى,Akyazı
آق يازى مع خندق,Akyazı maa Hendek
آق يازى مع خندق,Akyazı maa Hendek
آق يازى مع  خندق,Akyazı maa Hendek
اق يازى مع خندق,Akyazı maa Hendek
خندق,Akyazı/Hendek
اقيازى,Akyazı/Hendek
اق يورك,Akyörük
آق يورك,Akyörük
اق يورك مع حاجى حمزه,Akyörük maa Hacıhamza
آق زيارت,Akziyaret
اعلا,Ala
طار العلا,Ala/Tarulala
الااغج,Alaağaç
الابنده,Alabanda
پيراصو,Alabanda/Praso
پراصو,Alabanda/Praso
عَلاج,Alac
علاج,Alac
الاجه حاجى,Alacahacı
الاجه خان,Alacahan
الا جه خان,Alacahan
آلاجه خان,Alacahan
خان الاجه,Alacahan/Han-ı Alaca
آلاجه حصار,Alacahisar
الاجه حصار,Alacahisar
الآجه حصار,Alacahisar
الاجَه حصار,Alacahisar
الاجه حصَار,Alacahisar
الا حصار,Alacahisar/Alahisar
واروش الاجه حصار,Alacahisar/Varoş-ı Alacahisar
آلاجه لى,Alacalı
آلا چالى,Alacalı/Alaçalı
الا چام,Alaçam
آلاچام,Alaçam
الاچام,Alaçam
اله چام,Alaçam
الا جام,Alaçam
آلا چام مع حصارجق,Alaçam maa Hisarcık
الاچاطى,Alaçatı
آلا چاتى,Alaçatı
آلا چاطى,Alaçatı
الاچطى,Alaçatı
الاجه آت,Alaçatı/Alacaat
الا چات,Alaçatı/Alaçat
الا طاغ,Aladağ
آلا طاغ,Aladağ
آق طاغ,Aladağ/Akdağ
الاديكك,Aladinek
الاديكاك,Aladinek
آلافونيزى,Alafonizi
الافيوز,Alafonizi/Elafoyoz
الاكوز,Alagöz
آلا كوز,Alagöz
الاحناس,Alahnas
الاحونيه,Alahonya
الاخونيه,Alahonya
الا حتيان,Alahtiyan
الا ختيان,Alahtiyan
الاختيان,Alahtiyan/Hayati
علائيه,Alaiye
علائيّه,Alaiye
علائيه مع قره لر,Alaiye maa Karalar
علائيه مع قريه لر,Alaiye maa Karalar (Karyeler)
علائيه مع نواحى,Alaiye maa Nevahi
نفس علائيه,Alaiye merkez
علائيه واقسكى,Alaiye ve Akseki
علايه,Alaiye/Alaye
الا كليسا,Alakilise
آلا كليسا,Alakilise
الا كوى,Alaköy
الامان,Alaman
الامان دكزى,Alaman Denizi
آلان,Alan
الآن,Alan
الان,Alan
آلان و سراوِ ميرآباد,Alan ve Serav-ı Mirabad
آلان برغوش,Alanberaguş
الند,Aland
الانسه,Alansa
الاپلى,Alaplı
آلاپلى,Alaplı
آلاپلى مع صماقو,Alaplı maa Samakov
الاره,Alara
الاصونيه,Alasonya
الاصونيه,Alasonya
آلاصونيه,Alasonya
نفس الاصونيه,Alasonya merkez
الاشهر,Alaşehir
آلاشهر,Alaşehir
آلا شهر,Alaşehir
اله شهر,Alaşehir
نفس آلاشهر,Alaşehir merkez
الاشهر ايدين,Alaşehir/Alaşehir-i Aydın
الاتا,Alata
الاطه,Alata
الاتااطه سى,Alata
آلاتو,Alato
الاتو,Alato
الاتونيس,Alato/Alatonis
الاتونيسى,Alato/Alatonisi
علاونه,Alavna
علبه,Alba
البق,Albak
آلباق,Albak
الباق,Albak
الپاق,Albak/Alpak
آلپاق,Albak/Alpak
الپوه,Albak/Alpova
باش قلعه,Albak/Başkale
باشقلعه,Albak/Başkale
الجى,Alcı
الچاقلر,Alçaklar
الجقلر,Alçaklar
علفلى,Alefli
الكساندرو,Aleksandro
الكساندر,Aleksandro/Aleksandır
آلقسنچه مع اسفرلك,Aleksinçe maa İsferlik
علكسنا,Aleksinçe/Aleksina
علوى,Alevi
علوى,Alevi/Hakala
اليجق,Alıcık
الاجيق,Alıcık/Alacık
آلنجه,Alınca
النجه,Alınca
على الغربى,Ali el-Garbi
على غربى,Ali el-Garbi/Ali-i Garbi
على الشرقى,Ali eş-Şarki
على الشرق,Ali eş-Şarki
على شرقى,Ali eş-Şarki/Ali-i Şarki
علياباد,Aliabad (?)
على اغا چفتلكى,Aliağaçiftliği
على آغا چيفتلكى,Aliağaçiftliği
اليكان,Alikan
عاليقان,Alikan
جزيرۀ اليكان,Alikan/Cezire-i Alikan
عليكانلى,Alikanlı
عليقى,Aliki
آليقور,Alikor
اليمرتاريا,Alimertarya
علميا,Alimiya
اليميا,Alimiya
آليمينا,Alimiya/Alimina
آليمنيا,Alimiya/Alimniya
عللميا,Alimiya/Allimiya
اطيانه,Alimiya/Atyana
ليمانيه,Alimiya/Limaniye
ليمنى يونا,Alimiya/Limniyona
ليمنوس,Alimiya/Limnos
ليمونيا,Alimiya/Limoniya
ليمونيه,Alimiya/Limoniye
عليشار,Alişar
عاليشار,Alişar
آلقوش,Alkuş
علان,Allan
علان حما,Allan-ı Hama
علان,Allan-ı Hama/Allan
غلان حما,Allan-ı Hama/Gallan-ı Hama
علاى حما,Allan-ı Hama/Ula-yı Hama
الماش,Almaş
آلماش,Almaş
الموص,Almus
الموص,Almus
آلموص,Almus
آلموس,Almus
الپاغود,Alpagud
الپاوت,Alpavut
الپوللى,Alpullu
السو ااندريك,Also Endrik
التى كسه ك,Altıkesek
آلتون آقار,Altınakar/Altunakar
التون ايلى,Altınili
آلتون ايلى,Altınili
التون ايلى مع ياقوه,Altınili maa Yakova
التون ايلى,Altınili/Altunili
التون قلعه,Altınkale
التون قلعه مع اُوسْتَقَه,Altınkale maa Osha (Osteka)
التون قلعه,Altınkale/Altunkale
التون كوپرى,Altınköprü
آلتون كوپرى,Altınköprü
آلتون كوپرى و مَلْحه,Altınköprü ve Melha
التون,Altınköprü/Altun
آلتون كپرى,Altınköprü/Altunköprü
كوپرى,Altınköprü/Köprü
التون اوزى,Altınözü
آلتون اوزى,Altınözü
التون اوزى,Altınözü/Altunözü
التون طاش,Altıntaş
آلطونطاش,Altıntaş
آلتون طاش,Altıntaş
آلتون طاش,Altıntaş/Altuntaş
الت كندى,Altkendi
الوجره,Alucra
آلوجره,Alucra
الوجره,Alucra
الوجارا و قواتا و كواسه,Alucra (Alucara) ve Kovata ve Kevasa
الوجارا و ثووزى,Alucra (Alucara) ve Süvizi
نفس الوجره,Alucra merkez
الوجاره,Alucra/Alucara
الوجره,Alucra/Mesudiye
مسعوديه,Alucra/Mesudiye
اولوجاق,Alucra/Ulucak
اولوجره,Alucra/Ulucra
اولوجره,Alucra/Ulucra
الوجلى,Aluçlu
الوس,Alus
الوز,Alus/Aluz
علوط,Alut
آليان,Alyan
عاليات,Alyan/Aliyat
آليان,Alyan/Çillaga
اماد,Amad
عمامر,Amamer
عماره,Amare
آمارى,Amari
امارى,Amari
اماريه,Amari/Amarya
اماريا,Amari/Amarya
آمارْيه,Amari/Amarya
آماريه,Amari/Amarya
امارْيه,Amari/Amarya
آماريه,Amari/Amarya
جزيرۀ اماريه,Amari/Cezire-i Amarya
اماصرى,Amasra
آماصرى,Amasra
آماصره,Amasra
امصرى,Amasra
اماصره,Amasra
اولوس,Amasra/Ulus
آماسيه,Amasya
اماسيه,Amasya
اماسيّه,Amasya
اماسيه مع كلدكلان,Amasya maa Geldiklan
اماسيه مع نواحى,Amasya maa Nevahi
آماسيه مع نواحى,Amasya maa Nevahi
نفس آماسيه,Amasya merkez
نفس اماسيه,Amasya merkez
اماسيه و كلدكلان,Amasya ve Geldiklan
آماسيه ايدين,Amasya-i Aydın
آماسيۀ ايدين,Amasya-i Aydın
آماسيۀ آيدين,Amasya-i Aydın
اماسيه ايدين,Amasya-i Aydın
اماسيه,Amasya-i Aydın/Amasya
آماسيه,Amasya-i Aydın/Amasya
آمبلوزو,Ambelozo
آمبلوزو,Ambelozo/Ambelovo
امريقا,Amerika
امريقاى جنوبى,Amerika-yı Cenubi
امريقاى شمالى,Amerika-yı Şimali
آمد,Amid
امد,Amid
دياربكرمع نواحئ شرق و غرب,Amid/Diyarbekir maa Nevahi-i Şark ve Garb
قره امد,Amid/Karaamid
قره حميد,Amid/Karahamid
نواحى مع  ديار بكر,Amid/Nevahi maa Diyarbekir
عمق,Amik
آنطاكيه,Amik/Antakya
عميق اباد,Amikabad
عميكى,Amiki
عمقى,Amiki
عمكى,Amiki
عم ليله,Amm-i Leyle
عمان,Amman
عمه,Amme
آمناتو,Amnato
امورغو پولو,Amorgopulo
اندرو,Amorgopulo/Anidro
آندرو,Amorgopulo/Anidro
كوچك اوموغوس,Amorgopulo/Küçükomogos
كوچك اوموغوسْ,Amorgopulo/Küçükomogos
آمورغوس,Amorgos
امورغوس,Amorgos
امورغو,Amorgos/Amorgo
آمورغو,Amorgos/Amorgo
آمورغواطه سى,Amorgos/Amorgo
آمورغوز,Amorgos/Amorgoz
امورقوز,Amorgos/Amorkoz
اومورغوس,Amorgos/Omorgos
اومورغوز,Amorgos/Omorgoz
يامورغو,Amorgos/Yamorgo
يامرغى,Amorgos/Yamurgı
آموس,Amos
امراكى,Amraki
عمران,Amran
عمران مع عيال بني يزيد,Amran maa Iyal-i Beni Yezid
عمران قلعه سى,Amran/Amrankalesi
عاموده,Amuda
اموك,Amuk
آمورا,Amura
آموطقه,Amutka
سكه ديك,Amutka/Segedik
اميون,Amyon
عنه,Ana
عنا,Ana
عانه,Ana
عنا وهيت,Ana ve Hit
انابولى,Anabolu
نؤپليا,Anabolu/Neupliya
اناطولي,Anadolu
اناطُولي,Anadolu
انَاطُولى,Anadolu
اناطولى,Anadolu
آنافى,Anafi
انافى,Anafi
انفيه,Anafi/Anafiye
انافيه,Anafi/Anafiye
انماس,Anamas
اناموس,Anamas/Anamos
انموس,Anamas/Anamos
انامور,Anamur
آنامور,Anamur
آنامور,Anamur
انامور مع ناحيۀ زينه,Anamur maa Nahiye-i Zeyne
نفس آنامور,Anamur merkez
انامور,Anamur/Mamuriye
آنامور,Anamur/Mamuriye
نامور,Anamur/Namur
انانيس,Ananis
آنانس,Ananis
انانى اطه لرى,Ananis/Anani Adaları
عنانور,Ananur
اناپا,Anapa
آنا پوديارى,Anapodyari
اناوارين,Anavarin
اناوارين,Anavarin
اناوارين عتيق,Anavarin-i Atik
اناوارين عتيق وجديد,Anavarin-i Atik ve Cedid
اناوارين جديد بيرون,Anavarin-i Cedid-i Birun
اناوارغه,Anavarin/Anavarga
اناورزه,Anavarza
اناى پازارى,Anaypazarı
اناى پازار,Anaypazarı/Anaypazar
انبارجى,Anbarcı
آنبلاكى,Anbelaki
اندال,Andal
انداليقوز/اندليقوس,Andalikoz/Andalikos
اندرين,Andırın
آندرين,Andırın
اندرن,Andırın
اندرون و جامستل و يكيجه قلعه,Andırın (Enderun) ve Camustil ve Yenicekale
اندورن,Andırın/Andurın
اندرون,Andırın/Enderun
اَنْدَرون,Andırın/Enderun
اندو ماخيه,Andomahya
اندوماهيه,Andomahya
اندماهيه,Andomahya
انده ماهى,Andomahya/Andemahi
اندى ماهى,Andomahya/Andimahi
قلعۀ انده ماهيه,Andomahya/Kale-i Andamahya
اندره,Andre
اَندره,Andre
اَنْدرَه,Andre
انديره,Andre/Andire
آنديره,Andre/Andire
آنديروس,Andre/Andiros
آندروس,Andre/Andros
اندروس,Andre/Andros
اندروز,Andre/Androz
آندره آص,Andreas
اياآندره آسى,Andreas/Ayaandraasi
اياآندره آسى,Andreas/Ayaandreasi
آندريا,Andreya
اندروسه,Andrusa
اندوروس,Andrusa/Andoros
اندوغى,Anduğu
اندوغى و شجاع الدين,Anduğu ve Ulukışla (Şücaeddin)
اندوغى,Anduğu/Ortakaya
آندوغى,Anduğu/Ortakaya
اورته كوى,Anduğu/Ortaköy
اندوغى,Anduğu/Ortaköy
اندوغى,Anduğu/Ortaköy (Ortakarye)
عنك,Anek
عنزه,Aneze
انكلى قاصرى,Angelikasrı
انكلى قصرى,Angelikasrı
انكلى قاصرى,Angelikasrı
انكلى,Angelikasrı/Angeli
انكلى,Angelikasrı/Angeli
اركلى قصرى,Angelikasrı/Ereğlikasrı
آنكه لو,Angelo
انكيسترى,Angistri
آنغسترى,Angistri
انكستره,Angistri/Angistre
انژسترى,Angistri/Anjistri
اينه,Angistri/İne
اينه اطه,Angistri/İneada
آنيدروس,Anidros
انادرو,Anidros/Anadro
انادرواطه جغى,Anidros/Anadro Adacığı
انزوبوفا,Anidros/Anzobofa
انزوپوفاس,Anidros/Anzopofas
آنس,Anis
آنس,Anis
عنس,Anis
انس,Anis
نفس آنس,Anis merkez
انيه,Aniye
عنق,Ank
عنيق,Ank/Anik
عتيق,Ank/Atik
انقره,Ankara
آنقره,Ankara
آنقره,Ankara
انقره,Ankara
انقره مع نواحى,Ankara maa Nevahi
انقره مع يوزده جيان قوچحصار,Ankara maa Yüzdeciyan-ı Koçhisar
نفس انقره,Ankara merkez
انقره و قصبه,Ankara ve Kasaba
انقريه,Ankara/Ankarya
انكورى,Ankara/Engürü
آنويا,Anoya
انطاخ,Antah
انطاكيه,Antakya
آنطاكيه,Antakya
آنطاقيه,Antakya
انطاكيه مع ناحيۀ شغور,Antakya maa Nahiye-i Şugur
آنطاليه,Antalya
انطاليه,Antalya
عنطاليه,Antalya
آنطاليه,Antalya
كمر,Antalya Kemer/Kemer
انطاليه مع استانوس,Antalya maa Nahiye-i İstanos (İstanoz)
انطاليه مع ناحيۀ استانوز,Antalya maa Nahiye-i İstanoz
انطاليه مع ناحيۀ استانوز,Antalya maa Nahiye-i İstanoz
نفس آنطاليه,Antalya merkez
نفس انطاليه,Antalya merkez
اداليه,Antalya/Adalya
علائيه,Antalya/Alaiye
انتى ايپصاره,Antiıpsara
آنتى اپصاره,Antiıpsara
اندبصاره,Antiıpsara/Andibsara
آند پصاره,Antiıpsara/Andipsara
اند يپصاره,Antiıpsara/Andipsara
آنتى پسارا,Antiıpsara/Antipsara
ثي پارا,Antiıpsara/Sipara
آنتيل اطه لرى,Antil Adaları
آنتى لبنان,Antilübnan/Cebel-i Şarki
آنتى تيلو,Antitilo
آسقينونيسو,Antitilo/Askinoniso
اسكينونيسو,Antitilo/Askinoniso
تيلوس,Antitilo/Tilos
يالى,Antitilo/Yalı
آنتعفوس,Antufus
آنتورا,Antura
عينة ورا,Antura/Aynevera
انيوار,Anyavar
اينوار,Anyavar
قلعۀ انيوار,Anyavar/Kale-i Anyavar
آنزغير,Anzağır
عن ظهر,Anzağır/Anzahır
انزاو,Anzav
آپيرى,Apiri
آپودولو,Apodolu
آپوذولو,Apodolu/Apozolu
اپوقرون,Apokoron
اپوقورون,Apokoron
اپقرون,Apokoron
آپقرون,Apokoron
آبُقُرون,Apokoron
اپقرون,Apokoron
آبقرون,Apokoron
آبوقرون,Apokoron/Abokoron
ابقرون,Apokoron/Abokoron
آبقرون,Apokoron/Abokoron
جزيرۀ اپقرون,Apokoron/Cezire-i Apokoron
قلعۀ اپوقرون,Apokoron/Kale-i Apokoron
قستل اپوقرون,Apokoron/Kastel-i Apokoron
اپوقرى,Apokri
اپاقورى,Apokri/Apakoru
اپوقورى,Apokri/Apokoru
اپوليوند,Apolyond
آپوستولى,Apostoli
اپاستول,Apostoli/Apastol
سنت اپوستولا,Apostoli/Sent Apostola
آپتره,Aptera
عره,Ara
عرب,Arab
عرب,Arab/Aleusa/Alessan
قزل آده,Arab/Kızılada
عربان,Araban
ارباط,Arabat
رباط,Arabat/Ribat
عربكير,Arabgir
عربكر,Arabgir
عربگير,Arabgir
عربى,Arabi
عربستان,Arabistan
عرب كندى,Arabkendi
عرابلر,Arablar
عربلر,Arablar
افيسيا,Arablar/Afisiya
فيسا,Arablar/Fisa
عربسون,Arabsun
عربسون,Arabsun/Gülşehir
عربسون,Arabsun/Gülşehri
آراج,Araç
آراج,Araç
اراج,Araç
اراچ,Araç
آراج اكدير,Araç İğdir
اكدير,Araç İğdir/İğdir
ايكدير,Araç İğdir/İğdir
عرد,Arad
اراد,Arad
آراد,Arad
عرفات,Arafat
اراليجق,Aralıcak
اره ليجق,Aralıcak
اراليق,Aralık
اره ليق,Aralık
آرالق,Aralık
ارالق و اجوزى و بوزلان و قراقورقان وغره (؟),Aralık ve Acuzi ve Bozlan (?) ve Karakurkan ve Gara (?)
آرانئ مزبور,Arani-i Ahıstabad/Arani-i mezbur
ارآنئ جله برد,Arani-i Çelaberd
ارآنيء ديزآق,Arani-i Dizak
ارانئ كنجه,Arani-i Gence
ارآنيء انجه,Arani-i İnce
ارانئ كورك بصان,Arani-i Kürekbasan
ارانئ كورك,Arani-i Kürekbasan/Arani-i Kürek
ارآنئ نهر حسن,Arani-i Nehr-i Hasan
ارآنئ شمكور,Arani-i Şemkür
ارانيء زكم,Arani-i Zegem
آراس,Aras
ارسبار,Arasbar
ارسبآر,Arasbar
اروانص,Aravans
اراوانص,Aravans
آربه,Arba
عرجه,Arca
ارجه,Arca
آرجيش,Arciş
ارجار,Arçar
ارده باشى,Ardabaşı
اردهان بزرك,Ardahan-ı Büzürk
آردهان,Ardahan-ı Büzürk/Ardahan
اردهان,Ardahan-ı Büzürk/Ardahan
اردهان كوچك,Ardahan-ı Küçük
اردهان كُوجَكْ,Ardahan-ı Küçük/Ardahan-ı Küçek
كوله اردهان,Ardahan-ı Küçük/Göle-i Ardahan
كولۀ اردهان,Ardahan-ı Küçük/Göle-i Ardahan
كوچك اردهان,Ardahan-ı Küçük/Küçükardahan
اردان,Ardan
آروان,Ardan/Arvan
آردانوچ,Ardanuç
آردنوچ,Ardanuç
اَرْدنوچ,Ardanuç
اردنوچ,Ardanuç
اردنوج,Ardanuç
اردنوج,Ardanuç/Ardanuc
آرده شن,Ardeşen
ارده شن,Ardeşen
آردشان,Ardeşen
آرده شين,Ardeşen/Ardeşin
آردوس,Ardos
اردوس,Ardos
آردوشين,Arduşin
آردوشن,Arduşin
عرفوش,Arfuş
ارغلاستى,Argalasti
آرغيد خانى,Argıdhanı
ارغيد خانى,Argıdhanı
آرغد خانى,Argıdhanı
ارغت خان,Argıdhanı/Argıthan
ارغن,Argın
ارغين,Argın
اركيرى قصرى,Argirikasrı
ارگرى قصرى,Argirikasrı
اركرى قصرى,Argirikasrı
آرگرى مع دلوينه,Argirikasrı (Argiri) maa Delvine
اريورى قصرى,Argirikasrı (Aryurikasrı)/Zenebiş
نفس اركرى,Argirikasrı merkez/Argiri merkez
اركرى,Argirikasrı/Argiri
ارگرى,Argirikasrı/Argiri
اركيرى,Argirikasrı/Argiri
اركيرو قصرى,Argirikasrı/Argirokasrı
اركرى,Argirikasrı/Argirokastro
اكرى كسرى,Argirikasrı/Eğrikesri
اركلى قصرى,Argirikasrı/Ereğlikasrı
آركيرو,Argiro
ارغابرو اطه لرى,Argiro Adalar/Argabro Adaları
آرجيرو اطه لرى,Argiro Adaları/Arciro Adaları
ارزيرو,Argiro/Arziro
اوزيرو,Argiro/Oziro
اركيروپولي,Argiropoli
آركيرپولى,Argiropoli
ارغو,Argo
ارغوما,Argoma
ارغوست,Argust
آرگوش,Arguş
ارغوان,Arguvan
ارغوان,Arguvan
ارغاوون,Arguvan/Argavun
طاهر,Arguvan/Tahir
ارحانكلوس,Arhangelos
ارحانجل,Arhangelos/Arhancel
ارحنچل,Arhangelos/Arhançel
ارحانكيلوس,Arhangelos/Arhangilos
آرخانس,Arhanis
ارخوى,Arhavi
آرخوى,Arhavi
ارخاوى,Arhavi
ارحوى,Arhavi
ارخوه مع ويچه,Arhavi (Arhova) maa Viçe
ارخوه مع ويجه,Arhavi (Arhova) maa Viçe
ارحوه,Arhavi (Arhova)/Laz
آرحوى مع ويچه,Arhavi maa Viçe
لاز و اتنه,Arhavi ve Atina/Laz ve Atina
ارخوه,Arhavi/Arhova
ارحوه,Arhavi/Arhova
لاز,Arhavi/Laz
اورهوه,Arhavi/Orhova
ارخوس,Arhos
ارحوس,Arhos
ارغوس,Arhos/Argos
ارخوز,Arhos/Arhoz
واروش قصبۀ ارخوس,Arhos/Varoş-ı Kasaba-i Arhos
اريقلى,Arıklı
اريم,Arım
آريم,Arım
آرم,Arım
ارم و اوكسه و ايواجق,Arım ve Ökse ve Ayvacık
اريم كرچلو,Arım-ı Kireçli
آريم  كرچلو,Arım-ı Kireçli
اريم  يراشلو,Arım-ı Yaraşlı
اريدوس,Aridos
اريسترى,Aristiri
عريش,Ariş
العريش,Ariş/el-Ariş
عرقا,Arka
ارقاديه,Arkadya
ارقاكى,Arkaki
آركياكى,Arkaki/Arkiyaki
ميرانغو,Arkaki/Mirango
آرقاكى,Arkaki/Repi
ارقالوخوريو,Arkalohoryo
ارقالوخورو,Arkalohoryo/Arkalohoro
آرقصه,Arkasa
آركى,Arki
ارقى,Arki
اركى,Arki
اركى طاقم اطه لرى,Arki Takımadaları
ناقرى,Arki/Nakri
ارقونيزى,Arkonizi
آركى,Arkonizi/Arki
ارقنيزه,Arkonizi/Arkonize
آرقونيزيا,Arkonizi/Arkoniziya
عرقوب,Arkub
عرقوب اعلا,Arkub-ı Ala
عرقوب جنوبى,Arkub-ı Cenubi
عرقوب فوقانى,Arkub-ı Fevkani
عرقوب فوقانى و تحتانى,Arkub-ı Fevkani ve Tahtani
عرقوب شمالى,Arkub-ı Şimali
عرقوب تحتانى,Arkub-ı Tahtani
آرقودى,Arkudi
ارقودى,Arkudi
ايو,Arkudi/Ayu
ارمناز,Armanaz
ارمينا,Armanaz/Armina
ارميناز,Armanaz/Arminaz
ارماتيا,Armatiya
ارمتيا,Armatiya
قاشوط اطه جقلرى,Armatiya Adacıkları/Kaşot Adacıkları
اريمنا,Armatiya/Arimina
ارمينا,Armatiya/Arimina
آرماديه,Armatiya/Armadiya
ارماديا,Armatiya/Armadiya
آرمه ثيا,Armatiya/Armasiya
آرماثيا,Armatiya/Armasiya
آرماتهيا,Armatiya/Armathiya
ارموى,Armavi
آرمنوس,Armenos
ارميه,Armiye
آرميه,Armiye
آرميه مع قوقوش,Armiye maa Kokoş
ارميه مع قوقوش,Armiye maa Kokoş
ارميه مع فوقوس,Armiye maa Kokoş (Kokos)
ارميه مع قوقوس,Armiye maa Kokoş (Kokos)
ارميه و ولستين و غلوس,Armiye ve Velestin ve Golos
ايرميه,Armiye/İrmiye
آرمودان,Armudan
آرمودن,Armudan
ارمودان,Armudan
ارمودايلى,Armudili
آرمودايلى,Armudili
امود ايلى,Armudili/Amudili
ارمودلى,Armudili/Armudlu
امرود ايلى,Armudili/Emrudili
كمش,Armudili/Gümüş
ارمودلى,Armudlu
آرمودلى,Armudlu
ارمودلو,Armudlu
آرموره,Armura
عرناس,Arnas
ارناود,Arnavud
ارنودان,Arnavudan
ارنود ايلى,Arnavudili
ارانيد ايلى,Arnavudili/Aranidili
اروانيد,Arnavudili/Arvanid
ارناودلق,Arnavudluk
آرناووتى,Arnavuti
عرنون,Arnun
ارپالي,Arpalı
ارپه لو,Arpalı
ارپاز,Arpaz
آرپاز,Arpaz
ارباز,Arpaz
اوباد مع اماسيه,Arpaz maa Amasya-i Aydın/Obad maa Amasya
آرسيدا,Arsida
آرجيتى,Arsida/Arciti
ارسلان,Arslan
ارسلان اپا,Arslanapa
ارسوز,Arsuz
آرسوس,Arsuz/Arsus
ارسوس,Arsuz/Arsus
ارسوس ايلى,Arsuz/Arsusili
آرشيپل اطه لرى,Arşipel Adaları
ارتق آباد,Artukabad
ارتوق اباد,Artukabad
ارتق اباد,Artukabad
ارتوق آباد,Artukabad
آرتق آباد مع گيرون و قنغال,Artukabad maa Gürün (Girün) ve Kangal
ارتق اباد و مشهد اباد مع سلس ازوى,Artukabad ve Meşhedabad maa Silisözü
آرتووه,Artukabad/Artova
چفتلك,Artukabad/Çiftlik
ارتوشى,Artuşi
ارتوش,Artuşi/Artuş
ارود,Arud
عروه,Arva
ارواد,Arvad
ارواد,Arvad
عورت,Arvad/Avrat
جزيره,Arvad/Cezire
جزيرۀ آرواد,Arvad/Cezire-i Arvad
جزيرۀ ارواد,Arvad/Cezire-i Arvad
اروالو و كوبيان,Arvalı ve Kübyan
اروالو,Arvalı/ İncirpazarı (İncir)
اروانق,Arvanak
اروانق,Arvanak/Güney
آرزوشخو,Arzuşhav
عسعس,Asas
عسس,Asas/Ases
اصحاب الكهف,Ashab-ı Kehf/Ashabülkehf
آصى,Asi
عاصى,Asi
عسير,Asir
عسير,Asir/Abha
استانه,Asitane
اسياب,Asiyab
عسقلان,Askalan
اسقانيا,Askaniya
كوجك خريستيان,Askaniya/Küçükhristiyan
عسكر,Asker
اسكيفوس,Askifos
اصمه,Asma
اصنو ايلى,Asnuili
اصوپوز,Asopoz
اسپنزه,Aspinza
اسبنجه,Aspinza/Asbince
اسبنزه,Aspinza/Asbinza
اسپنازه,Aspinza/Aspinaza
استيزه,Aspinza/Astize
اسپرو,Aspiro
اسپروميسيا,Aspiro Misiya
آستپيزو,Aspiro/Astipizo
اصپروپوتام,Aspiropotam
اصپرپوتام,Aspiropotam
اصپره پوتام,Aspiropotam/Aspirapotam
اصپره پوتان,Aspiropotam/Aspirapotan
اصپره پوتام,Aspiropotam/Aspirepotam
آسپروپو,Aspiropotam/Aspiropo
اَسپِرُوپُوتَامُو,Aspiropotam/Aspiropotamo
اسپروپوتامو,Aspiropotam/Aspiropotamo
اصپيروپوتان,Aspiropotam/Aspiropotan
اسپورپوطام,Aspiropotam/Aspuropotam
اصپرو سپتى,Aspirospiti
اسپرونيس,Aspronis
يلانيجه,Aspronis/Yılanice
اسبرونيسيا,Aspronisya
اسپرونيسيا,Aspronisya
آسپرا اطه جقلرى,Aspronisya/Aspra Adacıkları
اسپرانيزى,Aspronisya/Aspranizi
آسپرانيزى,Aspronisya/Aspranizi
اسپرونيزون,Aspronizon
آسپرو,Aspronizon/Aspro
آسپرواطه جغى,Aspronizon/Aspro Adacığı
ساواته,Aspronizon/Savata
سرپه,Aspronizon/Sirpe
استاكيدا,Astakida
استاكيده,Astakida
استاكيد,Astakida/Astakid
استاكيه,Astakida/Astakiye
استاسدا,Astakida/Astasida
استاس ايده,Astakida/Astasida
استاسيديه,Astakida/Astasidye
قامينيا,Astakida/Kaminiya
ستاقيده,Astakida/Stakida
آصوان,Asvan
اسيا,Asya
اسياى عثمانى,Asya-yı Osmani
اشاغى,Aşağı
اشاغى اطمه,Aşağıatma
اشاغى بلاك,Aşağıbelen
اشاغى,Aşağıbelen/Aşağı
اشغه بوجاق,Aşağıbucak
اشاغى دندارلو,Aşağıdündarlı
اشاغى ديندارلو,Aşağıdündarlı/Aşağıdindarlı
آشاغى دِينْدَارْلو,Aşağıdündarlı/Aşağıdindarlı
آشاغى ديندارلو,Aşağıdündarlı/Aşağıdindarlı
اشاغى  ديندارلو,Aşağıdündarlı/Aşağıdindarlı
اشاغى دندار,Aşağıdündarlı/Aşağıdündar
اشاغه غيربلان,Aşağıgırbelan/Aşağagırbelan
آشغا غربلان,Aşağıgırbelan/Aşağagırbelan
اشاغه ايل,Aşağıil/Aşağail
اشغه ايل,Aşağıil/Aşağail
اشغه ايل كماح,Aşağıil/Aşağail-i Kemah
اشاغى كلر,Aşağıkeler
اشاغى قلجلى,Aşağıkılıçlı
اشغى زغوريه,Aşağızagorye
عشاير مع  محمودى,Aşair maa Mahmudi
عشائرسبعه,Aşair-i Seba
عشائر سبعه,Aşair-i Seba
عشائر عربان,Aşair-i Urban
عشاير مسكون جبل امير و چفتلكات چفته لر و موصليجه و بوز اولوس,Aşayir-i Meskun-ı Cebel-i Emir ve Çiftlikat-ı Çifteler ve Musluca ve Bozulus
عشاير الوس,Aşayir-i Ulus
عشيرت و اولوس,Aşayir-i Ulus/Aşiret ve Ulus
عشيق,Aşık
عاشق,Aşık
آشيد,Aşid
آشيت,Aşid/Aşit
آش قلعه,Aşkale
اشقلعه,Aşkale
اَشْمُون,Aşmun
آشْمُون,Aşmun
اشمونين,Aşmunin
اشمونين مع دلجا,Aşmunin maa Delca
عشار,Aşşar
اشتاغول,Aştagul
اشتاغول و مجيد اوزى,Aştagul ve Mecidözü
اشتاقول,Aştagul/Aştakul
آشتى,Aşti
آشودى,Aşudi
اشودى,Aşudi
اشودلو,Aşudi/Aşudlu
آت,At
عتبات,Atabat
عود,Atabat/Avd
عتبات,Atabat/Cebel-i Murays
جبل مريس,Atabat/Cebel-i Murays
مريس,Atabat/Murays
اتابك,Atabey
اتاق,Atak
اطاق,Atak
اتاقا,Atak
اَتاق,Atak
اَتَاقْ,Atak
عطاق,Atak
آتالانته,Atalanta
اتالانتى,Atalanti
آتالانتى,Atalanti
طلانته,Atalanti/Talanta
طلانتى اطه لرى,Atalanti/Talanti Adaları
آتجه,Atça
آتچه,Atça
اتجه,Atça
اتجه,Atça/Atca
آت چكن,Atçeken
اسبكشان,Atçeken/Esbkeşan
اسب كشان,Atçeken/Esbkeşan
اطفهيه,Atfihiye
اطفيهيه,Atfihiye
استوحه,Atfihiye/Astuha
اطفيه مع توابع,Atfihiye/Atfih maa Tevabi
اِطْفِيهِيّه,Atfihiye/İtfihiye
اِطفِيهيه,Atfihiye/İtfihiye
اِطفِيهيه مع توابع,Atfihiye/İtfihiye maa Tevabi
آتيكان,Atikan
اتيكان,Atikan
اتين,Atin
اتن,Atin
آتنه,Atina
اتنه,Atina
آتينه,Atina
اتنه كيفسه و اتنه ماصويه,Atina Kifse ve Atina Hasiye (Masuye)
اينه,Atina/İne
آطمه لو,Atmalı
اطمه لو,Atmalı
اطملو,Atmalı
آصمه لو,Atmalı/Asmalı
بوز اغا اطملوسى,Atmalı/Bozağaatmalusu
اطمانلو,Atmanlı
آتوقو,Atoko
اتوقو,Atoko
آتاقو,Atoko/Atako
اتوقوس,Atoko/Atokos
اوتاقو,Atoko/Otako
اطرانوس,Atranos
اطرنوس,Atranos
اطره نوس,Atranos
اطرنوس / ادرنوس,Atranos
اطرنوس مع جبل جديد و عتيق,Atranos maa Cebel-i Cedid ve Atik
جبل جديد مع  اطرنوس,Atranos maa Cebel-i Cedid/Cebel-i Cedid maa Atranos
اطرنوس مع خرمنجق,Atranos maa Harmancık
اطرنوس مع خرمنجك,Atranos maa Harmancık
اطرانوس مع ناحيۀ جبل جديد,Atranos maa Nahiye-i Cebel-i Cedid
آطره نوس مع ناحيۀ جبل جديد,Atranos maa Nahiye-i Cebel-i Cedid
ناحيۀ جبل جديد مع اطرانوس,Atranos maa Nahiye-i Cebel-i Cedid/Nahiye-i Cebel-i Cedid maa Atranos
نفس اطرانوس,Atranos merkez
اطره نوس,Atranos/Adirnas
ادرناس,Atranos/Adranas
ادره ناز,Atranos/Adranaz
ادرنوس,Atranos/Adranos
ادره نوس,Atranos/Adranos
اورخان ايلى,Atranos/Orhanili
عتاره مرج,Attaremerc
عتويد,Atvid
عواكير,Avakir
آوانوس,Avanos
آوه نوس,Avanos
آوا نوس,Avanos
اوانوس,Avanos
اواره,Avara
اوراق,Avarak
اودان,Avdan
آوغا,Avga
آوغانيسى اطه جغى,Avga/Avganisi Adacığı
اوغادى,Avgadı
آوغو,Avgo
اوغو,Avgo
آوغون,Avgon
يمورطه,Avgon/Yumurta
عوحه,Avha
عوينه,Avine
عونيه,Avine (Avniye)/Savur
عونيه,Avine/Avniye
سوركچى,Avine/Sürgücü
سوركجى,Avine/Sürgücü
اويشين,Avişin
اولاغى,Avlağı
اولاغو,Avlağı
آولاغى,Avlağı
آولونار,Avlonar
اولونار,Avlonar
آولونيه,Avlonya
اولونيه,Avlonya
اَولُونْيه,Avlonya
اولونيا,Avlonya
آولونيه,Avlonya
اولونيه,Avlonya
آولونيه مع طوپ آلتى,Avlonya maa Topaltı
اولون,Avlun
اونيك,Avnik
آونيك,Avnik
ابنك,Avnik/Abnik
آبنيك,Avnik/Abnik
ابنيك,Avnik/Abnik
آونيه,Avniye
عونيه,Avniye
عورت آلان,Avratalan
عورت الان,Avratalan
عورتحصارى,Avrathisarı
عورت حصارى,Avrathisarı
عورت حصارى مع ناحيۀ كولرلى,Avrathisarı maa Nahiye-i Köleli (Gülerli)
عورت حصارى مع ناحيۀ كُولَرْلى,Avrathisarı maa Nahiye-i Köleli (Gülerli)
نفس عورتحصار,Avrathisarı merkez
عورتحصار,Avrathisarı/Avrathisar
عورت حصار,Avrathisarı/Avrathisar
اوروپا,Avrupa
آوروپاى عثمانى,Avrupa-yı Osmani
اوروپاى عثمانى,Avrupa-yı Osmani
اوشين سفلى,Avşin-i Süfla
اونيه,Avuniye
اوينه,Avuniye
آونيه,Avuniye
اوونيه,Avuniye
ادنيه,Avuniye/Adniye
آغونيه,Avuniye/Ağunya
اغونيه,Avuniye/Ağunya
آونيه,Avuniye/Avine
قيون ايلى,Avuniye/Koyuneli
اونيه,Avuniye/Koyuneli
اوستراليا,Avustralya
آوياواتو,Avyavato
اوذانيتس,Avzanitis
ايا ديمترى,Ayadimitri
اياكئوركيوس,Ayagiorgios
اياكئوركيوس,Ayagiorgiyos
اياكيؤركيوس,Ayagiorgiyos
اغيوزيورسى,Ayagiorgiyos/Agiyozyorasi
ايايوركى,Ayagiorgiyos/Ayayorgi
يوركيوس,Ayagiorgiyos/Yorgiyos
آياكوركيوس,Ayagorgiyos
اياكوركيوس,Ayagorgiyos
آيايوركى,Ayagorgiyos/Ayayorgi
آيى اليا,Ayagorgiyos/Ayiilya
جورجى,Ayagorgiyos/Corci
اياغورغور,Ayagorgor
اياژورژى,Ayajorji
اياقنى,Ayakını
اياكرياكي,Ayakiryaki
آيا كرياكى,Ayakiryaki
ايا كيرياكي,Ayakiryaki
آيوس قايريياكى,Ayakiryaki/Ayoskayriyaki
آيوس قيريياكى,Ayakiryaki/Ayoskıriyaki
اياماوره,Ayamavra
آياموره,Ayamavra
آياماوره,Ayamavra
آياموره,Ayamavra
اياموره,Ayamavra
اياموره,Ayamavra
لفقاده,Ayamavra/Lefkada
لفقه ده,Ayamavra/Lefkada
لفقته,Ayamavra/Lefkata
لفقازه,Ayamavra/Lefkaza
آياماورا,Ayamavra/Santamavra
سانته ماوره,Ayamavra/Santamavra
صانتا ماورا,Ayamavra/Santamavra
سنت مور,Ayamavra/Sentmor
آياماوره,Ayamavra/Sentmor
عيانجق,Ayancık
ايانجق,Ayancık
استفان,Ayancık (İstefan)/Sahil
استفان,Ayancık (İstefan)/Sahil
ايانجق,Ayancık/İstefan
استفان,Ayancık/İstefan
ساحل,Ayancık/Sahil
آياندون,Ayandon
ايندون,Ayandon
اياندون,Ayandon
آيان دون,Ayandon
ايندون مع اق قيا,Ayandon maa Akkaya
عيان كولى,Ayangölü
آيا نيقولا,Ayanikola
ايا نيقوله,Ayanikola
نيقوله اطه لرى,Ayanikola/Nikola Adaları
سنت نيقولو,Ayanikola/Sentnikolo
آياپترا,Ayapetra
سوه تى پترو,Ayapetra/Svetipetro
اياپتروس,Ayapetros
اياپتره,Ayapetros/Ayapetre
ايا پترى,Ayapetros/Ayapetri
اياپترو,Ayapetros/Ayapetro
ايا روملى,Ayarumeli
اياس,Ayas
اياش,Ayas (Ayaş)
آياش مع برندى,Ayas (Ayaş) maa Berendi
اياس مع برندى,Ayas maa Berendi
يمورطه لق,Ayas/Yumurtalık
يمور طه لق,Ayas/Yumurtalık
يمورطه لق,Ayas/Yumurtalık
ايى سرانده,Ayasaranda
ايا سرانده,Ayasaranda
ايو صرانده,Ayasaranda/Ayosaranda
سراندوز,Ayasaranda/Sarandoz
اياسفيد,Ayasefid
اياسفيد,Ayasefid/Kilizman
آياسفيد,Ayasefid/Kilizman
آياثلوغ,Ayasluğ
اياثلوغ,Ayasluğ
اياسلوغ,Ayasluğ
اياسلوغ مع اذينه,Ayasluğ maa Ezine-i Ayasluğ (Ezine)
اياصولق,Ayasluğ/Ayasuluk
سلچوق,Ayasluğ/Selçuk
آياستفانوس,Ayastefanos
اياصو,Ayasu
آياصو,Ayasu
جزيرۀ اياخو,Ayasu/Cezire-i Ayahu
آياش,Ayaş
اياش,Ayaş
عياش,Ayaş
آياش,Ayaş
ايا طودورى,Ayatodori
ايى طودورى,Ayatodori/Ayitodori
آيو طودور,Ayatodori/Ayotodor
ته ىؤدوروس ديماستوس,Ayatodori/Teodoros Dimestos
آياطوما,Ayatoma
استوقنى,Ayatoma/İstokni
كوچك لطره,Ayatoma/Küçükletra
ايايانى مناسترى,Ayayanimanastırı
آيى يانى,Ayayanimanastırı/Ayiyani
ايايانيس,Ayayanis
آيايونيس,Ayayonis
لطره,Ayayonis/Letra
پانته,Ayayonis/Pante
ايايوركى,Ayayorgi
آيى يوركى,Ayayorgi/Ayiyorgi
جورجى,Ayayorgi/Corci
حاچى ژورجى,Ayayorgi/Haçijorci
كدلن,Ayayorgi/Kedelen
سنت جورجييو,Ayayorgi/Sentcorciyo
آيايوان,Ayayovan
سوه تى يوخانيا,Ayayovan/Svetiyohanya
ايازمه,Ayazma
آيازمند,Ayazmend
ايازمند,Ayazmend
ايازمند [مع] ناحيۀ چاندارلى و امرود اباد,Ayazmend [maa] Nahiye-i Çandarlı ve Emrudabad
ايازمند و بغاز حصار,Ayazmend ve Boğazhisar
ايازمند  و بغاز حصار,Ayazmend ve Boğazhisar
آلتون اووا,Ayazmend/Altınova (Altunova)
ايازمه,Ayazmend/Ayazma
ايباصدى,Aybasdı
ايبا صدى,Aybasdı
ايباسدى,Aybasdı
آي باصدى,Aybasdı
آيبصدى,Aybasdı
ايبصدى,Aybasdı
آيدين,Aydın
آيدين,Aydın
ايدين,Aydın
ايدين,Aydın
آیدین,Aydın
آيدين مع دكزلى,Aydın maa Denizli
نفس آيدين,Aydın merkez
آيدنجق,Aydıncık
ايدنجق,Aydıncık
ايدوك جق,Aydıncık/Ayduncuk
ايدنجك,Aydıncık/İdincik
آيدينجق,Aydıncık/Karahisar-ı Biga
آيدين ايلى,Aydınili
آيدونات,Aydonat
ايدونات,Aydonat
اَيْدُوناتْ,Aydonat
ايدوناد,Aydonat/Aydonad
آيدونان,Aydonat/Aydonan
پاراميتى,Aydonat/Paramiti
آيدونات,Aydonat/Paramitya
آيدوس,Aydos
ايدوس,Aydos
آيدوس,Aydos
آيدوس بالقانى,Aydos Balkanı
آيى ديمترى,Ayidimitri
آيى مريم,Ayimeryem
آي مريم اطه لرى,Ayimeryem Adaları
آيي پراسكي,Ayiparaski
آيى پراسكى,Ayiparaski
ايى وارواره,Ayivarvara
آيى وارواره,Ayivarvara
اى يانى,Ayiyani
ايي ياني,Ayiyani
اى يانى,Ayiyani
آيى يوركى,Ayiyorgi
آيى يوركى اطه لرى,Ayiyorgi Adaları
ايى يوركى مناسترى,Ayiyorgimanastırı
عين عيسى,Ayn-ı İsa
عين تقفش,Ayn-ı Takfeş
عين ترازو,Ayn-ı Terazu
آينه روز,Aynaroz
اينه روز,Aynaroz
اينه روز,Aynaroz
آينوروز,Aynaroz/Aynoroz
ايونوروس,Aynaroz/Ayonoros
جزيرۀ آيونوروس,Aynaroz/Cezire-i Aynaros
جزيرۀ اينه روز,Aynaroz/Cezire-i Aynaroz
اينه روز جزيره سى,Aynarozceziresi
عين صدر,Aynsadr
عينتاب,Ayntab
عينتاب و تلبشار,Ayntab ve Tilbeşar
عنتاب,Ayntab/Antab
عنتاد,Ayntab/Antad
عنتب,Ayntab/Anteb
غازى عينتاب,Ayntab/Gaziayıntab
عين العروس,Aynülarus
عين الكروم,Aynülkürüm
ايوانزيو,Ayoanzeyo
ايوانزلو,Ayoanzeyo/Ayoanzelo
ايو اليه,Ayoilya
ايو لندى,Ayolenidi
ايو نيقوله,Ayonikola
ايو نيقولا,Ayonikola
آيو نيقولا,Ayonikola
آيو پنوماتوس,Ayopanomatos
ايو پاولوس,Ayopavlos
آيوس جورجييوس,Ayoscorciyos
آيوس جورجييوس اطه سى,Ayoscorciyos
آيوس جوانس,Ayoscovanis
ايوس ساراندا,Ayossaranda
ايو سوزو,Ayosuzo
ايوواصيل,Ayovasil
ايوواصل,Ayovasil
آيواسيل,Ayovasil
ايواصل,Ayovasil
آى واسيل,Ayovasil/Ayvasil
ايواصل,Ayovasil/Ayvasil
ايواصيل,Ayovasil/Ayvasil
آيْواسِيل,Ayovasil/Ayvasil
آيواسيل,Ayovasil/Ayvasil
اى واصيلى,Ayovasil/Ayvasili
جزيرۀ ايواصل,Ayovasil/Cezire-i Ayovasil
قستل ايوواصل,Ayovasil/Kastel-i Ayovasil
ايو يوركى,Ayoyorgi
آيى يوركى,Ayoyorgi/Ayiyorgi
آيواجق,Ayvacık
ايواجق,Ayvacık
ايوالى,Ayvalı
ايوالو,Ayvalı
آيوالى,Ayvalı
ايوالى دره,Ayvalı/Ayvalıdere
آيوالودره,Ayvalı/Ayvalıdere
ايوالودره,Ayvalı/Ayvalıdere
ايوالق,Ayvalık
آيوالق,Ayvalık
ايوه لق,Ayvalık
آيوالق,Ayvalık
ايوالق مع كافر آغيلى,Ayvalık maa Kafirağıl
ايوالق مع كافر آغيلى,Ayvalık maa Kafirağılı
آيوالق مع كافر آغيلى,Ayvalık maa Kafirağılı
ايوالق مع كافر اغيلى,Ayvalık maa Kafirağılı
كيدونيه,Ayvalık/Kidonya
آيى واسيل,Ayvasil/Ayivasil
ايوات,Ayvat
ازاد جيران,Azadciran
ازاد چيران,Azadciran/Azadçiran
ازاق,Azak
ازآق,Azak
آزاق,Azak
آزاقپور,Azakpur
اعظميه,Azamiye
اعظميه,Azamiye
آزاپ,Azap
آزاب,Azap/Azab
اعزاز,Azaz
اعزاز,Azaz
اعراز,Azaz
اعزاز و كليس,Azaz ve Kilis
اعزاز,Azaz ve Kilis/Azaz
كليس و اعزاز,Azaz ve Kilis/Kilis ve Azaz
اعراز فلاح,Azaz-ı Fellah
فلاح,Azaz-ı Fellah/Fellah
اعراز تركمن,Azaz-ı Türkmen
تركمان اعزاز,Azaz-ı Türkmen/Türkmen Azaz
عزازمه,Azazime
ازطواى,Azdavay
ازطواى,Azdavay
آزطواى,Azdavay
ازطوى,Azdavay
ازطواى معدنجى,Azdavay-ı Madenci
ازطواى امورنجى,Azdavay-ı Madenci/Azdavay-ı Umuruncu
اذربيجان,Azerbaycan
ازغور,Azgur
ازيدين,Azidin
عزير اعرابى,Azir Arabı
عزيز,Aziz
عزيزى,Azizi
عزيزيه,Aziziye
عزيزيّه,Aziziye
نفس عزيزيه,Aziziye merkez
عزيزيه ويران شهر,Aziziye Viranşehir
ويران شهر,Aziziye Viranşehir/Viranşehir
عزيزيۀ بالا,Aziziye-i Bala
عزيزيۀ زير,Aziziye-i Zir
تجريريه,Aziziye/Tecririye
آزمير,Azmir
ازنافير,Aznafir
آزناور,Aznavur
ازناور,Aznavur
آزورت,Azort
بعبدا,Baabda
بعقلين,Baaklin
بعلبك,Baalbek
بعلبك مع كركنوح عليه السلام,Baalbek maa Kerek-i Nuh Aleyhisselam
بَعْلَبَك,Baalbek/Balebek
بعس,Baas
باب,Bab
باب جبول,Bab [ve] Cebbul
باب مع جبول,Bab maa Cebbul
نفس باب,Bab merkez
باب و جبول,Bab ve Cebbul
باب جبول,Bab ve Cebbul/Bab-ı Cebbul
باب طوپ,Bab-ı Top
الباب,Bab/el-Bab
بابا,Baba
بابااطه سى,Baba
بابا پلاوى,Baba Pilavi
باربا نيقوله,Baba/Barbanikola
پلاموط,Baba/Palamut
بابا طاغى,Babadağı
بابا طاغى,Babadağı
نفس واروش بابا,Babadağı (Baba) Varoşu
بابا,Babadağı/Baba
بابا طاغ,Babadağı/Babadağ
بابااسكى,Babaeski
بابااسكسى,Babaeski (Babaeskisi)/Danişmendeskisi
باباء عتيق,Babaeski/Baba-i Atik
باباى عتيق,Babaeski/Baba-yı Atik
بابا[ى] عتيق,Babaeski/Baba-yı Atik
بابا اسكيسى,Babaeski/Babaeskisi
بابااسكسى,Babaeski/Babaeskisi
بابا اسكسى,Babaeski/Babaeskisi
بابااسكسي,Babaeski/Babaeskisi
بابااسكيسى,Babaeski/Babaeskisi
بابا اسكى سى,Babaeski/Babaeskisi
دانشمند اسكسى,Babaeski/Danişmendeskisi
اسكى بابا,Babaeski/Eskibaba
بابان,Baban
ببه,Baban/Bebe
بابانقاش,Babanakkaş
بابرچ,Babarç
بابرجه,Babarç/Baberçe
بابورچه,Babarç/Baborçe
بابورجه,Babarç/Baborçe
بابارون,Babarun
بابيلان,Babilan
بابنا,Babinna
بابصو,Babsu
بابيانى,Babyani
باجى,Bacı
باجوان,Bacıvan
بجوان,Bacıvan
باجوانلو,Bacıvan/Bacıvanlı
باجلان,Bacıvan/Bacilan
مير عشارت باجلان,Bacıvan/Mir-i Aşaret-i Bacilan
باجل,Bacil
نفس باجل,Bacil merkez
باجركه,Bacirge
باچ,Baç
باج,Baç
باچقه,Baçka
باده,Bada
بداما,Badama
بادميه,Bademiye
بادميّه,Bademiye
باداميه,Bademiye/Badamiye
بادللو,Badıllı
بادجوان,Badicvan
باديجوان,Badicvan
بادكان,Badikan
پادگان,Badikan/Padigan
بادينه,Badine
باديه,Badiye
باديه و شيح,Badiye ve Şeyh
بادره جق,Badracık
بادرا جق,Badracık
بادره,Badracık/Badra
پاتراجق,Badracık/Patracık
باف,Baf
بافي مع چيتريا,Baf (Bafi) maa Çiterya
بافى مع چِيٍترْيا,Baf (Bafi) maa Çiterya
بافى مع چتريا,Baf (Bafi) maa Çiterya
باف قوقله,Baf [maa] Kukla
باف مع قوقله,Baf maa Kukla
بافه,Baf/Bafa
بافي,Baf/Bafi
بافى,Bafa
بافى,Bafa
باقى,Bafa/Baki
بافره,Bafra
بافره,Bafra
بافره و آلاچام,Bafra ve Alaçam
كورندر بازارى,Bafra/Güründürpazarı
بغيله,Bagile/Bugeyle
بغلاى,Baglay
باغوبيت,Bagobit
ولايت باغوبت,Bagobit/Vilayet-i Bagobit
باغوس,Bagos
باغه بيرد,Bağabird
باغ آراسى,Bağarası
خرستيان باغ,Bağarası/Hıristiyanbağ
باغچه,Bağçe
باغچه,Bağçe
باغچه جك,Bağçecik
باغچه جك,Bağçecik
بغچه جك,Bağçecik
باغچه,Bağçecik/Bağçe
باغچه,Bağçecik/Bağçe
بغچه,Bağçecik/Bağçe
بولانيق,Bağçecik/Bulanık
بولانق,Bağçecik/Bulanık
باغچه سراى,Bağçesaray
باغجه سراى,Bağçesaray
باقجه سراى,Bağçesaray/Bakçasaray
بقچه سراى,Bağçesaray/Bakçasaray
باقچه سراى,Bağçesaray/Bakçasaray
سراى,Bağçesaray/Saray
بغداد,Bağdad
بَغدَاد,Bağdad
بغداد عزيزيه,Bağdad Aziziye
عزيزيه,Bağdad Aziziye/Aziziye
عزيزيّه,Bağdad Aziziye/Aziziye
بغداد اصلاحيه,Bağdad Islahiye
اصلاحيه,Bağdad Islahiye/Islahiye
بغداد مع شهر زور,Bağdad maa Şehr-i Zor
نفس بغداد,Bağdad merkez
بغداد رشاديه,Bağdad Reşadiye
رشاديه,Bağdad Reşadiye/Reşadiye
بغداد بهشت آباد,Bağdad/Bağdad-ı Behiştabad
باغدره,Bağdere
بغدين كبير,Bağdın-ı Kebir
باغين,Bağın
باغلان,Bağlan
بغلوان,Bağlevan
باغ اواسى,Bağovası
باغ اوه سى,Bağovası
باغزق,Bağzık
بهارلى,Baharlı
بهاراوزى,Baharözü
باخمس,Bahmis
باهو,Baho
بحراحمر,Bahr-i Ahmer
بحر قلزم,Bahr-i Ahmer/Bahr-i Kulzüm
جده دكزى,Bahr-i Ahmer/Cidde Denizi
بحر محيط اطلاسى,Bahr-i Muhit-i Atlasi
بحر محيط هندى,Bahr-i Muhit-i Hindi
بحر محيط كبير,Bahr-i Muhit-i Kebir
بحر محيط منجمد جنوبى,Bahr-i Muhit-i Müncemid-i Cenubi
بحر صووق,Bahr-i Sovuk
بحر محيط منجمد شمالى,Bahr-i Sovuk/Bahr-i Muhit-i Müncemid-i Şimali
بحر عمان,Bahr-i Umman
بحرانى,Bahrani
بحرين,Bahreyn
بحرين,Bahreyn
بحرين اطه لرى,Bahreyn Adaları
بحريه,Bahriye
بحرالابيض,Bahrülebyad
بحرالغزل,Bahrülgazal
بحر الغزال,Bahrülgazal
بَخْشَشْ,Bahşeş
بخشش,Bahşeş
بقل اب باريك,Bakal Ab-ı Barik
باكئو,Bakao
باقر,Bakır
باقرچايى,Bakırçayı
باقر طاغى,Bakırdağı
بقلاك,Baklan
بقلان,Baklan
بقلاڭ,Baklan
باغلاك,Baklan/Bağlan
باقو,Bako
بقراص,Bakras
بقراص,Bakras/Belen
بقراص,Bakras/Cebel
بقرى,Bakrı
باقص,Baks
باقس,Baks
بعقوبه,Bakuba
بعقوبه,Bakuba
بعقوبه,Bakuba
خراسان,Bakuba
خراسان,Bakuba/Horasan
خراسان,Bakuba/Horasan
طريق خراسان,Bakuba/Tarik-i Horasan
باكو,Bakü
بالا,Bala
بالاى نيل,Bala-yı Nil
نيل,Bala-yı Nil/Nil
علياى نيل,Bala-yı Nil/Ulya-yı Nil
بالا حصار,Bala/Balahisar
قصبۀ بالا,Bala/Kasaba-i Bala
بلابان,Balaban
بلابانجه,Balabanca
بلابنلى,Balabanlı
بلاخور,Balahor
بلاقلوه,Balaklava
بالقلاغه,Balaklava/Balıklağa
بالقلاغا,Balaklava/Balıklağa
بالقلاغى,Balaklava/Balıklağı
بالقلاغو,Balaklava/Balıklağu
بلاط,Balat
بلاط,Balat
بلاط,Balat
بلاط مع بافى,Balat maa Bafa
بلاط مع  كبسود,Balat maa Kepsud
بلاط مع ناحيۀ بافى,Balat maa Nahiye-i Bafa
طورسون بك,Balat/Dursunbey
ملاد,Balat/Milat
بالاطوق,Balatok
بلاطون,Balaton
بحيرۀ بلاطون,Balaton/Buhayra-i Balaton
بالجى,Balcı
بالچيق,Balçık
بالچق,Balçık
بالجق,Balçık
بليخ,Balıh
بالق,Balık
باليكسرى,Balıkesri
بالى كسرى,Balıkesri
باليكسر,Balıkesri
نفس باليكسر,Balıkesri (Balıkesir) merkez
نفس باليكسرى,Balıkesri merkez
نفس قره سى,Balıkesri merkez/Karesi merkez
باليكسر,Balıkesri/Balıkesir
بالوقلو,Balıklı
بالقلى كول,Balıklıgöl
بالى بك,Balibey
بالك,Balik
بالك,Balik
مالك,Balik/Malik
باليقان,Balikan
بلينه,Baline
بالنه,Baline
باليس,Balis
بالس,Balis
باليسان,Balisan
بالاسان,Balisan/Balasan
باليان,Balisan/Baliyan
باليسان,Balisan/Fahri
بلقاجى,Balkacı
بالقان,Balkan
با لقان طاغلرى,Balkan Dağları
با لقان طاغلري,Balkan Dağları
بالقوار,Balkovar
باللى,Ballı
باللو,Ballı
بائللى,Ballı/Bailli
بالنوش,Balnuş
بلنوش,Balnuş
بالوپولو,Balopulo
بالتى,Baltı
بالتى سرايى,Baltı/Baltısarayı
بحر بالطق,Baltık/Bahr-i Baltık
بال طورنه,Baltorna (?)
باليه,Balya
باليا,Balya
باليه بادره,Balyabadra
قصبۀ باليه بادره,Balyabadra/Kasaba-i Balyabadra
باليان,Balyan
بليان,Balyan
بالانبولى,Balyanbolu
باليانبولى,Balyanbolu
بليانبولى,Balyanbolu
باليان بولى,Balyanbolu
باليامبولى,Balyanbolu/Balyambolu
بك طاغى,Balyanbolu/Beydağı
قلعۀ باليانبلو,Balyanbolu/Kale-i Balyanbolu
قلعۀ پاليانبلو,Balyanbolu/Kale-i Palyanbolu
پاليانبلو,Balyanbolu/Palyanbolu
بانا,Bana
بانه,Bana
پانه,Bana/Pana
بنادوس,Banados
بارباروس,Banados/Barbaros
بنا لوقه,Banaluka
بانه لوقه,Banaluka
بنالوقه,Banaluka
بنالوقه,Banaluka
نفس بنا لوقه,Banaluka merkez
قوباش,Banaluka/Kobaş
پنالوقه,Banaluka/Panaluka
واروش بانه لوقه,Banaluka/Varoş-ı Banaluka
بنان,Banan
بانارلى,Banarlı
بانه رودنه,Banarudine
بانه رودينه,Banarudine
بانيه رودنه,Banarudine/Banyarudine
باناز,Banaz
بناز,Banaz
بناز عشاق,Banaz/Banaz-ı Uşak
پناز,Banaz/Panaz
بانديرمه,Bandırma
باندرمه,Bandırma
بانچ,Baniç
بانوشتره,Banoştore
بانسقه,Banska
بانيه,Banya
بانياس,Banyas
بار,Bar
براديز,Baradız
برادز,Baradız
بارح,Barah
براق,Barak
براق,Barak
جرابلس,Barak/Cerablus
باراق,Baraklı (Barak (?))
براقلى جمعه,Baraklıcuma
بآرانيه,Baranya
براطلى,Baratlı
باربادا,Barbada
بارباروس,Barbaros
بارچ,Barç
بارچه,Barç/Barça
بارچنلو,Barçınlı
بارچنلى,Barçınlı
برداقجى,Bardakçı
برداروه,Bardarova
بارديز,Bardız
باردیز,Bardız
بارديز و كوب,Bardız ve Kop (Kob)
باردوينه,Bardovine
بره,Bare
باره,Bare
جزيرۀ باره,Bare/Cezire-i Bare
باركيرعن اولكاء چمشكيزك,Bargir an-ülka-i Çemişgizek
باركيرى,Bargiri
باركري,Bargiri
پارگيرى,Bargiri
باركيري,Bargiri
باركيري,Bargiri
باركيرى مع عشاير,Bargiri maa Aşair
ماركيرى,Bargiri/Margiri
بارحال,Barhal
باخال,Barhal
بارنج,Barınc
بارينج,Barınc
باريچ,Bariç
باريكصور,Bariksor
بارين,Barin
باريشا,Barişa
بارشه,Barişa
جبل باريشه مع خلقه لر,Barişa (Cebel-i Barişa) maa Halkalar
جبل بريشه,Barişa/Cebel-i Berişa
جبل بريشه,Barişa/Cebel-i Berişa
بارله,Barla
بارلا,Barla
بارله مع  اغروس,Barla maa Ağros
باوله,Barla/Bavle
بارمانه,Barmana
بار موساء كبير,Barmusa-i Kebir
بار موسى شجير,Barmusa-i Kebir/Barmusa Şecir
بر موسي الكبير,Barmusa-i Kebir/Bermusa el-Kebir
بارش,Barş
بارطين,Bartın
بارطن,Bartın
اون اكى ديوان مع يدى ديوان,Bartın (Onikidivan) maa Yedidivan
نفس بارطين,Bartın merkez
اون اكي ديوان,Bartın/Onikidivan
اون اكى ديوان,Bartın/Onikidivan
اون ايكى ديوان,Bartın/Onikidivan
بارطين,Bartın/Onikidivan
بارطن,Bartın/Onikidivan
باروطين,Barutin
باروطين,Barutin/Dospat
باصبرين,Basbirin
باصابرين,Basbirin/Basabirin
بسيط,Basit
باسكل,Baskil
بصره,Basra
بَصْره,Basra
بصره,Basra
بصره دكزى,Basra Denizi
بصره كورفزى,Basra Denizi/Basra Körfezi
بصره,Basra merkez
نفس بصره,Basra merkez
بصره و لحسا,Basra ve Lahsa
باستار,Bastar
باش اغرى,Başağrı
باش چفتلك,Başçiftlik
باش كديكلر,Başgedikler
باش كيردك,Başgirdek
باش كردك,Başgirdek
باش كول,Başgöl
باشيقه,Başika
بعشيقه,Başika
باش قشله,Başkışla
باش قلعه,Başkışla/Başkale
باش كوى,Başköy
باش كويلر,Başköy/Başköyler
باشتوه,Baştova
باش وارتنك,Başvartanik
باشوارتنك,Başvartanik
باط,Bat
باته,Bata
باطه,Bata
پاطه,Bata/Pata
باطه شك,Bataşek
باطه سك,Bataşek/Batasek
بطحا,Batha
بطحه,Batha
بطيحه,Batha/Batiha
بطمان,Batman
بطنوس,Batnos
باطوركسوى,Batorkösöy
باتوركسو,Batorkösöy/Batorkösö
بترون,Batrun
بطرون,Batrun
باترون,Batrun
بترون عليا,Batrun-ı Ulya
پترون,Batrun/Petrun
بترون اسكله سى,Batruniskelesi
باتوم,Batum
باطوم,Batum
نفس باطوم,Batum merkez
باطون,Batum/Batun
قلعۀ باتوم,Batum/Kale-i Batum
لازستان,Batum/Lazistan
باتوم,Batum/Trabzon
بوارد,Bavarid
بايا,Baya
بايه,Baya
بياد,Bayad
بيات,Bayad/Bayat
بايات,Bayat
بيات,Bayat
بيات اوزى,Bayatözü
بيات,Bayatözü/Bayat
بَيآت,Bayatözü/Bayat
بايبورد,Bayburd
بايبرد,Bayburd
بايبورد,Bayburd
بايبورد اوه رك,Bayburd Everek
اوه رك,Bayburd Everek/Everek
اورك,Bayburd Everek/Everek
نفس بايبورد,Bayburd merkez
بايبورد قرمان,Bayburd-ı Karaman
بايبرد,Bayburd-ı Karaman/Bayburd
بآى برد,Bayburd-ı Karaman/Bayburd
بايبورد,Bayburd-ı Karaman/Bayburd
بايبورد,Bayburd-ı Karaman/Bayburd
بايبورد ارضروم,Bayburd/Bayburd-ı Erzurum
بايبورت,Bayburd/Bayburt
بايبرود,Bayburd/Bayburud
بايدار,Baydar
بايزيد,Bayezid
بايذيد,Bayezid
نفس بايزيد,Bayezid merkez
قلعۀ بايزيد,Bayezid/Kale-i Bayezid
قره كوسه,Bayezid/Karaköse
بايندير,Bayındır
بايندر,Bayındır
مجيديه,Bayındır/Mecidiye
باير,Bayır
ديوان باير,Bayır/Divan-ı Bayır
باير بوجاق,Bayırbucak
بايمزو,Baymezö
واروش بايمزو,Baymezö/Varoş-ı Baymezö
بايوم,Bayom
بيرام,Bayram
بايراميج,Bayramiç
بيراميچ,Bayramiç
بيراميج,Bayramiç
بيرامج,Bayramiç
بيرامچ,Bayramiç
بيراملو,Bayramlı
بيراملو و قراجه قيونلى,Bayramlı ve Karacakoyunlu
بيرام اوغلى,Bayramoğlu
باى وديك,Bayvodik
باز,Baz
بازه وير,Bazevir (?)
بازيكى,Baziki
بازيان,Bazyan
بازيان مع چمچال و نوره و عشيرت هموند,Bazyan maa Cemcemal (Çemçal) ve Nure ve Aşiret-i Hemevend
نفس بازيان,Bazyan merkez
ببه جك,Bebecik
ببروه,Bebrova
بَبْرُوَه,Bebrova
پبروه,Bebrova/Pebrova
بجا,Beca
بچ,Beç
بچ اولكه سي,Beç ülkesi
بج,Beç/Bec
بچكرك,Beçkerek
بجكرك,Beçkerek
واروش بچكرك,Beçkerek/Varoş-ı Beçkerek
بدرلى,Bedirli
بدرله,Bedirli/Bedirle
ندرلو,Bedirli/Nedirli
بدره,Bedre
بدره و بنى لام,Bedre ve Benilam
بدرمه,Bedreme
بدورمه,Bedreme/Bedorime
بدرشين,Bedrişin
بَدْرِشِينْ,Bedrişin
بَدْرِشين,Bedrişin
بدوستان,Bedustan
بكان,Began
بكه,Bege
بكي,Bege/Begey
بهسنى,Behisni
بهسني,Behisni
بهسنى مع عشائر,Behisni maa Aşayir
بهسنى و حصنمنصور,Behisni ve Hısn-ı Mansur
بهسنى وسورك,Behisni ve Siverek
بهسنى,Behisni/Siverek
بهلوليه,Behlüliye
بهلوليّه,Behlüliye
بهلونيّه,Behlüliye/Behlüniyye
بهمرد,Behmerd
بَهْنَسَا,Behnesa
بهنساويه,Behnesa/Behnesaviye
بهنساويّه,Behnesa/Behnesaviye
بهرامكى,Behramki
بهرامگى,Behramki
بهرامگى,Behramki/Behramgi
بهرماز,Behrimaz
بهرمن,Behrimaz/Behremen
بهره من,Behrimaz/Behremen
بكدك دربندى,Bekdik Derbendi
دربند بكدك,Bekdik Derbendi/Derbend-i Bekdik
بكر,Bekir
بكيش,Bekiş
بكسا,Beksa
بكتاش,Bektaş
بل,Bel
پل,Bel/Pel
بلابرده,Belabırda
بلااستنه,Belaistene
بلا استنه,Belaistene
بيلي استنه,Belaistene/Bilaistene
قلعه بلا استنه,Belaistene/Kale-i Belaistene
قلعۀ بلا استنه,Belaistene/Kale-i Belaistene
قلعۀ بلااستنه,Belaistene/Kale-i Belaistene
بلاسنجه,Belasniçe
بلاطنس,Belatnis
بلباس عشيرتى,Belbas Aşireti
بلجنه مارى طاغى,Belcene Mari Dağı
بلده,Belde
بلدروز,Beledruz
بلد روز,Beledruz
بلادِ روزين,Beledruz/Bilad-ı Ruzin
بلد الدوالى,Beledüddevali
بلدالعناب,Beledülannab
بلدالانب,Beledülannab/Beledülanab
بلك,Belen
بلن,Belen
بلان,Belen
بيلان مع بقراص,Belen (Bilan) maa Bakras
بيلان مع بقراس نام ديكر تلك و ناحيۀ اسكندرون,Belen (Bilan) maa Bakras nam-ı diğer Tilek ve Nahiye-i İskenderun
بيلان مع ناحيۀ عزير,Belen maa Nahiye-i Özerili/Bilan maa Nahiye-i Üzeyr
بيلان,Belen/Bilan
بيلان,Belen/Bilan
بِيلاَنْ,Belen/Bilan
بلنه,Belene
بلنجه (؟),Beleniçe (?)
بيلانكوى,Belenköy (Bilanköy)/Feke
بيلانكوى,Belenköy (Bilanköy)/Kozan-ı Garbi
بكلان كوى,Belenköy/Beğlenköy
بيلانكوى,Belenköy/Bilanköy
بيلان كوى,Belenköy/Bilanköy
فكه,Belenköy/Feke
بلغراد دلاموج,Belgrad-ı Dalamuç
دلاموچ,Belgrad-ı Dalamuç
بلغراد دلاموچ,Belgrad-ı Dalamuç
بلغراد,Belgrad-ı Dalamuç (Belgrad)/Bolamaç
دلاموچ,Belgrad-ı Dalamuç (Belgrad)/Dalamuç
بلغراد,Belgrad-ı Dalamuç (Belgrad)/Dalamuç
بلغراد,Belgrad-ı Dalamuç/Belgrad
بلغراد,Belgrad-ı Dalamuç/Belgrad
دلاموج,Belgrad-ı Dalamuç/Dalamuç
دلاموچ,Belgrad-ı Dalamuç/Dalamuç
دلاموج بلغراد,Belgrad-ı Dalamuç/Dalamuç Belgrad
قلعۀ دلاموج بلغراد,Belgrad-ı Dalamuç/Dalamuç Belgrad Kalesi
واروش قلعۀ بلغراد,Belgrad-ı Dalamuç/Varoş-ı Kale-i Belgrad
بلغراد اونكروس,Belgrad-ı Üngürüs
بلغراد انگروس,Belgrad-ı Üngürüs
بلغراد مع حصارجق,Belgrad-ı Üngürüs (Belgrad) maa Hisarcık
بلغراد الانغروس,Belgrad-ı Üngürüs (Belgradülüngürüs)
نفس بلغراد انكروس,Belgrad-ı Üngürüs merkez
نواحئ بلغراد انكروس,Belgrad-ı Üngürüs nahiyeleri
بلغراد,Belgrad-ı Üngürüs/Belgrad
بلغراد,Belgrad-ı Üngürüs/Belgrad
بلغراد جهاد اباد,Belgrad-ı Üngürüs/Belgrad-ı Cihadabad
بلغراد طونه,Belgrad-ı Üngürüs/Belgrad-ı Tuna
قلعۀ بلغراد,Belgrad-ı Üngürüs/Belgradkalesi
قلعۀ بلغراد,Belgrad-ı Üngürüs/Kale-i Belgrad
بلغرادجق,Belgradcık
بلغرادچق,Belgradcık
بلغراد,Belgradcık/Belgrad
بلغرادچق,Belgradcık/Belgradçık
بلنه,Beline
بلينه,Beline
بيلينا,Beline/Bilina
پلنه,Beline/Peline
بلقا,Belka
بلقاع,Belka
بلقا مع  سلط,Belka maa Salt
بلقا,Belka/Nablus
بلقاص,Belkas
بيل قواق,Belkavak
بللوط پيكارى,Bellutpınarı
بلوپاوليك,Belopavlik
زته,Belopavlik/Zeta
بلوپاوليك,Belopavlik/Zeta
بلوپولو,Belopulo
قايمنى,Belopulo/Kaymeni
قاميوئى اطه لرى,Belopulo/Kaymeni (Kamyoi) Adaları
پيلو,Belopulo/Pilo
راپله,Belopulo/Raple
بلو ركنارسو (؟),Beloriknarso (?)
بلووا,Belova
بيلويران,Belviran
بيلوران,Belviran
بيل ويران,Belviran
بلويران,Belviran
بل ويران,Belviran
بلوران,Belviran
بيل ويران,Belviran
بل ورن,Belviran/Belveren
جويران,Belviran/Ceviran
بنابروزه,Benaberuze
بناجو,Benacu
بنالسخو,Benalesho (?)
بنانى,Benani
بند بالا كريوه,Bend-i Bala Gerive
بنده,Bende
بندر,Bender
بَندَر,Bender
بندر و ايوانشتى,Bender ve İvaneşti
بندركلى,Bendereğli
بنده اركلى,Bendereğli
بند ارگلى,Bendereğli
بندراركلى / بندركلى,Bendereğli
اركلى,Bendereğli/Ereğli
اركلو,Bendereğli/Ereğli
ارگلى,Bendereğli/Ereğli
بندركلى,Bendereğli/Ereğli
قره دكز اركلى,Bendereğli/Karadeniz Ereğli
شهراركلو,Bendereğli/Şehr-i Ereğli
بند ماهى,Bendimahi
بنديه,Bendiye
بنفشه,Benefşe
منواسيه,Benefşe/Menavasye
منواشيه,Benefşe/Menavaşye
مونمواسيه,Benefşe/Monemvasiya
بنگله,Bengale
بنها العسال,Benha el-Asal
بَنِى العسال,Benha el-Asal/Beni el-Asal
بنى العَسال,Benha el-Asal/Beni el-Asal
بنى عبدلله,Beniabdullah
بنى عَبيد,Beniabid/Beniubeyd
بنى على,Beniali
بنى علوان,Benialvan
بنى عاتكه,Beniatike
بنى عاتكه و كفارات,Beniatike ve Kefarat
بنى عوام,Beniavam
بنى عوام,Beniavam/Şifadere
بنى بهلول,Benibehlül
بنى جحمه,Benicehme
بنى جهمه,Benicehme
بنى جهيمه,Benicehme/Benicehime
بنى جهما,Benicehme/Benicehma
بنى اسد,Beniesed
بنى حبير,Benihabir
بنى حرام,Beniharam
بنى حارث,Beniharis
بنى حارث,Beniharis
بنى حارث و بنى حشيش,Beniharis ve Benihaşiş
بنى حارث و بنى حبش,Beniharis ve Benihaşiş (Benihabeş)
بنى حارث و بنى حسين,Beniharis ve Benihaşiş (Benihüseyin)
بنى حارث القبلا و الشمال,Beniharisülkıbela ve eş-Şimala
بنى حسن,Benihasan
بنى حشيش,Benihaşiş
بنى  حبش,Benihaşiş/Benihabeş
بنى هلال,Benihilal
بنى قيس,Benikays
بنى كلاب,Benikilab
بنى كنانه,Benikinane
بنى كنعان,Benikinane/Benikenan
بنى لام,Benilam
بنى الاعسر,Benilaser
بنى اعسر,Benilaser/Beniaser
بنى العوام,Benilavvam
بنى مالك,Benimalik
بنى مالك الاشراف,Benimalik/Benimaliküleşraf
وادى بنى مالك,Benimalik/Vadi-i Benimalik
بنى مالك الصدير,Benimaliküssadir
بنى منصور,Benimansur
بني منصور,Benimansur
بنى مَظَرْ,Benimazar
بنى مقلد,Benimuklid
بنى مره وبنى سالم,Benimürre ve Benisalim
بنى نشيه,Beninişye
بنى عمر,Beniömer
بنى ربيعه,Benirebia
بنى صعب,Benisaab
بنى صعب,Benisaab
نفس بنى صعب,Benisaab merkez
بنى سعيد,Benisaid
بنى صرما,Benisarma
بنى صرمه,Benisarma
بنى سويف,Benisüveyf
بنى سُوَيفْ,Benisüveyf
بنى سُوَيْف,Benisüveyf
بنى سُوَيف,Benisüveyf
بنى شهر,Benişehr
بنى شهر,Benişehr
بنى تيم,Beniteym
بنى عصبه,Beniusbe
بنى زرد,Benizerd
بنى زيد,Benizeyd
بنقويك,Benkovik
بره ده,Berada
براده,Berada
برادوست,Beradost
براروز وزين,Beradost ve Deyr/Beraruz ve Zeyn
بارادوست,Beradost/Baradost
بردوس,Beradost/Berados
برادوسي,Beradost/Beradosi
براعصه,Beraisa
برامبيل,Berambil
بران,Beran
برانه,Berane
برانه,Berane
برانه,Berane/Vasivoyik
برات,Berat
برات مع آولونيه,Berat maa Avlonya
برات مع مزاكيه و ملقسه,Berat maa Mujake (Mujakiye) ve Malakastra (Malakasa)
نفس برات,Berat merkez
ارنبود بلغرادى,Berat/Arnabud Belgradı
ارنود بلغرادى,Berat/Arnavud Belgradı
برات,Berat/Arnavud Belgradı
بلغراد,Berat/Belgrad
بلغراد ارنبود,Berat/Belgrad-ı Arnabud
بيلغراد ارنود,Berat/Belgrad-ı Arnavud
بلغراد ارنود,Berat/Belgrad-ı Arnavud
بلغرادجق,Berat/Belgradcık
بلغراد الارناود,Berat/Belgradülarnavud
برازكيرد,Berazgird
ناحيه برازكرد,Berazgird/Nahiye-i Berazgird
بربر,Berber
بربره,Berber/Berbere
برچين,Berçin
بردع,Berda
بردعه,Berda
بردنچ,Berdeniç
برديح,Berdeniç/Berdih
برديك,Berdik
بَرْدِيسْ,Berdis
بَرْديس,Berdis
بوريس,Berdis/Boris
بردونه,Berdone
برق بسرمن,Berekbösörmen
بركه,Bereke
بركتلى,Bereketli
بركتلو,Bereketli
بره كتلو,Bereketli
بره كتلو مع چام اردى,Bereketli maa Çamardı
بركت اوغلى,Bereketoğlu
بره من,Beremen
برندي,Berendi
برندى,Berendi
برندى و اياس,Berendi ve Ayas
برنوار,Berenvar
بره سيمين,Beresimin
بره زن,Berezen
پره زن,Berezen/Perezen
پره زن اطه سى,Berezen/Perezen Adası
بره زنجه,Berezenice
بره زنيجه,Berezenice
بره زنچه,Berezenice
برزلوق,Berezluk
برژلوق,Berezluk/Berejluk
برغمه,Bergama
برغمه,Bergama
نفس برغمه,Bergama merkez
بيرغمه,Bergama/Birgama
بركجى,Bergici
برغوس كبير,Bergos-ı Kebir
برغوس صغير,Bergos-ı Sagir
بركشاط,Bergüşat
برخو,Berho
بريد و الوت,Berid (?) ve Alut
برطان,Beritan
برويقا,Beriyaka/Berüyaka
برييه,Beriye
بركان,Berkan
برقاس,Berkas
پرقاس,Berkas/Perkas
برقوفچه,Berkofça
برقوفجه,Berkofça
بَرْقُوفچَه,Berkofça
برقوفچه,Berkofça/Kula
ترقوفجه,Berkofça/Terkofça
برنه,Berne
برّشامى,Berr-i Şami
بري,Berri
برسيس,Bersis
برتيز,Bertiz
برتز,Bertiz
قورجق (؟),Bertiz (Kurucak (?))
بزتولوز,Bertiz/Beztoloz
بيرتيز,Bertiz/Birtiz
پارتير,Bertiz/Partız
پارتير,Bertiz/Partiz
بَرُمّانه,Berummane
بَرُمّانَه و رأس و شبانِيّه و قالوغَو و مُتَيْن و قَرْنائِل,Berummane ve Ras ve Şebaniye ve Kaluga ve Müteyn ve Karnail (Kamail)
بروزه,Beruze
برزنجه,Berzence
بسارابيا,Besarabya
بسارابيه,Besarabya
بسپريم,Besprim
پسپريم,Besprim
پسپريم,Besprim/Pesprim
بش آطه لر,Beş Adalar
شليدونيا اطه لرى,Beş Adalar/Şilidonya Adaları
بش ديوان,Beşdivan
بشديوان,Beşdivan
بشكطاش,Beşiktaş
بشير,Beşir
بشيرى,Beşiri
بشرى,Beşiri
بشيرى مع نواحى,Beşiri maa Nevahi
بشر,Beşiri/Beşir
بش قباق,Beşkabak
بش قوناق,Beşkonak
بشقوناق,Beşkonak
بش پارمق,Beşparmak
بك,Bey
بيك,Bey
بك طاغلرى,Bey Dağları
بيالميك,Beyalemik
بيان,Beyan
بياض اطه,Beyazada
بياض قيا,Beyazkaya
بياض كوى,Beyazköy
بياض صو,Beyazsu
بكجه,Beyce
يكيجه,Beyce/Yenice
بيكجگز,Beyceğiz
بگطاغى,Beydağı
بك طاغى,Beydağı
بكطاغى,Beydağı
بيكلك (؟),Beylek (?)
بك اوغلى,Beyoğlu
بكپازارى,Beypazarı
بك بازارى,Beypazarı
بك پازارى,Beypazarı
بكبازارى,Beypazarı
بگپازارى,Beypazarı
بكبازار,Beypazarı/Beybazar
بك پيكارى,Beypınarı
بكپنارى,Beypınarı
بيروت,Beyrut
بيروت,Beyrut
بيروت,Beyrut merkez
نفس بيروت,Beyrut merkez
بيروت رشاديه,Beyrut Reşadiye
رشاديه,Beyrut Reşadiye/Reşadiye
بيروت و صيدا,Beyrut ve Sayda
بكشهرى,Beyşehri
بگشهرى,Beyşehri
بكشهري,Beyşehri
بك شهرى,Beyşehri
بيك شهرى,Beyşehri
بكشهرى مع چمن,Beyşehri maa vilayet-i Çimen
نفس بكشهرى,Beyşehri merkez
بكشهرى و سيدى شهرى,Beyşehri ve Seydişehri
بكيشهرى,Beyşehri/Beyişehri
بكشهر,Beyşehri/Beyşehir
شهر,Beyşehri/Şehir
بيت جبرين,Beyt-i Cibrin
بيت جرين,Beyt-i Cibrin/Beyt-i Cirin
بيت ابو علوانه و توابعى,Beyt-i Ebuulvane ve Tevabii
بيت اعطاب,Beyt-i Itab
بيت الدين,Beytüddin
بيت الفقيه,Beytülfakih
بيت فقيه,Beytülfakih/Beyt-i Fakih
بيت اللحم,Beytüllahm
بيت لحم,Beytüllahm/Beyt-i Lahm
بيت الشباب,Beytüşşebab
بيت الشباب مع كويان سندى و كولملى,Beytüşşebab maa Goyan-ı Sindi ve Gölmeli (?)
بيت الشباب,Beytüşşebab/Livin
بيت الشلف,Beytüşşilif
بيت الشلق و محالبه,Beytüşşilif ve Mehalibe/Beytüşşalak ve Mehalibe
جزاير حريان و مريان,Bezahlefan/Cezayir-i Haryan ve Meryan
بزنيك,Bezenik
بزم الغربى,Bezmülgarbi
برجقه,Bırçka
برچقه,Bırçka
برجقا,Bırçka
برجسقه,Bırçka/Berceska
به رچقه,Bırçka/Berçika
پريچقه,Bırçka/Priçka
واروش قلعۀ پريچقه,Bırçka/Varoş-ı Kale-i Priçka
برواراوه,Bırvarava
برونيك,Bırvenik
بروانيك,Bırvenik
بروه نيك,Bırvenik
بروانيق,Bırvenik/Bırvanık
برزاوه,Bırzava
برزوه,Bırzava
بطح,Bıttıh
بيبول,Bibol
ببور,Bibol/Bibor
ببلو,Bibol/Büblüv
ببلو ايلى,Bibol/Büblüvili
بُبْلُوْ ايلى,Bibol/Büblüvili
بيجاد,Bicad
بجنى,Bicni
بيجور مع منوف,Bicur maa Menuf
بيجُور مع منوف,Bicur maa Menuf
بچقوفجه,Biçkofça
بدعه,Bida
البداع,Bida/el-Bida
بيدلف اطه لرى,Bidelf Adaları
بيده وى,Bidevi
قره اغاج,Bidevi/Karaağaç
بيغا,Biga
بيغا,Biga
نفس بيغا,Biga merkez
پغه شهرى,Biga/Pigaşehri
بيغاديج,Bigadiç
بيغادج,Bigadiç
بيغاديچ,Bigadiç
بيغالى,Bigalı
بيغالو,Bigalı
بهار,Bihar
بيحار,Bihar
بحار,Bihar
بهكه,Bihke
نفس بهكه,Bihke merkez/Bihac
قلعۀ بهكه,Bihke/Kale-i Bihke
بهلشته,Bihlişte
بهلشته,Bihlişte/Vılkaşin
ولقاشين,Bihlişte/Vılkaşin
ولقاشن,Bihlişte/Vılkaşin
بيهور,Bihor
بهور,Bihor
بحور,Bihor
بهورنه,Bihorine
بهورينه,Bihorine
بحورينه,Bihorine
بهورينه,Bihorine
بهرينه و قورپنه,Bihorine ve Krupine (Kurpine)
بوحورينه,Bihorine/Buhorine
بقاع,Bika
بقاع شرقى مع  بعلبك,Bika-ı Şarki maa Baalbek
اقليم بقاع,Bika-i Garb/İklim-i Bika
بقاع غربى,Bika-i Garbi
غرب البقاع,Bika-i Garbi/Garbülbika
بقاع شرقى,Bika-i Şarki
بقاع شرقى,Bika-i Şarki
بقاع شرقى مع  بعلبك,Bika-i Şarki maa Baalbek
بيكارى ايلى,Bikariili
بقاع العزيز,Bikaulaziz
بقاع العزيز,Bikaülaziz
بُقاع العزيز,Bikaülaziz
بقاع العزيز معلقه,Bikaülaziz-i Muallaka
قطاع الطريق,Bikaülaziz/Kuttauttarik
بلاد خمسه,Bilad-ı Hamse
بلاد همدان,Bilad-ı Hemdan
همدان,Bilad-ı Hemdan/Hemdan
بلاد سباء,Bilad-ı Seba
بلاد ثلاثه,Bilad-ı Selase
بلاد البربر,Biladülberber
بلاد البستان,Biladülbostan
بلاد بستان,Biladülbostan/Bilad-ı Bostan
بلاد الرؤس,Biladürruus
بلاد الرؤس و بنى بهلول,Biladürruus ve Benibehlül
بلاد الرؤس و بنى بهلول,Biladürruus ve Benibehlül
بنى بهلول و بلاد الروس,Biladürruus ve Benibehlül/Benibehlül ve Biladürruus
بلاوى,Bilavi
بِلبيس,Bilbeys
بِلْبَيس,Bilbeys
بالباس,Bilbeys/Balbas
بله,Bile
بيله جك,Bilecik
بلجك,Bilecik
بيلجك,Bilecik
بلاجك,Bilecik
بله جك,Bilecik
نفس بيله جك,Bilecik merkez
ارطغرل,Bilecik/Ertuğrul
بيله كه,Bileke
بيلكه,Bileke
بليجان,Bilican
بليجان,Bilican
ابليجان,Bilican/İblican
بيلجه,Bilice
بليده,Bilida
بللسمر,Billesmer
بيك بوغا,Binboğa
بنغازى,Bingazi
نفس بنغازى,Bingazi merkez
بنغازى,Bingazi/Berka
بيك كول,Bingöl
بنكدره,Binküdre
بنكدره و طائفۀ باجلان و محلان,Binküdre ve Bacıvan (Taife-i Bacilan) ve Mahlan
بكدره,Binküdre/Beydere
بيكدره,Binküdre/Bikdere
بيكدره,Binküdre/Biküdre
نيكدره,Binküdre/Nikdere
بنشيه,Binşiye
بنت عقفش,Bint-i Akfeş
بنت قاطوف,Bint-i Katuf
بنت اصنوع,Bint-i Usnu
بنت الذل,Bintüzzel
بيرا وجبل قدس,Bira ve Cebel-i Kudüs
براستك,Birastik
برچه,Birçe
بيرچه,Birçe
برجه,Birçe
پرچه مع كنزين,Birçe (Pirçe) maa Knezin
برچه مع كنزين,Birçe maa Kenzin
برجه مع كنزين,Birçe maa Knezin
پرچه,Birçe/Pirçe
ولاسه نيچه,Birçe/Vlaseniçe
ولاسنيچه,Birçe/Vlaseniçe
بيره و كهيد,Bire ve Gühid (?)
بيره جك,Birecik
بره جك,Birecik
بيره جك تلكوران,Birecik-i Tilgören
بَرَه,Birecik-i Tilgören/Bere
بريه جك,Birecik-i Tilgören/Berriyecik
بيره,Birecik-i Tilgören/Bire
بره جك,Birecik-i Tilgören/Birecik
بيره جك,Birecik-i Tilgören/Birecik
بَيْرَه جك,Birecik/Beyrecik
بيله جك,Birecik/Bilecik
بيرة الفرات,Birecik/Biretülfırat
بئرة الفرات,Birecik/Biretülfırat
بيره جك,Birecik/Biretülfırat
بئرة الجرد,Biretülcürd
بيرة الجرد,Biretülcürd
بيرين,Bireyn
بيرين مع جبل بارشه,Bireyn maa Cebel-i Barişa
بيرين مع ناحيۀ بارشه,Bireyn maa Nahiye-i Barişa
بيرين مع ناحيۀ جبل بارشه,Bireyn maa Nahiye-i Cebel-i Barişa
بركى,Birgi
بيركى,Birgi
بيركي,Birgi
برلك,Birgi/Birlik
بيرغومه,Birgoma
برغومه,Birgoma
بيرغومه و يواش الى,Birgoma ve Yavaşili
بربر,Biribir
بيرمانه,Birmana
بيروش عشيرتى,Biroş Aşireti
بيرون باب له,Birun-ı Bab-ı Leh
بيرون باب روس,Birun-ı Bab-ı Rus
بيرون [-بار],Birun-ı Bar/Birun
بيرون يازلوفچه,Birun-ı Yazlofça
بيرون آباد,Birunabad
بورنوه,Birunabad/Bornova
برون آباد,Birunabad/Burunabad
برون اباد,Birunabad/Burunabad
برون اباد,Birunabad/Burunabad
بيرونئ سيواس,Biruni-i Sivas
بئر السبع,Birüsseba
برزيه,Birziye
بِرزَه,Birziye/Birze
برزه,Birziye/Birze
برزى,Birziye/Birzi
برزيه,Birziye/Cebel-i Hamis
بيسان,Bisan
بيسان مع  جنين,Bisan maa Cenin
بسكنتا,Biskinta
بسميل,Bismil
بي سوچنه,Bisoçna
بستريچه,Bistriçe
بازار بستريجه,Bistriçe/Pazar-ı Bistriçe
بيشه,Bişe
بيشة النخل,Bişe/Bişetünnahl
بشرى,Bişerri
بشراى,Bişerri
بشرى شماليه و جنوبيه,Bişerri/Bişerri-i Şimaliye ve Cenubiye
بشخابور,Bişhabur
بشتريچه,Biştriçe
بتليس,Bitlis
بدليس,Bitlis
نفس بتليس,Bitlis merkez
بدليس,Bitlis/Bidlis
بيتوش,Bituş
بياو,Biyav
بيلا,Biyela
بيزه رى,Bizeri
بزرى,Bizeri
بيزرطه,Bizerta
بيزرط,Bizerta/Bizert
بيزرَطْ,Bizerta/Bizert
بيزرطه مع پورت فارينا,Bizerta/Bizerta maa Port Farina
بزينه رود,Bizinerud
بلاج,Blac
بلاچ,Blac
بلاغاى,Blagay
بلاغاي,Blagay
بلغاى,Blagay
بلغاى,Blagay
بلغاى و چرنيجه,Blagay ve Çerniçe/Groçika (?)
بلقاى,Blagay/Blakay
بولاغاى,Blagay/Bulagay
واروش بلاغاى,Blagay/Varoş-ı Blagay
واروش قلعۀ بلاغاى,Blagay/Varoş-ı Kale-i Blagay
بلاژوى بازار,Blajuypazar
بازار بلاژوى,Blajuypazar/Pazar-ı Blajuy
بلاته,Blata
بلاي بارلته,Blaybarlete
بلاى بارلت,Blaybarlete/Blaybarlet
قلعۀ بيلاي,Blaybarlete/Kale-i Blay
قلعۀ بلاي بارلته,Blaybarlete/Kale-i Blaybarlete
بلاى بلاغاى,Blayblagay
بلاي بلاغاي,Blayblagay
بيلاي بلاغاي,Blayblagay
بيلاي بيلاغاي,Blayblagay
بلاى,Blayblagay/Blay
بيلاى,Blayblagay/Blay
قلعۀ بلاي بلاغاى,Blayblagay/Kale-i Blayblagay
قلعۀ بلاى بلاغاى,Blayblagay/Kale-i Blayblagay
قلعۀ بيلاي بيلاغاي,Blayblagay/Kale-i Blayblagay
بلاى بونيك,Blaybunik
بلاى,Blaybunik/Blay
قلعۀ بونيك بيلاى,Blaybunik/Kale-i Bunikblay
قلعۀ بونيك بلاي,Blaybunik/Kale-i Bunikblay
بله ترنيك,Bleternik
بوبان,Boban
بوبوفجه,Bobofça
بوبوفچه,Bobofça
بوبوجه,Bobofça/Bobovce
بوبوچه,Bobofça/Bobovçe
پوبوفجه,Bobofça/Pobofca
پوبوفچه,Bobofça/Pobofça
بوچاچ,Boçaç
واروش قلعۀ بوچاچ,Boçaç/Varoş-ı Kale-i Boçaç
بوچالا,Boçala
بوچ وديك,Boçvodik
بوچ,Boçvodik/Boç
بوچ,Boçvodik/Boç
پوج,Boçvodik/Poc
بوده (؟),Bode (?)
بودييه,Bodiye
بودوق,Bodok
بودروم,Bodrum
بودرم,Bodrum
بودورم,Bodrum
بدوروم,Bodrum/Bodurum
بودورم,Bodrum/Bodurum
بودوروم,Bodrum/Bodurum
بوغارينه,Bogarine
بغارينه,Bogarine
بوغوميل,Bogomil
بوغوميل,Bogomil/Suğla
بوغوروديچه,Bogorodiçe
بوغا,Boğa
بوغه,Boğa
بوغاز,Boğaz
بوغاز,Boğaz
بوغاز كبير,Boğaz-ı Kebir
بوغاز زير,Boğaz-ı Zir
بوغاز حصارى,Boğaz/Boğazhisar
بغاز حصار,Boğazhisar
بغاز حصار,Boğazhisar
بوغاز حصار,Boğazhisar
اياز حصار,Boğazhisar/Ayazhisar
بغازكسان,Boğazhisarı/Boğazkesen
بوغازحصارى,Boğazhisarı/Hisar-ı Rumeli
قلعۀ بوغازكسان,Boğazhisarı/Kale-i Boğazkesen
بوغزي يومرى,Boğazıyumru
بوغاز كويى,Boğazköyü
بوغاز كوى,Boğazköyü/Boğazköy
بوغازليان,Boğazlıyan
بوغزليان,Boğazlıyan
بوغچه,Boğça
بوغدان,Boğdan
بغدان,Boğdan
بُغدَان,Boğdan
ولايت بغدان,Boğdan/Vilayet-i Boğdan
بغدانوس,Boğdanos
بغدان,Boğdanos/Boğdan
بغدان رپه,Boğdanripe
بوغناريت,Boğnarit
بوغناد,Boğnarit/Boğnad
بهتان,Bohtan
بوهتان,Bohtan
بوهتان,Bohtan
بولامان,Bolaman
بولمان,Bolaman
بولمان و جماش,Bolaman ve Çamaş
پولمان,Bolaman/Polaman
بولاوادين,Bolavadin
بوليوادين,Bolavadin/Bolivadin
بولوه دين,Bolavadin/Bolvadin
بولوادين,Bolavadin/Bolvadin
بولوادين,Bolavadin/Bolvadin
نفس بولوادين,Bolavadin/Bolvadin merkez
بولاير,Bolayır
بلهوه,Bolhova
بولى,Bolu
بولي,Bolu
بولى مع اركلى,Bolu maa Bendereğli (Ereğli)
بولى مع نواحى,Bolu maa Nevahi
نفس بولى,Bolu merkez
بوليجان,Bolucan
پوليجان,Bolucan/Polican
بولولى,Bolulu
بولوان,Bolvan
بومبورى,Bombori
بون,Bone/Bon
بوپاقچه,Bopakça
بور,Bor
بور,Bor
بور مع قايى,Bor maa Kayı
بور مع قاف,Bor maa Kayı (Kaf)
بور مع قانى,Bor maa Kayı (Kani)
بوراچ,Boraç
بوراج,Boraç
واروش بوراج,Boraç (Varoş-ı Boraç)/İzvovik
بوراج,Boraç/Praça
بوراواج,Boravac
بوربوچقو,Borboçko
بورپوچقو,Borboçko/Borpoçko
بورچقه,Borçka
بورچو,Borçov
بوريچوچه,Boriçeviçe
بوريچواچ,Boriçeviçe/Boriçevac
قلعۀ بوريچوچه,Boriçeviçe/Kale-i Boriçeviçe
قلعۀ بوريچوچه,Boriçeviçe/Kale-i Boriçeviçe
بورسقوفچه,Boriskofça
بورلى,Borlu
بورلو,Borlu
بورلى,Borlu
بورلئ صاروخان,Borlu/Borlu-i Saruhan
بورلى,Borlu/Timurci
بورهوه,Borohova
بوريه,Borye
بوريو,Borye/Boryo
بوسنه,Bosna
بوسه,Bosna
بوسنه,Bosna
بوسنه برودى,Bosna Brodu
برود و اسرم چرنيك (؟),Bosna Brodu (Brod) ve İsrem-i Çernik (?)
بوسنه برود,Bosna Brodu/Bosna Brod
برود,Bosna Brodu/Brod
برود,Bosna Brodu/Brod
بروت,Bosna Brodu/Brot
بوسنه برودى,Bosna Brodu/Travnik
بوسنه طاغلرى,Bosna Dağları
نفس بوسنه,Bosna merkez
بوسنه شامچه,Bosna Şamiçe
بوسنه و هرسك,Bosna ve Hersek
سراى,Bosna/Saray
سراى بوسنه,Bosna/Saraybosna
بصود,Bosud
بوصود,Bosud
بوصوت,Bosud/Bosut
پوصوت,Bosud/Posut
بوشاد,Boşad
بوشقه پلانه,Boşkaplana
بوشقه بلانه,Boşkaplana
بوشقو بلاته,Boşkaplana/Boşkoblata
بوطوچانى,Botuçani
بويدى اطه جغى,Bovidi Adacığı
بوى آباد,Boyabad
بوى اباد,Boyabad
بوى آباد,Boyabad
بوى اباد مع يورتان,Boyabad maa Yortan
نفس بوى آباد,Boyabad merkez
بوى اواسى,Boyabad/Boyovası
بوى اباد,Boyabad/Boyovası
بويالى,Boyalı
بويالو,Boyalı
بويان,Boyan (?)
بويانه,Boyana
بويانه كنارى,Boyana/Boyanakenarı
بويميه,Boyimiye
بويناق,Boynak
بوينى يوغنلى,Boynuyoğunlu
بوينوبوغنلى,Boynuyoğunlu/Boynuboğunlu
بوزا,Boza
بوز آباد,Bozabad
بوز ابآد,Bozabad
بوز اباد,Bozabad
بوى اباد,Bozabad/Boyabad
بوزاغاج,Bozağaç
بوزآغاج,Bozağaç
بوزآغاج,Bozağaç
بوزاغاج بولكه سيله كلنار,Bozağaç bölgesiyle Gülnar
بلكۀ بوزآغاج,Bozağaç/Bölge-i Bozağaç
بوزات,Bozat
بوزاتلو,Bozatlı
بوز بابا,Bozbaba
آتاستراتى,Bozbaba/Atastrati
ايوس ستراتى,Bozbaba/Ayosstrati
بوبابا,Bozbaba/Bobaba
بوز بابا لمنى,Bozbaba/Bozbaba-i Limni
ستراتى,Bozbaba/Strati
بوزبرون,Bozburun
بوز برون,Bozburun
بوز بورن,Bozburun
بوزجه آطه,Bozcaada
بوزجه اطه,Bozcaada
بوزجه آطه,Bozcaada
بوزجه اده,Bozcaada
بوزجه اطه,Bozcaada
اطۀ بوزجه,Bozcaada/Ada-i Bozca
بوغچه,Bozcaada/Boğça
بوزجه,Bozcaada/Bozca
بوزجه,Bozcaada/Bozca
بوزجا,Bozcaada/Bozca
بوزجه جزيره سى,Bozcaada/Bozca Ceziresi
جزيرۀ بوزجه,Bozcaada/Cezire-i Bozca
جزيرۀ بوزجه اطه,Bozcaada/Cezire-i Bozcaada
بوزجه آطه,Bozcaada/Tenedos
بوزطاغى,Bozdağı
بوزطغان,Bozdoğan
بوزدوغان,Bozdoğan
بوزطغان مع ناحيۀ قواق,Bozdoğan maa Nahiye-i Kavak
نفس بوزطغان,Bozdoğan merkez
بوزطغان بالا,Bozdoğan-ı Bala
بوزطان,Bozdoğan/Bozdan
بوزطوغان,Bozdoğan/Pazarköy
بوزغوش,Bozguş
بوزين,Bozin
بوزقير,Bozkır
بوز قير,Bozkır
نفس بوزقير,Bozkır merkez
بوزقير و بكشهر,Bozkır ve Beyşehir
بوزقيرى,Bozkır/Bozkırı
بوزقير,Bozkır/Siristad
سرستاد,Bozkır/Siristad
بوزلى,Bozlu
بوزلق,Bozluk
بوزلق و تودرغه و الپى و عشرلو يوزى,Bozluk ve Todurga ve Alpı ve Öşürlüyüzü
بوزوق,Bozok
بوزاوق,Bozok
بوز اوق,Bozok
بزور اوق,Bozok
بوزاوق صورقونى,Bozok Sorkunu
صورقون,Bozok Sorkunu (Sorkun)/Öyük
صورغين,Bozok Sorkunu/Sorgın
صورغين بوز اوق,Bozok Sorkunu/Sorgın-ı Bozok
صورغون,Bozok Sorkunu/Sorgun
صورقون,Bozok Sorkunu/Sorgun
صورقون,Bozok Sorkunu/Sorkun
بوزوق,Bozok/İrdig
يوزغاد,Bozok/Yozgad
بوزاووه,Bozova
بوز اووا,Bozova
بوزووار,Bozovar
بوزويچه,Bozoviçe
بوز اويوك,Bozöyük
بوز اويك مع اين اوڭى,Bozöyük maa İnönü
مع بوز اويوك اين اوكى,Bozöyük maa İnönü
بوزايوك,Bozöyük/Karadona
بوزاولوس,Bozulus
بوزياقه,Bozyaka
بوزيير مع قوريجق,Bozyer maa Kurucak
بكور دلن,Böğürdelen
بوگر دلن,Böğürdelen
بوكور دلن,Böğürdelen
بوكور ده لن,Böğürdelen
قلعۀ بوگر دلن,Böğürdelen/Kale-i Böğürdelen
قلعۀ بكور دلن,Böğürdelen/Kale-i Böğürdelen
شاباچ,Böğürdelen/Şabaç
بلكۀ جبل و عشيرت خيرويللى و قره بوجيلى و بخشش و قره حاجيلى,Bölge-i Cebel ve Aşiret-i Hayrilli ve Karaböcülü ve Bahşeş ve Karahacılı
بلوك باشى,Bölükbaşı
بلوكباشى,Bölükbaşı
بسرمن,Bösörman
بسرمان,Bösörman
براحوه,Brahova
برانيچوه,Braniçeva
برانچوه,Braniçeva
برانيجوه,Braniçeva
براصدم,Brasadim
براتسا,Bratsa
براچه,Bratsa/Braça
برازا,Bratsa/Braza
براتوشش,Bratuşeş/Yenice
برژنچه و بكش و قومار,Brejniçe/Berezeniçe ve Bekiş ve Komar
برسنيچه,Bresniçe
بره زه بانا (؟),Brezebana (?)
برزيقه,Brezika
برزنه,Brezne
برزنچه,Brezniçe
برزنيك,Breznik
برزنيق,Breznik
بريزنيك,Breznik/Briznik
پرزنيك,Breznik/Preznik
ترونيك,Breznik/Travnik
بره زوه پوله,Brezovapole
پرزوو پوله,Brezovapole/Prezovopole
برزويچه,Brezoviçe
بره زويچه,Brezoviçe
برتويك,Britvik
برود,Brod
اشغه برود,Brod/Aşağıbrod
دسپوت برودى,Brod/Despot Brodu
برودار,Brodar
برولوشجه,Broloşce
برلوشجه,Broloşce
بورسلنوفقه,Bruslinofka
بوبكان,Bubikan
بوبيان,Bubiyan
ببيان,Bubiyan
بوجاق,Bucak
بوحاق,Bucak
بجاق,Bucak
بوجاق مع عشائر,Bucak maa Aşair
بجوره,Bucura
بچوره,Bucura
بيجوراوه,Bucura/Bicurova
بيجوراوا,Bucura/Bicurova
بجوروه,Bucura/Bucurova
بوداق,Budak
بداقلو,Budaklı
بوداقلى اوتلغى,Budaklıotlağı/Budaklıotluğu
بودى,Budi
بوديمله,Budimle
بودمله,Budimle
بودمله مع بلاو,Budimle maa Plav
بودمله,Budimle/Goşta
قومنن,Budimle/Komnin
چومنين,Budimle/Komnin (Çomnin)
بودين,Budin
بدون,Budin
بُدين,Budin
بدون و پشته,Budin (Budun) ve Peşte
بدون,Budin/Budun
بُدُون,Budin/Budun
بودن,Budin/Budun
بودون,Budin/Budun
بدون عتيق,Budin/Budun-ı Atik
پاشا,Budin/Paşa
بحيره,Buhayra
بحيره,Buhayra
بُحَيْره,Buhayra
بحريه,Buhayra
بُحَيْرَه,Buhayra
بخيره,Buhayra
بحيرۀ حجانيه,Buhayra-i Hıcaniye
بحيرۀ عتيبه,Buhayra-i Uteybe
بحيرةالبالا,Buhayratülbala
بحيرۀ اعلا,Buhayratülbala/Buhayra-i Ala
بحيرة الببان,Buhayratülbiban
بوژيم,Bujim
بوژور,Bujor
پوژور,Bujor/Pujor
بقعه (؟),Buka (?)
بوكان,Bukan
بوكده,Bukede
بوقوفچه مع اسلاتنيك,Bukofça maa Islatnik
بوقويچه,Bukoviçe
بوقوويك,Bukovik
بو قشاشيه,Bukuşaşiye
بوقويك,Bukvik
بولاجالى,Bulacalı
بولا جه لى,Bulacalı
بولاجلو,Bulacalı
بولاجلو,Bulacalı
بوله جلى,Bulacalı
بولاجلو و كشلو و تاتار عشيرتى,Bulacalı ve Keşli ve Tatar Aşireti
بولاق,Bulak
بولام,Bulam
بولماج,Bulamaç
بولماچ,Bulamaç
فارماقونيزى,Bulamaç (Farmakonizi)/Farmakoza
فارماقو,Bulamaç/Farmako
فورماقو,Bulamaç/Farmako (Furmako)
فارماقونيزى,Bulamaç/Farmakonizi
فارماقوس,Bulamaç/Farmakos
بولانيق,Bulanık
بولانق,Bulanık
بولدان,Buldan
نفس بولدان,Buldan merkez
بولدان,Buldan/Çarşamba
چهارشنبه,Buldan/Çarşamba
چهارشنبۀ لازقيه,Buldan/Çarşamba-i Lazkiye
بولدان,Buldan/Çarşamba-i Lazkiye
چهارشنبۀ لادقيه,Buldan/Çarşamba-i Lazkiye
بولدق,Bulduk
بولغناق,Bulganak
نهر بولغنق,Bulganak/Nehr-i Bulganak
نهر بولغناق,Bulganak/Nehr-i Bulganak
بلغار,Bulgar
بولغار مملكتي,Bulgar Memleketi
بلغارستان,Bulgaristan
بلغارستان امارتى,Bulgaristan Emareti
بومبا,Bumba
بنه,Buna
بنّه,Buna/Bunna
بنّا,Buna/Bunna
بونيغيا,Bunigiya
باركير,Bunigiya/Bargir
برع,Bura
جبل برع,Bura/Cebel-i Bura
براق,Burak
برج,Burç
بوردور,Burdur
بوردر,Burdur
بوردير,Burdur
بوردور,Burdur
نفس بوردور,Burdur merkez
بوردور و اورله,Burdur ve İrle (Urla)
بوردور,Burdur/Terkemiş
تركمش,Burdur/Terkemiş
بورغاس,Burgas
نفس بورغاس,Burgas merkez
برغوس,Burgas/Bergos
بورغاز,Burgaz
برغازجديد,Burgaz-ı Cedid
برغاز جديد,Burgaz-ı Cedid
برغوس اطه,Burgaz/Burgosada
ترغوس,Burgaz/Tergos
بورغى,Burgu
بورهان,Burhan
برهان,Burhan
برهانيه,Burhaniye
كمر,Burhaniye/Kemer
كمر,Burhaniye/Kemer
كمر ادرميد,Burhaniye/Kemer-i Edremid
كمر ادره ميد,Burhaniye/Kemer-i Edremid
بورلات,Burlat
بورناز,Burnaz
بورماز,Burnaz/Burmaz
بروسه,Bursa
بروسا,Bursa
بورسه,Bursa
برسه,Bursa
بروسه,Bursa merkez
نفس بروسه,Bursa merkez
بروسه يكيجه,Bursa Yenice
يكيجه,Bursa Yenice/Yenice
بروسه,Bursa/Burusa
بروجرد,Burucerd
بوري كول,Burugöl
بورلجه,Burulca
بوريلجه,Burulca/Burılca
بورلچه,Burulca/Burulça
بورلوس,Burulus
بوسان,Busan
بصيره,Busayra
بصره,Busayra/Busra
بثينه,Buseyne
بوصولجه,Busolca
بصرى اسكى شام,Busra/Busra Eskişam
بصراسكى شام,Busra/Busra Eskişam
بصره اسكى شام,Busra/Busra Eskişam
بصرا,Busra/Eskişam
اسكى شام,Busra/Eskişam
بصرالحرير,Busrulharir
بوستا,Busta
بوشاط,Buşat
بوشير,Buşeyr
بوط,But
بطيحه,Butayha
بتيل,Butil
بو تينى,Butina
بوتما,Butma
بوترنتو,Butrinto
بوير,Buveyr
بوياق,Buyak
بوياق,Buyak
بويانوفچه,Buyanofça
بوزى,Buzi
بوزمرت,Buzmeret
بوبر,Büber
ببرلر,Büber/Büberler
بكرش,Bükreş
بلبلجه,Bülbülce
بلبلجه,Bülbülce
اطۀ بلبلجه,Bülbülce/Ada-i Bülbülce
بليجه,Bülbülce/Belice
بلبلجك,Bülbülcük
بلبل جك,Bülbülcük
عتيق بلبلجه,Bülbülcük/Atik Bülbülce
اسكى بلبلجه,Bülbülcük/Eski Bülbülce
اسكى تريكه رى,Bülbülcük/Eski Trikeri
پالاقو ترى خورى,Bülbülcük/Palako Trihori
پاليو تريكيرى,Bülbülcük/Palyo Trikiri
بنيان,Bünyan
بنيان حميد,Bünyan/Bünyan-ı Hamid
بنيان حميد,Bünyan/Bünyan-ı Hamid
بنيان,Bünyan/Sarımsaklı
صارمساقلى,Bünyan/Sarımsaklı
بريقه,Büreyka
بريقه [و] جدابيه,Büreyka [ve] Cidabiye
برقه,Büreyka/Berka
بشورم,Büşürüm
بشروم,Büşürüm
بيوك آطه,Büyükada
بيوك اطه,Büyükada
بيوك اطه,Büyükada/Ada-i Kebir
اطۀ كبير,Büyükada/Ada-i Kebir
بيوك چكمجه,Büyükçekmece
بيوك فنطه,Büyükfanta
فنطه بزرك,Büyükfanta/Fanta-i Büzürk
بيوك غالانيس,Büyükgalanis
مغالوغلارونيس,Büyükgalanis/Megalo Galaronis
مغالوغلارونيسى,Büyükgalanis/Megalo Galaronisi
مقالوغالانوريس,Büyükgalanis/Mekalo Galanoris
بيوك اسماعيلجه,Büyükismailce
بيوك قره قرلى,Büyükkarakarlı
بيوك قره قارلى,Büyükkarakarlı
بويك قره صو,Büyükkarasu
استروما,Büyükkarasu/Siroz Karasuyu/Ustruma
بيوك قارشديران,Büyükkarışdıran
بيوك ليمان,Büyükliman
بيوك مندرس,Büyükmenderes
بيوك مركب,Büyükmerkeb
ماغاله,Büyükpetali/Magala
بيوك پتالى,Büyükpetali/Megalo
بيوك طوشان,Büyüktavşan/Mavro
بيوك وديك,Büyükvodik
جبانس,Cabanis
جاف عشائرى,Caf Aşairi
جفتين,Cafatin
جفاتين,Cafatin
جافاتين,Cafatin
جعفري,Caferi
جعفريه,Caferiye
جَعْفَرِيّه,Caferiye
جَغاوَه,Cağave
جالو,Calu
جامع على پاشا,Cami-i Alipaşa
جامع اياصوفيه,Cami-i Ayasofya
جامع داود پاشا,Cami-i Davudpaşa
جامع ابراهم پاشا,Cami-i İbrahimpaşa
جامع سلطان بايزيد خان,Cami-i Sultanbayezidhan
جامع سلطان محمد خان,Cami-i Sultanmehmedhan
جامع سلطان سليم خان,Cami-i Sultanselimhan
جامستل,Camustil
جاموستيل,Camustil
جاموستل,Camustil
جاموستل مع بولانق و شكر اوبه سى,Camustil maa Bulanık ve Şekerobası
ناحيۀ جاموستل مع بولانق و شكر اوبه سى,Camustil maa Bulanık ve Şekerobası
جامزطل,Camustil/Camuztıl
جنان,Canan
جانباز,Canbaz
جانجه,Canca
جانجكه,Canciğe
جان فدا,Canfeda
جانب شهر,Canib-i Şehr
جانب عربان غرب,Canib-i Urban-ı Garb
جانب عربان شرق,Canib-i Urban-ı Şark
جانب الصِرتْ و قَصْر,Canibüssırt ve Kasr
جانب الصرت و قصر,Canibüssırt ve Kasr
جانيك,Canik
جانيك قواق,Canik Kavak
قواق,Canik Kavak/Kavak
جانيك مع نظارت كندز,Canik maa Nezaret-i Gündüz
جانيك كول,Canik-i Göl
جانيت كول,Canik-i Göl/Canit-i Göl
كول,Canik-i Göl/Göl
جانيت قرق خرمن,Canik-i Kırkharman/Canit-i Kırkharman
جانيت  قرق خرمن,Canik-i Kırkharman/Canit-i Kırkharman
جانيت,Canik/Canit
جانيك,Canik/Samsun
جانوس,Canus
جاروه,Carva
جاسم,Casim
جايم,Cayim
جبارات,Cebbarat
جبول,Cebbul
جبول و باب و منبج,Cebbul ve Bab ve Menbic
جبل,Cebel
جبل,Cebel
جبل مع  عشيرت بوله جلى,Cebel maa Aşiret-i Bulacalı
جبل و ترشيحا,Cebel ve Terşiha
جبل و ترسيحا,Cebel ve Terşiha
جبل عبد العزيز,Cebel-i Abdülaziz
جبل احمر,Cebel-i Ahmer
جبل اقراع,Cebel-i Akra
جبل اقرع,Cebel-i Akra
جبل اقرع,Cebel-i Akra
جبل اعلا,Cebel-i Ala
جبل على,Cebel-i Ali
جبل عامله,Cebel-i Amile
جبل عتيق,Cebel-i Atik
جبل بنى عليم,Cebel-i Benialim
جبل بركت,Cebel-i Bereket
جبل بركت,Cebel-i Bereket/Osmaniye
جبل بركت,Cebel-i Bereket/Yarpuz
جبل بكر,Cebel-i Buker
جبل بو كر,Cebel-i Buker
جبل جن,Cebel-i Cin
جبل جسر,Cebel-i Cisr
جبل جرد,Cebel-i Cürd
جبل دمعراض,Cebel-i Demaraz
جبل درزى,Cebel-i Dürzi
جبل دروز,Cebel-i Dürzi/Cebel-i Düruz
درزى,Cebel-i Dürzi/Dürzi
جبل ادهميه,Cebel-i Edhemiye
جبلۀ ادهمى,Cebel-i Edhemiye/Cebele-i Edhemi
جبل اكراد,Cebel-i Ekrad
جبل الا كراد,Cebel-i Ekrad/Cebelülekrad
جبل الاكراد,Cebel-i Ekrad/Cebelülekrad
جبل اربعه,Cebel-i Erbaa
جبل ارجيس,Cebel-i Erciyes
جبل حبش,Cebel-i Habeş
جبل جيش,Cebel-i Habeş/Cebel-i Ceyş
جبل حبيش,Cebel-i Habeş/Cebel-i Hubeyş
حبيش,Cebel-i Habeş/Hubeyş
جبل حميده,Cebel-i Hamide
جبل حمرين,Cebel-i Hamrin
جبل حوران,Cebel-i Havran
جبل خوت,Cebel-i Hot
جبل حفاش,Cebel-i Hufaş
جبل حفش,Cebel-i Hufaş
جبل حوله,Cebel-i Hula
جبل كلبيه,Cebel-i Kelbiye
جبل قبلى,Cebel-i Kıbli
جبل كسروان,Cebel-i Kisrevan
جبل كسروان,Cebel-i Kisrevan
جبل كسروان و الجردين,Cebel-i Kisrevan ve'l-Cürdeyn
جبل كسروانين و الحرادين,Cebel-i Kisrevaneyn ve'l-Harradin
جبل قوزان,Cebel-i Kozan
قرص جبل,Cebel-i Kozan/Kars Cebel
جبل قدس,Cebel-i Kudüs
جبل قصير,Cebel-i Kusayr
قصير مع قره موط,Cebel-i Kusayr (Kusayr) maa Karamut
قصير,Cebel-i Kusayr/Kusayr
قصره,Cebel-i Kusayr/Kusra
جبل قطه,Cebel-i Kuta
جبل لبنان,Cebel-i Lübnan
جبل لبنان,Cebel-i Lübnan/Garbi Lübnan
لبنان طاغي,Cebel-i Lübnan/Lübnan Dağı
جبل ملحان,Cebel-i Milhan
جبل محمد,Cebel-i Muhammed
جبل محمل,Cebel-i Muhammel
جبل موسى,Cebel-i Musa
جبل نصارا,Cebel-i Nasara
جبل نصيرى,Cebel-i Nusayri
جبل ريحان,Cebel-i Reyhan
جبل الريحان,Cebel-i Reyhan/Cebelürreyhan
جبل ريمه,Cebel-i Reyme
جبل صبيار,Cebel-i Sabyar
جبل سانين,Cebel-i Sannin
جبل سانتين,Cebel-i Sannin/Cebel-i Santeyn
جبل سمعان,Cebel-i Seman
جبل سمعان حانطومان,Cebel-i Seman
جبل سمعان,Cebel-i Seman
جبل سمعان,Cebel-i Seman
جبل شمعان مع شروانلو,Cebel-i Seman (Şeman) maa Şirvanlı
سمعان,Cebel-i Seman/Seman
جبل سمّاق,Cebel-i Summak
جبل سماق,Cebel-i Summak
جبل شامى,Cebel-i Şami
شامى,Cebel-i Şami/Şami
جبل شرقى,Cebel-i Şarki
جبل شرق,Cebel-i Şarki/Cebel-i Şark
جبل الشرق,Cebel-i Şarki/Cebelüşşark
جبال تير,Cebel-i Teyr
جبل تير,Cebel-i Teyr
جبل طور,Cebel-i Tur
جبل زوكور,Cebel-i Zukur
جبل سقور,Cebel-i Zukur/Cebel-i Sukur
روقبا,Cebel-i Zukur/Rukba
بلكۀ جبل,Cebel/Bölge-i Cebel
بولكۀ جبل,Cebel/Bölge-i Cebel
چپل,Cebel/Çepel
جبله,Cebele
جبله,Cebele
جبليه,Cebele/Cebeliye
جبليّه,Cebele/Cebeliyye
جبلى,Cebeli
جبل الشيخ,Cebelüşşeyh
جبرشن,Ceberşin
جبهة على,Cebhetü Ali
جبرين,Cebrin
جبور و ابو سليمان و حديدى و گرگرى,Cebur ve Ebusüleyman ve Hadidi ve Gergeri
جدري,Cederi
جديد,Cedid
جديد اندرونئ سيواس,Cedid Enderuni-i Sivas (?)
يكى كوى,Cedid/Yeniköy
جفر,Cefr
جعفر,Cefr/Cafer
جكده,Ceğde
جهران,Cehran
جلالى,Celali
جلالى و خيدرانلو و زيلانلو,Celali ve Haydaranlı ve Zilanlı
جلالى عشيرتى,Celali/Celali Aşireti
جلاير,Celayir
جلبلى,Celebli
جلبلى,Celebli
جماعت شهدلو,Cemaat-i Şehidli
جمادانلى,Cemadanlı
جمادتلو عشيرتى,Cemadanlı/Cemadetli Aşireti
جماله,Cemale
جم جمال,Cemcemal
جمجمال,Cemcemal
جميل بك,Cemilbey
جماعين,Cemmain
جمّاعين,Cemmain
جماعين اول,Cemmain-i Evvel
جماعين ثانى,Cemmain-i Sani
جماعين ناحيتى,Cemmainnahiyeti
جمّاسه,Cemmase
جمماسه,Cemmase
جماسه,Cemmase
جمّاسَه,Cemmase
جماسيه,Cemmase
جماسى,Cemmase/Cemmasi
جماسيه,Cemmase/Cemmasiye
جنجكه,Cenciğe
چنجكه,Cenciğe
جنويز ولايتي,Ceneviz Vilayeti
جنكوله,Cengula
جنكوله,Cengula/Beksa
جنين,Cenin
جنين عطا قولنه,Cenin Atakulna (?)
نفس جنين,Cenin merkez
جنابة,Cennabe
جنت آباد,Cennetabad
جنوب,Cenub
جربه,Cerbe
جَرْبَه,Cerbe
جربو عيه,Cerbuiye
جربوعيه,Cerbuiye
جرجر,Cercer
جرش,Cereş
جريد,Cerid
جِرِيدْ,Cerid
جرم الكوع,Cermülku
جرونه,Cerovina
جره,Cerre (?)
جرءالعلفه,Cerrilalife
جصان,Cessan
جسان,Cessan
جسّان,Cessan
جسان و بدره,Cessan ve Bedre
جسان بداره,Cessan ve Bedre/Cessan-Bedara
جسّان بداره,Cessan ve Bedre/Cessan-Bedara
جصّان بدره,Cessan ve Bedre/Cessan-Bedre
جسّان بدره,Cessan ve Bedre/Cessan-Bedre
جسان بداره,Cessan ve Bedre/Cessan-Bedre
جواد,Cevad
جوانرود,Cevanrud
جوارى,Cevari
جوازر,Cevazir
جوازير,Cevazir
حراز و اشتفه طره ال حناح وقصر حور ومحمر و رو بطن,Cevazir (Haraz) ve İştifa [ve] Turra-i Al-i Cenah ve Kasr-ı Hur ve Muhammer ve Rubatın
جوازير و اشفه طره ال حناح وقصر حور ومحمر و روبطن (؟),Cevazir ve İştifa (İşfa) [ve]  Turra-i Al-i Cenah ve Kasr-ı Hur ve Muhammer ve Rubatın
جوازير و اشتفه طرۀ ال حناح وقصر حور ومحمر فرد بطن (؟),Cevazir ve İştifa ve Turra-i Al-i Cenah ve Kasr-ı Hur ve Muhammer ve Rubatın (Ferd-i Batın)
چوزدره سى,Cevizderesi
جوز دره سى,Cevizderesi
جويز دره سى,Cevizderesi
جويز دره سى و فنارس و افراز و اونيه و چوره كى,Cevizderesi ve Fenaris ve İfraz ve Ünye ve Çöreği
جويزلى,Cevizli (?)
جيحان,Ceyhan
جيحون,Ceyhan/Ceyhun
حميديه,Ceyhan/Hamidiye
حميديه,Ceyhan/Hamidiye
جيحان,Ceyhan/Hamidiye
مهاجرين,Ceyhan/Muhacirin
جيحان,Ceyhan/Örfiye
يارصوات,Ceyhan/Yarsuvat
جيرود,Ceyrud
جزآير,Cezayir
جزاير,Cezayir
جزاير و قپودانلق دريا,Cezayir ve Kapudanlık-ı Derya
جزاير بحر سفيد,Cezayir-i Bahr-i Sefid
جزائر بحر سفيد,Cezayir-i Bahr-i Sefid
جزايربحرسفيد,Cezayir-i Bahr-i Sefid
جزاير بحر سفيد,Cezayir-i Bahr-i Sefid/Kapudani
جزاير بوّارين و مصطفاعيه و لافيه و العين,Cezayir-i Bevvarin ve Mustafaiye ve Lafiye ve el-Ayn
جزاير جديد,Cezayir-i Cedid
جزاير غرب,Cezayir-i Garb
جزاير غرب,Cezayir-i Garb
جزاير,Cezayir-i Garb/Cezayir
جزاير مغرب,Cezayir-i Garb/Cezayir-i Mağrib
مغرب,Cezayir-i Garb/Mağrib
جزائراثنى عشر,Cezayir-i İsna Aşer
جزائراثنا عشر,Cezayir-i İsna Aşer
جزائرسبعه,Cezayir-i Seba
جزيرۀ سبعه,Cezayir-i Seba/Cezire-i Seba
جزيره,Cezire
جزيرۀ قاتوقصري,Cezire-i Katokasrı
جزيرۀكبير,Cezire-i Kebir
جزيرۀ كوچك,Cezire-i Küçük
جزيرۀ عليا,Cezire-i Ulya
جزيرۀ على,Cezire-i Ulya/Cezire-i Ali
جزاير,Cezire/Cezayir
جزين,Cezzin
جزيين,Cezzin
اقليم جِزّين,Cezzin/İklim-i Cezzin
اقليم جزين,Cezzin/İklim-i Cezzin
جباع,Ciba
جُباع,Ciba/Cüba
جبارى,Cibari
جبره,Cibre
جبرى,Cibre/Cibri
جبري,Cibre/Cibri
سبره,Cibre/Sibre
جبره,Cibre/Sibre
سيره,Cibre/Sibre
جدابيه,Cidabiye
جده,Cidde
جدّه,Cidde
جدّۀ معموره,Cidde/Cidde-i Mamure
جدۀ معموره,Cidde/Cidde-i Mamure
جده معموره,Cidde/Cidde-i Mamure
جيده,Cide
جيده,Cide
جده,Cide
جيده در اسكلۀ كيدوس,Cide der-İskele-i Kidos
نفس جيده,Cide merkez
چيده,Cide/Çide
جفاره,Cifare
جِفَارَه,Cifare
جكر دلن,Ciğerdelen
جهان بك,Cihanbey
جهانبكلى,Cihanbeyli
جهان بكلى,Cihanbeyli
جهانبگلو,Cihanbeyli
جهانبكلى عشيرتى,Cihanbeyli Aşireti/
جلانكر,Cilanger
جلاره,Cilara
جليما,Cilima
چيلو,Cilo
چيلو عليا,Cilo-i Ulya
جيلوانا,Cilvana
جمين,Cimin
جيمين,Cimin
جين,Cin/Kuyumahmudi
جنبى,Cinbi
جنجفه,Cincife
جنيس,Cinis
جنس,Cinis
جرباز,Cirbaz
جرجه,Circa
جرجه,Circa
جرجا,Circa
جرجه,Circa/Cerca
جَرْجَا,Circa/Cerca
جَرْجا,Circa/Cerca
جرجه,Circa/Circe
دجرجا,Circa/Decirca
جسر چاشنيگير,Cisr-i Çaşnigir
جسرصاحب,Cisr-i Sahib
جوارق,Civarık
جزان,Cizan
جيزان,Cizan
جزان و فرسان,Cizan ve Ferasan
جازان,Cizan/Cazan
جيزه,Cize
جِزَه,Cize
جيزۀ صفد,Cize-i Safed
جيزه و طبريه,Cize-i Safed (Cize) ve Taberiye
جبره,Cize-i Safed/Cebre
جيزه,Cize-i Safed/Cize
جزره,Cizre
جزره,Cizre
جزيرۀ عمريّه مع نواحى,Cizre maa Nevahi/Cezire-i Ömeriye maa Nevahi
جزيره,Cizre/Cezire
جزره,Cizre/Cezire
جزيرۀ ابن عمر,Cizre/Cezire-i İbni Ömer
جوندورون,Condoron
خوندورون,Condoron/Hondoron
قوندورن,Condoron/Kondoron
جوره,Cora
جورس,Coras
جورش,Coras/Coraş
جورجيو,Corciyo
جوبال,Cubal
جبال,Cubal
جوباس,Cubas
جوباش,Cubas/Cubaş
اسپندره,Cubas/İspendere
جودى,Cudi
جوف,Cuf
جهود قلعه سى,Cuhudkalesi
جولان غربى,Culan-ı Garbi/Cevelan-ı Garbi
جولان شرقى,Culan-ı Şarki/Cevelan-ı Şarki
جولان,Culan/Cevelan
الجولان,Culan/el-Cevelan
جوم,Cum
جوم,Cum
جوم,Cum/Gavurgan
جمعه,Cuma
جمعۀ بالا,Cuma-i Bala
جمعه,Cuma-i Bala/Cuma
جمعه بازارى,Cuma-i Bala/Cumapazarı
جمعه پازارى,Cuma-i Bala/Cumapazarı
جمعه اباد,Cumaabad
جمعه آباد,Cumaabad
حميد اباد,Cumaabad/Hamidabad
جمعه چاى,Cumaçay
جومه ثلثِ عكّار,Cume [maa] Sülüs-i Akkar
جوم قطع بلا عكام,Cume ve Kuveyta bilad-ı Akkar/Cum ve Katı bila-Akkam
جب آبّلات,Cübb-i Abbelat
جبل عبيله,Cübb-i Abbelat/Cebel-i Abile
جبّه,Cübbe
جبه,Cübbe
جبل و الوس,Cübbe (Cebel) ve Alus
جبه آلوس,Cübbe [ve] Alus
جبه الوس,Cübbe [ve] Alus
جبه و الوس,Cübbe ve Alus
جبه والوس,Cübbe ve Alus
جبه آلوس,Cübbe ve Alus (Cübbealus)
جبة العسال,Cübbetülassal
جبل,Cübbetülassal/Cebel
جبل عسال,Cübbetülassal/Cebel-i Assal
جبة الغسال,Cübbetülassal/Cübbetülgassal
جبّة البشرى مع توابع,Cübbetülbeşera maa tevabi
جبيل,Cübeyl
جبيل عليا,Cübeyl-i Ulya
جبل عليا,Cübeyl-i Ulya/Cebel-i Ulya
جبيل العليا,Cübeyl-i Ulya/Cübeylülulya
جرد جبيل,Cübeyl/Cürd-i Cübeyl
جبيله,Cübeyle
جبيل اسكله سى,Cübeyliskelesi
جبل اسكله سى,Cübeyliskelesi/Cebeliskelesi
جبن,Cübün
جبين,Cübün/Cübin
جُدَيده,Cüdeyde
جديده,Cüdeyde/Burumana
برمانا,Cüdeyde/Burumana
جولاب,Cülab
جلاب,Cülab
جنينه,Cüneyne
جونيه,Cünye
جنيه,Cünye
جراب,Cürab
جرد,Cürd
جرد جنوبى,Cürd-i Cenubi
جرد الجنوبى,Cürd-i Cenubi/Cürdülcenubi
جرد كسروان,Cürd-i Kisrevan
جرد شمالى,Cürd-i Şimali
جرد الشمالى,Cürd-i Şimali/Cürdüşşimali
جريد,Cüreyd
الجريد,Cüreyd/el-Cüreyd
چشته,Cüşte
چابراد,Çabrad
چاچقه,Çaçaka
چاجقه,Çaçaka
جاجقه,Çaçaka
چاچاق,Çaçaka/Çaçak
جاصقه,Çaçaka/Çaska
واروش چاچقه,Çaçaka/Varoş-ı Çaçaka
جاجوينه,Çaçvine
چاچوينه,Çaçvine
چاچونه,Çaçvine
چاچوينه,Çaçvine/Çaporiçe
چغا,Çağa
جغا,Çağa
چغا كول,Çağa/Çağa Göl
چقا,Çağa/Çaka
چيغا,Çağa/Çığa
چغان,Çağan
جغان كدوكى,Çağan/Çağangediği
چغان كدوكى,Çağan/Çağangediği
چاغرغان,Çağırkan/Çağırgan
چغلاغان جريدى,Çağlağanceridi
چغلغان جريدى,Çağlağanceridi
جريد,Çağlağanceridi/Cerid
چاغلايق,Çağlayık
چغلايق,Çağlayık
چاغلايق مع صارى شعبان,Çağlayık maa Sarışaban
چغلايق مع صارى شعبان,Çağlayık maa Sarışaban
جغلايق مع صارى جاير,Çağlayık maa Sarışaban (Sarıçayır)
چاغشاق,Çağşak
چقال,Çakal
چقاللر,Çakallar
چقاللو,Çakallı
چقاللو,Çakallı
چقاللو,Çakallı
چقاللو و آطمه لو,Çakallı ve Atmalı
چاقرجه,Çakırca
چاقرلى مع صفالى,Çakırlı maa Safalı
چاقلوفچه,Çaklofça
چاقلاواچ,Çaklofça/Çaklavaç
چاقلواچ,Çaklofça/Çaklovaç
چاقمق,Çakmak
چقماق طاشى,Çakmaktaşı
چاقوه,Çakova
چاقراق,Çakrak
چاقراق,Çakrak
چاكوى,Çakvi
نفس چاكوى,Çakvi merkez
چال,Çal
چال,Çal
جال,Çal
چال ايلى,Çal/Çalili
چاك,Çal/Çan
دمرجى كوى,Çal/Demirciköy
تيمورجى,Çal/Timurcu
چالا,Çala/Cala
جالا,Çala/Cala
چالديران,Çaldıran
چالدران,Çaldıran
چالغان,Çalgan
چالقان,Çalgan/Çalkan
چالى,Çalı
چاليجه,Çalıca
جاليجه,Çalıca
چالق قواق,Çalıkkavak
چالى قواق,Çalıkkavak/Çalıkavak
چالش مع طوطاق,Çalış maa Tutak
چالى يازى,Çalıyazı
چال كوى,Çalköy
چاللى,Çallı
چالتيجق,Çaltıcak
چام اردى,Çamardı
چام اردى,Çamardı
چام اردى,Çamardı/Bereketli
بركتلو,Çamardı/Bereketli
بره كتلو,Çamardı/Bereketli
بركتلو,Çamardı/Bereketli
بركتلو معدن همايونى,Çamardı/Bereketli Maden-i Hümayunu
بركتلى معدنى,Çamardı/Bereketli Madeni
بركتلى معدن,Çamardı/Bereketlimaden
بركتلو معدن,Çamardı/Bereketlimaden
شام اردى,Çamardı/Şamardı
چماش,Çamaş
جماش,Çamaş
چمش مع  بولمان,Çamaş maa Bolaman
چام برونى,Çamburnu
چام ايچى,Çamiçi
چتاق مع اوزويران,Çamiçi/Çatak maa Özviran
چناق مع اوزويران,Çamiçi/Çatak maa Özviran
جاملى بل,Çamlıbel
چامليجه,Çamlıca
جامليجه,Çamlıca
چامليجه,Çamlıca
جامليجه,Çamlıca
چاملوجه,Çamlıca
چامليجۀكبير,Çamlıca/Çamlıca-i Kebir
هيدرا,Çamlıca/Hidra
هيدره,Çamlıca/Hidra
بايدرا,Çamlıca/Hidra (Baydara)
حايدرا,Çamlıca/Hidra (Haydra)
جاملجه لر,Çamlıcalar
چاملق,Çamlık
چامور,Çamur
چامورلى,Çamurlu
چاك,Çan
چاڭ,Çan
چان,Çan
جاك,Çan
چَنَادْ,Çanad
چناد,Çanad
جناد,Çanad
چناط,Çanad
چناد و بچي و پچكرك,Çanad ve Beçey ve Beçkerek (Peçkerek)
چنق,Çanak
چناقجى,Çanakçı
چاندارلى,Çandarlı
چاندارلو,Çandarlı
چاندارلي,Çandarlı
جاندارلى,Çandarlı
جاندارلو,Çandarlı
جاندارلو,Çandarlı/Candarlı
جاندارلى حصار,Çandarlı/Çandarlıhisar
چاك كوپرى,Çanköprü
چاكلى,Çanlı
چاڭْلو,Çanlı
چاڭلو,Çanlı
چاڭلو,Çanlı
چاڭْلى,Çanlı
چاڭلى,Çanlı
چكلى,Çanlı
جانلى,Çanlı
چاكلى مع آق قيا,Çanlı maa Akkaya
چالى,Çanlı/Çalı
چاكلى كليسا,Çanlıkilise
چاكلى كليسه,Çanlıkilise
چاكشا,Çanşa
چپاقجور,Çapakçur
چباقچور,Çapakçur
چباقچور,Çapakçur
چپاقچور,Çapakçur
جبقجور,Çapakçur
چَپَاقچُور,Çapakçur
چپقچور,Çapakçur
چَپَقْچُورْ,Çapakçur
چپقجور,Çapakçur
جباقجور,Çapakçur
جباقچور,Çapakçur
چوليك,Çapakçur/Çevlik
جمعه,Çaputlu/Cuma
جمعه بازارى,Çaputlu/Cumapazarı
چارداق,Çardak
چارداق,Çardak
چارداقلى,Çardaklı
چارطاق,Çardaklı/Çardak
چارداق,Çardaklı/Çardak
چارطاق,Çardaklı/Çardak
جارداق,Çardaklı/Çardak
چارداول,Çardavel
چاريبرود,Çaribrod
چاريبورود,Çaribrod/Çariburod
چارملك,Çarmelik
چاروه,Çarova
چارويچه,Çaroviçe
چارپان,Çarpan
چارپين,Çarpın
چارسنجاق,Çarsancak
چارسنجاق,Çarsancak
چارسنجق,Çarsancak
جارسنجاق,Çarsancak
چارسنجق مع صغمان,Çarsancak maa Sağman
جارسنجاق,Çarsancak/Carsancak
پرى,Çarsancak/Peri
چهارشنبه,Çarşamba
جهارشنبه,Çarşamba
چارشانبه,Çarşamba
چارشنبه,Çarşamba
چهارشنبه,Çarşamba/Çeharşenbe
چارتلوس,Çartalos
چاشنكير,Çaşnigir
چات,Çat
چتاق,Çatak
چتال آده لر,Çatal Adalar
چتال اده لر,Çatal Adalar
چاط آلاڭى,Çatalanı
چتال برغوس,Çatalbergos
جتال برغوس,Çatalbergos
چتال برغوس  مع  لاپسكى,Çatalbergos maa Lapseki
برغوس,Çatalbergos/Bergos
بورغاس,Çatalbergos/Burgas
چتال برغوز,Çatalbergos/Çatalbergoz
اموربك,Çatalbergos/Umurbey
چتالجه,Çatalca
چتالجه,Çatalca
چاتلجه,Çatalca
جتالجه,Çatalca
جتالجه,Çatalca
چتالجه مع دومكى,Çatalca maa Dömeke/Dömeki
چتالجه مع ناحيۀ دومكه,Çatalca maa Nahiye Dömeke
چتالجه,Çatalca merkez
نفس چتالجه,Çatalca merkez
قضاء اربعه,Çatalca/Kaza-i Erbaa
چتال قلعه,Çatalkale
چتال كوى,Çatalköy
چتال كوي,Çatalköy
چتال تپه,Çataltepe
چتال زيتون,Çatalzeytun
چاودار,Çavdar
چاودير,Çavdır
چاوش الآت,Çavuşulat (?)
چاى,Çay
جاى,Çay
چاى اطه,Çayada
چاى آغزى,Çayağzı
چاى جمعه,Çaycuma
خضر بك ايلى مع دورك و چهارشنبه,Çaycuma (Hızırbeyili) maa Devrek ve Çarşamba
خضر بك ايلى,Çaycuma (Hızırbeyili)/Çarşamba
جهارشنبه,Çaycuma/Çarşamba
چهارشنبه,Çaycuma/Çarşamba
جهارشنبه,Çaycuma/Çarşamba
چهارشنبۀ بولى,Çaycuma/Çarşamba-i Bolu
جهارشنبه بولى,Çaycuma/Çarşamba-i Bolu
خضر بك ايلى,Çaycuma/Hızırbeyili
چايدر,Çayder
چايخان,Çayhan
چاى حصار,Çayhisar
قلعۀ جاماش,Çayhisar/Kale-i Çamaş
ذاماس,Çayhisar/Zamas
چايراسكوب مع نوكريچه,Çayır-ı Üsküb maa Nogoriçe
چاير شيخى,Çayırşeyhi
آق طاغ,Çayırşeyhi/Akdağ
اقطاغ,Çayırşeyhi/Akdağ
اق طاغ,Çayırşeyhi/Akdağ
آق طاغ,Çayırşeyhi/Akdağ
چاى كسان,Çaykesen
چاى كسه,Çaykesen/Çaykese
جاى قيو,Çaykuyu
چاي قويى,Çaykuyu
چاى قيو,Çaykuyu
چاى,Çaykuyu/Çay
چايلا و ودوروش,Çayla (?) ve Vodoroş (?)
چاينچه,Çayniçe
چاينيچه,Çayniçe
جاينجه,Çayniçe
معدن چاينچه,Çayniçe/Maden-i Çayniçe
بازار چاينچه,Çayniçe/Pazar-ı Çayniçe
واروش,Çayniçe/Varoş
واروش چاينچه,Çayniçe/Varoş-ı Çayniçe
چچ,Çeç
چچ,Çeç
چچ,Çeç/Bük
چچ,Çeç/Şince
چچرك,Çeçerek
ججرك,Çeçerek
جبه جك,Çeçerek/Cebecik
جبه جرك,Çeçerek/Cebecirek
ججرك,Çeçerek/Göle
حاجرك,Çeçerek/Hacrek
چه ولايتي,Çeh Vilayeti
جهرين,Çehrin
چهرين,Çehrin
چك الاك,Çekalan
چكته,Çekete (?)
چكركه,Çekirge
چكمجۀ كبير,Çekmece-i Kebir
چکمجۀ کبير,Çekmece-i Kebir
چکمجۀ کبير,Çekmece-i Kebir
چكمجۀ كبيرر,Çekmece-i Kebir
جكمجۀ كبير,Çekmece-i Kebir
جكمجه كبير,Çekmece-i Kebir
بيوك چكمجه,Çekmece-i Kebir/Büyükçekmece
بيوك چكمجه,Çekmece-i Kebir/Büyükçekmece
بيوك چكمه,Çekmece-i Kebir/Büyükçekmece
بويوك چكمجه,Çekmece-i Kebir/Büyükçekmece
چكمجه,Çekmece-i Kebir/Çekmece
چكمجۀ بزرك,Çekmece-i Kebir/Çekmece-i Büzürk
چكمجۀ صغير,Çekmece-i Sagir
چکمجۀ صغير,Çekmece-i Sagir
جكمجۀ صغير,Çekmece-i Sagir
جكمجه صغير,Çekmece-i Sagir
چكمجۀ صغير,Çekmece-i Sagir
چكمجۀ كوچك,Çekmece-i Sagir/Çekmece-i Küçük
كوچك چكمه,Çekmece-i Sagir/Küçükçekme
كوچوك چكمجه,Çekmece-i Sagir/Küçükçekmece
كچوك چكمجه,Çekmece-i Sagir/Küçükçekmece
كوچك چكمجه,Çekmece-i Sagir/Küçükçekmece
كوچك چكمجه,Çekmece-i Sagir/Küçükçekmece
چلابرد,Çelaberd
جلبرد,Çelaberd
جله برد,Çelaberd
چلبى,Çelebi
چلبى باغى,Çelebibağı
جلبيلر,Çelebiler
چلبى پازارى,Çelebipazarı
جلبى بازارى,Çelebipazarı
چلبى پازارى مع قولايش,Çelebipazarı maa Kolayiş
بازار روغاتجه,Çelebipazarı/Pazar-ı Rogatiçe
روغاتيچه,Çelebipazarı/Rogatiçe
چلبى پازارى,Çelebipazarı/Rogatiçe
بازار بوراج,Çelebipazarı/Rogatiçe/Pazar-ı Boraç
بازار ايوراجه,Çelebipazarı/Rogatiçe/Pazar-ı İvraca
چلبى بازارى,Çelebipazarı/Varoşişte
چليك,Çelik
جلكان,Çelikan/Arabiya
چَليكانلو,Çelikanlı
چليكانلو,Çelikanlı
جليكانلى,Çelikanlı
چلپنه,Çelpine
چلتك,Çeltik
چلتوك,Çeltük
چم,Çem
جم,Çem
جمرنيك,Çemernik
چمرنك,Çemernik
چومرنيك,Çemernik/Çömernik
چمشكزك,Çemişgezek
جمشكزك,Çemişgezek
چمشكزك,Çemişgezek
چمشكزك و پرتك و صغمان,Çemişgezek ve Pertek ve Sağman
چمشكيزك,Çemişgezek/Çemişgizek
چم نيم,Çemnim
جنداوغلى,Çendoğlu
چنداوغلى,Çendoğlu
چنكل,Çengel
چنكر,Çenger
چنكرلى,Çengerli
جنكرلى,Çengerli
جنكرلى,Çengerli/Cengerli
چنكى,Çengi
چپن,Çepin
چپين,Çepin
چپنه,Çepine
چپنه,Çepine
چپنى,Çepni
چبنى جونقار,Çepni-i Çonkar
چپنئ كره سون,Çepni-i Giresun
چپنى,Çepni-i Giresun/Çepni
چپنى,Çepni-i Giresun/Çepni
ناحيۀ چپنى,Çepni-i Giresun/Nahiye-i Çepni
چراغ برمكى,Çerağ-ı Bermeki
چرقويشته,Çerakovişte
چراقويسته,Çerakovişte/Çerakoviste
چرنوقوشته,Çerakovişte/Çerkovişte
چرنوقوشته,Çerakovişte/Çernokoşta
چروقويشته,Çerakovişte/Çerokovişte
چرچيلى,Çerçili
جره ويك,Çerevik
چروك,Çerevik
چره ويك,Çerevik
چرين,Çerin
چوين,Çerin/Çevin
چرى اوغرى,Çeriuğru
چركس مسلم,Çerkesmüsellem
چركش,Çerkeş
جركش,Çerkeş
چركش مع گونى,Çerkeş maa Güney
مجيديه,Çerkeş Mecidiye/Mecidiye
اووه جق,Çerkeş Ovacık/Ovacık
اوه جق,Çerkeş Ovacık/Ovacık
چرمه,Çerme
ليچيك,Çerme/Liçik
چرمه,Çerme/Liçik
چرملو,Çermeli
چرْمَه لو,Çermeli
چرملو ارض روم,Çermeli-i Erzurum/Çermelü-yi Erzurum
چرملو اسپر,Çermeli-i İspir/Çermelü-yi İspir
چرميك,Çermik
چرمك,Çermik
جرمك,Çermik
جرميك,Çermik
چرموق,Çermik/Çermuk
چرموك,Çermik/Çermük
چَرْمُكْ,Çermik/Çermük
جرمياذو,Çermiyazo
چرنه,Çerna
چرناغوره,Çernagora/Karadağ
چرنه قوزينچه,Çernekozinçe
چرنلوو زير,Çernelovo-i Zir
چرنه رقه,Çernereka
جرنه رقه,Çernereka
چرنيچه,Çerniçe
چرنچه,Çerniçe
چرنيچه و ناحيۀ غابله,Çerniçe ve Nahiye-i Gabele
چرنيچه,Çerniçe/Groçika (?)
بازار چرنچه,Çerniçe/Pazar-ı Çerniçe
بازار چرنيچه,Çerniçe/Pazar-ı Çerniçe
چرنيك,Çernik
جرنيك,Çernik
چرنى كلس,Çerniklis
چرنوستورو,Çernostoro
چرنوى,Çernovi
جرنوى,Çernovi
چرنويچ,Çernoviç
چورويك,Çerovik
چرونيك,Çerovnik
چرشه,Çerşe
چشمه,Çeşme
چشمه,Çeşme
جشمه,Çeşme
نفس چشمه,Çeşme merkez
چشمه و ازمير,Çeşme ve İzmir
چشنيك,Çeşnik
چتنه,Çetine
چتينه,Çetine
چترليك,Çetirlik
جترليك,Çetirlik
نهر چترلك,Çetirlik/Nehr-i Çetirlik
چتويردقوشته,Çetvirdkovişte
بازار چتويردقوشته,Çetvirdkovişte/Pazar-ı Çetvirdkovişte
چبقدان,Çıbıkdan
چِبِق قلعه و قلعهء سيوكه نام ديگر سيف الدين و آغجه لر و عسكر و عشيرت اسماعيل,Çıbıkkale ve Kale-i Sivke (Süyüke) nd. Seyfeddin ve Ağcalar ve Asker ve Aşiret-i İsmail
چيقناخور,Çıknahor
چقناخور,Çıknahor
چاقناخور,Çıknahor/Çaknahor
چلدر,Çıldır
چيلدير,Çıldır
چلدير,Çıldır
چنارطغان,Çınardoğan (?)
چناره,Çınare
چنارلو دره سي,Çınarlı Deresi
چپلاق,Çıplak
چيپلاق,Çıplak
چيبلاق,Çıplak
جيمنو,Çıplak/Cimno
چبلاق اطه,Çıplak/Çıblakada
چرچر,Çırçır
جيرقان,Çırkan
چرقان,Çırkan
چرپان,Çırpan
چرپان,Çırpan
جربان,Çırpan
چرپان يكيجه سى,Çırpan/Çırpan Yenicesi
يكيجۀ چرپان,Çırpan/Yenice-i Çırpan
چسقه,Çıska
چيچك,Çiçek
چيچك اطه لرى,Çiçek Adaları
چچك,Çiçek Adaları/Çiçek
چيچك طاغى,Çiçekdağı
ججك طاغى,Çiçekdağı
مجيديه,Çiçekdağı (Mecidiye)/Boyalık
بويالق,Çiçekdağı/Boyalık
مجيديه,Çiçekdağı/Mecidiye
مجيديه,Çiçekdağı/Mecidiye
چيچوه,Çiçeva
چفنه,Çifte
جفته,Çifte
چفته,Çifte
چفته خان,Çiftehan
چفته لر,Çifteler
چفته لر,Çifteler/Mahmudiye
چفتلكى جديد,Çiftlik-i Cedid/Çiftliği Cedid
چفتلكات,Çiftlikat
مربوط چفتلكات,Çiftlikat-ı Şarköy
چكلنه,Çiğlene
چيكلنه,Çiğlene
جكلنه,Çiğlene
چكلى,Çiğli
جلبوغاز,Çilboğaz
چلاغه,Çillaga
چللغه,Çillaga
جللقه,Çillaga/Çillaka
چمن ايلى,Çimenili
چمن,Çimenili/Çimen
چمن,Çimenili/Çimen
چمنلو,Çimenli
چمنلك,Çimenlik
چمن يكيجه سى,Çimenyenicesi
چمن يكيجه,Çimenyenicesi/Çimenyenice
چيمى,Çimi
چمنلك,Çiminlik
چيميانلو,Çimyanlı
جمياتلو,Çimyanlı/Cimyatlı
چين,Çin
چينه,Çine
چينه مع اقچه اباد,Çine maa Akçaabad
اقچه اباد مع  چينه,Çine maa Akçaabad/Akçaabad maa Çine
جنبه,Çine/Cenbe
چينه,Çine/Hamidabad
چنكانه,Çingane
جنكانه,Çingane
جنكانه,Çingane/Cingane
جنكنه,Çingane/Cingene
جنكان روم ايلى,Çingane/Çingan-ı Rumeli
قبطيان روم ايلى,Çingane/Kıbtiyan-ı Rumeli
قبطيون,Çingane/Kıbtiyyun
جنكه,Çinge
چنكى,Çinge/Çingi
چيپل,Çipel
چپروفچه,Çiprofça
چپروفجه,Çiprofça
چتروفجه,Çiprofça/Çitrofça
چپروفجه,Çiprofça/Jelezine Maden
چرح (؟),Çirh (?)
چركان,Çirikan
چرقويچه,Çirkviçe
چرمن,Çirmen
چرمن,Çirmen
جرمن,Çirmen
چرمان,Çirmen
چرمن و ويزه,Çirmen ve Vize
جرمنلى,Çirmen/Çirmenli
چرمنيقه,Çirmenika
چرمنقه,Çirmenika
چرمنيچه,Çirmenika/Çirmeniçe
جرمونقه,Çirmenika/Çirmonika
چرنيقه,Çirmenika/Çirnika
چرپازين,Çirpazin
چارپازان,Çirpazin/Çarpazan
چسطا,Çista
چيت,Çit
چيت مع  عبش,Çit maa Abeş
چين,Çit/Çin
چتروز,Çitroz
چيزنا صوىي,Çizna Suyu
چوبان قيرى,Çobankırı/Piştikoz
چوقاق,Çokak
چوكالى,Çokali
چولا,Çola
چوله,Çola
چول آباد,Çola/Çölabad
چول اباد,Çola/Çölabad
چوله اباد,Çola/Çöleabad
چوله آباد,Çola/Çöleabad
چوماق بازارى,Çomakpazarı
چونغراد,Çongrad
چونراد,Çongrad/Çonrad
چوراق,Çorak
چوراق دره,Çorakdere
چورلى,Çorlu
چورلو,Çorlu
جورلى,Çorlu
چورلى,Çorlu
نفس چورلى,Çorlu merkez
چورتقو,Çortkov
چوروخ,Çoruh
چوروم,Çorum
چورم,Çorum
چروم,Çorum
جورم,Çorum
چورملو و قره حصار,Çorum (Çorumlu) ve Karahisar
چوروم مع ساقز و قره حصارلئ تيمورلى و مهمادالسلام,Çorum maa Sakız ve Karahisarlı-i Timurlu ve Mihmadüsselam
چورملو,Çorum/Çorumlu
چوكندر,Çöğender
چوكه,Çöke
چوكه,Çöke
جوكه,Çöke
چوملك,Çömlek
چوپ,Çöp
عمر بك,Çöp/Ömerbey
چورگى,Çöreği
چوره كى,Çöreği
جوره كى,Çöreği
جوره,Çöreği/Cöre
چورمشك,Çörmüşek
چورموشاك اوزي,Çörmüşek/Çörmüşeközü
چرشنوه,Çreşneva
چبق,Çubuk
چبق اباد,Çubukabad
چبق آباد,Çubukabad
چبوق آباد,Çubukabad
چبوق اباد,Çubukabad
چيبق آباد,Çubukabad/Çıbıkabad
چبيق اباد,Çubukabad/Çıbıkabad
چبوق,Çubukabad/Çubuk
چبق,Çubukabad/Çubuk
چبوقلى,Çubuklu
چوقه,Çuka
چوقا,Çuka
اطۀ چوقه,Çuka/Ada-i Çuka
قلعۀ اطۀ چوقه,Çuka/Kale-i Ada-i Çuka
چقور,Çukur
چونقور,Çukur (?) (Çonkur)
چقور,Çukur/Çor
چقور آباد,Çukurabad
چقورجه,Çukurca
چقورجق,Çukurcak
چقور جاق,Çukurcak
جقورجاق,Çukurcak
چقورچاق,Çukurcak
چقورجه,Çukurcak/Çukurca
چقور اوغرمق,Çukuruğurmak
چقور اوغرمق,Çukuruğurmak
چقور,Çukuruğurmak/Çukur
چوقور,Çukuruğurmak/Çukur
چقور,Çukuruğurmak/Çukur
نواحئ چقور,Çukuruğurmak/Nevahi-i Çukur
نورشين,Çukuruğurmak/Norşin
چقور ويران,Çukurviran
چولندر,Çulender
چوللى,Çullu
چومره,Çumra
چورغوه,Çurgoh
چورى,Çuri
چوشلى,Çuşlu
چوواز,Çuvaz
چوينجى,Çuyinci
چونكش,Çüngüş
چونكوش,Çüngüş
چونگش,Çüngüş
جنكوش,Çüngüş
جونكش,Çüngüş
چوروك,Çürük
چورك,Çürük
چورك صو,Çürüksu
چوركصو,Çürüksu
دابرى,Dabri
دابري,Dabri
داده,Dada
طاطاى,Daday
طاطاى,Daday
نفس طاطاى,Daday merkez
پازار,Daday/Pazar
پازار محلى,Daday/Pazar mahalli
داديه,Dadya
طاطيه,Dadya
داچه,Dadya/Daça
رشاديه,Dadya/Marmaris Reşadiye
رشاديه,Dadya/Reşadiye
داديان,Dadyan
درديان,Dadyan/Derdyan
طاغ,Dağ
طاغ,Dağ
طاغ,Dağ
قره طاغ,Dağ/Karadağ
طاغ آردى,Dağardı
طاغ اردى,Dağardı
طاغ باشى,Dağbaşı
طاغ ايلى,Dağili
طاغستان جله برد,Dağistan-ı Çelaberd
طاغستان ديزاق,Dağistan-ı Dizak
طاغستان كنجه,Dağistan-ı Gence
طاغستان كنجه بصان,Dağistan-ı Gence/Dağıstan-ı Gencebasan
طاغستان انجه,Dağistan-ı İnce
طاغستان كورك,Dağistan-ı Kürek
طاغستان كورك بصان,Dağistan-ı Kürek/Dağıstan-ı Kürekbasan
طاغستان سنقور اباد,Dağistan-ı Sunkurabad
طاغستان شمكور,Dağistan-ı Şemkür
طاغستان زكم,Dağistan-ı Zegem
طاغ كنارى,Dağkenarı
طاغلى,Dağlı
طاغلو,Dağlı
طاغلو,Dağlı
طاغ مرمره,Dağmarmara
طاغ,Dağmarmara/Dağ
طاغ مرمره سى,Dağmarmara/Dağmarmarası
ضحى,Dahi
داخل مع سليمان,Dahil maa Süleyman
دَاخِلْ مع سُلَيْمَانْ,Dahil maa Süleyman
داخل,Dahil/Süleyman
ضهرة سقاره,Dahra-i Sekare
داخراب,Dahrab
داقوق,Dakuk
طاقوق,Dakuk
دقوق,Dakuk
داحوق كركوك,Dakuk (Dahuk ve) Kerkük
دهوك و كركوك,Dakuk (Dahuk) ve Kerkük
دقوق و كركوك,Dakuk ve Kerkük
داقوق,Dakuk/Tavuk
دال,Dal
دالاق,Dalak
دهالاق,Dalak/Dahalak
هلك,Dalak/Helek
ذلك,Dalak/Zelek
طالمه مع قره حايط,Dalama maa Karahayıt/Keçiler ve Bayramlı
طلمان,Dalaman
دالامان,Dalaman
دالمان,Dalaman
طلامان,Dalaman
طلمانى,Dalaman/Dalamani
طلامان,Dalaman/Pırnaz
پرناز,Dalaman/Pırnaz
طالمن,Dalaman/Pırnaz
دالليجه,Dallıca
داللوجه,Dallıca
دالمه,Dalma
دلماح,Dalma/Dalmah
دلمى,Dalma/Delmi
دالماجيا طاغلرى,Dalmaçya Dağları
داليان,Dalyan
داليان,Dalyan/Karaman
قره مان,Dalyan/Karaman
دامال,Damal
دامباسلر,Dambaslar
دامبازلر,Dambaslar/Dambazlar
دانا,Dana
وانه,Dana/Vana
دانده قبا,Dandakaba
دانيمارقه,Danimarka
دانشمند,Danişmend
دانشمندلو مع  كيكلر,Danişmend maa Geyikler
دانشمندلو,Danişmend/Danişmendli
دانشمندلو كبير,Danişmend/Danişmendli-yi Kebir
دانشمندلوى كبير,Danişmend/Danişmendli-yi Kebir
دانشمندلو,Danişmendli
دانشمندلى,Danişmendli
دانشمندلوى كبير,Danişmendli-yi Kebir
دانشمندلوى صغير,Danişmendli-yi Sagir
دانقى,Dankı
دانوفچه,Danofça
دانوفجه,Danofça
دانزيك,Danzik
دانزك,Danzik
دانزيق,Danzik
دارا,Dara
دارابى,Darabi
دارنده,Darende
درنده,Darende
نفس دارنده,Darende merkez
دارفور,Darfur
داريجه,Darıca
دارى دره,Darıdere
داريدره,Darıdere
دارى دره,Darıdere
دارى دره,Darıdere
نفس دارى دره,Darıdere merkez
طارو اوزى,Darıözü
طارى ويران,Darıviran
دارقوش,Darkuş
دارمابا,Darmaba
دارزاسيه,Darzasye
داس,Das
داسى,Das/Dasi
داسقاليا,Daskalya
واسقوليا,Daskalya/Vaskolya
داسقاليو,Daskalyo
واسقاليو,Daskalyo/Vaskalyo
داسقوليو,Daskolyo
داسنى,Dasni
داَسْنى,Dasni
داسني,Dasni
اسنى,Dasni/Asni
داسينى,Dasni/Dasini
داوات,Davat
نفس دوات,Davat merkez
طاوغانه,Davgana
طوغان بك,Davgana/Doğanbey
داود,Davud
داوده,Davuda
داودان,Davudan
داوديه,Davudiye
داودلر,Davudlar
داوودلر,Davudlar
داير,Dayir
ديرُوت,Dayrut
طازقيرى,Dazkırı
طازقيري,Dazkırı
طازقرى,Dazkırı
طاسقرى مع دانشمندلو كيكلر,Dazkırı (Daskırı) maa Danişmendli-yi Geyikler
بولادلى,Dazkırı/Boladlı
طازقير,Dazkırı/Dazkır
قوجه اولوق,Dazkırı/Kocaoluk
پولادلى,Dazkırı/Poladlı
داضلينه,Dazline
دبى,Debi
دبير,Debir
دبير مع كلادره,Debir maa Gladra
دبره,Debre
نفس دبره,Debre merkez
دبرئ بالاوزيرورقۀ بالاوزير,Debre-i (Debri-i) Bala ve Zir ve Raka-i Bala ve Zir
دبرۀ بالا,Debre-i Bala
دبره بالا,Debre-i Bala
نفس دبرۀ بالا,Debre-i Bala merkez
دبرۀ بالا و زير,Debre-i Bala ve Zir
دبرۀبالاوزيرورقه,Debre-i Bala ve Zir ve Raka
دبرۀ زير و بالا,Debre-i Bala ve Zir/Debre-i Zir ve Bala
دبرئ بالا,Debre-i Bala/Debri-i Bala
دبرى بالا,Debre-i Bala/Debri-yi Bala
يوقارو دبرى,Debre-i Bala/Yukarıdebri
دبرۀ زير,Debre-i Zir
دبرۀ زير,Debre-i Zir
دبره زير,Debre-i Zir
اشغى دبرى,Debre-i Zir/Aşağıdebri
دبرى زير,Debre-i Zir/Debri-i Zir
دبري زير,Debre-i Zir/Debri-yi Zir
دبرى,Debre/Debri
دبره چين,Debreçin
دبره جين,Debreçin
نفس دبره چين,Debreçin merkez
دوبره جين,Debreçin/Dobracin
دوبره چين,Debreçin/Dobraçin
دبرى,Debri
دبرى مع ناحيۀ رقۀ بالا و زير مع چرمنقه,Debri maa Nahiye-i Raka-i Bala ve Zir maa Çirmenika
دبرچه,Debriçe
دبريچه,Debriçe
دبريجه,Debriçe/Debrice
دبرجه,Debriçe/Debrice
دورجه,Debriçe/Devrice
دبرشته,Debrişte
دبريشته,Debrişte
دجه,Decce
دچانى,Deçani
دده آغاج,Dedeağaç
ده ده اغاج,Dedeağaç
ده ده آغاج,Dedeağaç
دده اغاج,Dedeağaç
ددك,Dedek
دوك,Dedek/Devek
دده قرقن,Dedekarkın
دده كوى,Dedeköy
دده لى,Dedeli
ده فوليزا,Defoliza
دفتران,Defteran
دغاره,Degara
دكرمان برونى,Değirmenburnu
دكرمنجك,Değirmencik
دكرمنجك,Değirmencik
دكرمن چايرى,Değirmençayırı
دكرمن دره,Değirmendere
دكرمن دره,Değirmendere
دكرمن دره سى,Değirmenderesi
دكرمنلك,Değirmenlik
دگرمنلك,Değirmenlik
دكرمنلك,Değirmenlik
دكرمانلك,Değirmenlik
دكرمنلك و سنطورين,Değirmenlik ve Santorin
دكرمنلك و مسنطورى,Değirmenlik ve Santorin (Mesantori)
دكرمنلك و صنطورى,Değirmenlik ve Santorin (Santori)
بيوك دكرمنلك,Değirmenlik/Büyükdeğirmenlik
دكرمنلك كبير,Değirmenlik/Değirmenlik-i Kebir
ميلو,Değirmenlik/Milo
دكرمنلك,Değirmenlik/Milo
دكرمن اوزى,Değirmenözü
دكرمان اوزى,Değirmenözü
دهلوم,Dehlum
دهلو,Dehlü
دهنة,Dehne
دقهليه,Dekahliye
دكّه,Dekke
ده قونيزا,Dekoniza
دقورى,Dekori
دلبوچچه,Delboçiçe
دلبوچيچه,Delboçiçe
لسقوجه,Delboçiçe/Leskofça
لسقوفچه,Delboçiçe/Leskofça
لسقوفجه,Delboçiçe/Leskofça
دلبوچيچه,Delboçiçe/Leskofça
بسقوفجه,Delboçiçe/Leskofça (Beskofça)
دلجه,Delca
دليجه,Delice
دلوجه اوزى,Deliceözü
دلى الياس,Deliilyas
دلكانى,Delikani
دليكانلو,Delikanlı
دلكانلو,Delikanlı
دلكانلى,Delikanlı
دليك طاش,Deliktaş
دليكطاش,Deliktaş
دليكلى طاش,Deliktaş/Deliklitaş
دليكلو طاش,Deliktaş/Deliklitaş
دربند دليكلو طاش,Deliktaş/Derbend-i Deliklitaş
دربند دلكلى طاش,Deliktaş/Derbend-i Deliklitaş
دلى اورمان,Deliorman
دلو اورمان,Deliorman
ديوانه اورمان و ايورانه,Deliorman (Divaneorman) ve İvrana
دلى اورمان مع طورنو,Deliorman maa Turnu
ديوانه اورخان,Deliorman/Divaneorhan
ديوانه اورمان,Deliorman/Divaneorman
دللى عباس,Delliabbas
ده لوس,Delos
دلوس,Delos
ده لوس,Delos
ديلور,Delos/Dilor
رنيأ,Delos/Renia
صغرجقلر,Delos/Sığırcıklar
دلتاوه,Deltave
دلويناكى,Delvinaki
دلوينه,Delvine
دلونه,Delvine
دلوينه مع ايدونات,Delvine maa Aydonat
دلوينه مع برغوز,Delvine maa Bergoz
دلوينه مع رزه و قوردلن و قروه لش,Delvine maa Reze ve Kurdelen ve Kurveleş
دلوينو,Delvine/Delvino
دماله,Demala
دمنحور,Demenhur
دمنهور,Demenhur
دَمَنْهُور,Demenhur
دَمَنْهور,Demenhur
تيمورجه ويرن,Demirceviran
دميرجى,Demirci
دمورجى,Demirci
دمرجى,Demirci
پراكندۀ تيمورجى,Demirci/Perakende-i Timurcu
شهر,Demirci/Şehir
تيمورجى,Demirci/Timurci
تيمورجئ بورلى,Demirci/Timurci-i Borlu
تيمورجى بورلى,Demirci/Timurci-i Borlu
تيمورجى,Demirci/Timurcu
تمورجى,Demirci/Timurcu
تيموجي حسنلو,Demircihasanlı
دميرجى قولى,Demircikolu
دمور جيلى,Demircili
تيمورجيلى و اقچه قيونلى,Demircili (Timurculu) ve Akçakoyunlu
دمورجى بازارى,Demircipazarı
تمورجى بازارى,Demircipazarı
دمورجى بازارى,Demircipazarı/Gluçaviçe
دمورجى بازارى,Demircipazarı/Gluhaviçe
بازار غلوچاويچه,Demircipazarı/Pazar-ı Gluçaviçe
دمورقپو,Demirkapı
تيمورقپو,Demirkapı
تيمور قپو,Demirkapı/Timurkapı
تيمورلر,Demirler/Timurlar
دميرلى,Demirli
تيمورطاش,Demirtaş
دمير طاش,Demirtaş
دمام,Demmam
دمره,Demre
ده موتو,Demuto
دنادى,Denadi
دكزلى,Denizli
دڭزلى,Denizli
دكيزلى,Denizli
نفس دكزلى,Denizli merkez
دگزلو,Denizli/Denizlü
لاذقيه,Denizli/Lazkiye
دڭزلى,Denizli/Lazkiye
لازقيه,Denizli/Lazkiye
طكوزلو,Denizli/Tonuzlu
طوكوزلو,Denizli/Tonuzlu
دكزاوبه,Denizoba
در,Der
در,Der
درعا,Dera
دراي اله كز و درو,Dera-yı Alagez ve Dero (?)
دراريان,Derariyan
درعيه,Deraye
درب,Derb
دربند,Derbend
دربند كبير,Derbend-i Kebir
دربند,Derbend-i Kebir/Derbend
دربند كبير,Derbend-i Kebir/Fakıderesi
دروند,Derbend/Dervend
دربساك,Derbisak
دربساك,Derbisak/Gündüzlü
درب الحوت,Derbülhut
درب الشط,Derbüşşat
دره,Dere
دره,Dere
درۀ ايواجق,Dere-i Ayvacık
ناحيت درۀ ايواجق,Dere-i Ayvacık/Nahiyet-i Dere-i Ayvacık
درۀ جديد,Dere-i Cedid
يكى دره كوى,Dere-i Cedid/Yenidereköy
نهر دره,Dere/Nehr-i Dere
دره الاكس,Derealakes
دره الاكز,Derealakes/Derealakez
درجكى,Derecki
درچقه,Derecki/Dereçka
دره ججك,Dereçiçek
دره چچك,Dereçiçek
دره ايلى,Dereili
دره ايل,Dereili/Dereil
دره لو,Dereli
دره لى,Dereli
دره لى,Dereli
دره نوركوت,Derenürgüt
دره صاغى,Deresağı
دره شاهبوز,Dereşahbuz
دره شام,Dereşam
دركله,Dergele
دركزين,Dergüzin
درى,Deri
درك,Derik
نفس ديرك,Derik (Dirik) merkez
ديرك,Derik/Dirik
ديريك,Derik/Dirik
ديريك,Derik/Dirik
درعيه,Deriye
دره كيش,Derkiş/Derekiş
دركيش,Derkiş/ed-Duraykiş
دركوش,Derkuş
درگوش,Derkuş/Derguş
ديركوش,Derkuş/Dirkuş
درنه,Derne
دَرْنَه,Derne
درنه مع درتك,Derne maa Dertenk (Dertek)
نفس درنه,Derne merkez
قلعۀ درنه,Derne/Kale-i Derne
درسم,Dersim
درسيم,Dersim
درسم مع خوزاث,Dersim maa Hozat
نفس خوزات,Dersim merkez/Hozat merkez
درسم,Dersim/Hozat
حوزات,Dersim/Hozat
خوزات,Dersim/Hozat
خوزان,Dersim/Hozat (Hozan)
درشيفى,Derşifi
درتنك,Dertenk
درتنك صاهره (؟),Dertenk-i Sahire (?)
درتنك  كلهر مندليجين,"Dertenk, Gülhur, Mendeli (Mendelicin)"
درونيك,Dervenik
دروونيك,Dervenik/Dervonik
قلعۀ درونيك,Dervenik/Kale-i Dervenik
درويش بالقانى,Derviş Balkanı
درياز,Deryaz
درزيلر,Derziler
درزيلى,Derziler/Derzili
درزين,Derzin
دسنه,Desne
دسنى,Desne/Desni
ده سو,Deso
ده زو,Deso/Dezo
دسپوتكى,Despotiki
دسپوديقو,Despotiki/Despodiko
دسپوتيق,Despotiki/Despotik
دسپوتيقو,Despotiki/Despotiko
اپسقوپى,Despotiki/Episkopi
اسپوتيقو,Despotiki/İspotiko
دستك,Destek
دشتكور,Deştigur
دواسله,Devasile
دواسر,Devasir
دوه جى,Deveci
دوه جر,Deveçer
دو جر,Deveçer
دوه چر,Deveçer
ده وه جر,Deveçer
دوه كچيدى,Devegeçidi
دوه لو,Develi
دوه لو,Develi
دوه لى,Develi
دوه لو,Develi/Everek
اوه رك,Develi/Everek
سعد آباد دوه لو,Develi/Sadabad Develi
ده ولن,Devlen
دولن,Devlen
دولت قلعه,Devletkale
دول,Devol
دول,Devol
دول كوهى,Devolkuhu
دَوْرِمَلِك,Devr-i Melik
دورِ ملك,Devr-i Melik
دورك,Devrek
حميديه,Devrek/Hamidiye
حميديه,Devrek/Hamidiye
نفس حميديه,Devrek/Hamidiye merkez
دوركانى,Devrekani
دوره كانى,Devrekani
دوره كاني و اياندون,Devrekani ve Ayandon
دوره كانى و كورۀ معموره,Devrekani ve İnebolu (Küre-i Mamure)
بازار دوره كانى,Devrekani/Pazar-ı Devrekani
دير,Deyr
دير و نشوه,Deyr ve Neşve
دير و رحبه,Deyr ve Rahbe
دير و رهبه,Deyr ve Rahbe
دير رهبه,Deyr ve Rahbe/Deyr-i Rahbe
دير رهبه,Deyr ve Rahbe/Deyr-Rahbe
دير رحبه,Deyr ve Rahbe/Deyr-Rahbe
دير و شرش,Deyr ve Şeriş
دير مقلوب,Deyr-i Maklub/Şiyobaysan
ديرسلمان,Deyr-i Selman
دير سلمان,Deyr-i Selman
دير شميل,Deyr-i Şumeyl
ديرزور,Deyr-i Zor
زور,Deyr-i Zor (Zor)/Deyr
نفس دير زور,Deyr-i Zor merkez
دير,Deyr-i Zor/Deyr
دوز,Deyr-i Zor/Duz
زور,Deyr-i Zor/Zor
دير فور,Deyrfur
دير الاحمر,Deyrulahmer
ديرالقمر,Deyrulkamer
دير القمر,Deyrulkamer
دير القمر قائممقاملغى,Deyrulkamer Kaymakamlığı
دير قمر,Deyrulkamer/Deyr-i Kamer
ديروت,Deyrut
دير ويرى,Deyrviri (?)
ديوزناو (؟),Deyuznav (?)
دينه,Deyyine
دانى,Deyyine/Dani
ديوينه,Deyyine/Divine
ديونيه,Deyyine/Divniye
ضِغاره,Dıgara
دلغوبرده,Dılgobırda
ديغورده,Dılgobırda/Dıgorda
دشقاط,Dışkat
ديشقاط,Dışkat
ديشقاطه,Dışkat/Dışkata
ديشلق,Dışlık
ديباكي,Dibaki
ديباكى,Dibaki
ديباكى قريه سى,Dibaki Karyesi
ديبان,Diban
دبيل,Dibil
دبيلعى,Dibil'i
دجله,Dicle
ديچمه,Diçme
ديچمه و كليس,Diçme ve Klis
ديدقوفچه,Didkofça
ديدوش,Didoş
دفنان,Difnan
ديفنان,Difnan
ديغور,Digor
دكنلو,Diğinli
ديكنلو,Diğinli
دكنلى,Diğinli
ديكنلو كماح,Diğinli/Diğinli-i Kemah
دكنلوى كماح,Diğinli/Diğinli-yi Kemah
دكرنصور,Diğrensor
ديكرنصور,Diğrensor
ديكرانصور,Diğrensor/Diğransor
دكرنصور كماح,Diğrensor/Diğrensor-ı Kemah
ده بالا,Dih-i Bala
ديشنج,Dih-i Şeyh/Dişenc
دهخوارقان,Dihharkan
دهحوارقان,Dihharkan
ديكيلى,Dikili
ديكلى,Dikili
دكلس,Diklis
ديل,Dil
دليجاب,Dilincat/Dilicab
ديليصوص,Dilisos
ديليصو,Dilisos/Diliso
دلتاوه,Diltava
ديمبوويچه,Dimboviçe
ديميوويچه,Dimboviçe/Dimyoviçe
ديم دره سى,Dimderesi
ديم,Dimderesi/Dim
ديمتوقه,Dimetoka
ديمه توقه,Dimetoka
ديمتوقه,Dimetoka
ديميناقى,Diminaki
ديمترى كونمه,Dimitrigonime
ديمتروفچه,Dimitrofça
ديمتروفجه,Dimitrofça
ديمترفچه,Dimitrofça
ديمترويجه,Dimitrofça/Dimitroviçe
ديمترويچه,Dimitrofça/Dimitroviçe
متروفچه,Dimitrofça/Mitrofça
مترفچه,Dimitrofça/Mitrofça
ديمورطه,Dimorta
ديم صويى,Dimsuyu
دمياط,Dimyat
دميات,Dimyat
دمياد مع رشيد,Dimyat (Dimyad) maa Reşid
دمياط مع رشيد,Dimyat maa Reşid
دمياط و رشيد,Dimyat ve Reşid
دمياد,Dimyat/Dimyad
ديناور,Dinaver
دينك,Dinek
دينك كسكون,Dinekkeskin
دڭك كسكين,Dinekkeskin
دكك كسكين,Dinekkeskin
دڭك كسكينى مع سنجانلو,Dinekkeskin (Denekkeskini) maa Sincanlı/Maden
كسكين,Dinekkeskin (Keskin)/Dinekmaden
دينك,Dinekkeskin/Dinek
دكك,Dinekkeskin/Dinek
ديكك كسكنى,Dinekkeskin/Dinekkeskini
ديكك كسكينى,Dinekkeskin/Dinekkeskini
ديكك كسكون,Dinekkeskin/Dinekkeskün
دنك معدن,Dinekkeskin/Dinekmaden
دنك معدنى,Dinekkeskin/Dinekmadeni
كسكين,Dinekkeskin/Keskin
كسكن,Dinekkeskin/Keskin
كسكون,Dinekkeskin/Keskin
كسكين,Dinekkeskin/Keskin
كسكين دكنك,Dinekkeskin/Keskin-i Dinek
دينحوراد,Dinhorad
دينلى,Dinli
ذينلى,Dinli/Zinli
دينوسه,Dinosa
استوره,Dinosa/İstora
دينوسيادس اطه لرى,Dinosyadis Adaları
ديونيساذى,Dinosyadis/Diyonisazi
دينسر,Dinser (Dinsez (?))
دينور,Dinver
ديپ چونغار,Dipçongar
ديب چونغار,Dipçongar/Dibçongar
ديب چونقار,Dipçongar/Dibçonkar
تيب چونغار,Dipçongar/Tibçongar
ديب قرپاس,Dipkarpas
ديب كرش,Dipkerş
ديبكرش,Dipkerş
ديپلى,Dipli
زفيره,Dipli/Zefira
ديپ پويراز,Dippoyraz
ديبسز كول,Dipsizgöl
ديب تارخان,Diptarhan
تب ترخان,Diptarhan/Tiptarhan
ديراغان,Diragan
ديرازنيا,Dirazniya
نفس ديرازنيا,Dirazniya merkez
ديراژنيه,Dirazniya/Dirajniya
ديره,Dire
ديرال,Dire/Diral
ريرال,Dire/Riral
ديركلى,Direkli
ديره كلى,Direkli
ديره تنيجه,Diretniçe
ديركنه,Dirgene
دركنه,Dirgine
ديركنه,Dirgine
درگنه مع سكز ديوان,Dirgine maa Sekizdivan
ديركول,Dirgül
ديرگول,Dirgül
دايركول,Dirgül/Dayirgöl
ديره كول,Dirgül/Diregöl
دريجان,Dirican
ديرجانلى,Dirican/Diricanlı
ديرممان,Dirmeman
ديرممكان,Dirmemikan
ديرميل,Dirmil
درنيش,Dirniş
ديرنيش,Dirniş
قلعۀ ديرنش,Dirniş/Kale-i Dirniş
قلعۀ ديرنيش,Dirniş/Kale-i Dirniş
واروش قلعۀ درنيش,Dirniş/Varoş-ı Kale-i Dirniş
واروش قلعۀ ديرنيش,Dirniş/Varoş-ı Kale-i Dirniş
ديرون,Diron
درة جرع,Dirret-i Cirra
ديسان,Disan
دعسان,Disan/Diasan
ديوان قوغا,Divan-ı Koğa
ديوانيه,Divaniye
ديوانيّه مع قبيلۀ خُزاعِل شاميّه,Divaniye maa Kabile-i Hazail ve Şamiye
ديوين,Divin
ديوله,Divle
ديوله مع قريش,Divle maa Kureyş
ديوريكى,Divriği
ديوركى,Divriği
ديوركي,Divriği
دوركى,Divriği
ديوريكي,Divriği
ديويركي و درنده,Divriği (Diviriği) ve Darende
ديوريكى مع اشدى,Divriği maa Nahiye-i Aşudi
ديوريگى مع نواحى,Divriği maa Nevahi
نفس ديوريكى,Divriği merkez
ديوركى و درنده,Divriği ve Darende
ديادين,Diyadin
ديادين,Diyadin
نفس ديادين,Diyadin merkez
دياقوه,Diyakova
قلعۀ دياقوه,Diyakova/Kale-i Diyakova
ياقوه,Diyakova/Yakova
دياله,Diyale
دياپاروس,Diyaparos
دياپاروس,Diyaparos/Dimitri
دياپورى,Diyaparos/Diyapori
سنت ديمترى,Diyaparos/Sentdimitri
دياپر,Diyapor
دياپونيا,Diyapor/Diyaponiya
دياربكر,Diyarbekir
ديار بكر,Diyarbekir
ديار بكْر,Diyarbekir
ديارْبكر,Diyarbekir
ديار بكر,Diyarbekir merkez
نفس دياربكر مع كيكى و تركمان,Diyarbekir merkez maa Gigi ve Türkmen
دياربكر,Diyarbekir/Diyarbakır
دياوته س,Diyavatas
ديزاق,Dizak
دزاق,Dizak
ديزآق,Dizak
ديزه جرود,Dizecrud
ديزي,Dizi
دزمار,Dizmar
دزى,Dizzi
ديزل,Dizzi/Dizel
دوبوقه,Doboka
دوبور,Dobor
دوبور,Dobor
دوبوى,Doboy
دبوى,Doboy
واروش دوبوى,Doboy/Varoş-ı Doboy
واروش قلعۀ دوبوي,Doboy/Varoş-ı Kale-i Doboy
دوبره,Dobra
دوبره نيوه,Dobraniva
دوبره وير,Dobravir
دوبريجه,Dobrice (?)
دوبريچان,Dobriçan
دبرچان,Dobriçan
دوبريجان,Dobriçan
دوبرى,Dobriçan/Dobri
دوبريچانى,Dobriçan/Dobriçani
دوبروغراد,Dobrograd
دوبريغراد,Dobrograd/Dobrigrad
دوبروقوكا,Dobrokuka
دوبروقوكاني,Dobrokuka/Dobrokukani
دوبروه,Dobrova
دوبروجه,Dobruca
دوبريجه,Dobruca/Dobrice
يمشنلى,Dobruca/Yemşenli
دوبروجه,Dobruca/Yemşenli
دوبرون,Dobrun
بازار دبرون,Dobrun/Pazar-ı Dobrun
واروش دوبرون,Dobrun/Varoş-ı Dobrun
واروش قلعۀ دوبرون,Dobrun/Varoş-ı Kale-i Dobrun
طودرغى,Dodurga
طودورغه,Dodurga
دودرغه,Dodurga
طودرغه,Dodurga
توطرغا,Dodurga/Todurga
تودرغه,Dodurga/Todurga
تودورغه,Dodurga/Todurga
طوغان بك,Doğanbey
دوغان بك,Doğanbey
ايپسيلى,Doğanbey/İpsili
طغانجيلر اوتلوغى,Doğancılarotluğu
طغان كچيدى,Doğangeçidi
طغان كچدى,Doğangeçidi
طوغان حصار,Doğanhisar
طوغنحصار,Doğanhisar
طوغانحصار,Doğanhisar
طوغانحصارى مع دربند ارغيد خانى,Doğanhisar (Doğanhisarı) maa Derbend-i  Argıdhanı
طوغان حصارى مع ازى خانى,Doğanhisar maa Argıdhanı/Doğanhisarı maa Azıhanı
طوغان حصار مع دربند قادين خانى,Doğanhisar maa Derbend-i Argıdhanı (Derbend-i Kadınhanı)
طوغنحصارى,Doğanhisar/Doğanhisarı
طغانحصارى,Doğanhisar/Doğanhisarı
طوغان حصارى,Doğanhisar/Doğanhisarı
طوغانحصارى,Doğanhisar/Doğanhisarı
طغان حصارى,Doğanhisar/Doğanhisarı
طوغان حصارى,Doğanhisarı
طغانجه,Doğanhisarı/Doğanca
طغان حصار,Doğanhisarı/Doğanhisar
طوغانكوى,Doğanköy
طوغله,Doğla
دوق,Dok
طقوزپاره كوي,Dokuzpareköy
طقوزپاره كوى,Dokuzpareköy
طولاب مير حسين,Dolab-ı Mir Hüseyin
دولاشدير,Dolaşdır
دولاوشته,Dolavişte
دولجى مع قرايوه,Dolci maa Krayova
دولچه,Dolçe
دولجه,Dolçe
دولچى,Dolçe/Dolçi
بازار دولچه,Dolçe/Pazar-ı Dolçe
دولنجي,Dolenci
دولغا اطه جغى,Dolga Adacığı
دولگه,Dolge
دوليجه,Dolice
دولنه دوبره كيور,Dolnadobragyör
دولنه دراچه ويچه,Dolnadraçeviçe
دولنه موراچه,Dolnamoraça
دولنه رودينه,Dolnarudine
دومانيج,Domaniç
دوما نيچ,Domaniç
طومانيج,Domaniç
طومانيج,Domaniç
طوماتجه,Domatca
دومبو,Dombo
دونبو,Dombo/Donbo
پارقان دومبو,Dombo/Parkan-ı Dombo
پارقان دونبو,Dombo/Parkan-ı Donbo
دومييقه,Dominika/Domiyka
دوموقلت,Domoklat
دوننماى همايون,Donanma-yı Hümayun
طوكدرمه,Dondurma
ضوران,Doran/Zoran
دورغه,Doroga
طوروغوى,Dorogoy
دوروق,Dorok
دورسنه,Dorosina
دوسنه,Dosene
دوسكى,Doski
دوسكى,Doski
دوستكى,Doski/Dostki
دوسپاط,Dospat
طويران,Doyran
طويران,Doyran
طويران كولي,Doyran (Doyrangölü)/Piskobiye/Polanine
طويران كولي,Doyran/Doyrangölü
كولى طويران,Doyran/Gölü Doyran
پولانيه,Doyran/Polanine (Polaniye)
دوبروكس,Döbrökes
دوبره كس,Döbrökes/Döbrekes
دبره كس,Döbrökes/Döbrekes
دوكر,Döğer
دوگر,Döğer
دوكر مع اغروس,Döğer maa Ağros
دوار,Döğer/Düvar
دوكرلو,Döğerli
دوكرلى,Döğerli
دوگرلى و اويوم آغاج,Döğerli ve Oyumağaç
دومكه,Dömeke
دومكى,Dömeke/Dömeki
دومنجه (؟),Dömenice (?)
دومنيك,Dömenik
دومه نيك,Dömenik
دومنك,Dömenik
دومنيك و نفس دومنك,Dömenik ve Dömenik merkez
دومنكه,Dömenik/Dömenike
دونك,Dömenik/Dönek
دومنوك,Dömenvik
دونكسه اباد,Dönekseabad
دونكللى,Döngelli
درت ديوان,Dörtdivan
درت ديوان,Dörtdivan (?)
درت يول,Dörtyol
دوشك خانه,Döşekhane
دوش قيا,Döşkaya
دوش قيا و تبريز ميشه سي و يدي حلب وقرض,Döşkaya ve Tebrizmişesi ve Yedikilise (Yedihaleb) ve Karz
دراج,Drac
دراج,Drac
دراچ,Drac
دراج,Drac
نفس دراج,Drac merkez
ديراج,Drac/Dırac
دراچ,Drac/Draç
دراج,Drac/Duraso
قلعۀ دراج,Drac/Kale-i Drac
دراچويچه,Draçeviçe
دراج,Draçeviçe/Drac
دراچوويچه,Draçeviçe/Draçoviçe
درغومشته,Dragomeşte
دراغونارا,Dragonara
دراغونه ره,Dragonara
دراغونره,Dragonara
دراغونه را اطه لرى,Dragonara Adaları
دره غونه را اطه لرى,Dragonara Adaları
دارغونار,Dragonara/Daragonar
دراغونا,Dragonara/Dragona
ديراغونار,Dragonara/Dragonar
دراغونار اطه لرى,Dragonara/Dragonar Adaları
دراغوناراطه لرى,Dragonara/Dragonar Adaları
زراغوناره,Dragonara/Zragonara
دراغونيزى,Dragonizi
بلاىه,Dragonizi (Blana (?))
دراغونيسى,Dragonizi/Dragonisi
دراقو,Dragonizi/Drako
دراقو اطه جغى,Dragonizi/Drako Adacığı
درغوس,Dragos
ديراغوش,Dragos/Dıragoş
درغوز,Dragos/Dragoz
دراغوتين,Dragotin
دراغوطين,Dragotin
ديراغوطين,Dragotin
ديراغوتين,Dragotin
دراژنچه,Drajniçe
درازنجه,Drajniçe/Drazniçe
دراقيه,Drakiya
درامه,Drama
ديرامه,Drama
نفس درامه,Drama merkez
درامتين,Drametin
دره متين,Drametin
درانه,Drana
دراته,Drana/Drata
ديرانوه,Dranova
ويرانوه,Dranova/Vranova
دراپانو,Drapano
دره پانو,Drapano
ده پانو,Drapano/Depano
دراپالو,Drapano/Drapalo
اوراق,Drapano/Orak
ذراپانو,Drapano/Zrapano
دراپى,Drapi
دراوه,Drava
ديراوه,Drava
دركل,Dregel
ديره كل,Dregel
ديره غل,Dregel/Dregal
درغل,Dregel/Dregal
دره منيك,Dremenik
دره نيچه,Dreniçe
دره نوفچه,Drenofça
ديره نوفچه,Drenofça
ديره نوفجه,Drenofça
درنوه,Drenova
دره پولى,Drepoli
دريما,Drima
درين,Drin
درم,Drin/Drim
درينا,Drin/Drina
درين كنارى,Drin/Drinkenarı
دواوان,Duavan
دُعَيْجى,Duayci
دُعَيْجى مع بور,Duayci maa Bur
دوب,Dub
ضبا,Duba/Zuba
دباره,Dubare
دوبيچه,Dubiçe
دوبجه,Dubiçe
دوبيجه,Dubiçe
دوبيچه,Dubiçe
دوبنيجه,Dubiçe/Dubniçe
قلعۀ دوبجه,Dubiçe/Kale-i Dubiçe
واروش قلعۀ دوبجه,Dubiçe/Varoş-ı Kale-i Dubiçe
دوبنيچه,Dubniçe
دوبنيجه,Dubniçe
دوبنجه,Dubniçe
دوبنيچه,Dubniçe
دوبنيجه مع جمعه,Dubniçe maa Cuma-i Bala (Cuma)
دوبنيجه مع جمعه پازارى,Dubniçe maa Cumapazarı
روسيجه,Dubniçe/Rusice
دوبوجاج,Duboçaç
دوبوچاج,Duboçaç
دوبوچاچ,Duboçaç
دوبوجاج عتيق,Duboçaç-ı Atik
دوبوچاچ عتيق,Duboçaç-ı Atik
دوبره وه,Dubrava
دوبراوه,Dubrava
دوبروه,Dubrava
دوبرونيك,Dubrovnik
دوبره ونديك,Dubrovnik/Dubra Venedik
دوبره ونيك,Dubrovnik/Dubravnik
بازار دوبرونيك,Dubrovnik/Pazar-ı Dubrovnik
واروش دوبرونيك,Dubrovnik/Varoş-ı Dubrovnik
واروش قلعۀ دوبرونيك,Dubrovnik/Varoş-ı Kale-i Dubrovnik
طوطى,Dudu
دودوللى,Dudullu
ضهره,Duhara
دوحارا اطه جقلرى,Duhara Adacıkları
دهراب,Duhrab
دحراب,Duhrab
زهراب,Duhrab/Zuhrab
ضوهره,Duhrab/Zuhre
دوخرات آبيد,Duhrat Abid
ضهرة عبيد,Duhrat Abid/Zuhrat Abid
دهوك,Duhuk
دهوك,Duhuk
دخوك,Duhuk
نفس دهوك,Duhuk merkez
دوبوك,Duhuk/Dubuk
دهول,Duhul
دوحول,Duhul
دوق,Duk
دوقه كين,Dukakin
دُوقه كين,Dukakin
دول,Dul
دوله,Dula
دول قران,Dulkıran
دول قران,Dulkıran
دو الجوران,Dulkıran/Dulcuran
دلخوران,Dulkıran/Dulhavran
دطوران,Dulkıran/Duturan
دوما,Duma
دوما,Duma
دوما,Duma/Cebel-i Kalemun
دومام,Dumam
دومينه,Dumine
دومنه,Dumine
دومنه مع نرتوم,Dumine maa Neretva (Nertum)
دوغنه,Dumine/Duğna
دورنان,Dumine/Durnan
ژوپانياچ,Dumine/Jupanyaç
دوملى,Dumlu
دوملى,Dumlu (?)
طوملوجه,Dumluca
طومليجه,Dumluca
دوموشتيجه,Dumoştiçe
دوموشتيچه,Dumoştiçe
دونغله,Dungula
دونغالا,Dungula/Dungala
دونيه,Dunye
طوراچلى,Duraçalı
طوراغان,Durağan
طوره غان,Durağan
طورغان,Durağan
دوره غان,Durağan
دور غان,Durağan
دروغان,Durağan/Durugan
پازار طوراغان,Durağan/Pazar-ı Durağan
دورق,Durak
دراما,Durama
دوردول,Durdul
دعرش,Duriş
دورس,Duriş/Duris
دورقة البحر,Durkatülbahr
درسه,Durse
دوشتيچه,Duştiçe
دوشتچه,Duştiçe
طوتلى,Dutlu
ضُوير,Duvayr
ضُوَيرْ,Duvayr
ضُويَرْ,Duvayr
دوزيق,Duzik
دُجيل,Düceyl
دجيل,Düceyl
دوكنجى ايلى,Düğüncüili
دوكوويران,Düğüviran
دليم,Düleym
دليم,Düleym
دَليم,Düleym
دَلِيم مع قلعة الرَّمادى,Düleym (Delim) maa Kaletürramadi
انبار,Düleym/Anbar
دَليم,Düleym/Delim
دومرك,Dümrek
دوندار,Dündar
دوندارلو,Dündarlı
دندارلو,Dündarlı
دوندارلو و بلغارلو,Dündarlı ve Bulgarlı
ديندارلوء كبير,Dündarlı/Dindarlı-i Kebir
ديندارلوى كبير,Dündarlı/Dindarlı-yı Kebir
دِينْدَارْلوى كبير,Dündarlı/Dindarlı-yı Kebir
ديندارلوى صغير,Dündarlı/Dindarlı-yı Sagir
دريب,Düreyb
دُرَيب ثلثِ عكّار,Düreyb [maa] Sülüs-i Akkar
دريب ثلث عكار,Düreyb [maa] Sülüs-i Akkar
درّ فرامان,Dürr-i Feraman
دوشنبه,Düşenbe
دوشنبه مع سكر,Düşenbe maa Senir
دشمن ايلى,Düşmanili
دويريج,Düveyric
طويريج,Düveyric
دورك,Düvrek
دوزجه,Düzce
قوكره پا,Düzce (Konrapa)/Düzcepazarı
دوزجه مع  اقچه شهر,Düzce maa Akçaşehir
دوزجه مع قوكرپا,Düzce maa Konrapa
قوكرپا مع اسكوبى,Düzce maa Üskübi/Konrapa maa Üskübi
قوكره پا مع اسكوبى,Düzce maa Üskübi/Konrapa maa Üskübi
نفس دوزجه,Düzce merkez
دوزجه بازار,Düzce/Düzcepazar
قوكرپا,Düzce/Konrapa
دوزجه,Düzce/Konrapa
قوكره پا,Düzce/Konrapa
قوكرپه,Düzce/Konrapa
دياقوپو,Dyakopo
دياپلو,Dyapolo
ديابلون,Dyapolo/Dyabolon
دياپلى,Dyapolo/Dyapoli
ابا الابياض,Eba el-Ebyaz
ابر,Eber
ابش,Ebeş
ابهر,Ebher
ابى الححا,Ebilhaha
ابرومان,Ebruman
ابو على,Ebuali
ابو عريش,Ebuariş
ابو عَرِيش,Ebuariş
ابو عريش,Ebuariş
نفس ابو عريش,Ebuariş merkez
ابو جوارير,Ebucevarir
جوارز,Ebucevarir/Cevariz
البو جوارير,Ebucevarir/Elbucevarir
ابو جِرْجَه مع بَهْنَسَا,Ebucirce maa Behnesa
ابو جِرْجَه مع بَهْنَسا,Ebucirce maa Behnesa
ابو فرح عميش,Ebuferah Amiş
ابو غربه,Ebugarbe
شط ابو غربه,Ebugarbe/Şatt-ı Ebugarbe
شطّ ابو غربه,Ebugarbiye/Şatt-ı Ebugarbe
ابو غريب,Ebugureyb
ابو قلقل,Ebukalkal
ابو كبير,Ebukebir
ابو كَلْتِك,Ebukeltik
ابو كمال,Ebukemal
البو كمال,Ebukemal/el-Bukemal
البو كمال,Ebukemal/Elbukemal
ابو قبيس,Ebukubeys
ابو لعد,Ebulad
ابو لاد,Ebulad
ابو لاد,Ebulad
ابوالحصيب,Ebulhasib
ابوالخصيب,Ebulhasib
ابوالخير,Ebulhayr
ابوالخير بوجاق,Ebulhayr/Ebulhayr-ı Bucak
ابوالحسر,Ebulhisar
بول هسر,Ebulhisar/Bulhiser
ابو القلوع,Ebulkalu
ابو مردفه,Ebumirdefe
ابو مورينا,Ebumurina
ابو مرنيع,Ebumurina/Ebumerini
ابو موسى,Ebumusa
بوموز,Ebumusa/Bumuz
ابن موسى,Ebumusa/İbn-i Musa
ابو مطاره,Ebumutara
ابو موتارا,Ebumutara
ابو ردوع,Eburadu
ابو روبا,Eburuba
ابو سعفه,Ebusafe
ابو صحين,Ebusahin
ابو سراى,Ebusaray
ابو شجر,Ebuşecer
ابو شد,Ebuşedd
ابو شوكه,Ebuşevke
ابو شوق قيالرى,Ebuşevke (Ebuşevk) Kayaları
ابو شوقر,Ebuşukar
ابو طاهر,Ebutahir
ابو تج,Ebutic
ابو نجه,Ebutic/Ebunece
اجه آباد,Eceabad
اجه آباد,Eceabad
آجه آباد,Eceabad
اجه اباد,Eceabad
أجه آباد,Eceabad
اجه اباد,Eceabad
اجه اباد,Eceabad
نفس اجه آباد,Eceabad merkez
اجه اباد و مايدوس,Eceabad ve Maydos
اجه اواسى,Eceabad/Eceovası
اجه اوآسى,Eceabad/Eceovası
اجى آباد,Eceabad/Eciabad
اجى اباد,Eceabad/Eciabad
اجمده,Ecmede
اوچ كليسا,Eçmiyazin/Üçkilise
ئه ده,Ede
اَدفو,Edfu
اَدْفُو مع اِبْرِم,Edfu maa İbrim
ادرنه,Edirne
ادرنه,Edirne
ادرنه,Edirne
ادرنه,Edirne
ادرنه مع  جسر مصطفى پاشا,Edirne maa Cisr-i Mustafapaşa
ادرنه مع قرق كليسا,Edirne maa Kırkkilise
ادرنه مع نواحى,Edirne maa Nevahi
نفس ادرنه,Edirne merkez
محروسۀ ادرنه,Edirne merkez/Mahruse-i Edirne
شهر ادرنه,Edirne merkez/Şehr-i Edirne
الحقات ادرنه,Edirne/İlhakat-ı Edirne
ميرميران,Edirne/Mirimiran
پاشا,Edirne/Paşa
ادرميد,Edremid
ادره ميد,Edremid
ادرميد,Edremid
نفس ادرميد,Edremid merkez
افاميه,Efamiye
افكره,Efkere
كسى,Efkere/Gesi
افلاق,Eflak
افلَاقْ,Eflak
ولايت افلاق,Eflak Vilayeti
افلاق بزرك,Eflak-ı Büzürk
افلاق بزرگ,Eflak-ı Büzürk/Eflak-ı Büzürg
افلاك كوچك,Eflak-ı Küçük
قره افلاق,Eflak-ı Küçük/Kara Eflak
افلاقان,Eflakan
افلاقان موصتار,Eflakan-ı Mostar
افلاقان روجه,Eflakan-ı Rofça/Eflakan-ı Rovce
افلاقان ولق ايلى,Eflakan-ı Vılkili
افلاقان زوبچه,Eflakan-ı Zubçe
افلاقلر,Eflaklar
افلانى,Eflani
افلانى بورلى,Eflani-i Borlu
افلانى,Eflani-i Borlu/Eflani
آفلانئ بولى,Eflani-i Borlu/Eflani-i Bolu
افلانئ بولى,Eflani-i Borlu/Eflani-i Bolu
افلانى بولى,Eflani-i Borlu/Eflani-i Bolu
آفلانئ طاطاى,Eflani-i Daday
افلانى طاطاى,Eflani-i Daday
افلانى,Eflani-i Daday/Eflani
افلانى مع طاطاى,Eflani-i Daday/Eflani maa Daday
اولانى,Eflani/Evlani
افسوس,Efsus
يارپوز,Efsus/Yarpuz
يارپوز,Efsus/Yarpuz
افتانا اطه جقلرى,Eftana Adacıkları
افتني,Efteni
افتنى,Efteni
آفتنه,Efteni/Aftene
اكه جك,Eğercik/Eğecik
اكرجلى,Eğercili
اكرسك,Eğersek
اكهازش بل,Eğihazeşbel
اكيل,Eğil
أكيل,Eğil
اگيل,Eğil
اَكِيلْ,Eğil
اكل,Eğil
نفس اكيل,Eğil merkez
اكين,Eğin
اگين,Eğin
اكين مع پشادى,Eğin maa Puşadı
كماليه,Eğin/Kemaliye
اكينه,Eğine
اكنه,Eğine
اكنه,Eğine
اژين,Eğine (Ejin)/Atina
اكينه,Eğine/Atina
اطنه,Eğine/Atina
اجينه,Eğine/Ecine
اكين,Eğine/Egin
اژين,Eğine/Ejin
اپكينه,Eğine/Epkine
اينه,Eğine/Eyne
اكردير,Eğirdir
اكردر,Eğirdir
اكيردر,Eğirdir
اگردر,Eğirdir
اكيردير,Eğirdir
اڭردر,Eğirdir
اكردير مع جزيرۀ نيس,Eğirdir maa Cezire-i Nis
نفس اكردير,Eğirdir merkez
اكدير,Eğirdir/Eğdir
اكيردور,Eğirdir/Eğirdür
اكدير,Eğirdir/İğdir
اكرى,Eğri
اكره مع سچان,Eğri maa Seçen/Eğre maa Seçan
نفس اكرى,Eğri merkez
اكري و حطوان,Eğri ve Hatvan
اكره,Eğri/Eğre
اكرى بجاق,Eğribucak
اكرى بوجاق,Eğribucak
اكرى بوجق,Eğribucak
اگرى بوجاق مع قوژانى,Eğribucak maa Kozana (Kojani)
اكرى بوجاق,Eğribucak/Kozana
اكرى طاغ,Eğridağ
اكرى دره,Eğridere
اكرى دره,Eğridere
نفس اكرى دره,Eğridere merkez
يايلا,Eğridere/Yayla
اكريكوز,Eğrigöz
اكرى كوز,Eğrigöz
اگرى كوز,Eğrigöz
اكرى كوز مع امد,Eğrigöz maa Emed
اكرى كوز مع قصبۀ امد,Eğrigöz maa Kasaba-i Emed
اكرى كوز و سماو,Eğrigöz ve Simav
اكرى دره,Eğrigöz/Eğridere
اكريكوز,Eğrigöz/Emed
امد,Eğrigöz/Emed
اگرى گوز,Eğrigöz/Emed
اكري قپو,Eğrikapı
اڭري قپو,Eğrikapı
اكريلر,Eğriler
اكرى اوغلى,Eğrioğlu
اكرى پلانقه,Eğripalanka
اكرى دره,Eğripalanka/Eğridere
اگرى دره,Eğripalanka/Eğridere
اكرى دره,Eğripalanka/Eğridere
اكرى دره,Eğripalanka/Eğridere/Bayrampaşakalesi
اكرى دره,Eğripalanka/Eğridere/Bayrampaşapalankası
اكرى دره پلنقه سى,Eğripalanka/Eğriderepalankası
پلنقه,Eğripalanka/Palanka
پلانقه,Eğripalanka/Palanka
پلنقۀ اكرى دره,Eğripalanka/Palanka-i Eğridere
اكريوار,Eğrivar
اكروار,Eğrivar
احد,Ehad
اكباز,Ekbaz
اكه جك,Ekecik
اكجك,Ekecik
ايه جك,Ekecik/Eyecik
اكنجك,Ekincik
اكراد,Ekrad
اكراد لك,Ekrad-ı Lek
اكراد و كليس,Ekrad/Ekrad ve Kilis
اكرادلك,Ekradlık
اكرادلك,Ekradlık/Çorumkürdü
اكرك,Ekrek
اكرنه,Ekrene
اكرتو,Ekretu (?)
اكرتو,Ekretu/Hemidbaru (?)
هميدبارو (؟),Ekretu/Hemidbaru (?)
اكسانوس,Eksanos
العبشيره,el-Abşire
العماير,el-Amayir
جزيرة العماير,el-Amayir/Ceziretülamayir
العرض,el-Araz
العين,el-Ayn
البوع,el-Bu
البدير,el-Budeyr
البدير,el-Budeyr/Şuha Meliha
البقيعه,el-Bukaya
البوثر,el-Buser
الجارم,el-Carim
الجريف,el-Cerif
الجنينا,el-Cüneyna
جنر,el-Cüneyna/Cener
الفيحاء,el-Feyha
الفيحا,el-Feyha
الفزيه,el-Fezaye
الفزايه,el-Fezaye
الغشا,el-Gaşa
الحوار,el-Havar
الحوار و دوحة,el-Havar ve Davha
الحاواز,el-Havar/el-Havaz
الحله,el-Hille
القصر شمير,el-Kasru Şemir
القصر ام الامير,el-Kasru Ümmilemir
القرايين,el-Kurayin
المناظ,el-Minaz
الازيرج,el-Uzeyric
الازبريج,el-Uzeyric
الازمرج,el-Uzeyric
الازبرج,el-Uzeyric
الازيريج,el-Uzeyric
بنى اسد,el-Uzeyric/Beniesed
الازبرج,el-Uzeyric/el-Ezbiric
الواحات,el-Vahat
الواح,el-Vahat/Elvah
الوجه,el-Vech
الوسيم,el-Vesim
الوسيم اسكله سى,el-Vesim/el-Vesimiskelesi
الافونيزى,Elafonizi
الافو نيزى,Elafonizi
دلافوغ,Elafonizi/Dalafuğ
الافونيسى,Elafonizi/Elafonisi
اَلْبَه,Elbe
البستان,Elbistan
البستان مع افسوس,Elbistan maa Efsus
البجه,Elebce
الفتار,Eleftar
الوثرا,Eleftar/Elosra
له فته ويده,Eleftar/Leftevide
النه,Elene
اَلَنَه,Elene
پله,Elene/Pele
ئه له ئوس,Eleos
القوصى,Eleos/Elekosi
الوس,Eleos/Elos
فنار,Eleos/Fener
ليوز فنار,Eleos/Liyozfener
الشكرد,Eleşkird
الشكرد,Eleşkird
آلشگرد,Eleşkird (Aleşgird)/Toprakkale
نفس الشكرد,Eleşkird merkez
الاژكرد,Eleşkird/Alajgird
طوپراق قلعه,Eleşkird/Toprakkale
الفين,Elfin
الى اشتر,Elieşter
اليكه,Elige
اليزا,Eliza
الاصا,Eliza/Elasa
الاسسا,Eliza/Elassa
پلاسه,Eliza/Plasa
الكريملو خاس,Elkerimlühas
الما طاغى,Elma
الماجق,Elmacık
الما طاغى,Elmadağı
الما,Elmadağı/Elma
المالو,Elmalı
آلمالو,Elmalı
المالى,Elmalı
المالي,Elmalı
المه لو,Elmalı
نفس المالو,Elmalı merkez
المالو و پير عزيز,Elmalı ve Piraziz
آلمالو,Elmalı/Almalı
الما,Elmalı/Elma
المالى دره,Elmalıdere
الملو,Elmalıdere/Elmalı
المالى,Elmalıdere/Elmalı
المدين,Elmedin
الوس,Elos
الوسس,Eloses
الوان چلبى,Elvançelebi
الوانلى,Elvanlı
الوانلو,Elvanlı
الوانلى و قالكلو,Elvanlı ve Kalınlı
الويۀ ثلثه,Elviye-i Selase
اماليپوليس,Emalipolis
امينه بالقانى,Emine Balkanı
امير,Emir
امير طاغى,Emirdağı
عزيزيه,Emirdağı/Aziziye
جبل امير,Emirdağı/Cebel-i Emir
موصليجه,Emirdağı/Musluca
امرلر,Emirler
اميرلر,Emirler
امير سعيد,Emirsaid
املا,Emla
املاك,Emlak
ديوان املاك,Emlak/Divan-ı Emlak
امرود آباد,Emrudabad
امرود اباد,Emrudabad
آرمود اووا,Emrudabad/Armudova
امرود ايلى,Emrudabad/Emrudili
كومچ,Emrudabad/Gömeç
الناحشا,en-Nahşa
النحوه,en-Nahve
النفارى,en-Nefari
انچتى,Ençiti
اندرون بار,Enderun-ı Bar
اندرون قلعۀ قمنيچه,Enderun-ı Kale-i Kameniçe
اندرون قلعۀ  مژي بوژى,Enderun-ı Kale-i Mejiboji
اندرون يازلوفچه,Enderun-ı Yazlofça
اَندرسْ,Endiris
آندرس,Endiris/Anderis
اندريش,Endiris/Endiriş
اندريك,Endrik
واروش اندريك,Endrik/Varoş-ı Endrik
اندلس,Endülüs
انفه,Enfe
انكيس,Engis
انكوجك,Engücek
انهم,Enhem
انزل,Enzel
اپانو,Epano
اپانو مريه,Epano/Epanomarye
الرياض,er-Riyad
ارامل,Eramil
اربعه,Erbaa
اربعه,Erbaa
اربعه,Erbaa/Herek
هرك,Erbaa/Herek
اربعه,Erbaa/Herek
اراك,Erbaa/İrek
ايرك,Erbaa/İrek
ايراك,Erbaa/İrek
صونيسا و ايراك و طاش آباد و قره يقه,Erbaa/Sonisa ve İrek ve Taşabad ve Karayaka
ازنيق,Erbea/İrik (İznik)
اربيل,Erbil
اربل,Erbil
اربل مع تلعفر,Erbil maa Telafer
سلطانيه,Erbil Sultaniye/Sultaniye
سلتانيه,Erbil Sultaniye/Sultaniye
اوريل,Erbil/Avril
ارجيش,Erciş
آرجيش,Erciş
اَرْجيش,Erciş
ارجش,Erciş
ارجيش حيدرانلى عشيرتى,Erciş Haydaranlı Aşireti
اكانس,Erciş/Ağanis
ارجياس,Erciyes
ارچار,Erçar
ارچك,Erçek
ارجك,Erçek/Ercek
ارچل,Erçel
ارجل,Erçel/Ercel
ارجيل,Erçel/Ercil
اردبيل,Erdebil
اردك,Erdek
اَرْدَكْ,Erdek
اردك مع قپو طاغى,Erdek maa Kapudağı
نفس اردك,Erdek merkez
اردك و قپو طاغى,Erdek ve Kapudağı
اردل,Erdel
اردل ولايتي,Erdel Vilayeti
اردلان,Erdelan
اردود,Erdud
اردوت,Erdud/Erdut
ارج,Erec
اركلى,Ereğli
نفس اركلى,Ereğli merkez
اركلئ آق دكز,Ereğli-i Akdeniz
اركلى,Ereğli/Akgöl
ارن كوى,Erenköy
ارنكوى,Erenköy
ارنكوي,Erenköy
عيدكيرمز,Erenköy/İtgirmez
ارش,Ereş
ارغنى,Ergani
ارغني,Ergani
اَرْغنى,Ergani
ارغنى مع حساران,Ergani maa Hasaran
ارغنى مع  كبان معدنى,Ergani maa Kebanmadeni
ارغنى مع قواجيلر سرملى حضران,"Ergani maa Kovacılar Sürmeli, Hasaran (Hazaran)"
ارغنى مع ناحيۀ خساران,Ergani maa Nahiye-i Hasaran
ارغنى مع نواحى و حضران,Ergani maa Nevahi ve Hasaran (Hazaran)
نفس ارغنى,Ergani merkez
عثمانيه,Ergani/Osmaniye
ارغنى معدنى,Erganimadeni
نفس ارغنى معدنى,Erganimadeni merkez
نفس معدن,Erganimadeni merkez/Maden merkez
معادن,Erganimadeni/Maadin
معادن همايون,Erganimadeni/Maadin-i Hümayun
معدن,Erganimadeni/Maden
معدن,Erganimadeni/Maden
معدن ارغنى,Erganimadeni/Maden-i Ergani
معدن همايون,Erganimadeni/Maden-i Hümayun
اركه,Erge
ارحب,Erhab
بلاد ارحب,Erhab/Bilad-i Erhab
ارحمى,Erhami
اريحا,Eriha
اريحه / اريحا,Eriha
اريحه,Eriha
آريحا,Eriha/Ariha
ريحا,Eriha/Riha
ريحه,Eriha/Riha
اركلي,Erikli
اركلى,Erikli
اريمونيسوس,Erimonisos
ارينيا,Eriniya
آرينى,Eriniya/Arini
اريسوس,Erisos
اركنك,Erkenek
اركلت,Erkilet
اركنس,Erkinis
اركنيس,Erkinis
ارمناك,Ermenek
ارمناك مع نواحى,Ermenek maa Nevahi
نفس ارمناك,Ermenek merkez
آرمناك,Ermenek/Armanak
ايرمناك,Ermenek/İrmenek
ارمنيك,Ermenik
ارملك,Ermenik/Ermelik
ايرمنيك,Ermenik/İrmenik
ارمنى كوى,Ermeniköy
ارمني بازاري,Ermenipazarı
ارمني,Ermenipazarı/Ermeni
ارمنى,Ermenipazarı/Ermeni
پازارجق,Ermenipazarı/Pazarcık
بازارجق,Ermenipazarı/Pazarcık
ارمنيه,Ermeniye
ارميشه,Ermişe
آق ميشه,Ermişe/Akmişe
ارنيج,Erniç
اره نج,Erniç/Ereniç
ارسك,Ersek
هرسقه,Ersek/Herseka
ارسيس,Ersis
ارشوشين,Erşuşin
ارطاش,Ertaş
ار طوشيان,Ertuşiyan Aşireti
اروه,Eruh
اروه,Eruh
نفس اروه,Eruh merkez
آروچ,Eruh/Aruç
ده,Eruh/Dih
ارزن,Erzen
ارزين,Erzin
ارزنجان,Erzincan
ارزنجان مع قورى چاى وكرجانس,Erzincan maa Kuruçay ve Gercanis
ارزنجان مع قوزاى ارزنجان,Erzincan maa Kuzeyerzincan
ارزنجان مع قوزاى ارزنجان,Erzincan maa Kuzeyerzincan
ارزنجان مع قوزاى,Erzincan maa Kuzeyerzincan/Erzincan maa Kuzey
نفس ارزنجان,Erzincan merkez
ارزينه,Erzine
ارزنه,Erzine
ارضروم,Erzurum
ارض روم,Erzurum
اَرضْ رُومْ,Erzurum
نفس ارضروم,Erzurum merkez
نفس ارض روم,Erzurum merkez
ارضروم اووه جق,Erzurum Ovacık
اووه,Erzurum Ovacık/Ova
اوه,Erzurum Ovacık/Ova
اووه,Erzurum Ovacık/Ova
اووه جق,Erzurum Ovacık/Ovacık
اواجق,Erzurum Ovacık/Ovacık
اوواجق,Erzurum Ovacık/Ovacık
ارض روم و بايبورد و كماخ,Erzurum ve Bayburd ve Kemah
ارزن الروم,Erzurum/Erzenürrum
ارض روم اباد,Erzurum/Erzurumabad
ارضروم اوه سى,Erzurum/Erzurumovası
اسابعِ كربه,Esabi-i Kerbe
اسبوب,Esbub
اسد اباد,Esedabad
اسداباد,Esedabad
اسفاتى,Esfati
اسكره,Eskere
اسكى,Eski
اسكئ بالا,Eski-i Bala
اسكى بوقه اطه لرى,Eskibuka Adaları
اسكى جمعه,Eskicuma
جمعه,Eskicuma/Cuma
جمعۀ عتيق,Eskicuma/Cuma-i Atik
جمعۀ عتيق,Eskicuma/Cuma-i Atik
جمعه بازارى,Eskicuma/Cumapazarı
خيره بولى,Eskicuma/Hayrabolu
اسكدير,Eskidir
اسكى غرانبوسه,Eskigranbusa
اغرياغرابوزا,Eskigranbusa/Agriya Grabuza
اغريا غرانبوسه,Eskigranbusa/Agriya Granbusa
اغرياقرابوزا,Eskigranbusa/Agriya Krabuza
غرانبوزه,Eskigranbusa/Granbuza
اسكى حصار,Eskihisar
اسكيحصار,Eskihisar
اسكى ايل,Eskiil
اسكي ايل,Eskiil
اسكى ايل مع آقچه شهر و دربند خوطن,Eskiil maa Akçaşehir ve Derbend-i Hotamış (Derbend-i Hotan)
اسكيشهرمع اقشهر,Eskiil maa Akçaşehir/Eskişehir maa Akşehir
اسكيشهر مع يكى ايل,Eskiil maa Akçaşehir/Eskişehir maa Yeniil
اسكى ايل مع قريش اوزى,Eskiil maa Kureyşözü
اسكى كلى,Eskikili
اسكى كيلى,Eskikili/İsmail
اسكى قوچكرى,Eskikoçgiri
قوجكيرى,Eskikoçgiri/Koçgiri
قوچكوپرى,Eskikoçgiri/Koçgiri (Koçköprü)
قاواليور,Eskimekri/Kavaliyor
قاداليوز,Eskimekri/Kavaliyor (Kadalyoz)
مكرى,Eskimekri/Mekri
اسكى منداروس,Eskimendaros
اسكى مندروس,Eskimenderos
اسكى منده روس,Eskimenderos
اسكى موصل,Eskimusul
اسكي موصل,Eskimusul
اسكى موصل مع حسن كيف,Eskimusul maa Hısn-ı Keyf
اسكى ناغوريچ,Eskinagoriç
اسكى پاره,Eskipara
اسكى پولوس,Eskipolos
اسكى سوده,Eskisuda
ماناتى اطه جغى,Eskisuda/Manati Adacığı
اسكيشهر,Eskişehir
اسكى شهر,Eskişehir
اسكيشهرمع قره جه شهر,Eskişehir maa Karacaşehir
اسكى شهر مع قرجه شهر,Eskişehir maa Karacaşehir
نفس اسكيشهر,Eskişehir merkez
اسقلاونيه,Esklavonya
اسله مز,Eslemez
اسمر,Esmer
اسنه,Esne
اسپيه,Espiye
اسرك,Esrik
استرغون,Estergon
استورغون,Estergon
اوسترغون,Estergon
استرغون,Estergon
اُوستُرغُونْ,Estergon/Ostorgon
استورغون,Estergon/Ostorgon
اُسْتُرغُونْ,Estergon/Ostorgon
اوستورغون,Estergon/Ostorgon
اوستروغون,Estergon/Ostorogon
اوستروغون,Estergon/Ostorogon
الشبوك,eş-Şubuk
اشك,Eşek
اشك,Eşek
غودارو,Eşek (Godaro)/Fener
غايدارو,Eşek/Gaydaro
غايدورنيسى,Eşek/Gaydoranisi
غايدورونيسي,Eşek/Gaydoronisi
غايدرونيسي,Eşek/Gaydoronisi
غودارو,Eşek/Godaro
كوچك,Eşek/Küçük/Godaro
اشكلر,Eşekler!
اشن,Eşen
أشن,Eşen
اشن,Eşen/Döğer
اشمه,Eşme
اشمه,Eşme
اشمه مع اناى,Eşme maa İnay
اشمه مع سلندى و انار و سركه,Eşme maa Selendi ve Enar (İnay) ve Sirge
نفس اشمه,Eşme merkez
اشرف,Eşref
اشرفى اطه لرى,Eşrefi Adaları
اطراف شهر,Etraf-ı Şehir
اطرافشهر,Etraf-ı Şehir
اطراف شهري مدلّلى,Etraf-ı Şehr-i Midilli
اتراكيۀ بزرك,Etrakiye-i Büzürk
اتره (؟),Etre (?)
اترپول,Etrepol
اتره پول,Etrepol
اتره بول,Etrepol
اتروپول,Etrepol
اتره بولى,Etrepol/Etrebolu
اتره بولى,Etrepol/Etrepoli
پولى,Etrepoli/Poli
اوجله,Evcile
اوجله,Evcile
اوجله و جالو,Evcile ve Calu
اُوجَلَه و جالُو,Evcile ve Calu/Evcele ve Calu
اُوجَلَه,Evcile/Ucele
اوجيلر,Evciler
اوديم,Evdim
اودم,Evdim
اوديم,Evdim
اودِيمْ,Evdim
اوديمو,Evdim/Evdimo
اوه رك,Everek
اوقاف,Evkaf
اوقاف,Evkaf
اولادِ محمود,Evlad-ı Mahmud
اورنجك,Evrencik
اورن دره سى,Evrenderesi
اورنيه,Evrenye
اورانيه,Evrenye
اوره شه,Evreşe
اورشه,Evreşe
آوْرَشه,Evreşe
اودرشه,Evreşe/Evderşe
اورشه أيلى,Evreşe/Evreşeili
اورشل,Evreşe/Evreşil
اوره شه,Evreşe/Kavak
اورى,Evri
ادرى,Evri/Edri
اوريه اونيس,Evriyeonis
جوان,Evriyeonis/Civan
يهودى,Evriyeonis/Yahudi
ايمير,Eymir
ايمر,Eymir
اينه سيل,Eynesil
ايوب ايلى,Eyübili
ايّوب ايلى,Eyübili
ايوب,Eyübili/Eyüb
ايوان,Eyvan
ابى ايوب انصارى,Eyyüb-i Ensari/Ebi Eyyüb-i Ensari
ايّوب,Eyyüb-i Ensari/Eyyüb
خاصهاء استانبول,Eyyüb-i Ensari/Hasha-i İstanbul
خواص رفيعه,Eyyüb-i Ensari/Havass-ı Refia
الظفير,Ez-Zafir
الضهاير,ez-Zahayir
ديرقال,ez-Zahayir/Dirkal
ازبيدر,Ezbider
ازبدر,Ezbider
ازبدر بالا,Ezbider/Ezbider-i Bala
ازينه,Ezine
اذينه,Ezine
ازينۀ قاز طاغى,Ezine (Ezine-i Kazdağı)/İnepazarı
اينه,Ezine (İne)/Ezinepazarı
نفس اذينه,Ezine merkez
اينه اباد,Ezine-i Ayasluğ (Ayasluğ)/İneabad
اذينه,Ezine-i Ayasluğ/Ezine
اينه آباد,Ezine-i Ayasluğ/İneabad
اينه باد,Ezine-i Ayasluğ/İneabad
اينه اباد,Ezine-i Ayasluğ/İneabad
اَيْنه باد,Ezine-i Ayasluğ/İneabad (Eyneabad)
آينه آباد,Ezine-i Ayasluğ/İneabad (Eyneabad)
اَيْنه آباد,Ezine-i Ayasluğ/İneabad (Eyneabad)
ازينۀ قاز طاغى,Ezine/Ezine-i Kazdağı
ازينۀ قازطاغى,Ezine/Ezine-i Kazdağı
ازينه بازارى,Ezine/Ezinepazarı
اذينه,Ezine/Ezinepazarı
اينه جك,Ezine/İnecik
اينه بازارى,Ezine/İnepazarı
اذينه,Ezine/İnepazarı
اذينه,Ezine/Kazdağı
ازينه,Ezine/Kazdağpazarı
ازنه بازارى,Ezinepazarı
ازينه بازارى,Ezinepazarı
اذينه پازارى,Ezinepazarı
ازينه پازارى,Ezinepazarı
اذينه بازارى,Ezinepazarı
ازينه پازار,Ezinepazarı/Ezinepazar
ازينه بازار,Ezinepazarı/Ezinepazar
زينه,Ezinepazarı/Zine
ازنارد,Eznard
ازرع,Ezra
ازرع,Ezra
فاجت,Facet
فحران,Fahran
فقاز,Fakaz
فقه,Fakih
فاكيه,Fakiye
فاكيه,Fakiye
فالچي مع هوش,Falçi maa Huş
فالقونرا,Falkonera
فاقونيزه,Falkonera/Fakonize
فلاقونرا,Falkonera/Falakonera
قالقونارا,Falkonera/Kalkonara
قالقونرا,Falkonera/Kalkonera
پوليقور,Falkonera/Polikor
فالوجه,Faluce
قالوغه,Faluce/Kaluga
فالوه,Falva
فانى,Fani
فانو,Fano
قانو,Fano/Kano
فراغونيس,Faragonis
قراغونيس,Faragonis/Karagonis
فونديقونيس,Fare/Fondikonis
پتاليده,Fare/Patalide
پونديقونسى,Fare/Pondikonisi
پونديقونيسى,Fare/Pondikonisi
پنديقونيزى,Fare/Pondikonizi
پونتقونيزى,Fare/Pontikonizi
فارسى,Farisi
فارسكه,Fariske
فاس,Fas
فسول,Fasul (?)
فاش,Faş
فاشه,Faş/Faşe
پوطى,Faş/Poti
پوتى,Faş/Poti
فاشر,Faşir
فشط,Faşt
فاتر,Fatir
فاتسه,Fatsa
فاتسه مع صاتلمش,Fatsa maa Satılmış
فاتسه و سركش و كش دره سى و ميدان,Fatsa ve Serkis (Serkeş) ve Keşderesi ve Meydan
اسكلۀ فاتسه,Fatsa/İskele-i Fatsa
صاتلمش,Fatsa/Satılmış
صاتلمش مزيد بك,Fatsa/Satılmış-ı Mezidbey
فاو,Fav
فاوانيانا,Favanyana
فكورنيك,Fegivernik
فهرطو,Feherto
فكه,Feke
فكه,Feke
نفس فكه,Feke merkez
فلجه تين,Felcetin
فلكه,Felege
فلمنك ولايتي,Felemenk Vilayeti
فلنبل,Felenbel
فلانبل,Felenbel/Felanbel
فلوجه,Felluce
فلناق,Felnak
فل نميت,Felnemit
فلشوح,Felşöç (Felşöh (?))
ملشوحه,Felşöç (Melşoha (?))
فلشمارت,Felşömart
فلشمارته,Felşömart/Felşömarta
فلشو صولنق,Felşösolnok
فلتوت,Feltot/Tutniçe
توتنچه,Feltot/Tutniçe
فناريس,Fenaris
فنارس,Fenaris
فنارس مع افراز,Fenaris maa İfraz
فنارى مع افراز فنارى,Fenaris maa İfraz-ı Fenaris/Fenari maa İfraz-ı Fenari
فنار,Fener
فنار مع  پارغه,Fener maa Parga
فنار و قرديجه,Fener ve Kardiçe
فنارلك,Fenerlik
فنارليك,Fenerlik/Kaştel
فنغارى,Fengari
فنك,Fenk
فنوقس پنائييا,Fenokas Panayiya
فرافر,Ferafer
اور,Ferahkirman/Or
فرار,Ferar
فرار,Ferar
فرسان,Ferasan
فرسان,Ferasan
فرسان كبير,Ferasan-ı Kebir
فرسان صغير,Ferasan-ı Sagir
فارسان,Ferasan/Farasan
فراوار,Feravar
فره جك,Ferecik
فَره جِك,Ferecik
فرموده,Fermude
فرموده و ابو الخير مع  بوجاق,Fermude ve Ebulhayr maa Bucak
مرفوده,Fermude/Merfude
فراقين,Ferrakin
فرح,Ferruh
فرشوط,Ferşut
فَرْشُوطْ,Ferşut
فرتك,Fertek
فرور,Ferur
فسلكه,Fesleğe
فسلكى,Fesleğe/Fesleki
فسلكه,Fesleke
فسلكان,Feslikan
فسلكا و كرمه,Feslikan (Fesleka) ve Gereme
فسلكان كره م,Feslikan/Feslikan-ı Kerem
فسلكان كرم,Feslikan/Feslikan-ı Kerem
فساطو,Fessatu
فَساطو,Fessatu
فسطو,Fessatu
فشنه,Feşne
فَشْنَه,Feşne
مشت,Feşne/Meşt
فشت ام جناح,Feşt-i Ümm-i Cinah
فشت العديد,Feştüladid
فتح اسلام,Feth-i İslam
فتح الاسلام,Feth-i İslam (Fethulislam)/Kladova
فتح الاسلام,Feth-i İslam/Fethulislam
فتح الاسلام,Feth-i İslam/Fethulislam
واروش فتح الاسلام,Feth-i İslam/Varoş-ı Fethulislam
فتحيه,Fethiye
فتحيۀ طرّۀ جزاير,Fethiye/Fethiye-i Turra-i Cezayir
قلعۀ فتحيّه,Fethiye/Kale-i Fethiye
مگرى,Fethiye/Meğri
فتحيه,Fethiye/Mekri
مكرى,Fethiye/Mekri
نفس مكرى,Fethiye/Mekri merkez
طرّۀ جزاير,Fethiye/Turra-i Cezayir
طرۀ جزاير,Fethiye/Turra-i Cezayir
فوق الطّريق,Fevkattarik
فيلك,Feylek
فائلقا,Feylek/Faileka
فلج,Feylek/Felec
فليقه,Feylek/Filika
فيلم,Feylem
فيوم,Feyyum
فَيُّوم,Feyyum
فيّوم,Feyyum
فَيُومِيّه,Feyyum/Feyyumiye
فيوميه,Feyyum/Feyyumiye
فَيُّومِيه,Feyyum/Feyyumiye
فندقلى,Fındıklı
فرات,Fırat
فراتيه,Fıratiye
فرقى,Fırkı
فرنس,Fırnıs
فرنيس,Fırnıs
جغلغان,Fırnıs/Çağlağan
فرنوز,Fırnıs/Fırnoz
قارنوس,Fırnıs/Karnos
قارنوس,Fırnıs/Karnos
فرط,Fırt
فرت,Fırt
فرط,Fırt
فرط مع شامى,Fırt maa Şami
فرط مع شاملى,Fırt maa Şami/Fırt maa Şamlı
فرط مع شامى,Fırt maa Şami/Susığırlık
فرط مع شامى,Fırt maa Şami/Susığırlık
فرط,Fırt/Susığırlık
صو صغيرلق,Fırt/Susığırlık
فيدوز,Fidoz
فيدوزا,Fidoz/Fidoza
فكله,Fiğle
فكله,Fikle
فكله مع اوسكودر,Fikle maa Üsküdar
فيلات,Filat
فلات,Filat
فيليات,Filat/Filyat
فله,File
فالقود,File/Falkod
فالقوندى,File/Falkondi
فلك,Filek
فيلك,Filek
فلبه,Filibe
فلبه,Filibe
فلبه,Filibe
فلبه مع ناحيۀ كوپسى,Filibe maa Nahiye-i Küpsi
فلبه مع نواحى,Filibe maa Nevahi
نواحى مع  فلبه,Filibe maa Nevahi/Nevahi maa Filibe
نفس فلبه مع نواحى,Filibe merkez maa Nevahi
فلنه,Filibe/Filine
فليقور,Filikor
فليپ,Filip
فليب,Filip/Filib
فليپين اطه لرى,Filipin Adaları
فليپ ويل,Filipvil
فيلنوس,Filnos
فيلوس,Filnos/Filos
فلوميئا,Filomia
فيليوس,Filyos
فلياس,Filyos/Filyas
فيمناكى,Fiminaki
فندك,Findik
فنديك,Findik
فنيكه,Finike
فينكه,Finike
فنكه,Finike
فِنِكَه,Finike
فنكه مع اكدير و قارديج,Finike maa İğdir ve Kardiç
فنكه و اكردير و قارديچ,Finike ve İğdir (Eğirdir) ve Kardiç
فينقوس,Finikos
فينيقوس,Finikos
فردنه,Firdena
فره,Fire
فريزويك,Firizovik
فيرزويك,Firizovik
فيروزبك,Firizovik/Firuzbey
فيروز,Firuz
فيروزلى,Firuzlu
فسيرك,Fisirik
فسرك,Fisirik
فسريك,Fisirik
فيتنى,Fitena
فير,Fiyer
فير,Fiyer
فيه رى,Fiyer/Fiyeri
فزان,Fizan
فيزان,Fizan
نفس فزان,Fizan merkez
فَزَان,Fizan/Fezan
فلوردين,Flordin
فيلورينه,Florina
فلورينه,Florina
فلورنه,Florina
نفس فيلورينه,Florina merkez
فيلورينه,Florina/Filorina
فوچه,Foça
فوجه,Foça
فوچه مع الوغ,Foça maa Ulog
فوجه مع الوغ,Foça maa Ulog
فوچه مع وينوغان,Foça maa Voynugan
فوچۀ عتيق,Foça-i Atik
فوچه عتيق,Foça-i Atik
قلعۀ قريجه فوچه,Foça-i Atik/Kale-i Karıcafoça
قرره جه فوچه,Foça-i Atik/Karacafoça
قره فوچه,Foça-i Atik/Karafoça
قريجه فوچه,Foça-i Atik/Karıcafoça
فوچۀ جديد,Foça-i Cedid
فوچه جديد,Foça-i Cedid
قلعۀ يكيجه فوچه,Foça-i Cedid/Kale-i Yenicefoça
يكيجه فوچه,Foça-i Cedid/Yenicefoça
دره پانو,Foça/Drapano
دراپانو,Foça/Drapano
اوراق,Foça/Orak
بازار فوچه,Foça/Pazar-ı Foça
واروش فوچه,Foça/Varoş-ı Foça
فوچتين,Foçateyn
فوچه تين,Foçateyn
فوجتين,Foçateyn
فوجتين,Foçateyn
نفس فوچه تين,Foçateyn merkez
فوچۀ عتيق و جديد,Foçateyn/Foça-i Atik ve Cedid
فوچه لر,Foçateyn/Foçalar
فوكارد,Fogarad
فوقونس,Fokonis
فوكونيسى,Fokonis/Fokonisi
قوكينيس,Fokonis/Kokinis
قوكنيس,Fokonis/Kokinis
فول,Fol
بيوك ليمان,Fol/Büyükliman
فول دره سى,Fol/Folderesi
فونيا,Foniya
فونيه,Foniya
فونود,Fonod
فورمنترا,Formentera
فورميقا,Formiçe/Formika
فورميچه,Formiçe/Formikula
قورميچا,Formiçe/Kormiça
فورور,Forur
فوطه,Fota
فاطه,Fota/Fata
كوكجن,Fota/Gökçen
فوتيانيسى اطه جغى,Fotiyanisi Adacığı
فوون,Foven
فوينيچه,Foyniçe
فوينچه,Foyniçe
قونيچه,Foyniçe/Koniçe
بازار فوينيجه,Foyniçe/Pazar-ı Foyniçe
بازار فوينچه,Foyniçe/Pazar-ı Foyniçe
بازار قونچه,Foyniçe/Pazar-ı Foyniçe (Koniçe)
فودوار,Födvar
فراغوستين,Fragostin
فراغوستن,Fragostin
فراغوستى,Fragostin/Fragosti
فرانچه ولايتي,Françe Vilayeti
فرانقونيس,Frankonis
قراغونيس,Frankonis/Fragonis
فرانقونيسى,Frankonis/Frankonisi
فرانقونيزى,Frankonis/Frankonizi
فرانسز,Fransız
فراشارى,Fraşari
فرشارى,Fraşari
فراشر,Fraşari/Fraşer
فرنك حصارى,Frenkhisarı
فرنك حصارى,Frenkhisarı
فرنك حصار,Frenkhisarı/Frenkhisar
فرنك قستلى,Frenkkasteli
فوباس,Fubas
فُوباس,Fubas
فرمة عده,Furme Udde
فورنى طاقم اطه لرى,Furni Takımadaları
فورنيس,Furnis
فوشتان,Fuştan
فطيسه,Futayse
فتوح,Fütuh
فتوح بني رجال,Fütuh/Fütuh-ı Benirical
فوه,Füve
فُوه,Füve
ربض و قليعه,Füveyrisat/Rabaz u Kuleya
غباغب,Gabagıb
غباغب,Gabagıb
غبله,Gabele
غابله,Gabele
غبله,Gabele
غابس,Gabis
قابس,Gabis/Kabis
قابص,Gabis/Kabis
قابز,Gabis/Kabiz
قابضه,Gabis/Kabiza
غبروه,Gabrova
غَبْرُوَه,Gabrova
غابرووه,Gabrova
غاچه,Gaça
غاجه,Gaça
اجى يوركى,Gaça/Acıyorgi
غاچقه,Gaçka
غاجقه,Gaçka
غاچقو,Gaçka/Gaçko
غدامس,Gadamis
غَدَامِس,Gadamis
غَدامُس,Gadamis/Gadamus
غدوه,Gadduva
غَدْوه,Gadduva
غادارو,Gadoro
غفرياد,Gaferyad
غفرياد,Gaferyad/Mahmudlar
غاغرى,Gagri
غاغارى,Gagri/Gagari
غلطه,Galata
غلاطه,Galata
غلاط,Galata/Galat
محميۀ غلطه,Galata/Mahmiye-i Galata
غالغوفجه,Galgofça
غالغوفچه,Galgofça
غالقوفجه,Galgofça/Galkofça
غليته,Galite
جالته,Galite/Calite
غاليت,Galite/Galit
غامد,Gamid
غماس,Gammas
غنم,Ganem
غانوس,Ganos
غانوز,Ganos/Ganoz
غنوز,Ganos/Ganoz
غرژغال,Garajgal
كرژغال,Garajgal
غريژغال,Garajgal/Garijgal
غارن (؟),Garan (?)
غرارو,Gararo
غرازو,Garazo
غرب,Garb
غرب جانبى عربانى,Garb Canibi Urbanı
غرب و عمركان,Garb ve Ömerkan
غرب اقصى,Garb-ı Aksa
غرب اعلا,Garb-ı Ala
غرب جنوبى,Garb-ı Ala/Garb-ı Cenubi
غرب ابي عسي,Garb-ı Ebi İsa
غرب فوقانى,Garb-ı Fevkani
غرب ميون,Garb-ı Miyun
غرب شمالى,Garb-ı Şimali
غرب تحتانى,Garb-ı Tahtani
غربه و رحبه,Garbe ve Rahbe
غربئ امد,Garbi-i Amid
غرب,Garbi-i Amid/Garb
غرب,Garbi-i Amid/Garb
غاربين,Garbin
غربيه,Garbiye
غَرٌبِيّه,Garbiye
غريبه,Garbiye/Garibe
غارديجقو,Gardiçko
غارديك,Gardik
غره,Gare
غزه,Gare/Gaze
غرغر,Gargar
كارنى,Garni
غراف,Garraf
غرّاف,Garraf
غراق و رسله و صافيه,Garraf (Garrak) ve Resle ve Safiye
غراف و رسله و صافيه,Garraf (Garrak) ve Resle ve Safiye
غراق,Garraf/Garrak
غريان,Garyan
غُرْيان,Garyan
غرزان,Garzan
غرزان,Garzan
غرزان مع حصن كيف,Garzan maa Hısn-ı Keyf
نفس غرزان,Garzan merkez
خرزان,Garzan/Harzan
غاسقا,Gaska
خاسقا,Gaska/Haska
غسطون,Gastun
غات,Gat
غطايى,Gatayi
غاواليانى,Gavalyani
غاواثى,Gavasi
غواثى,Gavasi
غاندوروالى,Gavasi/Gandorovali
غواتى,Gavasi/Gavati
غاودو,Gavdo
غاودو,Gavdo/Avlis
غاودوس,Gavdo/Gavdos
غورا,Gavdo/Gavra
غوتذو,Gavdo/Gavtzo
غاوذو,Gavdo/Gavzo
غاوذوس,Gavdo/Gavzos
غوچو,Gavdo/Goço
غاودوپلو,Gavdopulo
غاودوپولو,Gavdopulo
انديغوچو,Gavdopulo/Andigoço
كاودول,Gavdul
قاورسپاثا,Gavorsipasa
غور,Gavr
كاوروان,Gavrevan
غاوريون,Gavriyon
غادارو,Gaydaro
غايدارو,Gaydaro
اشك,Gaydaro/Eşek
غايدارونيسى,Gaydaro/Gaydaronisi
غايدورا,Gaydaro/Gaydora
غايذارو,Gaydaro/Gayzaro
خايدارونيمى,Gaydaro/Haydaronimi
غايدارونيس,Gaydaronis
غايدارونيسى,Gaydaronisi
غايذارونيسى,Gaydaronisi/Gayzaronisi
غايدرونيزى,Gaydaronizi
قدرينه,Gaydaronizi/Kadarine
قايدرو,Gaydaronizi/Kaydaro
غايذارو,Gayzaro
غازى كرمان,Gazikirman
غازيلر اوا جغى,Gazilerovacığı
غازورونيس,Gazoronis
غازورونيسى,Gazoronis/Gazoronisi
غزه,Gazze
غزّه,Gazze
غزه مع خانِ يونس,Gazze maa Hanyunus
غزّه و رمله,Gazze ve Remle
عزه ورمله ومجدل,Gazze ve Remle ve Mecdel
غزه و رمله و مجدل,Gazze ve Remle ve Mecdel
غزه ورمله ومجدل,Gazze ve Remle ve Mecdel
غزيه آل قشعم (؟),Gazziye/Gazziye-i Al-i Kaşam (?)
كبه مه,Gebeme
كبمه,Gebeme
كبامه,Gebeme
كبان,Geben
كبن,Geben
كبيز,Gebiz
كبز,Gebiz
كچكه,Geçge
كجكه,Geçge
كچوان,Geçvan
كجوان,Geçvan
كيچوان,Geçvan/Giçvan
كدك,Gedik
كدكچبوق,Gedik-i Çubuk
كدك چبق,Gedik-i Çubuk
گدكجبك,Gedik-i Çubuk
كدكچبق,Gedik-i Çubuk
كدكجيق,Gedik-i Çubuk
كدك جبيق,Gedik-i Çubuk/Gedik-i Çıbık
كديك اباد,Gedik-i Çubuk/Gedikabad
كدوك,Gedik/Gedük
كديز,Gediz
كدوس مع قصبۀ شبخانه,Gediz (Gedüs) maa kasaba-ı Şabhane
گدوس مع قصبۀ شبخانه,Gediz (Gedüs) maa Kasaba-i Şabhane
كدوس مع مضافات,Gediz (Gedüs) maa Muzafat
كدوس مع مضافات,Gediz (Gedüs) maa Müzafat
نفس كدوس,Gediz (Gedüs) merkez
كيدوس مع قصبۀ شبخانه,Gediz (Gidos) maa kasaba-i Şabhane
كيدوس و شابخانه,Gediz (Gidos) ve Şabhane
كدوس,Gediz/Gedüs
گدوس,Gediz/Gedüs
كدوز,Gediz/Gedüz
كديز,Gediz/Serabad
كدوس,Gedüs
ككبوزه,Gekboze
گگبوزه,Gekboze
ككبويزه و يوروس,Gekboze (Gekbovize) ve Yoros
ككبوزه مع طاش كوپرى,Gekboze maa Taşköprü
كبزه,Gekboze/Gebze
ككبويزه,Gekboze/Gekbovize
ككيبوزه,Gekboze/Gekiboze
كلدكلان,Geldiklan
كلدكلان,Geldiklan
گلدكلان,Geldiklan
نفس كلدكلان,Geldiklan merkez
اباد,Geldiklan/Abad
كلدكون,Geldiklan/Geldiğün
كلدكلان اباد,Geldiklan/Geldiklanabad
قوزاى,Geldiklan/Kuzey
قوزى,Geldiklan/Kuzey
ظره,Geldiklan/Zara
زاره,Geldiklan/Zara
زارى,Geldiklan/Zarı
كلنبه,Gelenbe
كله نبه,Gelenbe
باش كلمبه,Gelenbe/Başgelembe
باش كلمبه,Gelenbe/Başgelenbe
باش گلنبه,Gelenbe/Başgelenbe
كلمبه,Gelenbe/Gelembe
كلنجك,Gelencik
كلندوس,Gelendos
كلانكرن,Gelengeren (?)
كليبولى,Gelibolu
گليبولى,Gelibolu
گليبولى,Gelibolu
كليبولي,Gelibolu
كليبولي,Gelibolu
كليبولى مع نواحئ بولاير,Gelibolu maa  nevahi-i Bolayır
كليبولى مع اجه اباد و قصبۀ سد البحر و كليد البحر,Gelibolu maa Eceabad ve Kasaba-i Seddülbahir ve Kilidülbahir
كليبولى مع نواحى,Gelibolu maa Nevahi
كليبولى مع نواحئ بولاير,Gelibolu maa nevahi-i Bolayır
نفس كليبولى,Gelibolu merkez
كليكوزان,Geligüzan
گلناغاج مع قصروق مع كردخبر,Gelinağaç ve Kasruk maa Kirdhaber
كلنكراس,Gelingiras
گلنكراس,Gelingiras
كلكيراس,Gelingiras/Geligiras
كلكراس,Gelingiras/Geligiras
كليكراس,Gelingiras/Geligiras
كلنكراز,Gelingiras/Gelinkiraz
كليوره,Gelivera
كمرك,Gemerek
كميلى,Gemili
كمليك,Gemlik
كمليك,Gemlik
كمليك و مدانيه,Gemlik ve Mudanya
كنجه,Gence
كنجه قره باغ,Gence/Gence-i Karabağ
قلعۀ كنجه,Gence/Kale-i Gence
كنجه بصان,Gencebasan
كنجه لى,Genceli
كنجلى,Genceli
نفس كنجه لى,Genceli merkez
كنج,Genç
كنج,Genç
نفس كنج,Genç merkez
كنجه,Genç/Gence
كنجه,Genç/Gence
كيخ,Genç/Kih
كرجانس,Gercanis
كرجانيس,Gercanis
گرجانس,Gercanis
كرجانس مع  كماح,Gercanis maa Kemah
نفس كرجانيس,Gercanis merkez
كرجانيس كماح,Gercanis/Gercanis-i Kemah
كرجانش,Gercanis/Gercaniş
رفاهيه,Gercanis/Refahiye
كرجوش,Gercüş
كردى,Gerdi
كردى [مع] هريكى,Gerdi [maa] Heriki
كردى مع  هريكى,Gerdi maa Heriki
كردى هريكى,Gerdi maa Heriki
كردى هريلى,Gerdi maa Heriki/Gerdiherili
كرديك,Gerdik
كرده,Gerede
كره ده,Gerede
گرده,Gerede
نفس كره ده,Gerede merkez
كره ده لى,Geredeli
كرمه,Gereme
گرمه,Gereme
كرانس,Gerenis
كيرانس,Gerenis
كركيس,Gerenis
كيركز,Gerenis/Gireniz
كرانش,Gerenis/Kiraniş
كرانيش,Gerenis/Kiraniş
كيره كز,Gerenis/Kireniz
كركر,Gerger
گرگر,Gerger
كركر و كاخته,Gerger ve Kahta
كركر صمصاد,Gerger/Gerger-i Samsad
گرينه,Gerine
كرينه بولكه سى,Gerine bölgesi
بلكۀ گرينه,Gerine/Bölge-i Gerine
كزنده,Gerine/Gezende
كريش,Geriş
كريز يقاسى,Gerizyakası
كرمات,Germat
كرمه,Germe
كرمنجك,Germencik
كرميلى,Germili
كرمتر,Germiter
كرميان,Germiyan
كرموجك,Germücek
كريه,Gerye
كرزه,Gerze
كرزه و سراى,Gerze ve Saray
كرزه,Gerze/Kasaba
قصبه,Gerze/Kasaba
كوار,Gevar
كوار,Gevar
گور,Gevar
كور,Gevar
ديزه,Gevar/Dize
ديزه,Gevar/Dize
كوارسليم,Gevarselim
كوار,Gevarselim/Gevar
كواش,Gevaş
كواش,Gevaş
كواش,Gevaş
كواش رشاديه,Gevaş Reşadiye
رشاديه,Gevaş Reşadiye/Reşadiye
كويج,Gevaş!/Geviç
واسطان,Gevaş/Vastan
واسطان,Gevaş/Vastan
وسطان,Gevaş/Vastan
وستان,Gevaş/Vastan
كونلو,Gevenli
كَوَانْلُو,Gevenli
كوانلو,Gevenli/Gevanlu
كوزيد,Gevezid
كوه زيد,Gevezid
كوه زيد و معادن اربعه مع  قره حصار شرقى,Gevezid ve Maadin-i Erbaa maa Karahisar-ı Şarki
دوز كوزيد,Gevezid/Düzgevezid
كاوزيد,Gevezid/Gavezid
صيرت كوزيد,Gevezid/Sırtgevezid
كوكيلى,Gevgili
كوكيلى,Gevgili
نفس كوكيلى,Gevgili merkez
كيكل عشيرتى,Geygil Aşireti
كيكل و مودانلى جماعتلرى,Geygil ve Modanlı Cemaatleri (?)
كيك,Geyik
كيكلر,Geyikler
گيكلر,Geyikler
كيكلر,Geyikler/Dinar
دينار,Geyikler/Dinar
كيكلى,Geyikli
كييكلى,Geyikli
كيره,Geyre
كيوه,Geyve
گَيْوه,Geyve
گيوه,Geyve
گَيْوَه,Geyve
كيوه,Geyve
كيوه مع اق حصار,Geyve maa Akhisar
نفس كيوه,Geyve merkez
كزه مع زپره نه,Geze (?) maa Zeprene (?)
كزين,Gezin
غفاره (؟),Gıfara (?)
غرباوه,Gırbava
غرباوچه,Gırbavçe
غربلان,Gırbelan
غربلان,Gırbelan
غرغروفچه,Gırgorofça
غرغوروفچه,Gırgorofça
غرغورفچه,Gırgorofça
غورغورفجه,Gırgorofça/Gorgorofça
قرغورفچه,Gırgorofça/Kırgorafça
كچكلى,Gicikli
گيل,Gil (?)
كيلان,Gilan
كيلان,Gilan
گيلان,Gilan
گِيلان,Gilan
كلان,Gilan
كيلان مع  نوه برده,Gilan maa Novabırda
نفس كيلان,Gilan merkez
كيلاني,Gilan/Gilani
كيلان,Gilan/Gölhan
كيلان,Gilan/Morava
كلنديره,Gilindire
كلنديره,Gilindire
كلندره,Gilindire
كيموش,Gimoş
كنارس,Ginares
كندهرك,Gindehrek
كينولى,Ginolu
كنولى,Ginolu
كنولو,Ginolu
كين اوغلو,Ginolu/Ginoğlu
كراى,Giray
كيره جك,Girecik
كره كوسك,Giregösek
كيره كوز,Giregöz
كيره كوز,Giregöz
كوكدره,Giregöz/Gökdere
كره كى,Gireği
كركى,Gireği
كيركى,Gireği
كره كى و التون طاش,Gireği ve  Altıntaş
كرم,Girem
كره سون,Giresun
كيره سون,Giresun
گيره سون,Giresun
كراسون,Giresun/Girasun
كيره سين,Giresun/Giresin
كره سن,Giresun/Giresin
قلعۀ كراسون,Giresun/Kale-i Giresun
قره سى كره سون,Giresun/Karesi Giresun
كريد,Girid
كريد,Girid
كريد,Girid
گِرِيد,Girid
گريد,Girid
كيرد,Girid
كرد,Girid
گريد,Girid
جزيرۀ كريد,Girid/Cezire-i Girid
جزيرۀ كريد,Girid/Cezire-i Girid
كريت,Girid/Girit
كرنكير,Giringir
كرمكى,Girmeği
بوجاق,Girmeği/Bucak
كرمگى,Girmeği/Bucak
بوجاق كرملى,Girmeği/Bucak Girmeli
كرمگي نام ديكر  بوجاق مع نواحئ ميللو و قره حَوْض,Girmeği/Bucak maa nevahi-i Milli ve Karahavz
بوردور بوجاق,Girmeği/Burdur Bucak
كرنه,Girne
چرينه,Girne/Çerine
كرينه,Girne/Gerine
گَرِينَه,Girne/Gerine
گرينه,Girne/Gerine
كرينيه,Girne/Gireniye
كيرنيه,Girne/Gireniye
كرنيه,Girne/Gireniye
كِرَنيه,Girne/Gireniye
كرينه,Girne/Girine
كلادره,Gladra
غلامه,Glama
غلاما,Glama
غلاموج,Glamoç
غلاموچ,Glamoç
غلارو,Glaro
كلارو,Glaro
غلارو,Glaro
قلارو,Glaro/Klaro
غلارونيسى,Glaronisi
غلارونيسى,Glaronisi
غلاسينچه,Glasinçe
غلاواش,Glavaş
غلوغوفچه,Glogofça
غلوغوسقه,Glogoska
غلوسا,Glosa
غنوينانجه,Gnoynaniçe
غبان,Gobban
غبّان,Gobban
قپان,Gobban/Kapan
قبان,Gobban/Kobban
قپان,Gobban/Koppan
غودارو,Godaro
غودوميليه,Godomilye
غولاق,Golak
غولاق بالا,Golak-ı Bala
غولاق زير,Golak-ı Zir
غولو,Golo
كولو فونوس,Golofonos
غلوس,Golos
غلُوصْ,Golos
غلوس مع ارغلاستى,Golos maa Argalasti
غلوس مع ارغلاستى,Golos maa Argalasti
قولوز,Golos/Koloz
غولباره,Golubara
كومنيجه,Gomaniçe
غنجه ايدين,Goncaaydın
غونچه آيدين مع صارى شيخ,Goncaaydın maa Sarışeyh
غنجه لر,Goncaaydın/Goncalar
كونيه,Goniya
گونيه,Goniya
كونيه مع باطوم,Goniya maa Batum
كُونْيَه,Goniya/Gonya
قونيه,Goniya/Koniya
غوره,Gora
غوراژده,Gorajde
غورژده,Gorajde
بازار غوراژده,Gorajde/Pazar-ı Gorajde
بازار غوراژده,Gorajde/Pazar-ı Gorajde
واروش غوراژده,Gorajde/Varoş-ı Gorajde
غوره مه,Gorama
كوران,Goran
غورانجه,Gorance
غورچى,Gorçi
غورغشفجه,Gorgoşofça
غورغوسفچه,Gorgoşofça/Gurgusefçe
كوري,Gori
كورى,Gori
غوريچه,Goriçe
غوريشده,Gorişde
كورنه دراچه ويچه,Gornadraçeviçe
كورنه قلوقه,Gornaklovka/Baniçe-i Cedid (?)
كورنه قيرايشته,Gornakrayişte
قرايشته,Gornakrayişte/Krayişte
كورنه موراچه,Gornamoraça
كورنه اوبرافچه,Gornaobrafça
كورنه رودينه,Gornarudine
غوريان,Goryan
غوستنچقه,Gostençka
غوستنجقه,Gostençka
غوسنجقه,Gostençka/Gosnecka
غوستنجه,Gostençka/Gostence
غوستيل,Gostil
غوستل,Gostil
غستوار,Gostivar
غوشمانچه,Goşmaniçe
كواور,Govavar
كويان,Goyan
غويساليچه,Goysaliçe
غوساليچه,Goysaliçe/Gosaliçe
كوبكويران,Göbekviran
كوبك ويران,Göbekviran
كوين (؟),Göben (Göyen (?))
كوجك,Göcek
كوچاريد,Göçarid
كوچى,Göçi
كوجئ كبير,Göçi (Göçi-i Kebir)/Fasıllar
كوچئ كبير,Göçi (Göçi-i Kebir)/Fasıllar
گوجيان,Göçi (Göçiyan)/Fasıllar
كوچى,Göçi/Fasıllar
كوچئ كبير,Göçi/Göçi-i Kebir
كوجئ كبير,Göçi/Göçi-i Kebir
كوجى كبير,Göçi/Göçi-i Kebir
كوجئ كبير,Göçi/Göçi-yi Kebir
كودنه,Gödene
كوده يوزى,Gödeyüzü
كوك آباد,Gökabad
گوك آباد,Gökabad
كوك اباد,Gökabad
كول آباد,Gökabad/Gölabad
كول اباد,Gökabad/Gölabad
كوكچه,Gökçe
كوكجه,Gökçe
كوكجه اغاج,Gökçeağaç
كوكچه آغاج,Gökçeağaç
گوكچه آغاج,Gökçeağaç
كوكچه اغاج,Gökçeağaç
كوكجه طاغ,Gökçeağaç/Gökcedağ
كوكجه طاغ,Gökçedağ
گوكجه طاغ,Gökçedağ
كوكچه دكز,Gökçedeniz
سوانقه,Gökçedeniz/Sevanka
گوكچه لو,Gökçeli
كوكچه لو,Gökçeli
كوكچه لى,Gökçeli
كوكجه لو,Gökçeli
كوكجه لو و الوانلو و قالكلو,Gökçeli ve Elvanlı ve Kalınlı
كوكچه,Gökçeli/Gökçe
كوكجه اوزى,Gökçeözü
كوكجه صو,Gökçesu
كوك دره,Gökdere
كوكدره,Gökdere
اردو,Gökdere/Erdü
كوكدين,Gökdin
كوك ايرمق,Gökırmak
كوك اوغلان,Gökoğlan
كوك اووه,Gökova
كوك اورن,Gökören
كوك ايوك,Gököyük
كوك اويوك,Gököyük
گوك اويك,Gököyük
كوك ايوك,Gököyük
كوكصو,Göksu
كوكصى,Göksu
كوكسون,Göksun
گوكسون,Göksun
كوكسون مع  اندرين,Göksun maa Andırın
كوكطاش,Göktaş
گوك طاشلو,Göktaşlı
گوك طاشلو,Göktaşlı
گوك دپه,Göktepe
كول,Göl
كول مع طاطاى,Göl maa Daday
كول مع صورقون,Göl maa Sorkun
گول طاطاى,Göl/Göl-i Daday
كول قصبه سى,Göl/Gölkasabası
كول باشى,Gölbaşı
گولباشى,Gölbaşı
كولجك,Gölcük
كولجك سفلا,Gölcük-i Süfla
كولجك عليا,Gölcük-i Ulya
كول طاغى,Göldağı
كوله,Göle
گوله,Göle
كوله كيرن,Gölegiren
كوله صور,Gölesor
كولحصار,Gölhisar
گول حصار,Gölhisar
كولحصار مع  يايچه,Gölhisar maa Yayçe
كولحصار حميد,Gölhisar-ı Hamid
گول حصار حميد,Gölhisar-ı Hamid
گولحصار حميد,Gölhisar-ı Hamid
كولحصار و ايرله,Gölhisar-ı Hamid (Gölhisar) ve İrle
كولحصار,Gölhisar-ı Hamid/Gölhisar
كول حصار,Gölhisar-ı Hamid/Gölhisar
قلعۀ كولحصار,Gölhisar/Kale-i Gölhisar
واروش كولحصار,Gölhisar/Varoş-ı Gölhisar
واروش قلعۀ كولحصار,Gölhisar/Varoş-ı Kale-i Gölhisar
كول حسين,Gölhüseyin
كوللى,Göllü
كوللجۀ كبير و صغير,Göllüce-i Kebir maa Sagir
گول پازارئ بولى,Gölpazar-ı Bolu
كلبازار بولى,Gölpazar-ı Bolu
كولبازار بولى,Gölpazar-ı Bolu
كول پازارى,Gölpazar-ı Bolu/Gölpazarı
گول پازارى,Gölpazar-ı Bolu/Gölpazarı
كولپازارى,Gölpazar-ı Bolu/Gölpazarı
كولبازارى,Gölpazar-ı Bolu/Gölpazarı
كولپازاربروسه,Gölpazar-ı Bursa
كولبازار بروسه,Gölpazar-ı Bursa
كولپازارى مع لفكه,Gölpazar-ı Bursa (Gölpazarı) maa Lefke
كولبازارى مع لفكه,Gölpazar-ı Bursa (Gölpazarı) maa Lefke
كول,Gölpazar-ı Bursa/Göl
كل,Gölpazar-ı Bursa/Göl
كول,Gölpazar-ı Bursa/Göl
كول پازار,Gölpazar-ı Bursa/Gölpazar
كول پازارى,Gölpazar-ı Bursa/Gölpazarı
كول بازارى,Gölpazar-ı Bursa/Gölpazarı
گول پازارى,Gölpazar-ı Bursa/Gölpazarı
كول بازارى,Gölpazar-ı Bursa/Gölpazarı
كولپازارى,Gölpazar-ı Bursa/Gölpazarı
كول پيكار,Gölpınar
كومبه,Gömbe
كومبه,Gömbe
كومى,Gömü
كونك,Gönek
كونان,Gönen
گونان,Gönen
كونان حميد,Gönen-i Hamid
گونان حميد,Gönen-i Hamid
كونان و كچى بورلو,Gönen-i Hamid (Gönen) ve Keçiborlu
كونان و كجى بورلو,Gönen-i Hamid ve Keçiborlu/Gönen ve Keçiborlu
كونان,Gönen-i Hamid/Gönen
كونان,Gönen-i Hamid/Gönen
گونان قره سى,Gönen/Gönen-i Karesi
كنكوش,Göngöş
كونكوش,Göngöş
كورچين,Görçin
كورجين,Görçin
كوردوس,Gördos
كوردس,Gördos
نفس كوردس,Gördos merkez
كورديز,Gördos/Gördiz
كوردك,Gördük
كوردوك,Gördük
گوردك,Gördük
كوره له,Görele
كوره له,Görele
كوراله,Görele
گوره له مع ياوه بولى,Görele maa Yavebolu
اله كو,Görele/Elegü
الكو,Görele/Elegü
يوه بولى,Görele/Yavebolu
كوركيل,Görgil
كركيل,Görgil
كُرْكيل,Görgil
كوريجه,Görice
گوريجه,Görice
نفس كوريجه,Görice merkez
كوستره,Göstere
كستره,Göstere
ناحيۀ كوستره مع  قيصريه,Göstere maa Kayseriye/Nahiye-i Göstere maa Kayseriye
كوستره,Göstere/Tomarza
كوينك,Göynük
گوينك,Göynük
كونيك,Göynük
كوينوك,Göynük
كوينك,Göynük
كونيك مع  كيغى,Göynük maa Kiğı
كوينك,Göynük/Torbalı
گوينك,Göynük/Torbalı
طوربالى كوينك,Göynük/Torbalı Göynük
كوز / كور,Göz (Gür (?))
كوزنه,Gözene
كوزه نه,Gözene
كوزه نه,Gözene/Balyan
كوزنه,Gözene/Balyan
كوزلوه,Gözleve
كوزلوه,Gözleve (?)
كوزلو,Gözleve/Gözlev
كوزلوي,Gözleve/Gözlevi
كوزلوى,Gözleve/Gözlevi
غره,Gra
غرا,Gra
غراب,Grab
غره بونه,Grabuna
غراداچچ,Gradaçaç
غرادچاچ,Gradaçaç
غراداجاج,Gradaçaç
غرادجاج,Gradaçaç
غراداجاچ,Gradaçaç
غراچاچ,Gradaçaç/Graçaç
غرادچاچه,Gradaçaç/Gradçaça
غرادچاچ,Gradçaç
غرادچاج,Gradçaç
غرادجاج,Gradçaç
غرادچانيچه,Gradçaç/Gradçaniçe
قلعۀ غرادچاچ,Gradçaç/Kale-i Gradçaç
واروش قلعۀ غرادچاچ,Gradçaç/Varoş-ı Kale-i Gradçaç
غرادچانيچه,Gradçaniçe
غرادجانيجه,Gradçaniçe
غرادچانچه,Gradçaniçe
غرادچانيچه مع  غرادچاچ,Gradçaniçe maa  Gradçaç
غراچانيچه,Gradçaniçe/Graçaniçe
غرادچاينيچه,Gradçaniçe/Gradçayniçe
غرادشقه,Gradişka
غرادشقي,Gradişka
غراديشقه,Gradişka
قلعۀ غراديشقه,Gradişka/Kale-i Gradişka
قلعۀ غرادشقه,Gradişka/Kale-i Gradişka
واروش قلعۀ غرادش,Gradişka/Varoş-ı Kale-i Gradiş
واروش قلعۀ غرادشقه,Gradişka/Varoş-ı Kale-i Gradişka
غراديشته,Gradişte
غرادشته,Gradişte
غراهوه,Grahova
غراهوه,Grahova
غرامتيك,Gramatik
غراماتك,Gramatik
غراماتيك,Gramatik
غرامسا,Gramisa
پراصو,Gramisa/Praso
غرامش,Gramiş
غرامش,Gramiş
غرانبوسه,Granbusa
غرانبوسه,Granbusa
غرانبوسه,Granbusa
غرانبوزه,Granbusa/Granbuza
اغرانبوسه,Granbusa/Igranbusa
قره پوصه,Granbusa/Krapusa
غراندس,Grandes
غراندس,Grandes/Darada
غرارى,Grandes/Grari
قرنده,Grandes/Karanda
مه غاسنيسى,Grandes/Megasinisi
غرانيچه,Graniçe
غرانچه,Graniçe
غراووزا,Gravuza
كره بنه,Grebene
غره بنه,Grebene
گربنه,Grebene
گره بنه,Grebene
كرا بنه,Grebene
كره بنه,Grebene
نفس كره بنه,Grebene merkez
كره بنه,Grebene/Grevena
غريلوسسا,Grilussa
غونلونيس,Grilussa/Gonolonis
غوبن,Guben
غوغوه,Gugova
غلام,Gulam
كُولَه,Gule
كوله,Gule
غولت,Gulet
غوماره,Gumara
غومارا,Gumara
غراب,Gurab
غوراب,Gurab
غرغرم,Gurgurum
غوسينه,Gusine
غوسينه مع ناحيۀ دربناق,Gusine maa Nahiye-i Drobnak (?)
غوشته,Gusine/Goşta
غوشنه,Gusine/Guşine
غوسطا,Gusta
غسطا,Gusta
غوسط,Gusta/Gust
كشتاسب,Guştasb
غوطه,Guta
غوتا جيدان,Guta Cidan
قطة جمدان,Guta Cidan/Kıta Cemdan
غوطه و المرج,Guta ve'l-Merc
غوطه الشام,Guta/Gutatüşşam
غوت البونا,Gutalbünna
كودول,Güdül
كدول,Güdül
كودل,Güdül
كوكرجين,Güğercin
كوكرجين اطه لرى,Güğercin Adaları
كوكرجنلك,Güğercinlik
گوگرجنلك,Güğercinlik
كوكرجنليك,Güğercinlik
گوگرجنلك,Güğercinlik
ديمتوقه,Güğercinlik/Dimetoka
گوگرجنلك,Güğercinlik/Dimetoka
كوكرجنلك,Güğercinlik/Dimetoka
قلعۀ كوكرجنلك,Güğercinlik/Kale-i Güğercinlik
واروش كوكرجنلك,Güğercinlik/Varoş-ı Güğercinlik
كلعنبر,Gülanber
گلعنبر,Gülanber
نفس كلعنبر,Gülanber merkez
گلعنبر و علوجه مع وارماوا نام ديگر خُرّم آباد,Gülanber ve Alevce maa Varmava nd. Hürremabad
گل,Gülanber/Gül
كل بغچه,Gülbağçe
كلبرد,Güleberd
كولك,Gülek
چام الاكى,Gülek/Çamalanı
كليكان,Gülikan
كلستان,Gülistan
كوللك,Güllük
كول لك,Güllük
كلنار,Gülnar
كلنار,Gülnar
گلنار,Gülnar
گلنار نام ديكر شِلِنْدِرَه مع بلكۀ بوزآغاج و بلكۀ يوركان و بلكۀ گرينه,Gülnar maa bölge-i Bozağaç ve bölge-i Yörükan ve bölge-i Gerine/Şilindire
گلنار نام ديكر شلندره مع بلكۀ بوزآغاج و بلكۀ يوركان و بلكۀ كرينه,Gülnar maa bölge-i Bozağaç ve bölge-i Yörükan ve bölge-i Gerine/Şilindire
كلنار مع كورة النور,Gülnar maa Küretünnur
نفس كلنار,Gülnar merkez
كلناراووه جق,Gülnar Ovacık
اووه جق,Gülnar Ovacık/Ovacık
اوواجق,Gülnar Ovacık/Ovacık
كلنوس,Gülnos
كل دپه,Gültepe/Güldepe
كلود,Gülüd
كوملان,Gümelen
كوملجنه,Gümülcine
كمولجنه,Gümülcine
كملجنه,Gümülcine
كوملجنه,Gümülcine
كوملجنه مع قيرجه لو,Gümülcine maa Kırcaali (Kırcali)
گوملجنه مع نواحى طاغ اردى و دارى دره و آغريجان,Gümülcine maa nevahi-i Dağardı ve Darıdere ve Ağrıcan
نفس كوملجنه,Gümülcine merkez
شهر,Gümülcine/Şehir
كموش,Gümüş
كومش,Gümüş
كمش,Gümüş
كموش مع آرمود ايلى,Gümüş maa Armudili
كمش مع حاجى كوى,Gümüş maa Hacıköy
گومش مع قباقوز و گورگى,Gümüş maa Kabakoz ve Güreği
كموش معدن,Gümüş/Gümüşmaden
كموش معدن همايون,Gümüş/Gümüşmaden-i Hümayun
كموش معدنى,Gümüş/Gümüşmadeni
معدن سيم,Gümüş/Maden-i Sim
كمش آباد,Gümüşabad
كمش اباد,Gümüşabad
گومش اباد مع افتنى,Gümüşabad maa Efteni
كومشجك و اغ اويق,Gümüşcük ve Ağoyuk
كموشكون,Gümüşgün
كموش حاجى كوى,Gümüşhacıköy
كمش حاجى كويى,Gümüşhacıköy
نفس كموش حاجى كوى,Gümüşhacıköy merkez
كموش حاجى كويى,Gümüşhacıköy/Gümüşhacıköyü
كمش حاجى كويى,Gümüşhacıköy/Gümüşhacıköyü
حاجى كوى,Gümüşhacıköy/Hacıköy
حاجى كويى,Gümüşhacıköy/Hacıköy
خاجيكوى,Gümüşhacıköy/Hacıköy
حاجى كويى,Gümüşhacıköy/Hacıköyü
كموشخانه,Gümüşhane
كمشخانه,Gümüşhane
كمشحانه,Gümüşhane
گومشخانه,Gümüşhane
گومشخانه مع نواحئ طورل,Gümüşhane maa Nevahi-i Torul
نفس كمشخانه,Gümüşhane merkez
كمشخانۀ تيره بولى,Gümüşhane/Gümüşhane-i Tirebolu
كشخانه,Gümüşhane/Güşhane
كمشخانه,Gümüşhane/Torul
كوندوز,Gündüz
كوندوزلى,Gündüzlü
كوندزلى,Gündüzlü
كونش,Güneş
كونش ويرانى,Güneş/Güneşviranı
كونشلر,Güneşler
كونشلى,Güneşli
كوناى,Güney
كونى,Güney
كونى,Güney (Ahısha)
كونى,Güney (Ahıstabad)
كونى,Güney (Ardahan-ı Büzürk)
كوني,Güney (Ardahan-ı Küçük)
كونى,Güney (Ardahan-ı Küçük)
كوناى,Güney (Buldan)
كونى,Güney (Kağızman)
كوني,Güney (Oltu)
كونى,Güney (Oltu)
كونى,Güney (Poshov)
كونى مع طاشكبرى,Güney maa Taşköprü
كونى معه ونك,Güney maa Vank
كونى يكيجه سى,Güney Yenicesi
يڭيجۀ گونى,Güney Yenicesi/Yenice-i Güney
گونى,Güney!
گونى,Güney/Sarıgöl
كوني,Güney/Sarıgöl
كونى,Güney/Sarıgöl
كونى جركش,Güneyçerkeş
كونى ارزنجان,Güneyerzincan
كوني ارزنجان,Güneyerzincan
جانب كونى,Güneyerzincan/Canib-i Güney
كونى كماخ,Güneykemah
كونى كماح,Güneykemah
كونى پاسين,Güneypasin
كونى,Güneypasin/Güney
كوني پنبك,Güneypenbek
كوني,Güneypenbek/Güney
كونى طاشكپرى,Güneytaşköprü
كونى,Güneytaşköprü/Güney
كون يوزى,Günyüzü
گونيوزي,Günyüzü
كونيوزى,Günyüzü
كورجه مع بكنويد,Gürce maa Beynevid
كورجه مع بكنويد,Gürce maa Beynevit
كورجستان,Gürcistan
كوره,Güre
كوره,Güre
گوره,Güre
كوره سلندى,Güre [ve] Selendi
كوره مع سركه,Güre maa Sirge
سركه مع  كوره,Güre maa Sirge/Sirge maa Güre
كوره و سلندى,Güre ve Selendi
گورۀ يڭى شهر,Güre-i Yenişehir
كوره,Güre-i Yenişehir/Güre
كوره,Güre/Eşme Güre
كورۀ سلندي,Güre/Güre-i Selendi
كورۀ سلندى,Güre/Güre-i Selendi
كورۀ سلندى,Güre/Güre-i Selendi
كوره سلندى,Güre/Güre-i Selendi
كره,Güre/Yenişehir
كوره لر,Güreler
كورن,Güren
كوران,Güren/Güran
كوزان,Güren/Güzan
كورل,Güril
كوريل,Güril
كورله,Gürle
كوروله,Gürle/Gürüle
كورله,Gürle/Pazarköy
كورله,Gürle/Pazarköyü
بازار كويى,Gürle/Pazarköyü
كورلك,Gürlek
كورلشن,Gürleşen
كرون,Gürün
كورون,Gürün
نفس كرون,Gürün merkez
كورويران,Gürviran
كورزه لك,Gürzelik
كرز الياس,Gürzilyas
كوزل دره,Güzeldere
كوزلحصار ايدين,Güzelhisar-ı Aydın
گوزل حصار آيدين,Güzelhisar-ı Aydın
كوزلحصار ايدين,Güzelhisar-ı Aydın
كوزلحصارايدين,Güzelhisar-ı Aydın
كوزلحصار ايدين,Güzelhisar-ı Aydın
كوزلحصار ايدين مع ناحيۀ قره پيكار,Güzelhisar-ı Aydın maa Nahiye-i Karapınar
كوزلحصار ايدين مع نواحى,Güzelhisar-ı Aydın maa Nevahi
آيدين,Güzelhisar-ı Aydın/Aydın
ايدين,Güzelhisar-ı Aydın/Aydın
كوزلحصار,Güzelhisar-ı Aydın/Güzelhisar
كوزلحصار منمن,Güzelhisar-ı Menemen
گوزل حصار منمن,Güzelhisar-ı Menemen
كوزلجه حصار,Güzelhisar-ı Menemen/Güzelcehisar
كوزلحصار,Güzelhisar-ı Menemen/Güzelhisar
غوزدانسقى,Gvozdanski
حباب,Habab
حبش,Habeş
حَبَشْ,Habeş
حبش,Habeş
حبش و حجاز,Habeş ve Hicaz
حبش و لواء جده و شيخ الحرملك مكّۀ مكرّمه,Habeş ve Liva-i Cidde ve Şeyhülharemlik-i Mekke-i Mükerreme
حبزبينى,Habezbeni
حبزبنى,Habezbeni
حبسمانه,Habsamana
خابس مانه,Habsamana
حبصمانه,Habsamana
حبسمانه مع  بولمان,Habsamana maa Bolaman
حبسمانه و ايباصدى,Habsamana ve Aybasdı
حاپسمانه,Habsamana/Hapsamana
خابور,Habur
حابور,Habur
حَابُور,Habur
جابور,Habur/Cabur
قابور,Habur/Kabur
قاپور,Habur/Kapur
حجه,Hacce
نفس حجه,Hacce merkez
قلعۀ حجه,Hacce/Kale-i Hacce
حجله,Hacele
حجريه,Haceriye
نفس حجريه,Haceriye merkez
حاجى احمد,Hacıahmed/Hacıhalil
حاجى احمدلو,Hacıahmedli
حاجى بهرام,Hacıbehram
حاجى بهرام مع نواحى,Hacıbehram maa Nevahi
حاجى بكتاش,Hacıbektaş
حاجى بكطاش,Hacıbektaş
حاجى بكتاش مع مجور,Hacıbektaş maa Mucur
مجور مع بكتاش,Hacıbektaş maa Mucur/Mucur maa Bektaş
مجور مع حاجى بكتاش,Hacıbektaş maa Mucur/Mucur maa Hacıbektaş
حاجى بكتاش مع يوزده جيان,Hacıbektaş maa Yüzdeciyan
حاجى بكتاش,Hacıbektaş/Yüzdeciyan
حاجى فياض,Hacıfeyyaz
حاجى خليل,Hacıhalil
حاجى حمزه,Hacıhamza
حاجى حمزه,Hacıhamza
حاجى حمزه,Hacıhamza
حاجى حمزه دربندى,Hacıhamza/Hacıhamza Derbendi
حاجى الياس,Hacıilyas
حاجى قره,Hacıkara
حاجيلر,Hacılar
حاجيلر,Hacılar
حاجلر,Hacılar
حاجيلر و توابعى,Hacılar ve Tevabii
حاجيلو,Hacılı
حاجى لى,Hacılı
خاجيلو و كوركجيلو و صارى جام,Hacılı ve Kürkçülü ve Sarıçam
حاجى اوغلى بازارى,Hacıoğlupazarı
بازارجق حاجى اوغلى,Hacıoğlupazarı (Pazarcık-ı Hacıoğlu)/Sofular
حاجى اوغلى,Hacıoğlupazarı/Hacıoğlu
حاجى اوغلى,Hacıoğlupazarı/Hacıoğlu
حاجى اوغلى پازارجغى,Hacıoğlupazarı/Hacıoğlupazarcığı
حاجى اوغلي بازارجغى,Hacıoğlupazarı/Hacıoğlupazarcığı
حاجى اوغلى بازارجغى,Hacıoğlupazarı/Hacıoğlupazarcığı
حاجى اوغلى بازارجغى,Hacıoğlupazarı/Hacıoğlupazarıcığı
پازارجق,Hacıoğlupazarı/Pazarcık
بازارجق,Hacıoğlupazarı/Pazarcık
پازارچق,Hacıoğlupazarı/Pazarcık
حاجى شيخ,Hacışeyh
حاجي شيخ,Hacışeyh
حاجى يوزغاد,Hacıyozgad
حاچين,Haçin
خاچين,Haçin
هاچين,Haçin
حاجين,Haçin
جبل قوزان شرقى,Haçin/Cebel-i Kozan-ı Şarki
خاچين غرغر,Haçin/Haçin-Gargar
حاچين,Haçin/Kozan-ı Şarki
روم,Haçin/Rum
روم ايلى,Haçin/Rumili
روملى,Haçin/Rumlu
صائم بكلى,Haçin/Saimbeyli
حاجين,Haçin/Sığnak
خاچوك,Haçük
حانجوق,Haçük/Hancuk
حانجوك,Haçük/Hancük
حانجول,Haçük/Hancül
قلعۀ حانجوك,Haçük/Kale-i Hancük
حده,Hada
بلاد الحدا,Hada/Biladülhada
الحدا,Hada/el-Hada
خداثى,Hadasi
حد برع,Hadd-i Bera
حداره,Haddare
خادم كوى,Hadımköy
خادم,Hadim
پرلوغنده,Hadim/Pirlavganda
حديثه,Hadise
حفار,Haffar
حفّار,Haffar
جفار,Haffar/Caffar
چغار,Haffar/Çağar
حفارس,Haffar/Haffares
حافيك,Hafik
حافيك,Hafik
حافيق,Hafik
حافيق,Hafik
حافك,Hafik
هافيك,Hafik
نفس حافيك,Hafik merkez
حافيك ايلى,Hafik/Hafikili
حافق ايلى,Hafik/Hafikili
هاويك,Hafik/Havik
قوچحصار,Hafik/Koçhisar
قوچ حصار,Hafik/Koçhisar
حفير,Hafir
خاخو,Haho
حقله,Hakala
حقله,Hakala/Argoma
خاغالا,Hakala/Hagala
صغله,Hakala/Sığla
حقبان,Hakban
حكري,Hakeri
حكرى,Hakeri
حكّرى,Hakeri/Hakkeri
حاكيف,Hakif
خاكف,Hakif
خاكيف,Hakif
دورمروان,Hakif/Durmervan (Dümervan)
خاكيف,Hakif/Dümervan
حاكيف,Hakif/Dümervan
هاكپونيزيا,Hakiponiziya
حاكپونيزيا,Hakiponiziya
حاكپونيزيا,Hakiponiziya/Ayunizi
حاكسى,Hakis/Hakisi
خاكسى,Hakis/Hakisi
رمضان,Hakis/Ramazan
حق على,Hakk-ı Ali
حكارى,Hakkari
حكّارى,Hakkari
حكارى,Hakkari
حكارى چال,Hakkari Çal
چال مع طبال و طورصوب,Hakkari Çal (Çal) maa Dabal ve Torsub (?)
چال مع طيارى,Hakkari Çal maa Tayyar
چال,Hakkari Çal/Çal
نفس حكارى,Hakkari merkez
نفس چوله مرك,Hakkari merkez/Çölemerik merkez
چوله مرك,Hakkari/Çölemerik
چولامرك,Hakkari/Çölemerik
چوله مريك,Hakkari/Çölemerik
وان حكارى,Hakkari/Van Hakkari
حلقه,Halaka
خلقه,Halaka
خلقه لر,Halaka/Halkalar
حلانيّه,Halaniye
خلازومن,Halazomen
حلبه,Halba
حلب,Haleb
نفس حلب,Haleb merkez
حلب الشهبا,Haleb/Halebüşşehba
حالت دلمه,Halet Dalma
حالة دلمه,Halet Dalma
حالت داحه,Halet Dalma/Halet Daha
حالة المبرز,Haletülmüberriz
خلفتى,Halfeti
خالخال,Halhal
خلخلان,Halhalan
حلى,Hali
حليب,Halib
حالد,Halid
خليفه,Halife (?)
حليلان,Halilan
خليل بگلى,Halilbeyli
خليل چاوش,Halilçavuş
خليل پاشا يوردى,Halilpaşayurdu
خليل الرحمن,Halilürrahman
خليل الرحمن,Halilürrahman/Habrun
خليل,Halilürrahman/Halil
حليميه,Halimiye
خالص,Halis
خلقه خاص,Halka-i Has
حلقۀ خاص,Halka-i Has
حلقى حولى,Halkahavlu
خلقلو,Halkalı
خلكان مع حضران,Halkan maa Hadran
حالقونيسى,Halkonisi
حلاچ,Hallaç/Bozada
حللقى,Hallaki
خللقى,Hallaki
خَلتْ مع فَاتِرْ,Hallet maa Fatir
خلت مع فاتر,Hallet maa Fatir
حالون ته سوس,Halontasos
طاوه تس اطه جغى,Halontasos/Tavetes Adacığı
حالول,Halul
حالال,Halul/Halal
حولال,Halul/Hulal
حما,Hama
حما,Hama
نفس حما,Hama merkez
حما و حمص,Hama ve Humus
حما م خمص,Hama ve Humus
حما و معرة النعمان,Hama ve Maarratünnuman
حماه,Hama/Hamah
حمام,Hamam
حمام اوزى,Hamamözü
حميد,Hamid
حميد,Hamid
حميد ايلى مع قضاهاء تركمش,Hamid (Hamidili) maa Kazaha-i Terkemiş
حميد مع بوردر,Hamid maa Burdur
حميد ايلى,Hamid/Hamidili
حميد ايلي,Hamid/Hamidili
حميد ايلي,Hamid/Hamidili
حميد آباد,Hamidabad
حميد بك,Hamidbey/Tahtalı
حميديه,Hamidiye
حميديه,Hamidiye
حميديه,Hamidiye
حميديه قريه سى,Hamidiye karyesi
نفس حميديه,Hamidiye merkez
حمنه,Hamine
خمر,Hamir
بنى صريم,Hamir/Benisuraym
بنى جريم حمر,Hamir/Benisuraym (Benicüreym) Hamir
خمور,Hamir/Hamur
حميص,Hamis
خميس,Hamis
خمس,Hamis
خمسه,Hamise
خميسه,Hamise
خميسيه,Hamisiye
خميسيه,Hamisiye/Şattülmekar
حمام على,Hammam-ı Ali
حمامه,Hammame
قلعۀ حمامه,Hammame/Kale-i Hammame
قلعۀ حُمَامَه,Hammame/Kale-i Hummame
قلعۀ حُمَامه,Hammame/Kale-i Hummame
حمامات,Hammamet
حمار,Hammar
حمّار,Hammar
حماره,Hammare
حمو,Hamo
حامو,Hamo
هامو,Hamo
حمرار,Hamrar
خامور,Hamur
حامور,Hamur
هامور,Hamur
خمور,Hamur/Hacur
حمزه,Hamza
حمزه چمني,Hamzaçimeni
حمزيكان,Hamzikan
خان,Han
حناجره,Hanacire
خناق,Hanak
خانبارجين,Hanbarçın
خان بارچين,Hanbarçın
خانبارچين,Hanbarçın
خان بارچينلو,Hanbarçın (Hanbarçınlu)/Hüsrevpaşa
بارجنلو,Hanbarçın/Barçınlı
خامپارچين,Hanbarçın/Hamparçın
خان,Hanbarçın/Han
خانپارچين,Hanbarçın/Hanparçın
حسرو پاشا,Hanbarçın/Hüsrevpaşa
خندرس,Handırıs
حندرس,Handırıs
خاندريس,Handırıs
حيدروس,Handırıs/Haydaros
خاندرا,Handra
خا ندوش,Handuş
خانقين,Hanekin
حانند بيل,Hanendebil
حاننده بيل,Hanendebil
خانمرود,Hanımrud
حانمرود,Hanımrud
هانى,Hani
هنى,Hani
شهر حانى,Hani/Şehr-i Hani
خانقاه,Hankah
خان كندى,Hankendi
خانلى,Hanlı
حانطومان,Hantuman
حانيه,Hanya
خانيه,Hanya
حانيه,Hanya
نفس حانيه,Hanya merkez
جزيرۀ حانيه,Hanya/Cezire-i Hanya
قلعۀ حانيه,Hanya/Kale-i Hanya
خان يونس,Hanyunus
خرابه,Harabe
خرابه مع صاتو قلعه,Harabe maa Satukale
خرابه و تمزين,Harabe ve Temzin
خرابه و تخرين,Harabe ve Temzin (Tahrin)
حرض,Harad
خاراقا,Haraka
خراله,Harala
حراله,Harala
حرامى,Harami
حرات,Harat
خارات,Harat
حراز,Haraz
نفس حراز,Haraz merkez
جبل حراز,Haraz/Cebel-i Haraz
حربنده لى مع  دكزلى,Harbendeli maa Denizli
حربى,Harbi
حربيه,Harbiye
خردال,Hardal
اقچه قشله,Hardal/Akçakışla
حردان مع قريۀ فاصلۀ اولادِ يوسف,Hardan maa Karye-i Fasıla-i Evlad-ı Yusuf
خارديش,Hardiş
خرويش,Hardiş/Harviş
حرم,Harem
حرمين عشيرتى و پرنك و توفاللو,Haremeyn Aşireti ve Pernek ve Tofallı (?)
حرمين شريفين و يوركان كيره سون,Haremeyn-i Şerifeyn ve Giresun (Yörükan-ı Giresun)
حرمين شريفين,Haremeyn-i Şerifeyn/Kıldonlu
خركون,Hargün
قلعۀ خركون,Hargün/Kale-i Hargün
حارف,Harif
حارف,Harif
بنى حارف,Harif/Beniharif
حارم,Harim
حارم,Harim
حاريم,Harim
حاريم,Harim
حارم,Harim
حاريم و خلقه,Harim ve Halaka
حرير,Harir
حرير و دوني,Harir ve Düvini
حريردوني,Harir ve Düvini/Harir Düvini
حرير و دوين,Harir ve Düvini/Harir ve Düvin
حرير و دون,Harir ve Düvini/Harir ve Düvin
دير حرير,Harir/Deyr-i Harir
ديره,Harir/Deyre
ديره حرير,Harir/Deyre Harir
ديره حرير,Harir/Deyre Harir
ديرۀ حرير,Harir/Deyre-i Harir
ديرۀ حرير,Harir/Deyre-i Harir
حرير,Harir/Hükümet-i Şehran
حرير,Harir/Hükümet-i Şehriyan
حارس,Haris
هارثه,Harise
حارثه,Harise
خارق,Hark
خاك,Hark/Hak
خارج,Hark/Haric
خارقوس,Harkus
خرمنجق,Harmancık
خرمانجق,Harmancık
خرمنجك,Harmancık
خرمنجك,Harmancık
جبل جديد,Harmancık/Cebel-i Cedid
حرمنلى,Harmanlı
هرمانلى,Harmanlı
خرمنلى,Harmanlı
حرمل,Harmil
هارميل,Harmil
حارمل,Harmil
خرناباد,Harnabad
حرنيش,Harniş
هارنيش,Harniş
جاسوس,Harniş/Casus
هرميش,Harniş/Hermiş
خارپوط,Harput
خرپوط,Harput
خرپوت,Harput
خربوت,Harput
حرپوت,Harput
خربروت مع ملاطيه,Harput (Harburut) maa Malatya
خرابرت,Harput/Harabrut
حربرد,Harput/Harburd
خربُرْت,Harput/Harburt
خربرت,Harput/Harburt
حربرت,Harput/Harburt
خربروت,Harput/Harburut
حربورت,Harput/Harburut
حرپورد,Harput/Harpurd
خرپورت,Harput/Harpurt
خرپرت,Harput/Harpurt
حرپرت,Harput/Harpurt
خرپروت,Harput/Harpurut
يكى خرپوت,Harput/Yeniharput
حران,Harran
نفس حران,Harran merkez
حران و چاي قيو,Harran ve Çaykuyu
حران و چاى قيو,Harran ve Çaykuyu
خرّوب نصارا,Harrub-ı Nasara
حارشان,Harşan
خارشيد,Harşid
حارشد,Harşid
خارشيت,Harşid/Harşit
هاشريد,Harşid/Haşrid
خارت,Hart
خرطلب,Hartlab
خرطوم,Hartum
حرتوس,Hartvis
خرتوس,Hartvis
حرتوسكلك,Hartvis/Hartviskelek
هارون,Harun
حارون,Harun
هارون اباد,Harunabad
هارونيه,Haruniye
هارونيه,Haruniye
هارونيّه,Haruniye
حروت,Harut
حرزه,Harze
خوارزم,Harzem/Horzum
حاص,Has
خاص,Has
حسن آباد,Hasanabad
حسن اباد,Hasanabad
حسن بادريك,Hasanbadrık
حسن چلبى,Hasançelebi
دربند حسن چلبى,Hasançelebi/Derbend-i Hasançelebi
حسن طاغى,Hasandağı
جبل حسن,Hasandağı/Cebel-i Hasan
حسن كريشى,Hasangerişi
حسن كريش,Hasangerişi/Hasangeriş
خساني,Hasani
حسانى,Hasani
حسّانيه,Hasani/Hassaniye
حسن قلعه,Hasankale
حسن قلعه,Hasankale
حسن قلعه سى,Hasankale/Hasankalesi
قلعۀ حسن,Hasankale/Kale-i Hasan
پاسين,Hasankale/Pasin
باسين,Hasankale/Pasin
حسن قلعه,Hasankale/Pasin-i Ulya
پاسين عليا,Hasankale/Pasin-i Ulya
پاسين عليا و سفلا,Hasankale/Pasin-i Ulya ve Süfla
پاسين اباد,Hasankale/Pasinabad
پاسينلر,Hasankale/Pasinler
پاسينلر,Hasankale/Pasinler
نفس پاسينلر,Hasankale/Pasinler merkez
حسنلر,Hasanlar
حسن اووه,Hasanova
حسن صويى,Hasansuyu
حسن شيخ,Hasanşeyh
حسن زبان (؟),Hasanzeban (?)
خساران,Hasaran
حصران,Hasaran
حزران,Hasaran/Hazaran
حسبك,Hasbek
خاص بيك,Hasbey
حاصبيا,Hasbeyya
حاصْبَيا,Hasbeyya
حاجيا,Hasbeyya/Haceya
خاص بوغا,Hasboğa
خاصبوغه,Hasboğa
خاصّهاء ارنود,Hasha-i Arnavud
هاس,Hasha-i Arnavud/Has
خاص,Hasha-i Arnavud/Has
حاص,Hasha-i Arnavud/Has
خاصّهاء ارنبود,Hasha-i Arnavud/Hasha-i Arnabud
خاصهاء قضاء ارنود,Hasha-i Arnavud/Hasha-i Kaza-i Arnavud
خواص ارناود,Hasha-i Arnavud/Havass-ı Arnavud
خواص پريزرين,Hasha-i Arnavud/Havass-ı Prizrin
خواص برزرين,Hasha-i Arnavud/Havass-ı Prizrin
خاصهاء استانبول,Hasha-i İstanbul
خاص,Hasha-i İstanbul/Has
خاصلر,Hasha-i İstanbul/Haslar
خواص عليّه,Hasha-i İstanbul/Havass-ı Aliyye
خواص قسطنطينيه,Hasha-i İstanbul/Havass-ı Kostantiniye
خواص قسطنطنيه,Hasha-i İstanbul/Havass-ı Kostantiniye
خواص قسطنطنيّه,Hasha-i İstanbul/Havass-ı Kostantiniye
خاصهاء معادن يانوه,Hasha-i Maadin-i Yanova
حسيچه,Hasiçe
حاسكى,Hasiki
حاسيا,Hasiye
اكنه مصويه,Hasiye/Eğine Masuye
خاصكوى,Hasköy
خاص كوى,Hasköy
خاصكوى,Hasköy
خاصكوى,Hasköy
نفس خاصكوى,Hasköy  merkez
خاص كوى,Hasköy/Eskihisarlık
خاصكوى,Hasköy/Eskihisarlık
خاص كويى,Hasköy/Hasköyü
خاصلر,Haslar
خاصلر,Haslar
خاصلرمع قرچوه,Haslar maa Kraçova
حاصلرمع قرجوه,Haslar maa Kraçova
خاصلرمع قيرچوه,Haslar maa Kraçova
حصر و كبش و ام الرباب,Hasr ve Kebş ve Ümmürrebab
حَصْره,Hasra
حسراس,Hasras
حصرون,Hasrun
خاصه,Hassa
حاسه,Hassa
حاسه مع  درسه,Hassa maa Durse
خاصلر و بنك,Hassa ve Teğek/Haslar ve Benek
حشا,Haşa
حشا,Haşa
حشا مع عماره,Haşa maa Amare
حشا  مع عماره,Haşa maa Amare
هاشميّه,Haşimiye
هاشميه,Haşimiye
حطبلئ كبير,Hatablı-yı Kebir
حطبلئ صغير,Hatablı-yı Sagir
حاطهاز,Hathaz
حته و نسبته,Hatta ve Nisbete (?)
خاتون,Hatun
خاتون ايلى,Hatunili
خاطون ايلى,Hatunili
خا تون سراى,Hatunsaray
خا تونسراى,Hatunsaray
خاتون ايلى,Hatunsaray/Hatunili
خاتون سرايى,Hatunsaray/Hatunsarayı
خاتون ويران,Hatunviran
حطوان,Hatvan
خطوان,Hatvan
خَطوَانْ,Hatvan
حطون,Hatvan
حَطْوَانْ,Hatvan
خاو,Hav
خوابى,Havabi
حوابى,Havabi
خوابي,Havabi
خوابي,Havabi
قلعۀ خوابى,Havabi/Kale-i Havabi
مسورى,Havabi/Misivri
حواله,Havale
كوزلجه,Havale/Güzelce
حواله,Havale/Güzelce
حوالى حطوب,Havali-yi Hutub
حوالى شررا,Havali-yi Şürra
حوان,Havan
هاوانا,Havana
حوار,Havar
هاوار,Havar
قلعۀ هاوار,Havar/Kale-i Havar
خواص,Havas
خواصور,Havasor
حواصور,Havasor
خواسور,Havasor
حواصور,Havasor
كواصور,Havasor/Gevasor
خواص محمود پاشا,Havass-ı Mahmudpaşa
جامع محمود پاشا,Havass-ı Mahmudpaşa/Cami-i Mahmudpaşa
خاصكوى محمود پاشا,Havass-ı Mahmudpaşa/Hasköy-i Mahmudpaşa
خاص محمود پاشا,Havass-ı Mahmudpaşa/Hass-ı Mahmudpaşa
حوصه,Havass-ı Mahmudpaşa/Havsa
حوصا,Havass-ı Mahmudpaşa/Havsa
خوصه,Havass-ı Mahmudpaşa/Havsa
خواص محمود پاشا,Havass-ı Mahmudpaşa/Havsa
حوصه,Havass-ı Mahmudpaşa/Havsa (Hafsa)
حفصه,Havass-ı Mahmudpaşa/Havsa (Hafsa)
نفس خوصه,Havass-ı Mahmudpaşa/Havsa merkez
حوضه,Havass-ı Mahmudpaşa/Havza
محمود,Havass-ı Mahmudpaşa/Mahmud
محمود پاشا حاصكوى,Havass-ı Mahmudpaşa/Mahmudpaşa Hasköy
حواشب,Havaşib
حواطب كبير,Havatıb-ı Kebir
حواشب,Havatıb-ı Kebir/Havaşib
خاوه,Have
هاويك,Havik
حاويك,Havik
هويك,Havik/Hevik
حويض,Haviz
خولان,Havlan
حولان,Havlan
يمانية العليا,Havlan/Yemaniyetülulya
حوران,Havran
خوران,Havran
نفس حوران,Havran merkez
حوران و جبل دروز و رضوان الحاقليه عجلون,"Havran ve Cebel-i Düruz ve Rıdvanülhakileyye, Aclun"
حوران و جيدور,Havran ve Cidur
نفس حوران و جيدور,Havran ve Cidur merkez
حوراه,Havrullah
هورالله,Havrullah
حورالله,Havrullah
هوراه,Havrullah
خوش عرب,Havşarab
حوش عرب,Havşarab
خوش عربى,Havşarab/İsa el-Verye
حوض,Havz
حوضه,Havza
نفس حوضه,Havza merkez
حوصه,Havza/Havsa
حى نعمة الله,Hay Nimetullah
حى,Hay/Hayy
حى,Hay/Hayy
كوة الحى,Hay/Kutülhay
حى,Hay/Kutülhay
حياتى,Hayati
خيبر,Hayber
حيدران,Haydaran
حيدرى,Haydari
حيدرلر,Haydarlar
حيفا,Hayfa
نفس حيفا,Hayfa merkez
خيرسز اطه لر,Hayırsız Adalar
خيرسز آطه لر,Hayırsız Adalar
حيرسز اطه لر,Hayırsız Adalar
خيرسز اطه,Hayırsız Adalar/Hayırsızada
خيرسز اطه,Hayırsızada
خيرسز اطه,Hayırsızada/Ayanca
خيرسز,Hayırsızada/Hayırsız
حيكوك,Haykok
خيمانه,Haymana
خايمانه,Haymana
حايمانه,Haymana
حيمانه,Haymana
حيمانه كبير,Haymana-i Kebir
حيمانۀ صغير,Haymana-i Sagir
صغير,Haymana-i Sagir/Sagir
چبحانه,Haymana/Çebhane
حيمانه,Haymana/Yabanhamamı
يبان حمامى,Haymana/Yabanhamamı
حيمانتين,Haymanateyn
حيمانتين مع عشيرت موزاتلو و چاليش و طوباقلو,Haymanateyn maa Aşiret-i Mozatlı ve Çalış ve Topaklı
خيمانۀ اقسراى,Haymane-i Aksaray
خيره بولى,Hayrabolu
حيره بولى,Hayrabolu
خيره بولى,Hayrabolu
نفس خيره بولى,Hayrabolu merkez
حيرانلى,Hayranlı
خيراللو,Hayrilli
خيرايللو,Hayrilli
حيس,Hays
حيطان,Haytan (Hoytan (?))
حذاق,Hazak
خزانه,Hazane
بحر حزر,Hazar/Bahr-i Hazar
بحر قازر,Hazar/Bahr-i Kazar
درياى قلزم,Hazar/Derya-yı Kulzüm
خزل,Hazel
خازى,Hazi
خذيّه,Haziyye
موزرم,Hazrem (Müzrüm)
حضرو,Hazro
حضرو و بهرامنى,Hazro ve Mihrani (Behramni)
حضرون,Hazrun
حصرون,Hazrun
حظو,Hazzo
حزو,Hazzo
هازو,Hazzo
حَزّو,Hazzo
حزّو,Hazzo
حزوه,Hazzo/Hazve
هِيزُو,Hazzo/Hizo
حزور,Hazzur
حذور,Hazzur
هدى,Hedi
هكيم,Hekim
كيلسالى,Hekim (Kiliseli)/Keklik
كليسالى,Hekim (Kiliseli)/Latronisi
انكليز,Hekim/İngiliz
ككلك,Hekim/Keklik
كليسالى,Hekim/Kiliseli
حكيم خان,Hekimhan
حكيم خانى,Hekimhan/Hekimhanı
هكمه,Hekme
حكمه,Hekme
مكه,Hekme/Meke
حمدانيّه و سيحان,Hemdaniye ve Seyhan
همدان,Hemedan
همذان,Hemedan/Hemezan
قلعۀ همدان,Hemedan/Kale-i Hemedan
هميت,Hemit
همشين,Hemşin
همشين,Hemşin
همشين بالا,Hemşin-i Bala
همشين زير,Hemşin-i Zir
هنجام,Hencam
خندك,Hendek
حندق,Hendek
خندق,Hendek
حندك,Hendek
قصبۀ خندق مع بالقلى,Hendek (Kasaba-i Hendek) maa Balıklı
خندق مع آق يازى,Hendek maa Akyazı
حندق مع اقيازى,Hendek maa Akyazı
خندق مع اق يازى,Hendek maa Akyazı
هندرابى,Henderabi
هراقليا,Herakliya
آراقليا,Herakliya/Arakliya
اودونلى,Herakliya/Odunlu
زاقلجه,Herakliya/Zakalca
هرات,Herat
هركه,Hereke
هركه وقلعۀ صغه جق,Hereke ve Kale-i Sığacık
هركيان,Herekiyan
هركيان عشيرتى,Herekiyan Aşiret
هراكلى,Herekli/Herakli
هرسه,Herese
جزيرۀ هرسه,Herese/Cezire-i Herese
هريكى,Heriki
هركى,Heriki
هرطه,Herita
ناحيۀ هرطه,Herita/Nahiye-i Herita
ناحيۀ هريطه,Herita/Nahiye-i Herita
هريوانلى,Herivanlı (?)
هركه,Herke
حركه,Herke
خراكه,Herke/Harake
حركه,Herke/Harke
خارقى,Herke/Harki
حارقى,Herke/Harki
هركه,Herke/Hereke
هَرَكَه,Herke/Hereke
هره كه,Herke/Hereke
حره كه,Herke/Hereke
هركه,Herke/Hereke
هركيد,Herke/Herkid
هركيت,Herke/Herkit
هركيت,Herke/Herkit
قاركه,Herke/Karki
كاركى,Herke/Karki
هرقوص,Herkus
هرمان,Herman
هرمل,Hermel
هرمونيزى,Hermonizi
هارمونيس,Hermonizi/Harmonis
هارمونيسى,Hermonizi/Harmonisi
اوفيدوسه,Hermonizi/Ofidusa
اوفيدوسا,Hermonizi/Ofidusa
يبان,Hermonizi/Yaban
ييلان,Hermonizi/Yılan
هرناد,Hernad
هه رو,Hero
هرسك,Hersek
هَرْسك,Hersek
هرْسك,Hersek
هرسك,Hersek
هرسين,Hersin
هرسينى,Hersini
هرتو,Hertev
هروتيان,Herutyan
هشترود,Heştrud
هتش,Heteş
هوار,Hevar
هوك,Hevek (?)
هوش,Heveş
هودى,Hevidi
هويدى,Hevidi
هويدى,Hevidi
هديرى,Hevidi/Hediri
سوارلى,Hevidi/Süvarlı
هور,Hevr
هكبه لى اطه,Heybeliada
هكبلى اطه,Heybeliada
هكبه لى,Heybeliada/Heybeli
هزاره,Hezara
هزارغراد,Hezargrad
رازغراد,Hezargrad/Razgrad
هزارمرد,Hezarmerd
هزارشاه,Hezarşah
هزك,Hezek
هزق,Hezek
هزوك,Hezek/Hezuk
هيزك,Hezek/Hizek
خلخنه,Hılhına
خيماره,Hımara
حماره,Hımara
خماره,Hımara
خيمارا,Hımara
نفس خيماره,Hımara merkez
حماران,Hımaran
خمارجى,Hımarcı
خنس,Hınıs
حنس,Hınıs
خنيس,Hınıs
خنس,Hınıs
حنوس مع تكمان و عشائر زريقى,Hınıs (Hınus) maa Tekman ve Aşair-i Ziriki
حنس و حاندرس,Hınıs ve Handırıs
خنس و تكمان,Hınıs ve Tekman
حنس و تكمان,Hınıs ve Tekman
تكمان مع  خنس,Hınıs ve Tekman/Tekman maa Hınıs
خنوس,Hınıs/Hınus
حنوس,Hınıs/Hınus
خنزيره,Hınzıra
خنزيري,Hınzırı
خنزيرى,Hınzırı
خنزورى,Hınzori
خربة حزور,Hırbet-i Hazzur
خربۀ حذور,Hırbet-i Hazzur
خربة حذور,Hırbet-i Hazzur
جبل حزور,Hırbet-i Hazzur/Cebel-i Hazzur
حزور,Hırbet-i Hazzur/Hazzur
حذور,Hırbet-i Hazzur/Hazzur
خرقه,Hırka
خرسز,Hırsız
خرسوفى,Hırsofi
حرسوفى,Hırsofi
خرسوخو,Hırsofi/Hırsohu
خرسوه,Hırsofi/Hırsova
حرسوه,Hırsofi/Hırsova
حرْسُوى,Hırsofi/Hırsovi
حرسوفى,Hırsofi/Hırsovi
خرشوفى,Hırsofi/Hırşofi
قره صوفي [خرسوفي],Hırsofi/Karasofi
حرصوه,Hırsova
خرسوه,Hırsova
حرسوه,Hırsova
خرصوه,Hırsova
حرتار,Hırtar
بازار خرتار,Hırtar/Pazar-ı Hırtar
حروات,Hırvat
خروات مملكتي,Hırvat Memleketi
حسن كيف,Hısn-ı Keyf
حسنكيف,Hısn-ı Keyf
حصن كيف,Hısn-ı Keyf
حصنى كيف,Hısn-ı Keyf
حسنكهف,Hısn-ı Keyf
حسن كهف,Hısn-ı Keyf/Hısn-ı Kehf
حصن كيفا,Hısn-ı Keyf/Hısn-ı Keyfa
حسنكيفا,Hısn-ı Keyf/Hısn-ı Keyfa
حصنكيفا,Hısn-ı Keyf/Hısn-ı Keyfa
حصن كيف,Hısn-ı Keyf/Şehir
شهر,Hısn-ı Keyf/Şehir
حصنمنصور,Hısn-ı Mansur
حصن منصور,Hısn-ı Mansur
حسن منصور,Hısn-ı Mansur
حصن منصور مع كاخته,Hısn-ı Mansur maa Kahta
حصنمنصور و صمصاد و بزه كى,Hısn-ı Mansur ve Samsad ve Biziki (Bizeki (?))
آدى يمان,Hısn-ı Mansur/Adıyaman
حصين منصور,Hısn-ı Mansur/Hısın-ı Mansur
حصن زياد,Hısn-ı Ziyad
حصن الاكراد,Hısnülekrad
حسن الا كراد,Hısnülekrad
حصن الا كراد,Hısnülekrad
حصن,Hısnülekrad/Hısn
حصن,Hısnülekrad/Hısn
حصن اكراد,Hısnülekrad/Hısn-ı Ekrad
قلعۀ حصن,Hısnülekrad/Kale-i Hısn
حطاى,Hıtay
حيه رونيزى,Hıyaronizi/Guruna
غورونا,Hıyaronizi/Guruna
خضر دراجى,Hızırdürraci
خضر دارجى,Hızırdürraci/Hızırdarici
حبر,Hiber
حجاز,Hicaz
هدويك,Hidvig
هِيهْ,Hih
هيه,Hih
هلييودورمييا,Hiliyodoromiya
جامليجه,Hiliyodoromiya (Çamlıca)/Hilodoromiye
چامليجه,Hiliyodoromiya (Çamlıca)/Hilodoromiye
حلادورينه,Hiliyodoromiya (Hıladorina)/Çamlıca
آلى دروميه,Hiliyodoromiya/Alidoromiya
چاملجه,Hiliyodoromiya/Çamlıca
چامليجه,Hiliyodoromiya/Çamlıca
درومه,Hiliyodoromiya/Doroma
حالدرومى,Hiliyodoromiya/Halidoromi
حلادورميه,Hiliyodoromiya/Hıladormiye
هليدروميا,Hiliyodoromiya/Hilidoromiya
هلييودوروميا,Hiliyodoromiya/İkoş
قرلانغج,Hiliyodoromiya/Kırlangıç
كليدروميا,Hiliyodoromiya/Kilidiromya
حله,Hille
حِلّه,Hille
حلّه,Hille
حيلون,Hilvan
همت,Himet
هند جيدام,Hind-i Cidam
هند قدام,Hind-i Cidam/Hind-i Kıdam
هندولى,Hindili
هندستان,Hindistan
هنديه,Hindiye
هنديه,Hindiye
هنديّه,Hindiye
حنكان,Hinkan
حرا,Hira
حيرون,Hiron
هيرون,Hiron
هرّه (؟),Hirra (?)
حصار,Hisar
حصاران,Hisaran
حصارجق,Hisarcık
حصارجق,Hisarcık
حصارلق,Hisarlık
حصار اوكى,Hisarönü
حصار اوڭى,Hisarönü/Filyos
فليوس,Hisarönü/Filyos
هشين,Hişin
همشين,Hişin/Hemşin
همشين,Hişin/Hemşin
هيت,Hit
خيان,Hiyan
خيان و پيچار و قلب,Hiyan ve Piçar ve Kulb
خيزان,Hizan
خيزان,Hizan
حيزان,Hizan
خِيزَانْ,Hizan
خزان,Hizan
حزان,Hizan
حيزان و نمران و مروانان,Hizan ve Namran ve Mervanan
آشاغى قره صو,Hizan/Aşağıkarasu
خَزَان,Hizan/Hazan
خيزان,Hizan/Karasu-yı Süfla
قره صوى سفلا,Hizan/Karasu-yı Süfla
خيزوب,Hizub
خوبانسقى,Hobanskı
حوبانسقى,Hobanskı
خواجه بك,Hocabey
خواجه لر,Hocalar
خوچه,Hoça
بازار خوچه,Hoça/Pazar-ı Hoça
خوچاش,Hoçaş
حوجوان,Hoçuvan
خوجوان,Hoçuvan
خوچوان,Hoçuvan
جوجوان,Hoçuvan/Cocuvan
خود,Hod
خوديجور,Hodiçor
خوديچور,Hodiçor
حودروچور,Hodiçor/Hodiroçor
حودرچور,Hodiçor/Hodiroçor
حودى دده,Hodidede
هودى دده,Hodidede
خوخ,Hoh
خوخ عليا,Hoh-ı Ulya
حوكاد,Hokad
حوقو,Hoko
خولا,Hola
خوله,Hola
خلونيك,Holavnik
جلونيك اوته يقه,Holavnik-i Öteyaka/Celovnik-i Öteyaka
قلعۀ خلونيك,Holavnik/Kale-i Holavnik
خولخول,Holhol
هوللوق,Hollok
حوما,Homa
حومه,Homa
خومه,Homa
حوما و كيكلر,Homa ve Geyikler
كيكلر مع حومه,Homa ve Geyikler/Geyikler maa Homa
كيكلرمع حوما,Homa ve Geyikler/Geyikler maa Homa
خومارو,Homaro
خومرياقو,Homeryako
حوناز,Honaz
خوناز,Honaz
حوناز و تموق,Honaz ve Temuk
حوند,Hond
حندوف,Hondof
خوپه,Hopa
خوبه,Hopa
حوپه,Hopa
حورا,Hora
خوره,Hora
خورا,Hora
خراسان,Horasan
خوراسان,Horasan
پاسين سفلى,Horasan (Pasin-i Süfla)/Mecingerd
پاسين سفلا,Horasan (Pasin-i Süfla)/Mecingerd
پاسين سفلا,Horasan/Pasin-i Süfla
حورحون,Horhon
خورخوره,Horhora
حورمووه,Hormova
خورنوويل,Hornovil
حورودق بدرحو,Horodok Bederho
خروس,Horos
خورسونلى,Horsunlu
حورتاچ,Hortaç
خورتاج,Hortaç
خروش رستم,Horuşrüstem
خوارزم و سراجلو,Horzum ve Siraclı
حوسته,Hosta
حوسنه,Hosta/Hosna
خوشاب,Hoşab
حميديه,Hoşab/Hamidiye
كشاب,Hoşab/Keşab
محمودى,Hoşab/Mahmudi
خوشاب,Hoşab/Mahmudi
حوشاب,Hoşab/Mahmudi
محموديه,Hoşab/Mahmudiye
معمورةالحميد,Hoşab/Mamuretülhamid
معمورة الحميد,Hoşab/Mamuretülhamid
خوش آلاى,Hoşalay
خوس آلاى,Hoşalay
خوش الاى,Hoşalay
حوش الاى,Hoşalay
هوشين,Hoşin
خوشكار,Hoşkar
خوشناو,Hoşnav
خشورنى,Hoşorni
حوش اووا,Hoşova
خوتاليچ,Hotaliç
حوتاليج,Hotaliç
خوتاليج,Hotaliç
حوتاليچ,Hotaliç
هوتاليج,Hotaliç
دومانيج,Hotaliç (Domaniç)/Servi
سراى نيكبولى,Hotaliç/Saray-ı Niğbolu
سلوى,Hotaliç/Selvi
حوتاليچ,Hotaliç/Selvi
حوتالچ,Hotaliç/Selvi
حوتاليج,Hotaliç/Selvi
خوتاليج,Hotaliç/Selvi
سروى,Hotaliç/Servi
حوتاليج,Hotaliç/Servi
خوطمش,Hotamış
خوطامش,Hotamış
حوطمش,Hotamış
دربندى خوطمش,Hotamış/Derbendi Hotamış
حوتانيچه,Hotaniçe
خوطاشلى,Hotaşlı
حوطاشلى,Hotaşlı
خوتين,Hotin
خوتون,Hoton
حوتون,Hoton
حواقل,Hovakil
هوواكل,Hovakil
هواكل,Hovakil
حوواكل,Hovakil
خوى,Hoy
حوى,Hoy
حوي,Hoy
حوى,Hoy (?)
كوى,Hoy (Köy (?))
كوي,Hoy (Köy (?))
خوى كوچك,Hoy-ı Küçük (?)
حويدر,Hoyder
حويران,Hoyran
خويران,Hoyran
خوزنس,Hozanis
هويران مع مازكرد,Hozat (?)(Hoyran (?)) maa Mazgird
حو نكره,Höngüre
هونكره,Höngüre
هوسنك,Hösnek
خسره ويران,Hösreviran
خرام,Hram
حرام,Hram
حرآم,Hram
احرام مع كوكرجنلك,Hram maa Güğercinlik/İhram maa Güğercinlik
احرام و كوكرجنلك,Hram ve Güğercinlik/İhram ve Güğercinlik
حرام عتيق,Hram-ı Atik
قلعۀ حرام,Hram/Kale-i Hram
حراسنو,Hrasno
حراشتان,Hraştan
خرستيانى,Hristiyani
بيوك خريستيانه,Hristiyani/Büyükhıristiyana
فراشه,Hristiyani/Faraşa
فرستيانا,Hristiyani/Fristiyana
خرستيان,Hristiyani/Hristiyan
استانبوليّه پاپاسلغى,Hristiyani/İstanbuliye Papaslığı
قرستيانا,Hristiyani/Kristiyana
خرومناستر,Hromanastır
حوبان,Huban
!حبيله,Hubeyle!
حبيش,Hubeyş
جيش,Hubeyş/Ceyş
جيش,Hubeyş/Ceyş
حجيله,Huceyle
حجور,Hucur
حديده,Hudeyde
حديده,Hudeyde
نفس حديده,Hudeyde merkez
هودي,Hudi
هودى,Hudi
حورى,Hudi/Huri
حفاش,Hufaş
خوفتي (؟),Hufiti (?)
حفره,Hufra
حفرا,Hufra
ارقر,Hufra (Arkar (?))
حفره و شرقيه,Hufra ve Şarkiye
حفره شرقيه,Hufra ve Şarkiye/Hufra-i Şarkiye
حضرو,Hufra/Hazru
هفوف,Hufuf
نفس هفوف,Hufuf merkez
الحفوف,Hufuf/el-Hufuf
حوله,Hula
حولا,Hula
حوله و شعرا,Hula ve Şara
حوله و شعار,Hula ve Şara/Hula ve Şiar
الحوله,Hula/el-Hula
حولنه,Hula/Havline
حلومج,Hulumiç
حلوميج,Hulumiç
خلومج,Hulumiç
حلونك,Hulvenk
حمر,Humar
خوم ايلى,Humili
خمس,Hums
خَمس,Hums
نفس خمس,Hums merkez
خمس ساحل سيلين,Hums ve Sahil-i Silin
خمس,Hums/Lebde
ناحيۀ خمسى,Humsi/Nahiye-i Humsi
حمص,Humus
حَمص,Humus
حمس,Humus
خمص,Humus
حمس,Humus
حَمص مع تَدمُر,Humus maa Tedmür
نفس حمص و حصن الاكراد,Humus merkez ve Hısnülekrad
حميص,Humus/Hamis
هون,Hun
جو,Hun/Cu
هونين,Hunin
هَونين,Hunin
هونين و ساحل قانه,Hunin ve Sahil-i Kana
هونين و ساحل قانه و مرج عيون,Hunin ve Sahil-i Kana ve Merc-i Uyun
جبل هونين,Hunin/Cebel-i Hunin
هنود,Hunud
حنود,Hunud
خبوس,Hupus
خور علي,Hur Ali
حوريده,Huride (?)
حويزه,Huride (?) (Huveyza (?))
حورمالو,Hurmalı/Hurmalu
خورمان,Hurman
حورمان,Hurman
حرمان,Hurman
خورماتو,Hurmatu
خورپشته,Hurpeşte
حورپشته,Hurpeşte
خوربشته,Hurpeşte
خورپوشته,Hurpeşte/Hurpoşte
اشتن,Hurpeşte/İştin
اشتين,Hurpeşte/İştin
هرّو,Hurru
هورّرو,Hurru/Horroru
خرشدلر,Hurşidler
بيوك فورنوز,Hurşidler/Büyükfurnoz
فورنى,Hurşidler/Furni
خرشيدلر,Hurşidler/Furni
فورنوس,Hurşidler/Furnos
فرنوز,Hurşidler/Furnoz
فورنوز,Hurşidler/Furnoz
خرشيدلر,Hurşidler/Furnoz
قورناز,Hurşidler/Furnoz (Kurnaz)
خورشودلر,Hurşidler/Hurşudlar
ورنوس,Hurşidler/Vurnos
حوساطين,Husatin
حواطي,Huvati
حويت,Huyut
خويت,Huyut
خيوط,Huyut
خويوط,Huyut
جنوط,Huyut/Cenut
حويد,Huyut/Huyud
خيوط,Huyut/Rabat
ربط,Huyut/Rabat
هوبان,Hüban
خداوندكار,Hüdavendigar
خداوندگار,Hüdavendigar
حداوندكار,Hüdavendigar
خُداوَنْدكار,Hüdavendigar
بك,Hüdavendigar/Bey
حمريك,Hümrik
هنكامك,Hüngemek
هُورَمُتْ,Hüremüt
هرمز,Hürmüz
هورمز,Hürmüz
حرم اباد,Hürremabad
حسين آباد,Hüseyinabad
حسين اباد,Hüseyinabad
حسين آباد و ممالو,Hüseyinabad ve Mamalı
حسين آباد,Hüseyinabad/Alaca
آلاجه,Hüseyinabad/Alaca
حسين اوا,Hüseyinabad/Hüseyinova
حسينى,Hüseyni
حسينيه,Hüseyniye
حسيب,Hüseyniye/Hüseyb
خسرو,Hüsrev
هويدان,Hüveydan
خويرج,Hüveyric
ابلاى,Iblay
ايغال,Igal
ايغدير,Iğdır
اكدير,Iğdır/İğdir
اقطاع ولايت طره پاي عرب,Ikta-ı vilayet-i Turabay-ı Arab
اقتار,Iktar
ايلغاز,Ilgaz
ايلغين,Ilgın
الغين,Ilgın
الغون و اسحاقلو,Ilgın (Ilgun) ve İshaklı
الغون,Ilgın/Ilgun
ايلغون,Ilgın/Ilgun
ايليجه,Ilıca
ايليجۀايدوس,Ilıca-i Aydos
ايليجه,Ilıca-i Aydos/Ilıca
ايليجۀ برغمه,Ilıca-i Bergama
اليجۀ برغمه,Ilıca-i Bergama
ايليجه برغمه,Ilıca-i Bergama
ايليجۀ  برغمه,Ilıca-i Bergama
ايليجه,Ilıca-i Bergama/Ilıca
ايليجۀ  برغمه,Ilıca-i Bergama/Zağnos
اليجۀ كوستنديل,Ilıca-i Köstendil
كوستنديل,Ilıca-i Köstendil (Köstendil)/Ilıca
ايلجه,Ilıca-i Köstendil (Köstendil)/Ilıca
ايليجه,Ilıca-i Köstendil/Ilıca
كوستنديل,Ilıca-i Köstendil/Köstendil
كوستنديل ايلجه سى,Ilıca-i Köstendil/Köstendil Ilıcası
ايليجۀ  صاروخان,Ilıca-i Saruhan
ايليجه صارو خان,Ilıca-i Saruhan
ايليجه,Ilıca-i Saruhan (Ilıca)/Turgudlu Ilıca
ايليجه,Ilıca-i Saruhan/Ilıca
اورغانلى,Ilıca-i Saruhan/Urganlı
ايليجۀ صاروخان,Ilıca-i Saruhan/Urganlı
ايلى صو,Ilısu
ايپصاره,Ipsara
اِپْصاره,Ipsara
اپصاره,Ipsara
اِپْصارى,Ipsara
ايپصارا,Ipsara
اپصارا,Ipsara
اپصاره,Ipsara
ايپصاره,Ipsara
جزيرۀ ايپصاره,Ipsara/Cezire-i Ipsara
ايبصاره,Ipsara/Ibsara
ابصره,Ipsara/Ibsara
ابصاره,Ipsara/Ibsara
ابصره,Ipsara/Ibsara
ايبصارا,Ipsara/Ibsara
ابصاره جزيره سى,Ipsara/Ipsara Ceziresi
اپسلا,Ipsara/İpsala
اپصاله,Ipsara/İpsala
عراق,Irak
عراق عرب,Irak-ı Arab
ارقليه,Irakliya
هركليا,Irakliya/Herakliya
هركليه,Irakliya/Herakliya
راقليه,Irakliya/Rakliya
رقليه,Irakliya/Rakliya
عرق قورب,Irk-ı Kurab
غروب آداجقلرى,Irk-ı Kurab/Gurub Adacıkları
اسفهان,Isfahan
اسقلا,Iskala
نفس اسقلا,Iskala merkez
اسقرادين,Iskıradin
اسقره دين,Iskıradin
اسقرادين,Iskıradin/Blasık
قلعۀ اسقرادين,Iskıradin/Kale-i Iskıradin
اسقراپار,Iskırapar
اسقراپار,Iskırapar
اسقره پار,Iskırapar
اسقرا پار,Iskırapar
اسقرپار,Iskırapar
اسقرابار,Iskırapar
اسقره,Iskırapar/Iskıra
اصلاحيه,Islahiye
اصلا حيه,Islahiye
اسلاتنيك,Islatnik
اسلاطنيك,Islatnik
اسلاطنه مع مويسلاوينه,Islatnik (İslatina) maa Movislavine
اسلاطنه,Islatnik/İslatina
قلعۀ اسلاتنيك,Islatnik/Kale-i Islatnik
اسلاوقوفچه,Islavkofça
اسلاوقوجه,Islavkofça/Islavkovce
اسپالاترو اطه لرى,Ispalatro Adaları
اسپارطه,Isparta
اسپارته,Isparta
اسبارته,Isparta
اسپرته,Isparta
نفس اسپارطه,Isparta merkez
نفس حميد,Isparta merkez/Hamid merkez
اسبارته,Isparta/Hamid
حميد,Isparta/Hamid
حميد آباد,Isparta/Hamidabad
اسپارطه,Isparta/Hamidabad
اسبارته,Isparta/Isbarta
اسپارتى,Isparti
ايشپارتى,Isparti/İşparti
سپارتى,Isparti/Sparti
استرانجه,Istranca
استرومبولى,Istromboli
ايشق طاغى,Işıkdağı
ايشيق طاغى,Işıkdağı
عشقلر,Işıklar
اشقلر,Işıklar
ايشيقلر,Işıklar
عيال سريح,Iyal-i Sureyh
جبل عيال سريح,Iyal-i Sureyh/Cebel-i Iyal-i Sureyh
ازغار,Izgar
اب,İb/İbb
نفس اب,İb/İbb merkez
ابرادى,İbradı
ابرادي,İbradı
ابراهيميه,İbrahimiye
ابرائل,İbrail
برائيل,İbrail
ابرائيل,İbrail
ابرائيل,İbrail/Brail
ايبراله,İbrala
ابراله,İbrala
ابره,İbre
ابريق تپه,İbriktepe
ايبريق تپه,İbriktepe
ابريم,İbrim
ايجانيس,İcanis
ايجرود,İcrud
ايچ,İç
ايچ ايل,İçel
ايج ايل,İçel
ايج ايل,İçel/İçil
ايچ ايل,İçel/Silifke
سلفكه,İçel/Silifke
ايچ ايل,İçil
ايچ ال,İçil
اقچه ايل,İçil/Akçail
ايچكى,İçki
ايجكي,İçki
قلغه سلطان ايجكيسى,İçki/Kalgasultaniçkisi
سلطان,İçki/Sultan
سلطان ايچكيسى,İçki/Sultaniçkisi
ايچمه,İçme
شيخ حاجى,İçme/Şeyhhacı
اچتاحيه,İçtahiye
اچوتوشه,İçvituşa
ايد,İd (?)
ايدا,İda
ايذا,İda (İza)/Psiloriti
ايذا,İda/İza
ادلب,İdlib
ادليب,İdlib
ادليب الصغرى مع معرّة المصرين,İdlib (İdlibüssuğra) maa Maarratülmısrin
ادليب الصغرى,İdlib/İdlibüssuğra
ايدرى,İdri
ايدورشته,İdvorişte
افرازفنارس,İfraz-ı Fenaris
افراز,İfraz-ı Fenaris/İfraz
افتخار,İftihar
ايكده لى,İğdeli
اكدير,İğdir
اگدر,İğdir
ايكدير,İğdir
اكدر,İğdir
اگدر,İğdir
اكدير مع قارديج,İğdir maa Kardiç
اگدر مع قارديج,İğdir maa Kardiç
اكردير مع ناحيۀ قارديچ,İğdir maa Kardiç/Eğirdir maa Nahiye Kardiç
ناحيۀ قارديچ  مع اكدر,İğdir maa Kardiç/Nahiye-i Kardiç maa İğdir
اگدر مع ناحيۀ قارديج,İğdir maa Nahiye-i Kardic
اگدر مع ناحيۀ قارديج,İğdir maa Nahiye-i Kardiç
ايغنوت,İğnavut
ايغناوت,İğnavut
ايكنه اطه,İğneada
ايكنه آطه,İğneada
اهدن,İhdin
اهلونه,İhlivne
اهليونه,İhlivne
هلونه,İhlivne/Hlivne
لى ونو,İhlivne/Livno
اهلونه,İhlivne/Livno
واروش هلونه,İhlivne/Varoş-ı Hlivne
واروش قصبۀ هلونه,İhlivne/Varoş-ı Kasaba-i Hlivne
اختك,İhtik
أختيك,İhtik
اختكلر,İhtik/İhtikler
احتمه,İhtima
احتما,İhtima
ايختيما,İhtima
اهتمان,İhtiman
احتمان,İhtiman
اِهْتِمانْ,İhtiman
اختيار,İhtiyar
احتيار,İhtiyar
اژدرل,İjdiril
ايژديرل,İjdiril
ايزديرل,İjdiril/İzdiril
ايزدرل,İjdiril/İzdiril
ايكى قپولى,İkikapılı
ايكى قبولى,İkikapılı
ايكى قبُّولى,İkikapılı
ايكي قپولو,İkikapılı/Hisya
حسيه,İkikapılı/Hisya
ايكى قارداش,İkikardeş
ايكيزلر,İkizler
اقليم بلان,İklim-i Bellan
اقليم بلاّن,İklim-i Bellan
اقليم بلانه,İklim-i Bellan/İklim-i Bellane
اقليم البلاّن,İklim-i Bellan/İklimülbellan
اقليم البلان,İklim-i Bellan/İklimülbellan
اقليم خرنوب,İklim-i Harnub
اقليم خروب,İklim-i Harnub/İklim-i Harrub
اقليم خرّوب,İklim-i Harnub/İklim-i Harrub
اقليم الخرنوب,İklim-i Harnub/İklimülharnub
اقليم سودان,İklim-i Sudan
اقليم الدّاراني,İklimüddarani
اقليم دارانى,İklimüddarani/İklim-i Darani
اقليم التفاح,İklimüttüffah
صيدا,İklimüttüffah (İklim-i Tüffah)/Sayda
اقليم تفاح,İklimüttüffah/İklim-i Tüffah
اقليم تفّاح,İklimüttüffah/İklim-i Tüffah
اقليم الزّبِيب,İklimüzzebib
اقليم الزبيب,İklimüzzebib
اقليم زبيب,İklimüzzebib/İklim-i Zebib
اكسرمره,İksermora
اكسرموره,İkseromora
اكسرمره,İkseromora
اكسرمروز,İkseromora/İkseromoroz
ايلادييه,İladiye
ايلبصان,İlbasan
البصان,İlbasan
ايل بصان,İlbasan
ايل بكى,İlbeyi
ايل بيكى,İlbeyi
ايلبكلى,İlbeyli
ايل بكلو,İlbeyli
ايل بكلى,İlbeyli
ايل بگلى,İlbeyli
ايلبگلو,İlbeyli
ايلبكلو,İlbeyli
قياديبى,İlbeyli/Kayadibi
ايلبنوز,İlbinoz
ايلدير,İldir
الداري,İldir/İldarı
ايله دير,İledir/Eyledir (?)
ايلفوو مع بكرش,İlfov maa Bükreş
ايلغواره,İlgavara
غواره,İlgavara/Gavara
خرمال,İlgavara/Hurmal
ايلنچه,İlinçe
اليصره,İlisıra
ايليه,İliye
ايلميس,İlmis
ايلموس,İlmis/İlmus
ايلوق,İlok
ايلوغ,İlok
ايلق,İlok
الوس,İlos
ايلوات,İlvat
الياكى,İlyaki
اِلْياكى,İlyaki
ايلياكى,İlyaki
الياكى,İlyaki
پسقوپى,İlyaki (Piskopi)/Tilos (Tilo)
تيلوز,İlyaki (Tiloz)/İleki
اپسقوپي,İlyaki/Episkopi
ايلكى,İlyaki/İleki
پسقوپى,İlyaki/Piskopi
تيلوس,İlyaki/Tilos
ايليان,İlyan
الياس بيك,İlyasbey
الياطلو,İlyatlu (?)
عماديه,İmadiye
عماديّه,İmadiye
عماديه,İmadiye
امام دور,İmamdevr
امانيه,İmanya
اميرحوى,İmirhavi
اميرحوي,İmirhavi
اميرخوى,İmirhavi
ميرحو وصاتليل,İmirhavi ve Satlil/Mirhav ve Satlil
امر صو,İmirhavi/Emirsu
ايمه رخاو,İmirhavi/İmerhav
ايمرحو,İmirhavi/İmirhav
املاحور,İmlahor
ايموجقه,İmoçka
ايموچقه,İmoçka
ايموچقه و ناحيۀ ژوپه,İmoçka ve Nahiye-i Korskajupe (Jupe)
ايموته,İmoçka/İmote
قلعۀ ايموچقه,İmoçka/Kale-i İmoçka
امرالى,İmralı
ايمرالى,İmralı
امرالى,İmralı
ايمرالى,İmralı
جزيرۀ امرالى,İmralı/Cezire-i İmralı
جزيرۀ امرالى,İmralı/Cezire-i İmralı/Mirali
جزيرۀ مير علي,İmralı/Cezire-i Mirali
امير على,İmralı/Emirali
امر على,İmralı/Emirali
امير على جزيره سى,İmralı/Emirali Ceziresi
امراللى,İmralı/İmrallı
ايمرالى,İmralı/Kalolimni
مير على,İmralı/Mirali
عمرانيه,İmraniye
عمرانلى,İmranlı
امروز,İmroz
ايمروز,İmroz
امروز,İmroz
ايمروز اطه سى,İmroz Adası
جزيرۀ امروس,İmroz/Cezire-i İmros
جزيرۀ امروز,İmroz/Cezire-i İmroz
امروز,İmroz/Gökçeada
ايمروس,İmroz/İmros
امروس,İmroz/İmros
پاولى,İmsakiye/Pavlı
اين,İn
ايناللوباللو,İnallıballı
ايناللى باللى,İnallıballı
ناللى باللى مع دونكسه آباد,İnallıballı (Nallıballı) maa Dönekseabad
اينائللى,İnallıballı/İnailli
ايناللو,İnallıballı/İnallı
ايناللو و باللو,İnallıballı/İnallı ve Ballı
اينانلو,İnallıballı/İnanlı
ايناللوباللو,İnallıballı/Mazun
ايناى,İnay
اناي,İnay
اناى,İnay
اناى اشمه,İnay/İnay-ı Eşme
اينجه آغز,İnceağız
بلكۀ اينجه آغز,İnceağız/Bölge-i İnceağız
اينجه اغرى,İnceağız/İnceağrı
اينجه اغزى بولكه سى,İnceağız/İnceağzıbölgesi
اينجه باير,İncebayır
انجه جك,İncecik
اينجه قره صو,İncekarasu
انجه رود,İncerud
اينجه صو,İncesu
انجر,İncir
انجير,İncir
آىي يوركى,İncir/Ayiyorgi
جورجى,İncir/Corci
اينجرلى,İncirli
اينجيرلى,İncirli
انجورلو,İncirli
انجيرلى,İncirli
انجرلو,İncirli
انجيرلو,İncirli
انجرلى,İncirli
انجيرلى,İncirli
نفس انجيرلى,İncirli merkez
جزيرۀ انجيرلى,İncirli/Cezire-i İncirli
انجير,İncirli/İncir
اينجيرلى اطه,İncirli/İncirliada
انجيرلو,İncirli/İncirlü
نيسارى,İncirli/Nisari
نيسارو,İncirli/Nisaro
نيسيروس,İncirli/Nisiros
نيسروس,İncirli/Nisiros
انجير بازارى,İncirpazarı
انجير پازارى,İncirpazarı
انجر پازارى,İncirpazarı
انجيرلى,İncirpazarı/İncirli
اينجوكز,İncüğez
انجوكز,İncüğez
انجيكز,İncüğez/İnciğez
انچه,İnçe
انجه,İnçe/İnce
اينده سيل,İndesil
هندي تسيلي,İndesil/Hinditesili
اندورنك,İndronik
اينديروك,İndronik/İndirük
اينه بختى,İnebahtı
اينه بحتى,İnebahtı
اينه بختي,İnebahtı
اينَه بَحتي,İnebahtı
اينه بحتي,İnebahtı
اَيْنَه باَخْتِى,İnebahtı/Eynebahtı
اينه بولى,İnebolu
اينابولي,İnebolu
كوره,İnebolu Küre/Küre
اينه بولى كوره,İnebolu Küre/Küre
نفس اينه بولى,İnebolu merkez
كورۀ معموره,İnebolu/Küre-i Mamure
اينه بولى,İnebolu/Küre-i Mamure
اينه جك,İnecik
اينجك,İnecik
اينه بازارى,İnecik/İnepazarı
اينه جك,İnecik/İnepazarı
اينه غوشته,İnegoşta
اينه كول,İnegöl
اينه كول ايدين,İnegöl-i Aydın
اينه گول آيدين,İnegöl-i Aydın
اينه كول,İnegöl-i Aydın (İnegöl)/Alaşehir İnegöl
اينه كول,İnegöl-i Aydın/İnegöl
اينه كول بروسه,İnegöl-i Bursa
اينه كول بروسا,İnegöl-i Bursa
اينه گول بروسه,İnegöl-i Bursa
اينه كول,İnegöl-i Bursa/İnegöl
اينه قوللر,İnekollar
اين اوى,İnevi
اين اوكى,İnevi/İnönü
مرسل افندى,İnevi/Mürselefendi
انگليز ولايتي,İngiliz Vilayeti
اين حصار,İnhisar
اينكرمان,İnkirman
اين كرمان,İnkirman
انكرمان,İnkirman
اين كرمن,İnkirman
انكرمان قلعسى,İnkirman/İnkirmankalesi
اينقوروناتا,İnkoronata
قوروناتا,İnkoronata/Koronata
اين اوكى,İnönü
اين اوكي,İnönü
اين اوكى,İnönü/Bozöyük
اينوس,İnös
اينوز,İnöz
اينوز,İnöz/Enes
اينوس,İnöz/İnös
اين صويى,İnsuyu
اينتيلى,İntilli
ايپك,İpek
ايبك,İpek
ايپك,İpek
ايبك مع احرام,İpek maa Hram (İhram)
نفس ايپك,İpek merkez
ايپك,İpek/Peç
اپلاقوه,İplakova
اپلاطانو,İplatano
اپصاله,İpsala
ايپصاله,İpsala
اپساله,İpsala
ايبصله,İpsala
ايبصاله,İpsala
اِيپْصاله,İpsala
ابصاله,İpsala
ابصله,İpsala
اپساله وكشان,İpsala ve Keşan
ابسلى,İpsili
ايپسيلى,İpsili
اپسيلى,İpsili
اپسلى,İpsili
حاى اپسيلى,İpsili/Hay İpsili
حاى اپسلى,İpsili/Hay İpsili
هپسيلى,İpsili/Hipsili
ايبسلى,İpsili/İbsili
قانلى اطه,İpsili/Kanlıada
سيقى,İpsili/Sıkı
شيطان,İpsili/Şeytan
اپشنه,İpşine
اپتچار,İptiçar
اربيد,İrbid
اربد,İrbid
اربد و عجلون,İrbid ve Aclun
اَرْبَدْ,İrbid/Erbed
ارملو,İremli
اِرَمْلو,İremli
ايرسك,İresik
ايره سك,İresik
ايريسك,İresik/İrisik
ايركمنصور,İrgemansur
ايرك,İrig
ايريك,İrig
اريك,İrig
ايرنكل,İringil
ايرينكيل,İringil
ايرژانه,İrjana
بازار ارژانه,İrjana/Pazar-ı İrjana
رژانه,İrjana/Rijana
اِرْلاَنْدهَ,İrlanda
ايرله,İrle
ارله,İrle
ايرله مع ياويجه,İrle maa Yavice
ارله مع ياويجه,İrle maa Yavice
ايرله مع ياوجه,İrle maa Yavice
پاويچه مع  ايرله,İrle maa Yavice/Yavice maa İrle
ياويجه مع  ايرله,İrle maa Yavice/Yavice maa İrle
ياويجه مع  ايرله,İrle maa Yavice/Yavice maa İrle
ايرله مع يويجه,İrle maa Yaviçe
ايرمني,İrmini
ايرشوه,İrşova
ارشوه,İrşova
عيسى بگلى,İsabeyli
عيسى بكلى,İsabeyli
عيسى بكلى و خليل بكلو,İsabeyli ve Halilbeyli/Midyat Kazaları
ايساقجى,İsakcı
اساقجى,İsakcı
ايساقجه,İsakcı/İsakca
ايساقچى,İsakcı/İsakçı
اساقچى,İsakcı/İsakçı
اسحاقجى,İsakcı/İshakcı
ساقجى,İsakcı/Sakcı
اسفاچيا,İsfaçya
اسفاچيه,İsfaçya
براق,İsfaçya/Barak
باراق,İsfaçya/Barak
اسفاچه,İsfaçya/İsfaça
اسفاكيه,İsfakiye
نفس اسفاكيه,İsfakiye
اسفاكيا,İsfakiye
اِسْفاكْيَه,İsfakiye
اسفاكيا,İsfakiye (İsfakiya)/Lefkamori
جزيرۀ اسفا كيه,İsfakiye/Cezire-i İsfakiye
اسفاكيا,İsfakiye/İsfakiya
اسفكيا,İsfakiye/İsfekya
قستل اسفاكيا,İsfakiye/Kastel-i İsfakya
اسفاقس,İsfaks
اصفاقس,İsfaks
اصفقس مع كركنه,İsfaks maa Kerekene
اِصْفَقسْ مع كَرْكَنَه,İsfaks maa Kerekene
اصفَقسْ مع كركنه,İsfaks maa Kerkene
اسفنداباد,İsfendabad
اسفرليك,İsferlik
اسفرلك,İsferlik
اسفرليك,İsferlik
اسفرلك بانه سى,İsferlik Banası
بانه,İsferlik Banası/Bana
بانا,İsferlik Banası/Bana
بانۀاسفرلك,İsferlik Banası/Bana-i İsferlik
اسفرلك,İsferlik/Bana
اسفنيار,İsfinyar
اسحاقلى,İshaklı
اسحاقلو,İshaklı
اسحقلى,İshaklı
اسحقلو,İshaklı
اسحاقلو,İshaklı
اسكاكوى (؟),İskakoy (?)
اسقنبو,İskanbo
اسقانبو,İskanbo
اسقانجه رو,İskancaro
اسقانجوره,İskancaro/İskancura
اسقنديل,İskancaro/İskandil
اسكانژوره,İskancaro/İskanjura
اسقانسور,İskancaro/İskansur
اسقانسورا,İskancaro/İskansura
اسقانديلى,İskandili
سقانديلى,İskandili/Skandili
ايسقر,İskar
اسكچه,İskeçe
اسكچه,İskeçe
اسكجه,İskeçe
نفس اسكچه,İskeçe merkez
اسكى جه,İskeçe/Eskice
اسكيجه,İskeçe/Eskice
اسكفيه,İskefiye
اسكفيه دره سى,İskefiye/İskefiyederesi
اسكفسر,İskefsir
اسكفسير,İskefsir
اسكفير و ميلاث و حبسمانه,İskefsir ve Milas ve Habsamana
رشاديه,İskefsir/Reşadiye
اسكله,İskele
طرابلس اسكله سى,İskele/Trablusiskelesi
اسكندربك,İskenderbey
اسكندريه,İskenderiye
اسكندريّه,İskenderiye
اسكندريۀ مصر,İskenderiye/İskenderiye-i Mısır
اسكندريّه مصر,İskenderiye/İskenderiye-i Mısır
اسكندرلى,İskenderli
اسكندرون,İskenderun
اسكندروقف,İskendervakıf
اسكيفى,İskifi
اسكلب,İskilib
اسكليب,İskilib
اسكلوح (؟),İskilib (İskiluh (?))
اسكلب مع نواحى و قطار,İskilib maa Nevahi ve Katar
اسكلب مع تحت الطريق,İskilib maa Tahtettarik
اسكلب مع تحت الطريق و قطر,İskilib maa Tahtettarik ve Katar
اسكينا,İskina
اسكنيد,İskinid
قلعۀ اسكنيد,İskinid (Kale-i İskinid)
قلعۀ اسكنيد,İskinid/Kale-i İskinid
اسكنوس,İskinos
اسكينوس,İskinos
اكينوزا,İskinos/İkinoza
اسكى نوسه,İskinos/İskinosa
اشكنوسه,İskinos/İşkinosa
كينوز,İskinos/Kinoz
كينوز,İskinos/Kinoz
سغنوز,İskinos/Sıgınoz
سكينه,İskinos/Sikine
سكينو,İskinos/Sikino
سيكينوز,İskinos/Sikinoz
سكينوز,İskinos/Sikinoz
سكينوسا,İskinos/Skinosa
شكنوس,İskinos/Şiknos
شكنوز,İskinos/Şiknoz
اسكيروپولون,İskiropulon
اسكروپول,İskiropulon/İskiropol
اسكيروپولو,İskiropulon/İskiropulo
اشكرۀ كوچك,İskiropulon/İşkire-i Küçük
اشكيروپولو,İskiropulon/İşkiropulo
ايسكييادوس,İskiyados
ايسكيادوس,İskiyados
اسكيادوس,İskiyados
اسكيادس,İskiyados
اسكاتوس,İskiyados/İskatos
اسكاتوز,İskiyados/İskatoz
اسكتوس,İskiyados/İsketos
ايسكدوز,İskiyados/İskidoz
اسكياثوس,İskiyados/İskiyasos
اسكياتوس,İskiyados/İskiyatos
اشكاتوس,İskiyados/İşkatos
اشكاتوز,İskiyados/İşkatoz
اشكتوس,İskiyados/İşketos
اشكتوز,İskiyados/İşketoz
سكاتوس,İskiyados/Skatos
سكياتوس,İskiyados/Skiyatos
ايسقوپلوس,İskopelos
اسقوپلوس,İskopelos
ايسقوپه لوس,İskopelos
اسكبلوز,İskopelos/İskebeloz
اسكپلوس,İskopelos/İskepelos
اسكيلوس,İskopelos/İskilos
اسكبولوز,İskopelos/İskoboloz
اسقولوس,İskopelos/İskolos
اسقوپولو,İskopelos/İskopolo
اسقوپولوطاقم اطه لرى,İskopelos/İskopolo Takımadaları
اسقپولوس,İskopelos/İskopolos
اشكابولوس,İskopelos/İşkabolos
اشكاپولوس,İskopelos/İşkapolos
اشكپولوز,İskopelos/İşkepoloz
اشكپولوس,İskopelos/İşkipolos
اشكبولوس,İskopelos/İşkobolos
اشكپولوس,İskopelos/İşkopolos
اشقوپولوس,İskopelos/İşkopolos
اشقوپولوس اطه لرى,İskopelos/İşkopolos Adaları
اشكپولوز,İskopelos/İşkopoloz
ايسقوپلوس اطه لرى,İskopelos/Teselyan Adaları
ايسقورپيو,İskorpiyo
اوسقوپيو,İskorpiyo/Oskopiyo
اويسقورپيو,İskorpiyo/Oskorpiyo
سقورپيو,İskorpiyo/Skorpiyo
اسقوليه,İskoyla
ايسقروپيدى,İskropidi
اسقريه,İskurya
اسقوديه,İskurya/İskodya
اسلاملو,İslamlı
اسلانقمن,İslankamen
واروش اسلانقمن,İslankamen/Varoş-ı İslankamen
اسلاوشته,İslavişte
اسلميه,İslimye
نفس اسلميه,İslimye merkez
اسليونه,İslivne
اسماعيل,İsmail
اسمعيل,İsmail
اسمعيل كچدى,İsmail/İsmailgeçidi
اسمعيل كچيدى,İsmail/İsmailgeçidi
اسماعيل كچدى,İsmail/İsmailgeçidi
اسماعيليه,İsmailiye
ايسميل,İsmil
اسميلان,İsmilan
اسميلوه,İsmilova
اسمولوك,İsmoluk
اسموسقه,İsmoska
اسنه,İsne
اسنفجه,İsnefçe
اسبالاتونيس,İspalatonis
اسپالاتونيسى,İspalatonis/İspalatonisi
اسپانوپول,İspanopol
اسپانيا,İspanya
اسپاص,İspas
اسپاس,İspas/Politlika
اسپاس,İspas/Politlika
اسپاص,İspas/Politlika
اسپايرت,İspayrıt
اسپايرت مع  خيزان,İspayrıt maa Hizan
اسبايرن,İspayrıt/İsbayren
اسپايرد,İspayrıt/İspayrıd
اوچوم,İspayrıt/Uçum
اسپلاترو,İspilatro
اسپر,İspir
اسپير,İspir
اسپر,İspir
اسبر,İspir
اسپر,İspir
نفس اسپر,İspir merkez
اسپره چه,İspireçe
اسپرلنقه,İspirlonka
اسپرلنقه,İspirlonka
اسپرلنغه,İspirlonka/İspirlonga/Spinilonga
اسپلت,İsplit
اسپورات اطه لرى,İsporat Adaları
اسپورات,İsporat Adaları
اسپوراد اطه لرى,İsporat Adaları/İsporad Adaları
اسپنراد اطه لرى,İsporat Adaları/İsporad Adaları
اسپوراط اطه لرى,İsporat Adaları/İsporad Adaları
اسپورات شرقى اطه لرى,İsporat-ı Şarki Adaları
اسپوينانچه,İspoynaniçe
اسريلجه (؟),İsrilçe (?)
استاماتى,İstamati
استانبول,İstanbul
استانبول,İstanbul
استانبول و غلطه,İstanbul ve Galata
استانه,İstanbul/Asitane
دار الفتح قسطنطنيه,İstanbul/Darulfeth-i Kostantiniye
دارالفتح قسطنطنيه,İstanbul/Darülfeth-i Kostantiniye
درعليه,İstanbul/Deraliyye
درسعادت,İstanbul/Dersaadet
اسلامبول,İstanbul/İslambol
قسطنطنيه,İstanbul/Kostantiniye
قسطنطنيه,İstanbul/Kostantiniye
پاى تخت,İstanbul/Payıtaht
شهر امانتى,İstanbul/Şehremaneti
استانبول كوى,İstanbulköy
استانبول,İstanbulköy/İstanbul
استاندييا,İstandiya
استانديه,İstandiya
ديئا,İstandiya/Dia/Tavşan
ساريو,İstandiya/Saryo
ستاندييا,İstandiya/Standiya/Tavşan
طاوشان,İstandiya/Tavşan
استا نيمقه,İstanimaka
استانمقه,İstanimaka
استنيماقه,İstanimaka
استا نمقه,İstanimaka
استانكى,İstanki
استانكوى,İstanköy
استانكوي,İstanköy
استنكوى,İstanköy
استنكوى,İstanköy
استانكوى,İstanköy
نفس استانكوى,İstanköy merkez
جزيرۀ استانكوى,İstanköy/Cezire-i İstanköy
قلعۀ استانكوى,İstanköy/Kale-i İstanköy
استانكوى,İstanköy/Ko
استانكوى,İstanköy/Kos
قوس,İstanköy/Kos
نارنجه,İstanköy/Narince
نارينجه,İstanköy/Narince
استانكوى سنجاغى,İstanköysancağı
استانوس,İstanos
ناحيۀ استانوس مع  مرتضى آباد,İstanos maa Murtazaabad/Nahiye-i İstanos maa Murtazaabad
نفس استانوس,İstanos merkez
استانوز,İstanos/İstanoz
قصبۀ زير,İstanos/Kasaba-i Zir
قورقود ايلى,İstanos/Korkudili
سفلا,İstanos/Süfla
زير,İstanos/Zir
زير,İstanos/Zir
استانوز و عشيرت مورطنه و كنيز و صارى كچيلو و ابدالان و تحته جيلو و مسكون انطاليه,İstanoz ve Aşiret-i Murtana ve Keniz ve Sarıkeçili ve Abdalan ve Tahtacılı ve Meskun-ı Antalya
استاپوديا,İstapodya
ايكى قرداشلر,İstapodya/İkikardeşler
ستاپوديا,İstapodya/Stapodiya
ستاپودييا,İstapodya/Stapodiya
استار افلاق,İstar Eflak
استاره سله,İstarasile
استاره سيله,İstarasile
استاره سله مع يانوه,İstarasile maa Yanova
استاروسلا,İstarasile/İstarosela
استورويلا,İstarasile/İstrovila
استاره شناوه,İstaraşinava
استارچسته,İstarçiste
استار برود,İstaribrod
استارى غراد,İstarigrad
استاري غراد,İstarigrad
استارى معدن,İstarimaden
معدن,İstarimaden/Maden
معدن,İstarimaden/Maden
معدن عتيق,İstarimaden/Maden-i Atik
استاروه,İstarova
استارووه,İstarova
نفس استاروه,İstarova merkez
استاريه,İstarya
استاورو,İstavro
استاورو,İstavro/İstavro
استراتو نيسىى,İstavro/İstıratonisi
استراتونسى,İstavro/İstratonisi
ستاورو,İstavro/Stavro
استاورو منوس,İstavromenos
استفانيه,İstefanya
استنيچه,İsteniçe
استنيجه,İsteniçe
استنوز,İstenoz
حاجيلر,İstenoz/Hacılar
حاجيلر,İstenoz/Hacılar
استانوس,İstenoz/İstenos
استنوزه,İstenoz/İstenoza
استپان,İstepan
استفا,İstifa
استفه,İstifa
استيفه,İstifa
استليل,İstilil
استلوش,İstiloş
قلعۀ استلوش,İstiloş/Kale-i İstiloş
استراكى,İstiraki
پاخيا,İstiraki (Pahiya)/Zoğriya
پاخيه,İstiraki/Pahiya
زوغرى,İstiraki/Zoğri
زوغريا,İstiraki/Zoğriya
ايستيراكى,İstiraki/Zoğriyaki
استرميچه,İstirmiçe
نفس استرميچه,İstirmiçe merkez
استرمچقه,İstirmiçe/İstirmiçka
استرمچقى,İstirmiçe/İstirmiçka
استرومچقه,İstirmiçe/İstromiçka
قلعۀ اوسترومجقي,İstirmiçe/Kale-i Ustrumiçka
قلعۀ اوسترومجقه,İstirmiçe/Kale-i Ustrumiçka
قلعۀ اوسترونجقي,İstirmiçe/Kale-i Ustruniçka
اوسترومجقه,İstirmiçe/Ustrumiçka
اوسترومجقي,İstirmiçe/Ustrumiçka
استيه,İstiye
اسْتيهَ,İstiye
اِسْتِيه,İstiye
اِسْتِيَه,İstiye
استيه,İstiye
استيه,İstiye
جزيرۀ استيه,İstiye/Cezire-i İstiye
استيا,İstiye/İstiya
اشتيه,İstiye/İştiye
ستيه,İstiye/Sitiye
استوق,İstok
اسطوقحولم,İstokholm
استولاچ,İstolaç
استولچه و غبله,İstolaç (İstolça) ve Gabele
استولجه,İstolaç/İstolca
استولجه مع غبله,İstolaç/İstolca maa Gabele
استولچه,İstolaç/İstolça
استولجه,İstolaç/İstolça
استولني بلغراد,İstolni Belgrad
استولنى بلغراد,İstolni Belgrad
استولنى بالغراد,İstolni Belgrad
بلغراد,İstolni Belgrad/Belgrad
استولنى بالغراد,İstolni Belgrad/İstolni Balgrad
استونى بلغراد,İstolni Belgrad/İstoni Belgrad
اوستولنى,İstolni Belgrad/Ustolni
اُوستُولنى بلغراد,İstolni Belgrad/Ustolni Belgrad
اوستولني بلغراد,İstolni Belgrad/Ustolni Belgrad
استراجه,İstraca
استراژومان,İstrajoman
استراژمان,İstrajoman
استرانجيلو,İstrancilo
استره,İstre
استريچه,İstriçe
استريوالى,İstrivali
اسطروواتيه,İstrivali/İstrovatya
ماللى كليسا,İstrivali/Mallıkilise
مناستروفنار,İstrivali/Manastrofener
استرونجيل,İstroncil
اپسيلى,İstroncil/İpsili
ايپسيلى,İstroncil/İpsili
استرونكلى,İstrongili
استرونكيلو,İstrongilo
استرونكلو,İstrongilo
غايدارو,İstrongilo/Gaydaro
استرولكيلى,İstrongilo/İstrolgili
استرونجلا,İstrongilo/İstroncila
استرونجلو,İstrongilo/İstroncilo
استرونفيلو,İstrongilo/İstronfilo
استرونكيلى,İstrongilo/İstrongili
استرونكلون,İstrongilo/İstrongilon
استرونكيلون,İstrongilo/İstrongilon
استرونكليون,İstrongilo/İstrongilyon
استرونغولونيزى,İstrongilo/İstrongolonizi
استرونزيلو,İstrongilo/İstronzilo
اوسترونيلى,İstrongilo/Ostronili
سترونجيلو,İstrongilo/Stroncilo
استرونژيلونيسى,İstronjilonisi
استوبجانيجه,İstubçaniçe
اسوچ ولايتي,İsveç Vilayeti
اسوتى كوركه,İsvetigorge
اسوتي كوركه,İsvetigorge
اسوتي قتارينه,İsvetikatarine
اسوتي قيريش,İsvetikıriş
اسوتي مارتين,İsvetimartin
اسوتى مقلوش,İsvetimikloş
اسوتى ولادساو,İsvetivladsav
اسوتي ولادساو,İsvetivladsav
اسولنه,İsvilne
اشخان,İşhan
اشحان,İşhan
ايشم,İşim
ايشيم,İşim
اشيم,İşim
اَشيِمْ,İşim/Eşim
اشقرل,İşkarel
اشكرى,İşkeri
اشكند,İşkinid
اشكيره,İşkire
اسكين,İşkire/İskin
اسكرى,İşkire/İskiri
اسكيرى,İşkire/İskiri
اسكيروس,İşkire/İskiros
اسكروس,İşkire/İskiros
اشكيروس,İşkire/İşkiros
اشكيروس,İşkire/İşkiros
اشكيروس اطه لرى,İşkire/İşkiros Adaları
اشكروز,İşkire/İşkiroz
اشكيروز,İşkire/İşkiroz
سقوره,İşkire/Skura
شكرى,İşkire/Şekri
اشكبولوز جزيره لرى,İşkoboloz Cezireleri
اشقودره,İşkodra
اشقودره,İşkodra
اشقودره مع قوايه,İşkodra maa Kavaya
نفس اشقودره,İşkodra merkez
نفس اشقودره,İşkodra merkez
اسكندريّه,İşkodra/İskenderiye
اسكندريه,İşkodra/İskenderiye
اشقودره,İşkodra/İskenderiye
اسكندريۀ ارنود,İşkodra/İskenderiye-i Arnavud
اشپات,İşpat
اشپاط,İşpat
اشباط,İşpat
اشباط,İşpat/İşbat
اشبات,İşpat/İşbat
اشپوزى,İşpuzi
اشبوزى مع  پودغوريچه,İşpuzi maa Podgoriçe
اشبوزى,İşpuzi/İşbuzi
اشتاويچه,İştaviçe
اشتيب,İştib
اشتب,İştib
اشتيب,İştib
اشتب,İştib
نفس اشتيب,İştib merkez
اشتكين,İştikin
اشتر,İştir
ايتاكى,İtaki
اتاقى,İtaki
اتاق,İtaki/İtak
ايتاكيا,İtaki/İtakiya
كوچك كفالونيا,İtaki/Küçükkefalonya
كوچك كفالونيه,İtaki/Küçükkefalonya
كوچك كفالونيه,İtaki/Küçükkefalonya
ثياكى,İtaki/Siyaki
سياكى,İtaki/Siyaki
تياكي,İtaki/Tiyaki
تياكى,İtaki/Tiyaki
اتاليا,İtalya
اقباله,İtbala/İkbale
ايت بالا,İtbala/Politlika
ايتمان و توابعى,İtman (?) ve Tevabii
ايوانقوه,İvankova
ايوانقوه بلاطه,İvankova Blata
ايوانيت,İvankova/İvanit
واروش ايوانقوه,İvankova/Varoş-ı İvankova
ايويقا,İvika
ايولوخو,İvloho
ايولوحو,İvloho
اولوحوس,İvloho/İvlohos
اولوحوز,İvloho/İvlohoz
ايوراجه,İvraca
اوراجه,İvraca
الوراحوه,İvraca/Alorahova
ايواجه,İvraca/İvace
ايوراجه,İvraca/Medene
وراچه,İvraca/Vraça
وراچا,İvraca/Vraça
ايوراژه غرنچه,İvraje Gırniçe
ايورانه,İvrana
ايوارله,İvrana/İvarla
ايورانيه,İvrana/İvranya
قلعۀ ايورانه,İvrana/Kale-i İvrana
واروش قلعۀ ايورانه,İvrana/Varoş-ı Kale-i İvrana
اوراندق,İvranduk
واروش اوراندق,İvranduk (Varoş-ı İvranduk)/Podgradya
واروش قلعۀ اوراندق,İvranduk (Varoş-ı Kale-i İvranduk)/Podgradya
واروش وراندق,İvranduk (Varoş-ı Vranduk)/Podgradya
وراندق,İvranduk/Vranduk
ايورانيه,İvranya
ايورانيه مع پراشوه,İvranya maa Praşova
الوانيه,İvranya/Elvanya
ايوارينه,İvranya/İvarine
وراژنه,İvranya/Vrajne
ايورندى,İvrindi
اورندى,İvrindi
ايورندى,İvrindi
ايورندى مع گيره سون,İvrindi maa Giresun
ايوراندى,İvrindi/İvrandi
اويانو,İvyano
جزيرۀ اويانو,İvyano/Cezire-i İvyano
ايزبرنچه,İzbirinçe
ايزدنجى,İzdenci
ايزدنجه,İzdenci/İzdence
ازدين,İzdin
ايزدين,İzdin
ايذدين,İzdin/Zeytun
زيتون,İzdin/Zeytun
زيتونى,İzdin/Zeytuni
ايزنيجه,İzeniçe
ايزنچه,İzeniçe
ايزنجه,İzeniçe
ايزنيچه,İzeniçe
ازنيچه مع تراونيك,İzeniçe maa Travnik
جديدايزه نيجه,İzeniçe/Cedid İzeniçe
بازار ايزنيچه,İzeniçe/Pazar-ı İzeniçe
بازار يزانچه,İzeniçe/Pazar-ı Yizaniçe
زنيچه,İzeniçe/Zeniçe
ايزغورد,İzgord
ايزلادى,İzladi
اضلادى,İzladi
ازلادى,İzladi
ازلرقه,İzlarika
ايزلى ريقه,İzlarika/İzlirika
اذميد,İzmid
ازميد,İzmid
ازميد,İzmid
ازميد مع نواحئ اَيْواجق و باغچه جك و يگى كوى,İzmid maa nevahi-i Ayvacık ve Bağçecik ve Yeniköy
نفس اذميد,İzmid merkez
نفس ازميد,İzmid merkez
ايزميت,İzmid/İzmit
ازميت,İzmid/İzmit
ازنكميد,İzmid/İznikmid
ازنكمود,İzmid/İznikmüd
قوجه ايلي,İzmid/Kocaeli
ازمينه پوليه,İzminepolye
ايزمينه پوليه,İzminepolye
ايزملينيه پوليه,İzminepolye/İzmilinyepolye
ايزمنوه پوليه,İzminepolye/İzminovapolye
ازمير,İzmir
ازمير,İzmir
ايزمير,İzmir
ازمير مع نواحى,İzmir maa Nevahi
نواحى مع  ازمير و اورله,İzmir maa Nevahi ve Urla
ازمير مع نواحئ جمعه آباد و برون آباد و تريانده و آيا سفيد نام ديكر كلزمان و اورله,İzmir maa nevahi-i Cumaabad ve Birunabad ve Tiryanda ve Ayasefid nam-ı diğer Kilizman ve Urla
ازمير مع نواحئ جمعه آباد و برون آباد و تريانده و آيا سفيد نام ديكر كلزمان و اورله,İzmir maa nevahi-i Cumaabad ve Birunabad ve Tiryanda ve Ayasefid nam-ı diğer Kilizman ve Urla
نفس ازمير,İzmir merkez
ازمير,İzmir merkez
ازميرنيك,İzmirnik
ازميرنيك قره طاغى,İzmirnik Karadağı
ازمياني,İzmiyani
ايزنبول,İznepol
ازنپول,İznepol
ايزنپول,İznepol
ايزنوپول,İznepol/İznopol
سنكپولى,İznepol/Snegpoli
ترن,İznepol/Trin
ازنيق,İznik
ايزنيق,İznik
ازنيك,İznik
ازنيق و كورله,İznik ve Gürle
ايزولى,İzoli
ايزولى خشك,İzoli Huşuk
چاي قره على,İzoli/Çaykaraali
چاى قره على,İzoli/Çaykaraali
قلعه,İzoli/Kale
ايزوانچه,İzvaniçe
ايزوان,İzvaniçe/İzvan
ازوچان,İzveçan
ازوچن,İzveçan
ايزوه جان,İzveçan
ازوچاى,İzveçay
واروش قلعۀ ازوچاى,İzveçay/Varoş-ı Kale-i İzveçay
ازونى غراد,İzvenigrad
ايزونيغراد,İzvenigrad
ايزونى غراد,İzvenigrad
ايزونيغراد,İzvenigrad
ايزوني غراد,İzvenigrad
قلعۀ ايزونيغراد,İzvenigrad/Kale-i İzvenigrad
ايزويژده,İzvijde
اجوزد,İzvijde/İcvizd
ايژويژد,İzvijde/İjvijd
اژوزد,İzvijde/İjvizd
اوزد,İzvijde/İvizd
ايزويزده,İzvijde/İzvizde
ايزوور,İzvor
ايزوورنيق,İzvornik
ازورنيق,İzvornik
ايزورنيق,İzvornik
ازوورنيق,İzvornik
اوزوورنيق,İzvornik/Uzvornik
عزالدين,İzzeddin
غزيه,İzziye
عزيه,İzziye
اوقجى عز الدينلو,İzziye/Okcu İzzeddinli
اوقجى عزالدين,İzziye/Okçuizzeddin
اوقجى عزالدينلو,İzziye/Okçuizzeddinli
ژابار,Jabar
ژبياق,Jabyak
ژابياق,Jabyak
ژژانيه,Jajaniye
ژانه,Jana
زانه,Jana/Zana
ژانبو كرك,Janbokrek
ژانبوكرك,Janbokrek
زانبوكرك,Janbokrek/Zanbokrek
ژاپواليويچ,Japvalyeviç
ژژنه,Jejene
معدن ژژنه,Jejene/Maden-i Jejene
ژلژنيك,Jelejnik
ژلژنيك,Jelejnik
ژليز,Jeliz
ژليژ,Jeliz/Jelij
زليژ,Jeliz/Zelij
ژه پا,Jepa
ژبجه,Jepçe
ژپچه,Jepçe
ژپجه,Jepçe
ژرگرى,Jergeri
ژرنتيسا,Jernitisa
ژيلمه,Jilema
ژيرنوفچه,Jirnofça
ژييورا,Jiyora
جورا,Jiyora/Cora
كورا,Jiyora/Gura
البيز,Jiyora/İlbiz
ژوره,Jiyora/Jura
شيطان,Jiyora/Şeytan
ژوپا,Jupa
ژوپه,Jupa/Jupe
ژوپان,Jupan
ژوبان,Jupan/Juban
ژوپه,Jupe
قبا آغاج,Kabaağaç
قبا آغاج ارنبود,Kabaağaç/Kabaağaç-ı Arnabud
قبا حيدر,Kabahaydar
قباخور,Kabahor
كباخور,Kabahor/Kebahor
قبائل,Kabail
قبائل نوغاى,Kabail-i Nogay
قبائل عربان بريه,Kabail-i Urban-ı Berriye
قباق,Kabak
قبا قوز,Kabakoz
قباجه قوز,Kabakoz/Kabacakoz
قباله,Kabala
قبالى,Kabalı
قبان,Kaban
قبانو,Kabano
قباره,Kabara
قباره,Kabare
قباصقال,Kabasakal
قبا صقال,Kabasakal
قباو,Kabav
كابل,Kabil
قابلجوز,Kabilcuz
قبيلۀ باغرغان,Kabile-i Bağırgan
قبيلۀ بنى حكيم,Kabile-i Benihakim
قبيلۀ بنى لام,Kabile-i Benilam
قبيلۀ بني ربيعه,Kabile-i Benirebia
قبيلۀ العبيد,Kabile-i el-Abid
قبيلۀ اولادِ احمد,Kabile-i Evlad-ı Ahmed
قبيلۀ اولاد شبل,Kabile-i Evlad-ı Şibl
قبيلۀ اولادِ يتزان,Kabile-i Evlad-ı Yetzan
قبيلۀ خلايق,Kabile-i Halayık (?)
قبيلۀ نصرة الحاج,Kabile-i Nusretülhac
قبيلۀ رجبان,Kabile-i Receban
قبيلۀ ربانيّه,Kabile-i Ribaniye
قبيلۀ طباش سباع,Kabile-i Tabaş Siba
قبيلۀ طى,Kabile-i Tay
قبيلۀ اورومبت اوغلى,Kabile-i Urumbetoğlu
قبيلۀ وارنه,Kabile-i Varna (?)
قبيلۀ زنتان,Kabile-i Zintan
قبيلة الظفير,Kabiletüzzafir
قبر كبير,Kabr-i Kebir
قبر صغير,Kabr-i Sagir
قابره را,Kabrera
قابررا,Kabrera
قابروا,Kabrera/Kabreva
قاپرره,Kabrera/Kaprera
قاپره را,Kabrera/Kaprera
قاچا,Kaça
قاچاغانى,Kaçagani
قاجاغانى,Kaçagani
غلارونيزى,Kaçagani/Glaronizi
قاچاغره لى,Kaçağralı
قاجاغره لى,Kaçağralı
قاچاجغره لى,Kaçağralı/Kaçacağralı
قاچالا,Kaçala
قاسه قاسوله,Kaçala/Kasakasula
قچانيك,Kaçanik
قچانيق,Kaçanik
قاچنيك (؟),Kaçanik (?)
قچانكلر,Kaçanik/Kaçanikler
اورخانيه,Kaçanik/Orhaniye
قاچى,Kaçi
نهرقاچى,Kaçi/Nehr-i Kaçi
قدانو,Kadano
قدو,Kaddu
قاددو,Kaddu
قدم الكبير,Kademülkebir
قدم الصغير,Kademüssagir
قاضى,Kadı
قاضى كوى,Kadıköy
قاضيكوى,Kadıköy
قضيكوى,Kadıköy
قاضى,Kadıköy/Kadı
قاضي كويى,Kadıköyü
قاضي لى,Kadılı
قاضيلر,Kadılı/Kadılar
قاديرغه,Kadırga
قاضى شهرى,Kadışehri
قاضى شهر,Kadışehri/Kadışehir
قاضى ويران,Kadıviran
قدموس,Kadmus
قدموسى,Kadmus/Kadmusi
قره فول,Kadmus/Karaful
كافرني,Kafirni
كافرنى,Kafirni
قارفى,Kafirni
كافرنى,Kafirni
كافورنى و توزانلو,Kafirni ve Tozanlı
كافرلى,Kafirni/Kafirli
كاورنى,Kafirni/Kavirni
قفقنا,Kafkana
قافقانه,Kafkana
كافكانه,Kafkana
قفقاتا,Kafkana/Kafkata
قفر بري,Kafr Berri
قوربن,Kafr Berri/Kavrbin
قفصه,Kafsa
قاغوش,Kagoş
اذدكين,Kağıdkonan/Ezdiğin
قاغزمان,Kağızman
قغزمان,Kağızman
قاغزوان,Kağızman/Kağızvan
كاخيد,Kahid
قاهره,Kahire
مصر قاهره مع سويش و خانقاه,Kahire (Mısr-ı Kahire) maa Süveş ve Hankah
مصرِ قاهره مع سويش و حانِقاه,Kahire (Mısr-ı Kahire) maa Süveyş ve Hanikah
قاهره مع اطفيهيه,Kahire maa Atfihiye
القاهره,Kahire/el-Kahire
مصر قاهره,Kahire/Mısr-ı Kahire
مصر القاهره,Kahire/Mısrü'l-Kahire
كاهكك,Kahkik
كاخته,Kahta
كاحته,Kahta
كاختى و كركر,Kahta ve Gerger
قحطان,Kahtan
قاحطان,Kahtan
قخطان,Kahtan
قائدى,Kaidi
قائم,Kaim
القائم,Kaim/el-Kaim
ققات,Kakat
قاكيراه,Kakirah
قلعۀ قاكراح,Kakirah/Kale-i Kakirah
قلعۀ قاك راه,Kakirah/Kale-i Kakirah
كاقوريچه,Kakoriçe
كابوريچه,Kakoriçe/Gaboriçe
كاقوويچه,Kakoriçe/Kakoviçe
قاقوسى,Kakosi
قاقوتراقو,Kakotrako
قاقون,Kakun
قلاچه,Kalaça
قلادندره,Kaladendra
قلاماكى,Kalamaki
قلاماشيه,Kalamaşye
قلامته,Kalamata
قلاماته,Kalamata
قالامباقه,Kalambaka
قلاباق قيا,Kalambaka/Kalabakkaya
قلامو,Kalamo
قالاموس,Kalamo/Kalamos
كلاموا,Kalamo/Kalamova
قاموس,Kalamo/Kamos
قلاموپولو,Kalamopolo
قالاموس,Kalamos
قلاموس,Kalamos
قلامو,Kalamos/Kalamo
قاله مو,Kalamos/Kalamo
قلاموتى,Kalamoti
قلاموطى,Kalamoti
قالاموتى,Kalamoti
قالوموتى,Kalamoti/Kalomoti
قالانه سيه اطه لرى,Kalanasya Adaları
قالان دره,Kalandere
قالان,Kalandere/Kalan
قالاپودى,Kalapodi
قلاپودى,Kalapodi
قلپودى,Kalapodi
قلاروس,Kalaros
قلاص,Kalas
قلاوانى اطه لرى,Kalavani Adaları
قالاورا,Kalavra
شالاورا,Kalavra/Şalavra
قلاورته,Kalavrita
قلاورته,Kalavrita
قلاورته مع ووستنجه,Kalavrita maa Voştiçe (Vostinçe)
قلاورته و باليه بادره,Kalavrita ve Balyabadra
قلاوارته,Kalavrita/Kalavarita
قلعه,Kale
قلعۀ عبدالله,Kale-i Abdullah
قلعۀ عجل,Kale-i Acel
قلعۀ اچو,Kale-i Açu
قلعۀ اجو,Kale-i Açu/Kale-i Acu
قلعۀ آغجه قلعه,Kale-i Ağcakale
قلعۀ عزور (؟),Kale-i Azur (?)
قلعۀ جديد,Kale-i Cedid
قلعۀ جديد سيواس,Kale-i Cedid-i Sivas
قلعۀ چمنتو,Kale-i Çiminto
قلعۀ ديزه,Kale-i Dize
قلعۀ ديزي,Kale-i Dize/Kale-i Dizi
قلعۀ ارزين,Kale-i Erzin
قلعۀ اذكان و قلعۀ ارغيف و توتوس دمسغار (؟),Kale-i Ezgan (?) ve Kale-i Argif  (?) ve Totosdimisgar (?)
قلعه غازي خضرى,Kale-i Gazi Hadra
قلعۀ حكل,Kale-i Hakl
قلعۀ حصبان (؟),Kale-i Hasaban
قلعۀ هيتون,Kale-i Heytun
قلعۀ كمحنص وبناك وبريك وپشكير وبوسنك,Kale-i Kemhıs (Kemhınıs) ve Penek ve Berik (?) ve Penesker (Peşkir) ve Posik (Bosnik)
قلعۀ لنتي,Kale-i Lenti
قلعۀ مشوه,Kale-i Maşova (?)
قلعۀ مژي بوژى,Kale-i Mejiboji/Cisr
قلعۀ موداع,Kale-i Muda
قلعۀ پسك (؟),Kale-i Pesek (?)
قلعۀ رودينه,Kale-i Rudine
قلعۀ سيوكه,Kale-i Sivke
قلعۀ سيواله,Kale-i Sivke (Sivale)
قلعۀ سلطانيه,Kale-i Sultaniye
قلعۀ سلطا نيه,Kale-i Sultaniye
قلعۀ سلطا نيّه,Kale-i Sultaniye
قلعۀ سلطا نيه,Kale-i Sultaniye
قلعۀ  سلطانيه,Kale-i Sultaniye
قلعۀ سلطانيه,Kale-i Sultaniye
نفس چناق قلعه,Kale-i Sultaniye merkez/Çanakkale merkez
بوغازحصار,Kale-i Sultaniye/Boğazhisar
بوغازحصارى,Kale-i Sultaniye/Boğazhisarı
بوغاز حصارى,Kale-i Sultaniye/Boğazhisarı
چناق قلعه,Kale-i Sultaniye/Çanakkale
قلعۀ سلطانيه,Kale-i Sultaniye/Çanakkalesi
قلعۀ سلطانيه,Kale-i Sultaniye/Kale-i Sultani
سلطانيه,Kale-i Sultaniye/Sultaniye
سلطانيه جناق,Kale-i Sultaniye/Sultaniye Çanak
قلعۀ سكر,Kale-i Sükker
قلعة السكر,Kale-i Sükker/Kaletüssükker
قلعۀ شرش,Kale-i Şeriş
قلعۀ وسريه (؟),Kale-i Vesirye (?)
قلعۀ ويران شمكور,Kale-i Viranşemkür
قلعۀ يكيجه,Kale-i Yenice
قلعۀ زير,Kale-i Zir
قلعه جك,Kalecik
قلعه جك,Kalecik
قلعه جق,Kalecik
قلعه جق,Kalecik
قلعه جوق,Kalecik/Kalecuk
قلعه ديز,Kalediz
قلعه كوى,Kaleköy
قلمون,Kalemun
جبل قلمون,Kalemun/Cebel-i Kalemun
جبل قلمون,Kalemun/Cebel-i Kalemun
قلعه نما دره سى,Kalenimaderesi
قلعة الرماد,Kaletürramad
قلعة الشمر,Kaletüşşemer
قالغه سلطان,Kalgasultan
قالكلو,Kalınlı
قالكلو مع  الوانلى,Kalınlı maa  Elvanlı
قاليك ويران,Kalınviran
قالين ويران,Kalınviran
قالين ويران مع كومش,Kalınviran maa Gümüş
قليبيه,Kalibiya
قلعۀ قليبيا,Kalibiya/Kale-i Kalibiya
قلعۀ قَلِيبِيَا,Kalibiya/Kale-i Kalibiya
قلعۀ قليبِيا,Kalibiya/Kale-i Kalibiya
قالي براولي,Kalibravulu
قاليچكان,Kaliçkan (?)
قاليقراطى,Kalikrati
قالمنوس,Kalimnos
قالِمْنوس,Kalimnos
قاليمنوس,Kalimnos
قليمنوس,Kalimnos
جزيرۀ قالمنوز,Kalimnos/Cezire-i Kalimnoz
قلعۀ قلميوس,Kalimnos/Kale-i Kalimyos
قالمبوس,Kalimnos/Kalimbos
قاليمنوز,Kalimnos/Kalimnoz
قليمنوز,Kalimnos/Kalimnoz
قالميوز,Kalimnos/Kalimnoz
قالمنوز,Kalimnos/Kalimnoz
قلميوس,Kalimnos/Kalimyos
قالميوس,Kalimnos/Kalimyos
قالميوز,Kalimnos/Kalimyoz
قلميوز,Kalimnos/Kalimyoz
قلم يوز,Kalimnos/Kalimyoz
قالم يوز,Kalimnos/Kalimyoz
قلميوز,Kalimnos/Kalimyoz
كله مز,Kalimnos/Kelemez
قلينه,Kaline
قالينويق,Kalinovik
قاليس,Kalis
قاليس,Kalis
مالس,Kalis/Malis
قالييا,Kaliya
قاليا,Kaliya
قالييا,Kaliya
خلوموزى,Kaliya/Hılomozi
خيلوموزى,Kaliya/Hılomozi
شيليومودى,Kaliya/Şiliyomodi
قالقاندلن,Kalkandelen
قلقاندلن,Kalkandelen
قلقاندلان,Kalkandelen
قالقان دلان,Kalkandelen
قالقان دلن,Kalkandelen
قلقانلو,Kalkanlı
قالقانلو,Kalkanlı
قلقانلى,Kalkanlı
قالقانلى,Kalkanlı
قلقان مع قاش,Kalkanlı (Kalkan) maa Kaş
قالقان,Kalkanlı/Kalkan
قلقان,Kalkanlı/Kalkan
قالقونيزى,Kalkonizi
غايو,Kalkonizi/Gayo
كالو,Kallo
قالمانچه,Kalmaniçe
قلمانيچه,Kalmaniçe
قلمانچه,Kalmaniçe
قالمت,Kalmet
قلمند,Kalmet/Kalmend
قالوفاناس,Kalofanas
قلو فر,Kalofer
قالو فر,Kalofer
قاليفر,Kalofer/Kalifer
قالوكرو,Kalogero
قالوليمنو,Kalolimno
قالوليمنوس,Kalolimno/Kalolimnos
قالوليمونيه اطه لرى,Kalolimoniye Adaları
قالوليمنوس,Kalolimoniye/Kalolimnos
قالونيه,Kaloniye
قلونيه,Kaloniye
قالونْيه,Kaloniye
قالونيا,Kaloniye
قالونيه,Kaloniye
حصار قلونيه,Kaloniye/Hisar-ı Kaloniye
حصار قالونيه,Kaloniye/Hisar-ı Kaloniye
قارلونيه,Kaloniye/Karloniye
قالوولو,Kalovolo
قالوء الوالم,Kalovolo/Kaloilvalam
قالويان,Kaloyan
قالويريس,Kaloyeris
حاقرونيسى,Kaloyeris/Hakronisi
قالوكرى,Kaloyeris/Kalogeri
قالويروز,Kaloyeris/Kaloyeroz
قالويرى اطه لرى,Kaloyiri Adaları
قلارى,Kaloyiri Adaları/Kalari
كالور,Kalur
قليوبيه,Kalyubiye
قليوبيه,Kalyubiye
قَلْيُوبِيّه,Kalyubiye
قليوب,Kalyubiye/Kalyub
قَلْيُوب,Kalyubiye/Kalyub
قليون كاويسى,Kalyun gavisi
قماعره,Kamaira
قماعده,Kamaira/Kamaide
قاماموقو,Kamamoko
قمان,Kaman
قمانچشتۀ كوچك,Kamançişte-i Küçük
قمران,Kamaran
قامارات,Kamaran/Kamarat
قمارى,Kamari
قمره,Kamari/Kamara
كماريك,Kamarik
قماريك,Kamarik
قماريانى,Kamaryani
قماريا,Kamaryani/Kamarya
قارانى,Kamaryani/Karanı
قامبرو,Kambro
قا مچيق,Kamçik
قامچى,Kamçik/Kamçi
قمنغراد,Kamengrad
واروش قلعۀ قمنغراد,Kamengrad/Varoş-ı Kale-i Kamengrad
قمنچه,Kameniçe
قمنجه,Kameniçe
قمنيچه,Kameniçe
نفس قمنيچه,Kameniçe merkez
قمانيچه,Kameniçe/Kamaniçe
قامنيك,Kamenik/Yukarıova
قامنسقه,Kameniska
قامنسقه,Kameniska/Priyeg
قامانيچه,Kameniska/Priyeg/Kamaniçe
قَمَرْ,Kamer
قاميشلى,Kamışlı
قامجاق,Kamiçak
قاميلا,Kamila
پيانه,Kamila/Piyana
پلانه,Kamila/Plana
قمنيس,Kaminis
قامينلاكى,Kaminlaki
قاممنى,Kammeni
قامينس,Kammeni/Kaminis
قامپو,Kampo
قامبو,Kampo
قامپوفورميو,Kampoformiyo
كان,Kan
قانا,Kana
قناق بالا,Kanak-ı Bala
قباق بالا,Kanak-ı Bala/Kabak-ı Bala
قناق زير,Kanak-ı Zir
قناق زيرين,Kanak-ı Zir/Kanak-ı Zirin
قناريا اطه لرى,Kanarya Adaları
قناسيه,Kanasiye
قلعۀ قناسيه,Kanasiye/Kale-i Kanasiye
قنات,Kanat
قنبرلر بالا,Kanberler-i Bala
قنجلو,Kancalı
قندهار,Kandahar
قندره,Kandıra
قاندرى,Kandıra
قندرى,Kandıra
قاندره,Kandıra
قندوره مع گنجلو,Kandıra maa Genceli
قندره مع گنجلو,Kandıra maa Genceli
قنديرى مع كنجلى,Kandıra maa Genceli
قندرى مع كنجلو,Kandıra maa Genceli
قنديرى مع كنجيلى,Kandıra maa Genceli (Gencili)
نفس قندره,Kandıra merkez
قاندرى,Kandıra/Kandırı
قندرى,Kandıra/Kandırı
قندله,Kandila
قنديه,Kandiye
قنديه,Kandiye
نفس قنديه,Kandiye merkez
جزيرۀ قنديه,Kandiye/Cezire-i Kandiye
قلعۀ قنديه,Kandiye/Kale-i Kandiye
قنديا,Kandiye/Kandiya
قنغال,Kangal
قنقال,Kangal/Kankal
كانى,Kani
قنيژه,Kanije
قنيزه,Kanije
قنژه,Kanije
قشژه,Kanije/Kaşije
قاننه,Kanine
قانلى اطه لر,Kanlı Adalar
قانلى اطه,Kanlıada
قنطره بوغزي,Kantara Boğazı
قانو (؟),Kanu
قپان,Kapan
قپنوه,Kapinova
قنبوه,Kapinova/Kanibova
قننوه,Kapinova/Kaninova
قاپولنه,Kapolna
قاپوليه,Kapolna/Kapolya
قپوش,Kapoş
قپوشوار,Kapoşvar
غپوشوار,Kapoşvar/Gapoşvar
قپوشوار,Kapoşvar/Mezraa-i Omak
قاپوتا,Kapota
قاپروار,Kaprivar
قاپريور,Kaprivar
قاپريوار,Kaprivar
قپروار,Kaprivar
قپرور,Kaprivar
قاپرونى,Kaproni
پلاتى,Kaproni/Plati
قاپروچه,Kapruça
قاپروجه,Kapruça
قاپورچه,Kapruça/Kapuruça
قابتول,Kaptol
قاپطول,Kaptol
قاپتول,Kaptol
قابتول,Kaptol/Kabtol
قپو اغزى,Kapuağzı
قپو طاغى,Kapudağı
قپوطاغي,Kapudağı
قبو طاغى,Kapudağı
جزيرۀ قپوطاغي,Kapudağı/Cezire-i Kapudağı
قپو طاغ,Kapudağı/Kapudağ
قپودان برغازى,Kapudanburgazı
قپودانلق بنى زرد,Kapudanlık-ı Benizerd
قپودانلق دريا,Kapudanlık-ı Derya
جزائر,Kapudanlık-ı Derya/Cezair
جزاير,Kapudanlık-ı Derya/Cezayir
جزاير,Kapudanlık-ı Derya/Cezayir
جزائر,Kapudanlık-ı Derya/Cezayir
قپودانلق,Kapudanlık-ı Derya/Kapudanlık
قَپُودانْلق,Kapudanlık-ı Derya/Kapudanlık
قپو كوى,Kapuköy
قپو محمودى,Kapumahmudi
قپو طائفسى,Kaputaifesi
قپو طائفه سى,Kaputaifesi
قپوار,Kapuvar
قاره,Kara
قارا,Kara
قره وقرجه طاغ,Kara ve Karacadağ
فاره,Kara/Fara
قره لر,Kara/Karalar
قرالر,Kara/Karalar
قره آبدال,Karaabdal
قره اطه,Karaada
قراآطه,Karaada
قره آطه,Karaada
قره آدا,Karaada
ايا يوركى,Karaada/Ayayorgi
باركير,Karaada/Bargir
جورجى,Karaada/Corci
جورجيوس,Karaada/Corciyos
فونى,Karaada/Foni
غونى,Karaada/Goni
غوتى,Karaada/Goti
قره,Karaada/Kara
ييكر,Karaada/Yikir
قره اغاچ,Karaağaç
قره اغاج,Karaağaç
قره اغاج كولحصار,Karaağaç-ı Gölhisar
قره اغاج كولحصارى,Karaağaç-ı Gölhisar
قره آغاج گول حصار,Karaağaç-ı Gölhisar
قره اغاج گولحصار,Karaağaç-ı Gölhisar
اجى بادم,Karaağaç-ı Gölhisar/Acıbadem
آجى بادم,Karaağaç-ı Gölhisar/Acıbadem
آجى پيام,Karaağaç-ı Gölhisar/Acıpayam
عاصى قره اغاج,Karaağaç-ı Gölhisar/Asikaraağaç
طكزلى قره اغاچ,Karaağaç-ı Gölhisar/Donuzlu Karaağaç
غربى قره آغاج,Karaağaç-ı Gölhisar/Garbikaraağaç
غربى قره آغاچ,Karaağaç-ı Gölhisar/Garbikaraağaç
غربى قره اغاچ,Karaağaç-ı Gölhisar/Garbikaraağaç
كولحصار قره اغاج,Karaağaç-ı Gölhisar/Gölhisar Karaağac
كولحصار قره اغچ,Karaağaç-ı Gölhisar/Gölhisar Karaağac
كولحصار قره اغاج,Karaağaç-ı Gölhisar/Gölhisar Karaağaç
قره اغاج,Karaağaç-ı Gölhisar/Karaağaç
قره اغاج كولحصارى,Karaağaç-ı Gölhisar/Karaağaç Gölhisarı
قره اغاج كولحصارى,Karaağaç-ı Gölhisar/Karaağaç Gölhisarı
قره اغاج يلواج,Karaağaç-ı Yalvaç
قره آغاج يلواج,Karaağaç-ı Yalvaç
قره اغاچ يلواچ,Karaağaç-ı Yalvaç
قره اغاج مع افشار,Karaağaç-ı Yalvaç (Karaağaç) maa Afşar
قره اغاج,Karaağaç-ı Yalvaç/Karaağaç
قره آغاج,Karaağaç-ı Yalvaç/Karaağaç
نفس قره آغاج,Karaağaç-ı Yalvaç/Karaağaç merkez
شرقى قره آغاج,Karaağaç-ı Yalvaç/Şarkikaraağaç
يلواج قره اغاج,Karaağaç-ı Yalvaç/Yalvaç Karaağaç
قره على,Karaali
قره ارض,Karaarz
قَره اَرْض,Karaarz
قره باغ,Karabağ
قره باغلر اطه لرى,Karabağlar Adaları
چتاللر اطه لرى,Karabağlar Adaları/Çatallar Adaları
قارداغلار,Karabağlar Adaları/Kardağlar
قره باغچه,Karabahçe
قره باصتى,Karabastı
قره بكان,Karabegan
مريوان,Karabegan/Mirivan
قره بل,Karabel
قره بيل,Karabel
قره بيل,Karabel
قره بيل مع عشيرت گينلى و زاره و باليجابلى و جهانبگلى,Karabel maa Aşiret-i Ginili ve Zara ve Balıcablı (?) ve Cihanbeyli
قره بيل مع  بكطاغى,Karabel maa Beydağı
قره برك,Karaberk
ديوان قره برك,Karaberk/Divan-ı Karaberk
قره بك,Karabey
قره بيقلو,Karabıyıklı
قره بيقلى,Karabıyıklı
قره بيغا,Karabiga
قره بوغاز,Karaboğaz
قره بوجيلو,Karaböcülü
قره بورك,Karabörk
قره يورك,Karabörk/Karayörük
قره برون,Karaburun
قره بورن,Karaburun
قره بورون,Karaburun
قره بيرون,Karaburun/Karabirun
قره جه,Karaca
قره جه آباد,Karacaabad
قره جه اباد,Karacaabad
قره جه آباد,Karacaabad
ودينه قره جه آباد,Karacaabad/Vodine Karacaabad
ودينه قره جه اباد,Karacaabad/Vodine Karacaabad
قره جه اغاج,Karacaağaç
قره جه طاغ,Karacadağ
قره جه طاغلو,Karacadağlı
قره جه طاغ,Karacadağlı (Karacadağ)
قره جه طاغ,Karacadağlı/Karacadağ
قراجه اوحد,Karacaevhad
قره جه خليل,Karacahalil
قره جه حصار,Karacahisar
قره جه قيونلو,Karacakoyunlu
بيراملو قراجه قيونلوسى,Karacakoyunlu/Bayramlı Karacakoyunlusu
قره جه كوى,Karacaköy
قره جالر,Karacalar
قره جه لر,Karacalar
قرجه لر,Karacalar
قره جلر,Karacalar
قره جه لر خانه لري,Karacalar Haneleri
قره جه لى,Karacalı
قره جه لو,Karacalı
قره جه اوغلان,Karacaoğlan
قره جه اوغلان مع سكى,Karacaoğlan maa Seki
قراجه اوغلى,Karacaoğlu
قره جه صالح,Karacasalih
قره جه صو,Karacasu
قرجه صو,Karacasu
قره صو,Karacasu/Karasu
قرا جه شهر,Karacaşehir
قره جه شهر,Karacaşehir
قر جه شهر,Karacaşehir
قره جه حصار,Karacaşehir/Karacahisar
قره شهر,Karacaşehir/Karaşehir
قره جه ويران,Karacaviran
قره جه ويران,Karacaviran
كنغرى قره جه ويران,Karacaviran/Kengırı Karacaviran
قيرجه ويران,Karacaviran/Kırcaviran
قره جيجه لى مع  قلعه جك,Karaciceli maa Kalecik
قره جورون,Karacurun
قره چالى,Karaçalı
قره چوبان,Karaçoban
قره چوق,Karaçok
قره چور,Karaçor
قره طاغ,Karadağ
ولايت قره طاغ,Karadağ (Vilayet-i Karadağ)/Nevahi-i Erbaa
قره طاغ اوزى,Karadağözü
قره دكز,Karadeniz
قره دكيز,Karadeniz
قره دكز بغازي,Karadeniz Boğazı
قره دكز ساحلى,Karadeniz Sahili
بحر سياه,Karadeniz/Bahr-i Siyah
قره دره,Karadere
قره ديكين,Karadiğin
قره دكن,Karadiken
قرادل,Karadil
قرادل طاشليسى,Karadil/Karadiltaşlısı
قرادى نيسى اطه جغى,Karadinisi Adacığı
قره طغان,Karadoğan
قره طونلو,Karadonlu
قره طروق,Karadoruk
قره طوروق,Karadoruk
قره فريه,Karaferye
نفس قره فريه,Karaferye merkez
قره وريه,Karaferye/Karaverye
قره غان,Karagan
قره كول,Karagöl
قره كوللى,Karagöllü
قره حاجيلو,Karahacılı
قره حاجيلو,Karahacılı/Karahacılu
قره حليل,Karahalil
قره خليل,Karahalil
حوضه قره خليل,Karahalil/Havza Karahalil
قرجه خليل,Karahalil/Karacahalil
قره خاللو,Karahallı
قره حاللو,Karahallı
قره حاللى,Karahallı
قره حرمن,Karaharman
قره حسن,Karahasan
قره حيط,Karahayıt
قره حايط,Karahayıt
قره حايط,Karahayıt
طلمه,Karahayıt/Dalama
طالمه,Karahayıt/Dalama
قره همشين,Karahemşin
قره حصار,Karahisar
قره حصار و اغجه قلعه,Karahisar ve Ağcakale
قره حصار بهرام شاه,Karahisar-ı Behramşah
قره حصار بهرامشاه,Karahisar-ı Behramşah
قره حصار بهرم شاه,Karahisar-ı Behramşah
قره حصار بهرام شاه مع قبيلۀ چينى واحسان خانه لرى,Karahisar-ı Behramşah maa Çepni (Kabile-i Çini) ve İhsanhaneleri
قره حصار,Karahisar-ı Behramşah/Karahisar
قره حصاردمورلو,Karahisar-ı Demirli
قره حصار دمورلو,Karahisar-ı Demirli
قره حصاردمورلى,Karahisar-ı Demirli
قره حصار تيمورلى,Karahisar-ı Demirli
قلعه حصار تيمورلى,Karahisar-ı Demirli (Kalehisar-ı Timurli)/Çorumkürdü
اكراد چورم مع قطاسراى و تخت الطريق و فوق الطريق,Karahisar-ı Demirli (Karahisar-ı Timurci)/Ekrad-ı Çorum maa Katasaray ve Tahtettarik ve Fevkattarik
قره حصاردمورلو و بوداق اوزى,Karahisar-ı Demirli ve Budaközü
دمورلوقره حصار,Karahisar-ı Demirli/Demirlikarahisar
قلعه حصار,Karahisar-ı Demirli/Kalehisar
قره حصار,Karahisar-ı Demirli/Karahisar
قره حصارتيمورلى,Karahisar-ı Demirli/Karahisar-ı Timurlu
قره حصارلئ تيمورلى,Karahisar-ı Demirli/Karahisarlı-i Timurlu
قره حصار دوه لو,Karahisar-ı Develi
قرا حصار دولو,Karahisar-ı Develi
قره حصارو يحيالو,Karahisar-ı Develi (Karahisar) ve Yahyalı
قره حصار,Karahisar-ı Develi/Karahisar
قره حصار,Karahisar-ı Develi/Karahisar
قره حصار يحيالو,Karahisar-ı Develi/Karahisar-ı Yahyalı
قره حصار يحيالو,Karahisar-ı Develi/Karahisar-ı Yahyalı!
قره حصار نعللو,Karahisar-ı Nallı
نعللو قره حصار,Karahisar-ı Nallı/Nallı Karahisar
قره حصار صاحب,Karahisar-ı Sahib
قره حصار مع قير حصار,Karahisar-ı Sahib (Karahisar) maa Kırhisar
نفس قره حصار,Karahisar-ı Sahib (Karahisar) merkez
نفس قره حصار,Karahisar-ı Sahib (Karahisar) merkez
قره حصار صاحب,Karahisar-ı Sahib merkez
نفس قره حصار صاحب,Karahisar-ı Sahib merkez
آفيون قره حصار,Karahisar-ı Sahib/Afyonkarahisar
قره حصار صاحب,Karahisar-ı Sahib/Afyonkarahisarı
آفيون قره حصارى,Karahisar-ı Sahib/Afyonkarahisarı
قره حصار,Karahisar-ı Sahib/Karahisar
قره حصار,Karahisar-ı Sahib/Karahisar
قره حصار آفيون,Karahisar-ı Sahib/Karahisar-ı Afyon
قره حصار شرقى,Karahisar-ı Şarki
قره حصارشرقى,Karahisar-ı Şarki
قره حصار شرقي,Karahisar-ı Şarki
قره حصار شرقی,Karahisar-ı Şarki
قره حصار,Karahisar-ı Şarki (Karahisar)/Kigonya
قره حصار شرقى مع نواحى,Karahisar-ı Şarki maa nevahi
قره حصار,Karahisar-ı Şarki/Karahisar
نفس قره حصار,Karahisar-ı Şarki/Karahisar merkez
قره حصار ارزنجانى,Karahisar-ı Şarki/Karahisar-ı Erzincani
قره حصار حسن دراز,Karahisar-ı Şarki/Karahisar-ı Hasandıraz
قره حصار حسن درازى,Karahisar-ı Şarki/Karahisar-ı Hasandırazi
قره حصار شابين مع نواحى,Karahisar-ı Şarki/Karahisar-ı Şebin maa Nevahi
كيغونيه,Karahisar-ı Şarki/Kigonya
قره حصار شرقى,Karahisar-ı Şarki/Şebinkarahisar
شبين قره حصار,Karahisar-ı Şarki/Şebinkarahisar
شابين قره حصارى,Karahisar-ı Şarki/Şebinkarahisarı
قره حصار تكه,Karahisar-ı Teke
سريك,Karahisar-ı Teke (Karahisar)/Serik
سريك,Karahisar-ı Teke (Karateke)/Serik
قره حصار,Karahisar-ı Teke/Karahisar
سريك,Karahisar-ı Teke/Serik
سرليك,Karahisar-ı Teke/Serik (Surlik)
سريك نام ديكر قره حصار تكه مع نواحئ بش قوناق,Karahisar-ı Teke/Serik nam-ı diğer Karahisar-ı Teke maa nevahi-i Beşkonak
سريك نام ديكر قره حصار تكه مع نواحئ بش قوناقك,Karahisar-ı Teke/Serik nam-ı diğer Karahisar-ı Teke maa nevahi-i Beşkonak
تكه قره حصارى,Karahisar-ı Teke/Teke Karahisarı
قره حصارلو,Karahisarlı
قره عيسالو,Karaisalı
قره عيسى لو,Karaisalı
قره عيسى لو مع حاجيلو,Karaisalı maa Hacılı
قره عيسالو مع عشيرت مَنَمَنْجى,Karaisalı ve Aşiret-i Menemenci
قره عيسالو مع عشيرت منمنجى,Karaisalı ve Aşiret-i Menemenci
قره عيسالو و فمجى,Karaisalı ve Femci
قره عيسالو و فمجى,Karaisalı ve Femci (?)
چچه لى,Karaisalı/Çeçeli
جيچه لى,Karaisalı/Çeçeli (Ciçeli)
قره قلقان و شانشى,Karakalkan ve Şanşi
قره قيا,Karakaya
قره قيالى,Karakayalı
قره قيه لو و قوش تمر,Karakayalı ve Kuştemur
قيالو جماعتى,Karakayalı/Kayalı Cemaati
قره كچى,Karakeçi
قره كيجى,Karakeçi
قره كچلو,Karakeçi/Karakeçili
قره قشله,Karakışla
قره قشله,Karakışla
قره قشلا,Karakışla
قره كليسا,Karakilise
قره كلسا,Karakilise
قره كليسا,Karakilise
قره كوسه,Karakilise/Karaköse
قره قونيچه,Karakoniçe
قره كوى,Karaköy
قاره كوى,Karaköy
قره كوى اوتلغى,Karaköyotlağı
قره قولاق,Karakulak
قره قورت,Karakurt
قرا قورت,Karakurt
قراقورد,Karakurt/Karakurd
قره قوش,Karakuş
قره قوش,Karakuş
قره غوش,Karakuş/Karaguş
كوه بلوك قراقوش,Karakuş/Kuh-ı Bölük-i Karakuş
كوه قره قوش,Karakuş/Kuh-ı Karakuş
قره قوشلو,Karakuşlu
قره قوشلى,Karakuşlu
قره لر,Karalar
قره لوم,Karalom
قره لوم مع بولميه,Karalom maa Polomiye
قرم ام سمروع,Karam Ümm-i Semeru
قره مغاره,Karamağara
قره مان,Karaman
قرمان,Karaman
قرمان قونيه,Karaman/Karaman-ı Konya
قرمانلو,Karamanlı
قرابوز,Karamboza/Karaboz
قارابوز,Karamboza/Karaboz
قاربوز,Karamboza/Karaboz
قره مق,Karamık
قرمق,Karamık
قره مق مع جاى,Karamık maa Çay
قرمق مع شفيق,Karamık maa Şefik
قره مورط,Karamurt
قره مرسل,Karamürsel
قره مُرْسَل,Karamürsel
نفس قره مرسل,Karamürsel merkez
قران,Karan
القران,Karan/el-Karan
قران شبش,Karanşebeş
قره اوه,Karaova
قره اوه,Karaova/Bodrum
قره آباد,Karaova/Karaabad
قره اباد,Karaova/Karaabad
قره عمر,Karaömer
قره عمر,Karaömer
قره اوز,Karaöz
قره پيكار,Karapınar
قره پكار,Karapınar
قره پيڭار,Karapınar
قره بيكار,Karapınar
قره پيڭار مع سلطانيّه,Karapınar maa Sultaniye
قره پوكار,Karapınar/Karapunar
سلطانيه,Karapınar/Sultaniye
قره بيكار,Karapınar/Sultaniye
سلطانيۀ قره پيكار,Karapınar/Sultaniye-i Karapınar
قره پرچك كبير,Karapürçek-i Kebir
قره پرچك صغير,Karapürçek-i Sagir
قراسته,Karasta
قرستوش,Karastoş
قره صو,Karasu
قره صو,Karasu
قره صو بازارى,Karasupazarı
قره صو,Karasupazarı/Karasu
نصف قرا صو,Karasupazarı/Nısf Karasu
قره صو طماق,Karasutamak
قره صو تماق,Karasutamak
قره تماق,Karasutamak/Karatamak
نصف قره صو طماق,Karasutamak/Nısf Karasutamak
قارش,Karaş
قراش,Karaş
قراشوه,Karaş/Karaşova
قره شار,Karaşar
قراطه,Karata
قراته,Karata
ناك قراطه,Karata/Nagikarata
قره طاش,Karataş
قرى طاش,Karataş
قره طاش مع آرغادى,Karataş maa Avgadı (Argadı)
قره طاش مع ارغادى,Karataş maa Avgadı (Argadı)
قره طاش و اوغادى,Karataş ve Avgadı
قري طاش,Karataş/Karıtaş
قرى طاش,Karataş/Karıtaş
قره طاش كوى,Karataşköy
قره طاش,Karataşköy/Karataş
قره تپه,Karatepe
قره دپه,Karatepe/Karadepe
قنق,Karatilhamdun/Kınık
قره تيمورخان,Karatimurhan
قره تنوس,Karatonus
قره طوپراق,Karatoprak
قره طوت,Karatut
قره اولوس,Karaulus
قره اورغان,Karaurgan
قره وادى,Karavadi
قره وار,Karavar
قره وليلر,Karaveliler
قراوى,Karavi
قاراوى,Karavi
قارانى,Karavi/Karani
طباق اطه لرى,Karavi/Tabak Adaları
قره ويران,Karaviran
قراويا,Karaviya
قره ويا,Karaviya
قاراووله,Karavola
قرووچه,Karavuça
قره يقه,Karayaka
قره يقه مع طاش آباد,Karayaka maa Taşabad
آل اينك,Karayaka/Alinek
ال اينك,Karayaka/Alinek
قره يازى,Karayazı
قره يازي,Karayazı
قره يكيد,Karayiğid
قره يكيدلى,Karayiğid/Karayiğidli
قره يكيت,Karayiğid/Karayiğit
قره يوك,Karayün
كا راز,Karaz
قربانس,Karbanis
قربيه,Karbiye
قارپيه,Karbiye/Karpiye
قارچقان,Karçikan
كارجكان,Karçikan
كارجقان,Karçikan
كارچكان,Karçikan
قارچيكان,Karçikan
قارچكان,Karçikan
قارچكان,Karçikan
كرچكان,Karçikan
قارجكان,Karçikan
قارجغان,Karçikan/Karcigan
قرداحه,Kardaha
قرداحه و سمت قبلى و بني على,Kardaha ve Semt-i Kıbli ve Beniali
قارداميله,Kardamile
قارده ميله,Kardamile
قرداميله,Kardamile
قرداشلر,Kardaşlar
قردشلر اطه لرى,Kardaşlar Adaları
قرداشلر اطه لرى,Kardaşlar Adaları
آدلفى,Kardaşlar/Adelfi
ايكي قرداش,Kardaşlar/İkikardeş
ايكى قرداش,Kardaşlar/İkikardeş
ايكي قرنداش,Kardaşlar/İkikarındaş
اونيا,Kardaşlar/Uniya
اونيو اطه لرى,Kardaşlar/Uniyo Adaları
اونيو آطه لرى,Kardaşlar/Uniyo Adaları
يونيه,Kardaşlar/Yuniya
يونيانيسى اطه جقلرى,Kardaşlar/Yuniyanis Adacıkları
قارديج,Kardiç
قارديچ,Kardiç
قارديچه,Kardiçe
قرديچه,Kardiçe
غارديچه,Kardiçe/Gardiçe
قارتيچه,Kardiçe/Kartiçe
قارتيجه,Kardiçe/Kartiçe
قارديوتيرا,Kardiyotira
قارديانه,Kardiyotira/Kardiyana
قاردييانيسا,Kardiyotira/Kardiyanisya
قاردونيسا,Kardiyotira/Kardonisa
پانايا,Kardiyotira/Panaya
قره سى,Karesi
قره سى,Karesi
قره سي,Karesi
با ليكسر,Karesi/Balıkesir
قره سى,Karesi/Balıkesri
باليكسرى,Karesi/Balıkesri
قراسى,Karesi/Karasi
پياده كان قره سى,Karesi/Piyadegan-ı Karesi
پياده كان قره سي,Karesi/Piyadegan-ı Karesi
قارغان,Kargan
قارغى,Kargı
قارغو,Kargı/Kargu
قارغولق,Kargılık
قارغوليق,Kargılık
قارقلق,Kargılık/Karkılık
قارغين,Kargın
قارقين,Kargın/Karkın
قاريجق,Karıcık
قريقلى,Karıklı (?)
قاريم,Karım
قاريمش,Karımış
قرى بازارى,Karıpazarı
قارى بازارى,Karıpazarı
قارى پازارى,Karıpazarı
قارى بازارى مع نعللو,Karıpazarı maa Nallı
قره بازارى,Karıpazarı/Karabazarı
قره پازار,Karıpazarı/Karapazar
قره بازار,Karıpazarı/Karapazar
اورته,Karıpazarı/Orta
اورتا,Karıpazarı/Orta
قارشديران,Karışdıran
قرشدران كبير,Karışdıran/Karışdıran-ı Kebir
قرى يايا,Karıyaya
على الدين,Karıyaya/Aliyyüddin
جرى يايا,Karıyaya/Çeriyaya
قره يايا,Karıyaya/Karayaya
قارين,Karin
قلعۀ قارين,Karin/Kale-i Karin
واروش قارين,Karin/Varoş-ı Karin
قرينا,Karina (?)
قرين آباد,Karinabad
قرين اباد,Karinabad
قرن آباد,Karinabad
قرين آباد مع  يانبولى,Karinabad maa Yanbolu
قرين اواسى,Karinabad/Karinovası
قرين اوه سى,Karinabad/Karinovası
كارير,Karir
قارتنه,Karitena
قاريتنه,Karitena
قرتنه,Karitena
قريذي,Karizi
قارقار,Karkar
كاركار,Karkar
كروكار,Karkar/Gerukar
قارلى,Karlı
قارلي ايلى,Karlıili
قارلى ايلى,Karlıili
قارلي ايلي,Karlıili
قارلىِ ايلىِ,Karlıili
قارلى,Karlıili/Karlı
قارلوفچه,Karlofça
قارلوچه,Karlofça/Karlovça
قارلوه,Karlova
قارمارى,Karmarı
قرن,Karn
قرنين,Karneyn
جرمين,Karneyn/Cermeyn
كرتن,Karneyn/Kerten
قاروس,Karos
قارو,Karos/Karo
قاروز,Karos/Karoz
كيرو,Karos/Kiro
كيروس,Karos/Kiros
قرپاس,Karpas
قرباس,Karpas
قارباس,Karpas
قارپاص,Karpas
قارپاس,Karpas
جرباس,Karpas/Carpas
حرپاس,Karpas/Harpas
قرپاش,Karpas/Karpaş
قرباش,Karpas/Karpaş
قرپاز,Karpas/Karpaz
قارپاز,Karpas/Karpaz
قارپوزلى,Karpuzlu
قارپوزلو,Karpuzlu
قاربوزلى,Karpuzlu
قارپوزى,Karpuzlu/Karpuzi
قارص,Kars
قرص ارضروم,Kars-ı Erzurum/Kars
قارص مرعش,Kars-ı Maraş
قارص مع اندرين,Kars-ı Maraş (Kars) maa Andırın
قارص مع اندرين و ناحيۀ گوكسون,Kars-ı Maraş (Kars) maa Andırın ve Nahiye-i Göksun
قارص,Kars-ı Maraş (Kars)/Karamanlıyakası
ذوالقدريه,Kars-ı Maraş (Kars)/Zülkadriye
قره مانلو يقاسى,Kars-ı Maraş/Karamanlıyakası
قارص,Kars-ı Maraş/Kars
قارص ذولقدريه,Kars-ı Maraş/Kars-ı Zülkadriye
قارص,Kars-ı Maraş/Kars-ı Zülkadriye
قارص ذو القدريّه,Kars-ı Maraş/Kars-ı Zülkadriye
قارص ذو القدريه,Kars-ı Maraş/Kars-ı Zülkadriye
ذوالقدريه,Kars-ı Maraş/Zülkadriye
ذوالقدريّه,Kars-ı Maraş/Zülkadriye
قارصيندى,Karsandı
قارصندى,Karsandı
قارصدى,Karsandı/Karsadı
قارشلى,Karşılı
قارشيلى,Karşılı
قارشلئ كبير,Karşılı-i Kebir
قارشولئ صغير,Karşılı-i Sagir
قرتال,Kartal
قارتال,Kartal
قرتال مع اطه لر,Kartal maa Adalar
قارتل مع آيدوس,Kartal maa Aydos
قارتال مع آيدوس,Kartal maa Aydos
قارتاس,Kartas
قارته لى,Karteli
كارتيل,Kartil
قارطوز مع كسمه,Kartoz maa Kesme
كارو,Karu
قارو,Karu
قاروونا,Karvuna
قاريالى,Karyalı
قاريه پولى,Karyapoli
قاريس,Karyes
قريتين,Karyeteyn
قاريتين,Karyeteyn
قاريوط,Karyot
قريوط,Karyot
قاريوط,Karyot
ايقاريوط,Karyot (İkaryot)/Ahikerye
اِيقارْيوط,Karyot (İkaryot)/Ahikerye
ايقايوط,Karyot (İkayot)/Ahikerye
نيقاريا,Karyot (Nikarya)/İkarya
اخى كرى,Karyot/Ahikeri
اخكرى,Karyot/Ahikeri
احى كرى,Karyot/Ahikeri
آخى كرى,Karyot/Ahikeri
اخي كريه,Karyot/Ahikerye
اخى كريه,Karyot/Ahikerye
اهي كريه,Karyot/Ahikerye
جزيرۀ قاريوط,Karyot/Cezire-i Karyot
ايقاريا,Karyot/İkarya
نيقارى,Karyot/Nikari
نيقاريا,Karyot/Nikarya
قاريوط,Karyot/Nikarya
قصاب,Kasab
قصبه,Kasaba
قصبه,Kasaba (Berda)
قاسم اوغلى,Kasımoğlu
قاسيدى,Kasidi
قاسونيزى,Kasonizi
پراصو,Kasonizi/Praso
قسبروفچه,Kasperofça
نفس قسبروفچه,Kasperofça merkez
قصر عنتر (؟),Kasr-ı Anter (?)
قصر شيرين,Kasr-ı Şirin
قسطمونى,Kastamonu
قسطموني,Kastamonu
قَسْطمُونى,Kastamonu
قسطموني,Kastamonu
قسطمونى مع ناحيۀ آق قيا,Kastamonu maa Nahiye-i Akkaya
قسطمونى مع نواحى,Kastamonu maa Nevahi
نفس قسطمونى,Kastamonu merkez
قسطمنو و كول,Kastamonu ve Göl
قستان,Kastan
قستل,Kastel
قَسْتَلْ,Kastel
قسطل,Kastel
قستل بحريه,Kastel-i Bahriye
قستل افرنج,Kastel-i Efrenç
قستللوز,Kastelloz
قصطراط,Kastırat
قاستوس,Kastos
قاستو,Kastos/Kasto
قاسترسيانقه,Kastrisyanika
قاسرسياقه,Kastrisyanika/Kasrisyaka
قاسترو,Kastro
قاش,Kaş
قاش,Kaş
قاش,Kaş
قاش مع عشائر,Kaş maa Aşair
قشاقلو,Kaşaklı
قشاقلى,Kaşaklı
قاشقلى,Kaşaklı
يكيشهر,Kaşaklı/Yenişar (Yenişehir)
قشاقلو,Kaşaklı/Yenişar (Yenişehir)
كاشعت,Kaşat (?)
قاشيك,Kaşik
قاشنيت,Kaşnit
قاشوط,Kaşot
قشوط,Kaşot
قاشوت,Kaşot
قاشوط,Kaşot
قاشوط,Kaşot
جزيرۀ قاشيوط,Kaşot/Cezire-i Kaşyot
چوبان,Kaşot/Çoban
چوبانلى,Kaşot/Çobanlı
چوبانلق,Kaşot/Çobanlık
قاشوط,Kaşot/Hububat
قاسو,Kaşot/Kaso
قاصو,Kaşot/Kaso
قاسسو,Kaşot/Kasso
قاشيوط,Kaşot/Kaşyot
پالاتى,Kaşot/Palati
قاش يكيجه,Kaşyenice
قعطبه,Kataba
قطافيه,Katafiye
قطنا,Katana
قطنا,Katana
قطر,Katar
قطر,Katar
قطرسراى,Katarsaray
قطار,Katarsaray/Katar
قاتاوولو,Katavolo
قاطاويا,Katavya
قاطاويه,Katavya
قترين,Katerin
قترين,Katerin
قَتَرِينْ مع بلاطمنه,Katerin maa Platimana
قترين مع پلاطمنه,Katerin maa Platimana
قترين مع بلاطمنه,Katerin maa Platimana
قترينا,Katerin/Katerina
قترينه,Katerine
قاطع,Katı
قاطع بيت الشباب و قاطع بَكْفِيَه,Katı-ı Beytişşebab ve Katı-ı Bekfiye
قتيف,Katif
قطيف,Katif
قاتوخى,Katohi
قاتوخوريو,Katohoryo
قاتوقفونيزى,Katokufonizi
غوفونيزه,Katokufonizi/Gofonize
قاتوش,Katoş
قاترامونيزى,Katramonizi
قامبو اطه لرى,Katramonizi/Kambo Adaları
قطران,Katran
قطرانجى آطه لرى,Katrancı Adaları
قطرانچه,Katraniçe
قاترو,Katro
قاترو,Katro/Kitro
قطرون,Katrun
نطرون,Katrun/Natrun
قاتومه,Katuma
قاطيه,Katya
قواق,Kavak
قواقلى,Kavaklı
قواقلى دره,Kavaklıdere
قواله,Kavala
قوالَه,Kavala
قواله مع بركتلو,Kavala maa Bereketli
قواله مع  بركتلو,Kavala maa Bereketli
قواله مع بركتلو,Kavala maa Bereketlü
قلعۀ قواله,Kavala/Kale-i Kavala
قاولير,Kavaliyer
قوالوس,Kavalos
قاوالوس,Kavalos
قوال,Kavalos/Kaval
قواله اطه لرى,Kavalos/Kavala Adaları
قوالو اطه لرى,Kavalos/Kavalo Adaları
قوارنه,Kavarna
قوايه,Kavaya
قوايا,Kavaya
قوايه مع ديراج,Kavaya maa Draç
قرايه,Kavaya/Kraya
قاورلوى,Kaverluy
كاويللو مع باركلو,Kavilli maa Barikli
كاويللو,Kavilli/Kavillü
قوارونيسى اطه لرى,Kavoronisi Adaları
قيا,Kaya
قياجق,Kayacık
قياجوق,Kayacık
قيه جق,Kayacık
قيالر,Kayalar
جمعه,Kayalar (Cuma)/Serfiçe Cuması
نفس جمعه,Kayalar merkez/Cuma merkez
قيالر,Kayalar/Cuma
جمعه,Kayalar/Cuma
جمعه بازارى,Kayalar/Cumapazarı
جمعه پازارى,Kayalar/Cumapazarı
قياپا,Kayapa
قايدارى,Kaydari
اشك,Kaydari/Eşek
اشك اطه لرى,Kaydari/Eşek Adaları
غايذارونيسى,Kaydari/Gayzaronisi
قايدارونيزى,Kaydaronizi
اشك,Kaydaronizi/Eşek
پرونقال,Kaydaronizi/Pronkal
قايدرونيزون,Kaydaronizon
غرادو,Kaydaronizon/Grado
قيغولي,Kaygılı
قيغولى,Kaygılı
قايغولي,Kaygılı
قيى,Kayı
قايى,Kayı
قاييلر و فناريس,Kayılar ve Fenaris
قيماس,Kaymas
ارمان,Kaymas/Araman
ارامان,Kaymas/Araman
قيناق,Kaynak
قينار,Kaynar
قينارجه,Kaynarca
قيپاق,Kaypak
قيران,Kayran
قران,Kayran/Kıran
قيروان,Kayravan
قَيْرَوان,Kayravan
آفرقيه,Kayravan/Afrikıye
قيساريه,Kaysariye
قيصرى,Kayseri
نفس قيصريه,Kayseri (Kayseriye) merkez
قيصريه,Kayseri/Kayseriye
قيصريّه,Kayseri/Kayseriye
قيصريّه,Kayseri/Kayseriyye
قيصريه,Kayseri/Kayseriyye
قيطع,Kayta
قاز,Kaz
قاز,Kaz
ايدا,Kaz/İda
قضاء ثلثه,Kaza-i Selase
قازاباد,Kazabad
قازآباد,Kazabad
قازاباد مع عشائر,Kazabad maa Aşair
قزاق,Kazak
قزاق ولايتي,Kazak Vilayeti
قضالي,Kazalı (?)
قزان,Kazan
قزغان,Kazan/Kazgan
قَزْغانْ,Kazan/Kazgan
قزانجق,Kazancık
قزانيه,Kazaniye
قازانلى,Kazanlı
قاز طاغى اردى,Kazdağıardı
قازيقلى,Kazıklı
كاظميه,Kazımiye
كاظميه و جواديه,Kazımiye ve Cevadiye
قازلى كول,Kazlıgöl
كه آ,Kea
كوئوس,Kea/Keos
مرتاد,Kea/Mürtad
مورتد,Kea/Mürted
مرتد,Kea/Mürted
مرتاد,Kea/Mürted
مرتد اطه لرى,Kea/Mürted Adaları
زه عا,Kea/Zea
زئا,Kea/Zea
زيه,Kea/Zeye
كبان,Keban
كبان معادن همايون,Keban Maadin-i Hümayunu
كبان معدنى,Keban/Kebanmadeni
معدن,Keban/Maden
معدن قضاء كبان,Keban/Maden-i Kaza-i Keban
معدن كبان,Keban/Maden-i Keban
كبه لى,Kebeli
كبشه,Kebişe
كبسيل,Kebsil
كبسل,Kebsil
كستل,Kebsil/Kestel
كچى,Keçi
كجى,Keçi
قپارى,Keçi/Kappari
قاپارى,Keçi/Kappari
قبارقونيس,Keçi/Kapparkonis
قبارونيس,Keçi/Kapparonis
قپارونيسى,Keçi/Kapparonisi
پاشا,Keçi/Paşa
پسه ريمو,Keçi/Pserimo
كچى بورلى,Keçiborlu
كچيبورلى,Keçiborlu
كچى بورلو,Keçiborlu
كجى بورلي,Keçiborlu
كجيى بورلى,Keçiborlu
كجيبورلى,Keçiborlu
كچى بورلى و حويران,Keçiborlu ve Hoyran
كجى بورلى,Keçiborlu/Keciborlu
كيچى بورلو,Keçiborlu/Kiçiborlu
كيجى بورلى,Keçiborlu/Kiçiborlu
كيچى بورلى,Keçiborlu/Kiçiborlu
كچيك,Keçik
كجيلر اسكله سى,Keçileriskelesi
كچكمت,Keçkemet
كچكمت,Keçkemet
كچكمت,Keçkemet
كچكمد,Keçkemet/Keçkemed
كچكمك,Keçkemet/Keçkemek
كچمك,Keçkemet/Keçmek
كچكميت,Keçkemit/Keçkemet
كدرپت,Kederpit
كدربيت,Kederpit/Kederbit
كه دورونيزى,Kedoronizi
اشك اطه لرى,Kedoronizi/Eşek Adaları
كف,Kef
كف,Kef
كاف مع عمدون و مكنه و سنان و تستور و طبرسوق,Kef (Kaf) maa Amdun ve Mikne ve Sinan ve Testur ve Tabersuk
كَاف مع عَمْدُونْ و مِكْنَه و سِنَانْ و تَسْتُورْ و طَبَرْسُوق,Kef (Kaf) maa Amdun ve Mikne ve Sinan ve Testur ve Tabersuk
كاف مع عَمْدُونْ و مِكْنَه و سِنانْ و تَسْتُور و طَبَرْسُوقْ,Kef (Kaf) maa Amdun ve Mikne ve Sinan ve Testur ve Tabersuk
كفالو,Kefalo
كفاله,Kefalo/Kefala
كفالونيا,Kefalonya
كفالونيه,Kefalonya
كفالنيه,Kefalonya
كفالونيا,Kefalonya
كفالنوز,Kefalonya/Kefalonoz
كفالوس,Kefalos
قلعۀ كفالوس,Kefalos/Kale-i Kefalos
كفارات,Kefarat
الكفارات,Kefarat/el-Kefarat
كفه,Kefe
كَفَه,Kefe
كفه,Kefe
كفه قصبه سى,Kefekasabası
كفرديز,Keferdiz
كفرطاب,Kefertab
كفرطاب,Kefertab
كَفِرطاب,Kefertab/Kefirtab
كفكن,Kefken
كوكن,Kefken/Kevgen
كفوزى,Kefozi
كفراور,Kefraver
كفرة حاريم,Kefreteharim
كفر تحارم,Kefreteharim
كفر كنه,Kefrkenne
طوى,Kefrkenne/Toy
كفر نجم,Kefrnecm
كفرِ نجم,Kefrnecm
كهابر,Kehabir
كهف,Kehf
كهرام,Kehram
كهريز,Kehriz
كهروز,Kehruz
ككه برد,Kekeberd
كه قووا,Kekova
ككوه,Kekova
كلالون,Kelalun
كلانه ارزان,Kelane-i Erzan
كلاش,Kelaş
كلاش و الان,Kelaş ve Alan
كلاس الاني,Kelaş ve Alan/Kelas Alanı
كلّ ش و آلان,Kelaş ve Alan/Kellas ve Alan
كلاش ديكر,Kelaş-ı diğer
كلاس,Kelaş/Kelas
كلفا,Kelefa
قلعۀ كلفار,Kelefa/Kale-i Kelefar
قلعۀ كلنار,Kelefa/Kale-i Kelenar
كلمريه,Kelemerye
گلمريه,Kelemerye
گلمريه,Kelemerye/Gelemerye
كلميه,Kelemiye
كله موس,Kelemus
كله ريچ,Keleriç
كلريچ,Keleriç
كلاس,Keles
كللاس,Keles
كلس,Keles
كلاس,Keles
گلاس,Keles/Gelas
كليس,Keles/Kelis
كيلاس,Keles/Kilas
كراز,Keles/Kiraz
كه له وينى,Kelevini
كلوينى,Kelevini
کليبر,Keleyber/Keliber
كلفو,Kelifo
چچك,Kelifo/Çiçek
اشك,Kelifo/Eşek
كسندره,Kelifo/Kesendire
كلغره,Keligra
كلكيد,Kelkid
كلكيت,Kelkid (Kelkit)/Çiftlik
كلكيد وصداق,Kelkid ve Sadak
چفتلك,Kelkid/Çiftlik
كلكيد,Kelkid/Çiftlik
چفتلك,Kelkid/Çiftlik
كلكيت,Kelkid/Kelkit
كماخ,Kemah
كماح,Kemah
كماخ,Kemah
كماح مع  قورى چاى وكرجانس,Kemah maa Kuruçay ve Gercanis
نفس كماخ,Kemah merkez
نفس كماح,Kemah merkez
كماح وقورى چاى,Kemah ve Kuruçay
كماح و قورى جاى و كرجانس,Kemah ve Kuruçay ve Gercanis
كماللر,Kemaller
كماللى,Kemalli
كمال پاشا,Kemalpaşa
كمندوار,Kemendvar
كمر,Kemer
كمر حميد,Kemer-i Hamid
كمرحميد,Kemer-i Hamid
كمر مع  كولحصار,Kemer-i Hamid (Kemer) maa Gölhisar
كمر,Kemer-i Hamid/Kemer
كمره,Kemere
كمره كوره كوز,Kemere/Kemere Kuregüz
كمره كره كوز,Kemere/Kemere Kuregüz
كمحيص,Kemhıs
كن,Ken
كنار اب طونه,Kenar-ı Ab-ı Tuna
كنار ارماق,Kenar-ı Irmak
كناربل,Kenarbel
كناربيل,Kenarbel
كندوان,Kenduvan
كنكان,Kenekan
كنشت,Keneşt
كنه ز,Kenez
كنغرى,Kengırı
كانغرى,Kengırı
نفس كنقرى,Kengırı (Kenkırı) merkez
كانغرى مع قره جه ويران,Kengırı maa Karacaviran
كنغرى مع قره جه ويران,Kengırı maa Karacaviran
نفس كنغرى,Kengırı merkez
چان قيرى,Kengırı/Çankırı
كانغرى,Kengırı/Kangırı
كانقري,Kengırı/Kankırı
كانقرى,Kengırı/Kankırı
كانغرى,Kengırı/Kankırı
كنقرى,Kengırı/Kenkırı
كنرش,Kenireş
كنيز,Keniz
كَنِيزْ,Keniz/Geniz
كنوريو,Kenoryo
كينوريه,Kenoryo
كنوريو مع پيريوتيچه,Kenoryo maa Piryotiçe
كنوريو و پريوتيچه,Kenoryo ve Piryotiçe
كنوريو و پيريوتيچه,Kenoryo ve Piryotiçe
جزيرۀ كنوريو,Kenoryo/Cezire-i Kenoryo
قستل كنوريه,Kenoryo/Kastel-i Kenorye
قستل كنوريو,Kenoryo/Kastel-i Kenoryo
كنوره,Kenoryo/Kenora
كنوريه,Kenoryo/Kenorye
متره پولى,Kenoryo/Mitrepoli
كنوريو,Kenoryo/Mitropoli
كَنورْيو,Kenoryo/Mitropoli
كنزين,Kenzin
كپسود,Kepsud
كبسود,Kepsud
كبسود مع بلاط,Kepsud (Kebsud) maa Balat
كپسوط مع قصبۀ بلاط,Kepsud (Kepsut) maa Kasaba-i Balat
كبسود مع بلاط,Kepsud maa Balat
كبسود,Kepsud/Kebsud
كرفتو,Keraftu
كرفتو و كوره قلا,Keraftu ve Gürekale
كرامڭا,Keramena
كرامكا,Keramena
كرر,Kerar
كرار,Kerar
كربلا,Kerbela
نفس كربلا,Kerbela merkez
كربلا و نجف,Kerbela ve Necef
كربلا,Kerbela/Meşhed-i Hüseyin
مشهد امام حسين,Kerbela/Meşhed-i İmam Hüseyin
مشهد شريف امام حسين,Kerbela/Meşhed-i Şerif-i İmam Hüseyin
كربوران,Kerburan
كربران,Kerburan
كرج,Kerc
كرك,Kerek
كرك نوح النبى,Kerek-i Nuhnebi
كرك شبك,Kerek-i Şubek
كرك شوبك,Kerek-i Şubek
كَرَك شبك مع امير حاجلق,Kerek-i Şubek maa Emir-i Haclık
كراك,Kerek/Cemmain
قلعۀ كرك,Kerek/Kale-i Kerek
كرك,Kerek/Kale-i Kerek
كرك,Kerek/Maan
كرم,Kerem
كرمرود,Keremrud
كرند,Kerend
كرش,Kereş
كره تنه,Keretine
كروّس,Kerevvus
كرخ جهتى,Kerh ciheti
كركه ناج,Kerkenac
قرقانى اطه لرى,Kerkenac/Karkani Adaları
كركنه,Kerkenac/Kerkene
كركينه,Kerkenac/Kerkine
كركوك,Kerkük
كركوك,Kerkük
نفس كركوك,Kerkük merkez
كركوك شروان,Kerkük Şirvan
شروان,Kerkük Şirvan/Şirvan
شيروان,Kerkük Şirvan/Şirvan
كلكوك,Kerkük/Kelkük
كركوك,Kerkük/Şehr-i Zor
كركوتلى,Kerkütlü
كرمه,Kerme
كرمه,Kerme/Benisaid
بنى سعيد,Kerme/Benisaid
كرمل,Kermel
كرمن,Kermen
كرنه,Kerne
كرنيچه,Kerniçe
كرنح,Kernih
كرپه,Kerpe
كرپه,Kerpe
كَرْپَه,Kerpe
كرپ,Kerpe
كرپه,Kerpe
كربه اطه سى,Kerpe Adası
جزيرۀ كرپه,Kerpe/Cezire-i Kerpe
قارپانتوس,Kerpe/Karpantos
قارپاتوس,Kerpe/Karpatos
قارپوطه,Kerpe/Karpoda
قارپوط,Kerpe/Karpot
كرپى,Kerpe/Kerpi
سيقارپنتو,Kerpe/Sikarpento
كرپى,Kerpi
كرپي,Kerpi
كرپنش,Kerpiniş
قرپنش,Kerpiniş/Karpiniş
كرسو,Kerso
جرسو,Kerso/Cerso
كرش,Kerş
كرتنى,Kertena
كرتلى,Kertil/Kertili
كرتوان,Kertuvan
كروانسراى,Kervansaray
كاربانسراى,Kervansaray/Karbansaray
كسنديره,Kesendire
كسنديره,Kesendire
كسندره,Kesendire
كسندره,Kesendire
جزيرۀ كسندره و معدن سيدروقافسى,Kesendire (Cezire-i Kesendire) ve Maden-i Sidrekapsi (Maden-i Sidirokafsi)
كسكانلو عشيرتى,Keskanlı Aşireti
كسكين قلعجك,Keskin-i Kalecik
كسكين قلعه جك,Keskin-i Kalecik
كسكين قلعه جك,Keskin-i Kalecik
قلعه جك كسكين,Keskin-i Kalecik/Kalecik Keskin
قلعه جك كسكينى,Keskin-i Kalecik/Kalecik Keskini
كسكون,Keskin-i Kalecik/Keskin
كسلنه,Keslene
كسمه,Kesme
كسكين,Kesme/Keskin
كسره,Kesre
كسريجه,Kesriçe
كستريچه,Kesriçe/Kestriçe
كسريه,Kesriye
كسريه,Kesriye
كسريه,Kesriye
كسريّه,Kesriye
كسون,Kesriye (Kesven (?))
نفس كسريه,Kesriye merkez
كوللو كسرى,Kesriye/Göllükesri
كوللى كسريه,Kesriye/Göllükesriye
كوللى كسريه,Kesriye/Göllükesriye
كسريه,Kesriye/Kastorya
كسترده,Kesriye/Kestorde
كستريه,Kesriye/Kestorya
كستوريه,Kesriye/Kestorya
كساله,Kessala
كساله,Kessale
كساره,Kessare
كستانبولى,Kestanbolu
كستانه,Kestane
كستل,Kestel
كه سته ل,Kestel
كستل مع نازلى,Kestel maa Nazilli (Nazlı)
كستوج,Kestuc
كشاب,Keşab
كشان,Keşan
كشان,Keşan
مجيديه,Keşan Mecidiye/Mecidiye
صوليجه,Keşan Mecidiye/Suluca
نفس كشان,Keşan merkez
كشنوز,Keşanoz
كش دره سى,Keşderesi
كشدره,Keşderesi/Keşdere
كشرلو,Keşirli
كشيرلو,Keşirli
كشرلى,Keşirli
كشرلوى صغير و كبير,Keşirli (Keşirli-yi Sagir ve Kebir)
كشيش,Keşiş
كشيشلك,Keşişlik
كشلو,Keşli
كَشْلو,Keşli
مع كشلى,Keşli
كشلو و ارملو و بولاجله و تاتار و قره بوجيلو و قره حاجيلو و بخشش و كوردجى و صندللو و خير ايللو و قبطيان,Keşli ve İremli ve Bulacalı ve Tatar ve Karaböcülü ve Karahacılı ve Bahşeş ve Kürdeci ve Sandallı ve Hayrilli ve Kıbtiyan
كشّاف,Keşşaf
كشاف,Keşşaf
كشتاصف,Keştasıf
عشائر كتگانلو و بنى قيس و ميللو و شيخانلو,Ketekanlı ve Benikays ve Milli ve Şeyhanlı
كتهل,Kethel
كواخور,Kevahor
كواسه,Kevase
كوانسه,Kevase/Kevanse
كوكب,Kevkeb
شداده,Kevkeb/Şeddade
كوكب,Kevkeb/Şeddade
كوكبان,Kevkeban
كوكبان,Kevkeban
نفس كوكبان,Kevkeban merkez
كيگلان,Keygelen (?)
كيل,Keyl
كيل و كتيبان,Keyl ve Küteyban
كيسون,Keysun
كيسون,Keysun
كيوانك,Keyvank
كزّاز,Kezzaz
قبجاق,Kıbçak
قبله,Kıble
قبريس,Kıbrıs
قبريس,Kıbrıs
قبرس,Kıbrıs
جزيرۀ قبريس,Kıbrıs/Cezire-i Kıbrıs
جزيرۀ قبرس,Kıbrıs/Cezire-i Kıbrıs
قبريس جزيره سى,Kıbrıs/Kıbrıs Ceziresi
قبرز,Kıbrıs/Kıbrız
قبريز,Kıbrıs/Kıbrız
قبروس,Kıbrıs/Kıbrus
قبروز,Kıbrıs/Kıbruz
قپرس,Kıbrıs/Kıprıs
قبريسجق,Kıbrıscık
قبرسجق,Kıbrıscık
قبرس,Kıbrıscık/Kıbrıs
قبروس,Kıbrıscık/Kıbrus
پتروس,Kıbrıscık/Petros
قبطيان,Kıbtiyan
قفاعى,Kıfai
قلاع دوهوك و مناخو و زاخو,Kıla-ı Duhuk ve Manaho ve Zaho
قلاع دوحوك و مناخو و راخو,Kıla-ı Duhuk ve Manaho ve Zaho
قلاع پير احمد اوغلي,Kıla-ı Pirahmedoğlu
قلاع الدعوه,Kılaüddava
قيل بورون,Kılburun
قيلْ بُرُون,Kılburun
قلبرون,Kılburun
قلبرن,Kılburun
قيل برون,Kılburun
قليجلو,Kılıçlı
قليچلو,Kılıçlı
قليچلى,Kılıçlı
قزلجه مسَلّم,Kılızcamüsellem
قليسووه اطه لرى,Kılisova Adaları
قيلقيش,Kılkış
قلقيش,Kılkış
قلقش,Kılkış
قوقوش,Kılkış/Kukuş
قوقوش,Kılkış/Kukuş
قَمَنُ العروس مع زاويه,Kımenülarus (Kamenülarus) maa Zaviye
قمن العروس مع زاويه,Kımenülarus maa Zaviye
قنه,Kına
قِنَه,Kına
قنه,Kına
قنه مع قصير,Kına maa Kusayr
قِنَه مع قُصَير,Kına maa Kusayr
قنه قوجق,Kına maa Kusayr/Kına-i Kocak
قينه لى اطه,Kınalıada
قنه لى اطه,Kınalıada
قنلى اطه,Kınalıada
قنالو اطه,Kınalıada
جزيرۀ قنالى,Kınalıada/Cezire-i Kınalı
قنه لى,Kınalıada/Kınalı
قنالى,Kınalıada/Kınalı
قنجلى,Kıncılı
قنديغى,Kındığı
قنق,Kınık
قاف,Kınık (Kaf (?))
قراغيلر,Kırağılar
قره حوض,Kırahvaz
قرباوه,Kırbava
قرجه على,Kırcaali
قيرجه على,Kırcaali
نفس قرجه على,Kırcaali merkez
قرجوه,Kırçova
قرچوه,Kırçova
قيرچوه,Kırçova
قيرجوه,Kırçova
نفس قرجوه,Kırçova merkez
قيرجوه,Kırçova/Kırcova
ويره حوه,Kırçova/Virahova
قرغالى,Kırgalı
قرغه ل,Kırgalı/Kırgal
قير حصار,Kırhisar
قيرحصار,Kırhisar
قاير حصارى,Kırhisar/Kayırhisarı
قيريق,Kırık
قريق,Kırık
ناحيۀ قريق مع  كره سون,Kırık maa Giresun/Nahiye-i Kırık maa Giresun
قيريق مندول,Kırık-ı Mindaval
قزق,Kırık!/Kızık
فريق,Kırık/Ferik
قريق ايلى,Kırık/Kırıkili
قريم,Kırım
قريم جزيره سى,Kırım Ceziresi
خالق قريم و قالغالق قريم,Kırım Hanlığı ve Kalgaylık-ı Kırım
قريم عتيق,Kırım-ı Atik
اسكى قريم,Kırım-ı Atik/Eskikırım
قريم,Kırım-ı Atik/Kırım
قرم,Kırım-ı Atik/Kırım
قريم العتيق,Kırım-ı Atik/Kırımülatik
ولايت قريم,Kırım/Vilayet-i Kırım
قيرايلى,Kırili
قير ايلى,Kırili
قرايلى,Kırili
بهرام كوى,Kırili/Behramköy
قيرايلى,Kırili/Behramköy
قير ايلى,Kırili/Behramköyü
قيريوچه,Kırivçe
نفس قيريوچه,Kırivçe merkez
قرقه,Kırka
قيرقه,Kırka
قرغه,Kırka/Kırga
قرقه,Kırka/Lika
قرق آغاج,Kırkağaç
قرق اغاج,Kırkağaç
قرق آغاچ,Kırkağaç
قرق اغاچ,Kırkağaç
قرق اغاج,Kırkağaç
نفس قرق آغاج,Kırkağaç merkez
قرق امرود,Kırkarmud/Kırkemrud
قرق بولاق,Kırkbulak
قرق ديليم,Kırkdilim
قرق كليسا,Kırkkilise
قرق كليسا,Kırkkilise
نفس قرق كليسا,Kırkkilise merkez
قر كنيسه,Kırkkilise/Kırkenise
قرق كنيسا,Kırkkilise/Kırkkenise
قرقلر ايلى,Kırkkilise/Kırklarili
قرق دپه,Kırktepe/Kırkdepe
قرقير,Kırkyer
قرميط,Kırmıt
ناحيۀ قير,Kırnahiyesi
قيرشهرى,Kırşehri
قرشهرى,Kırşehri
قيرشهري,Kırşehri
نفس قيرشهرى,Kırşehri merkez
نفس قيرشهر,Kırşehri merkez/Kırşehir merkez
قيرشهر,Kırşehri/Kırşehir
قرشهر,Kırşehri/Kırşehir
قيرزاوه,Kırzava
قيس,Kıs/Kays
قيصالو,Kısalo
قلعۀ قيصالو,Kısalo/Kale-i Kısalo
قلعۀ قصالو,Kısalo/Kale-i Kısalo
قشلاغات,Kışlağat
قشران,Kışran
قطة ابو تفاح,Kıta Ebutüffah
قطه ترمبه,Kıta Terumba
قزق,Kızık
قزيق,Kızık
قزق,Kızık/Kazak
قزل اطه لر,Kızıl Adalar
قزيل اطه لر,Kızıl Adalar
اطه لر,Kızıl Adalar/Adalar
پرنس اطه لرى,Kızıl Adalar/Prens Adaları
قزيل مع قورى قواق,Kızıl maa Kurukavak
قزيل اطه,Kızılada
قزل اطه,Kızılada
ادم اطه لرى,Kızılada/Adam Adaları
قزيل آغاج,Kızılağaç
قزل اغاج,Kızılağaç
قزيل اغاج,Kızılağaç
قزيل بل,Kızılbel
قزل بيل,Kızılbel
قزل بل,Kızılbel
قزيل بيل,Kızılbel
قزيل بيكلى,Kızılbeyli
قزلجه,Kızılca
قيزلجه,Kızılca
قزلجه,Kızılca
كلعنبرقزلجه,Kızılca/Gülanber Kızılca
قزلجه على,Kızılcaali
قزلجه طاغ,Kızılcadağ
آيدين قزلجه طاغ,Kızılcadağ/Aydın Kızılcadağ
قزلجه قلعه,Kızılcakale
قزيلجه قلعه,Kızılcakale
قزلجه قشلاجق,Kızılcakışlacık
قزلجه طوزله,Kızılcatuzla
ايواجق,Kızılcatuzla/Ayvacık
آيواجق,Kızılcatuzla/Ayvacık
آيوه جق,Kızılcatuzla/Ayvacık
بهرام,Kızılcatuzla/Behram
بهرام و طوزلا,Kızılcatuzla/Behram ve Tuzla
طوزله,Kızılcatuzla/Tuzla
قزيلچاقچاق,Kızılçakçak
قزيل طاغ,Kızıldağ
قزل كول,Kızılgöl
قزيل حصار,Kızılhisar
قزلحصار,Kızılhisar
قزل حصار,Kızılhisar
قزلحسار,Kızılhisar
قزلحصارِ كبير,Kızılhisar-ı Kebir
قزل حصار كبير,Kızılhisar-ı Kebir
قيزل حصار,Kızılhisar-ı Kebir/Kızılhisar
قزل حصار,Kızılhisar-ı Kebir/Kızılhisar
قيزل ايرمق,Kızılırmak
قيزيل ايرمق,Kızılırmak
قزيل اين,Kızılin
قيزل اين,Kızılin
قزل اين,Kızılin
قزل قپو,Kızılkapı
قزل قيا,Kızılkaya
قزيل قيا,Kızılkaya
قزلقيه,Kızılkaya
قزل قيه,Kızılkaya
قزلقيا,Kızılkaya
قيزل كلسا,Kızılkilise
قزلكليسا,Kızılkilise
قزيل كليسا,Kızılkilise
قزل كليسا,Kızılkilise
ناظميه,Kızılkilise/Nazımiye
قزل قوجه,Kızılkoca
قزيل قوجه,Kızılkoca
قزلقوجه,Kızılkoca
قزلجه قوجه,Kızılkoca/Kızılcakoca
قزل قوجه لر,Kızılkoca/Kızılkocalar
قزل كوپرى,Kızılköprü
قزيل كونبد,Kızılkünbed
قزل كنبد,Kızılkünbed
كسلوه,Kızılova/Keslova
قزل اوز,Kızılöz
قزل رباط,Kızılribat
قزلرباط,Kızılribat
قزيل رباط,Kızılribat
قزل رُباط مع قولاى,Kızılribat maa Kolay
قزيل سراى,Kızılsaray
قزل سراى,Kızılsaray
قزل صولرى,Kızılsuları
قزلطاش,Kızıltaş
قزيل طاش,Kızıltaş
قزيل ويران,Kızılviran
قزل يارلى,Kızılyarlı
قيز اوچان,Kızuçan
قيز اوجان,Kızuçan
قز اوجان,Kızuçan
قوزيجان,Kızuçan
قوزليچاڭ,Kızuçan/Kozluçan
قوزيجان,Kızuçan/Kuzıcan
قوزيجان,Kızuçan/Kuzıcan
قوزيچان,Kızuçan/Kuzıçan
قوزيجان,Kızuçan/Kuzıçan
قوزجان,Kızuçan/Kuzucan
قوزجان,Kızuçan/Kuzuçan
پلومر,Kızuçan/Pülümür
پلومر,Kızuçan/Pülümür
قوزيچان,Kızuçan/Pülümür
پلومر,Kızuçan/Pülümür
پولومرى,Kızuçan/Pülümürü
كيبَرون,Kiberon
كچى سنجانلو,Kiçisincanlı
كيچى سنجانلو,Kiçisincanlı
كيدونيه,Kidonya
كيذونيه,Kidonya/Kizonya
كيدروس,Kidros
كدوس,Kidros/Kidos
کۀ,Kie
كفل,Kifl
كيفسه,Kifse
كيغى,Kiğı
كيغى,Kiğı
كيغي,Kiğı
گيغى,Kiğı
نفس كيغى,Kiğı merkez
كيغى,Kiğı/Temüran
كيغيك,Kiğik
كييك,Kiğik/Keyik
كيكي,Kiki
كيكى,Kiki
كيكى چركان,Kiki Çerikan
كيكى خلجان,Kiki Halecan
گيكى,Kiki/Gigi
گيكى,Kiki/Giki
كيلى,Kiki/Gili
ككوى,Kikköy
كيكو,Kikköy/Kikkö
ككله,Kikle
كلى,Kili
كيلى,Kili
كيلي,Kili
كِلِى,Kili
قلعۀ كلى,Kili/Kale-i Kili
قيلى,Kili/Kılı
كليد البحر,Kilidülbahir
كلفار,Kilifar
كلفتلر,Kilifar/Külfetler
كلندر,Kilindir
كلندير,Kilindir
كلندير,Kilindir
كليس,Kilis
كلس,Kilis
كليس,Kilis
كلز,Kilis/Kiliz
كلّز,Kilis/Killiz
كليسا,Kilise
برغمه رشاديه,Kilise/Bergama Reşadiye
كليسا كوى,Kilise/Kiliseköy
رشاديه,Kilise/Reşadiye
كليسه حصار,Kilisehisar
كليسالى,Kiliseli
كلمغاد,Kilmigad
كلميغاد,Kilmigad
كلمغاد مع يقه جق,Kilmigad maa Yakacık
بلجك,Kilmigad/Belcik
بلجيك,Kilmigad/Belcik
كلمغات,Kilmigad/Kilmigat
كلمقاد,Kilmigad/Kilmikad
كلسمه,Kilseme
كليوس بغدادجغى,Kilyos Bağdadcığı
قمولوس,Kimolos
قيمولوس,Kimolos
آرجنتياره,Kimolos/Arcintiyara
ايسز دكرمنلك,Kimolos/Issız Değirmenlik
كيمولو,Kimolos/Kimolo
كمش,Kimolos/Kimoş
كناروس,Kinaros
اردججق,Kinaros/Ardıçcık
قناره,Kinaros/Kınare
كنارى,Kinaros/Kinari
كينارو,Kinaros/Kinaro
كناروس,Kinaros/Kineroz
كينه روز,Kinaros/Kineroz
زينارى,Kinaros/Zinari
كينوس,Kinos
كينزو,Kinzö
كرا,Kira
كيرا,Kira
كرات,Kira/Kirat
شراده,Kira/Şerada
كيرادس,Kiradis
كراسيه,Kirasiye
كُردلان و مقاطعۀ شطّ,Kirdalan (Kürdelan) ve Mukataa-i Şatt
كرچ,Kireç
كرچلك,Kireç/Kireçlik
كرچلى,Kireçli
كرميد,Kiremid
كره موتى,Kiremuti
كرلاباد,Kirilabad
كريلووه,Kirilabad/Kirilova
كريلوه,Kirilabad/Kirilova
كيرلى,Kirli
كرلى,Kirli
كرليه,Kirliye
كرليله,Kirliye/Kirlile
كرمان شاهان,Kirmanşahan
كرماستى,Kirmasti
مصطفى كمال پاشا,Kirmasti/Mustafakemalpaşa
كرمچ,Kirmiç
كرميل,Kirmil
كيرپوزك,Kirpüzek
كيرتانوص,Kirtanos
كرتانوص,Kirtanos
كيرته,Kirte/Kuzu
كير واسيلى,Kirvasili
كيرواسيلى,Kirvasili
كرياكى,Kiryaki
كيرياكى,Kiryaki
كيريقوس,Kiryakos
كيريوس,Kiryakos/Kiryos
كسامو,Kisamo
كيسامو,Kisamo
كيسه مو,Kisamo
كيسامو,Kisamo
جزيرۀ كيسامو,Kisamo/Cezire-i Kisamo
قلعۀ كيسامو,Kisamo/Kale-i Kisamo
قستل,Kisamo/Kastel
قستل كيسامو,Kisamo/Kastel-i Kisamo
كيسامو قاستيل,Kisamo/Kisamokastil
كسان,Kisan
كيسان,Kisan
كيساني,Kisan/Kisani
كيسه,Kise
كسخه,Kisha
كسنديه,Kisindiye
كسكيم,Kiskim
كسكم,Kiskim
نفس كسكيم,Kiskim merkez
كسكين,Kiskim/Keskin
يوسف ايلى,Kiskim/Yusufeli
كيسوس,Kisos
كسروان,Kisrevan
كسروان,Kisrevan
نفس كسروان,Kisrevan merkez
كسوه,Kisve
كيش بنديك,Kişbenedik
كشم,Kişm
كثم,Kişm/Kism
كيش طوپوجان,Kiştopocan
كتاى حوراد,Kitayhorad
كتاى حورات,Kitayhorad
كته,Kite
كته,Kite
كيته,Kite
كته قيا الى,Kite Kayaili
كته مع جبل عتيق,Kite maa  Cebel-i Atik
كته مع بروسه,Kite maa Bursa
كته مع ناحيۀ جبل عتيق,Kite maa Nahiye-i Cebel-i Atik
كيتره,Kitre
كيترى يانى,Kitriyani
قاتريانى,Kitriyani/Katriyani
كتريالى,Kitriyani/Kitriyalı
كتريانى,Kitriyani/Şitiryan
كتريانى,Kitriyani/Şitriyan
كيوه نات,Kivenan
كى,Kiy
كيو اطه لرى,Kiyo/Kuş Adaları
كيزير,Kizir
كيز,Kizir/Kiz
قلادينه,Kladine
قلادنه,Kladine
قلادينه مع اولوه,Kladine maa Olova
قلادينه مع الوه,Kladine maa Olova
قيلادينه,Kladine/Kıladine
قلادن,Kladine/Kladan
قلادانى,Kladine/Kladani
كلمنته,Klemente
قلنيه,Klenye
كليچواج,Kliçovaç
كليچويچ,Kliçovaç (Kliçoviç)
كليجوفجه,Kliçovaç/Kliçofça
قلنوز,Klinoz
كلس,Klis
كليس,Klis
كليس,Klis
قلعۀ كليس,Klis/Kale-i Klis
قلعۀ كليس,Klis/Kale-i Klis
واروش قلعۀ كليس,Klis/Varoş-ı Kale-i Klis
وارش قلعۀ كليس,Klis/Varoş-ı Kale-i Klis
كليسوره,Klisura
قليسوره,Klisura
كل صورت,Klisura/Gülsuret
قلوبق,Klobuk
قلوبوق,Klobuk
قلوپوتنك,Klopotnik
قلوپتنك,Klopotnik
قلوپوتنيك,Klopotnik
قلاپوتنك,Klopotnik/Klapotnik
قلپودنيك,Klopotnik/Klopodnik
كلوج,Kluç
قلوچ,Kluç
كلوچ,Kluç
قلوج,Kluç
قلعۀ كلوچ,Kluç/Kale-i Kluç
قليوچ,Kluç/Kılyuç
كلاج,Kluç/Kilaç
كليوج,Kluç/Kilyuc
واروش قلعۀ كلوج,Kluç/Varoş-ı Kale-i Kluç
واروش قلعۀ كلوچ,Kluç/Varoş-ı Kale-i Kluç
كنزينه,Knezine
كنزين,Knezine/Knezin
كنين,Knin
كنن,Knin
قلعۀ كنين,Knin/Kale-i Knin
واروش قلعۀ كنين,Knin/Varoş-ı Kale-i Knin
وارش قلعۀ كنين,Knin/Varoş-ı Kale-i Knin
قوباش,Kobaş
قوبيل دول,Kobildol
كوبليان,Kobliyan
قوجه,Koca
قوجه على,Kocaali
قوجه باش,Kocabaş
قوجاجق,Kocacık
قوجاجق,Kocacık
قوجاجق حصارى,Kocacık/Kocacıkhisarı
قوجه چاى,Kocaçay
قوجه چاى,Kocaçay/Graniyos
قوجه ايلى,Kocaeli
قوجه ايلي,Kocaeli
قوجَه ايلى,Kocaeli
ازميد,Kocaeli/İzmid
ايزميت,Kocaeli/İzmit
قوجه ايلى,Kocaeli/Kocaili
قوجه قياسى,Kocakayası
قوجه اوزى,Kocaözü
قوجقدر,Kocokdor
قوجاق,Koçak
قوچاق,Koçak
قوجان,Koçak/Koçan
قوچقماز,Koçakmaz
قوجقماز,Koçakmaz
قوچ على,Koçali
قوچانه,Koçana
قوجانه,Koçana
نس قوچانه,Koçana merkez
قوچان,Koçana/Koçan
قوجان,Koçana/Koçan
كجنوس,Koçanos
كچنوس,Koçanos
كوجنوس,Koçanos
كوچنوس,Koçanos
كنجنوس,Koçanos/Gencenos
كچينوس,Koçanos/Keçinos
كيجنوس,Koçanos/Kiçinos
قوچارلى,Koçarlı
قوچكيرى,Koçgiri
قوجكيرى,Koçgiri
قوچكيرلى,Koçgiri/Koçgirili
زاره,Koçgiri/Zara
زارا,Koçgiri/Zara
ظوره,Koçgiri/Zara (Zora)
قوچحصار,Koçhisar
قوچ حصار,Koçhisar
قوجحصار,Koçhisar
قوچحصار مع اسبكشان اين اوى,Koçhisar maa Esbkeşan-ı İnevi
قوچ حصار قرمان,Koçhisar-ı Karaman
قوچحصار,Koçhisar-ı Karaman/Koçhisar
قوچ حصار,Koçhisar-ı Karaman/Koçhisar
قوجحصار,Koçhisar-ı Karaman/Koçhisar
قوشحصار,Koçhisar-ı Karaman/Koşhisar
ايلغاز,Koçhisar/Ilgaz
قوچحصار كرده,Koçhisar/Koçhisar-ı Gerede
قوچى,Koçi
قوچوميتى,Koçomiti
قوجومنى,Koçomiti/Koçomini
قوجومينو,Koçomiti/Koçomino
قوفجغاز,Kofcuğaz
قوفيدى,Kofidi
كوفو اطه لرى,Kofo Adaları
كوفونيسى اطه جقلرى,Kofonisi Adacıkları
قوفونيزى,Kofonizi
خرستيان,Kofonizi/Hristiyan
قوقونيزى,Kofonizi/Kokonizi
قوغه جايرى,Koğaçayırı
كوكانس,Koğans
قغانس,Koğans
كوكانس و يغموردره سى,Koğans ve Yağmurdere (Yağmurderesi)
قوكاس,Koğans/Koğas
قوڭاس,Koğans/Koğas
قوكاس,Koğans/Kokas
قوڭاس,Koğans/Konas
قوناس,Koğans/Konas
قووانس,Koğans/Kovans
كوكس,Koğans/Kökes
قوژل اووه,Kojulova
قوژول اوه,Kojulova
قوژول اووه,Kojulova
قوقينوفچه,Kokinofça
قوقنوفچه,Kokinofça
قوقوش,Kokoş
قولاشين,Kolaşin
قولاشين زير,Kolaşin/Kolaşin-i Zir
قولات,Kolat
قول بكى,Kolbeyi
قولجق,Kolçak
يالى اغاج,Kolçak/Yalıağaç
قولندان,Kolendan
قوليورى,Koliviri
كولوفونوس,Kolofonos
قولوكتييا,Kolokitiya
قباق,Kolokitiya/Kabak
قولوچتيا,Kolokitiya/Koloçitiya
قلومبه,Kolomba
قولونيه,Kolonya
قولونيا,Kolonya
قالونيه,Kolonya/Kalonya
قولنه,Kolonya/Kolona
قولورانيسا,Koloranisia
قولورانسيا,Koloranisia
قولورانيسيا,Koloranisia
قولوس,Kolos
قولوز,Kolos/Koloz
قولتيك,Koltik
قولتك,Koltik
قولتوق,Koltik/Koltuk
سيمك,Koltik/Simek
قومار,Komar
قومران,Komaran
قومارن,Komaran
قوماران,Komaran
قمران,Komaran
قمران و اقوه,Komaran ve Akova
قومارنچه,Komarniçe
قومارنيچه,Komarniçe/Drobnak
قومارنچه,Komarniçe/Drobnak
دروبناق,Komarniçe/Drobnak
قومارنيچه,Komarniçe/Drobnaklar
قومه صور,Komasor
قومنات,Komenat
قومنات,Komenat
قومنات,Komenat
قومنات و جنجفه,Komenat ve Cincife
قومنات و كافرنى,Komenat ve Kafirni
كومين,Komin
قموتين,Komotin
كمصور,Komsor
قومصور,Komsor
قومياد,Komyad
قومياتين,Komyad/Komyatin
قوناج پوليه,Konaçpolye
قوناچ پوله,Konaçpolye/Konaçpole
قوناج پوله,Konaçpolye/Konaçpole
قوناغى,Konağı
قوناقلى,Konaklı
قوناق پيكار,Konakpınarı
قوناق پيكارى,Konakpınarı/Burhaniye
قونچه,Konçe
قونديه,Kondiye
قوندو مخو,Kondomiho
قوندوس,Kondos
قونيچه,Koniçe
قونچه,Koniçe
قونيجه,Koniçe
قُونيچَه,Koniçe
قونيجه مع ناحيۀ لسقويق,Koniçe maa Nahiye-i Leskovik
قونيچه ياينچه,Koniçe ve Yayçe/Koniçe Yayniçe
قونيچه,Koniçe/Belgrad
قونيچه,Koniçe/Belgradcık
بلغرادجق,Koniçe/Belgradcık
بلغرادچق,Koniçe/Belgradcık
بازار بلغراد,Koniçe/Pazar-ı Belgrad
بازار قونيچه,Koniçe/Pazar-ı Koniçe
بازار قونچه,Koniçe/Pazar-ı Koniçe
قونلونيسى,Konlonisi
قونملات,Konomlat
قونطونيس,Kontonis
قوكر,Konur
قوڭور,Konur
قوكور,Konur
قوڭر,Konur
قوكر مع جسر چاشنكير,Konur maa Cisr-i Çaşnigir
كوكورسى,Konursu
قوكورس,Konursu/Konurs
كوڭرسه,Konursu/Konursa
قنوش,Konuş
قونيه,Konya
قونيه,Konya
قونیه,Konya
قونيه,Konya
قونيه اركلى,Konya Ereğli
ارگلئ قرمان مع بايبورد,Konya Ereğli (Ereğli-i Karaman) maa Bayburd
اركلئ قره مان مع دربند بكدك و چيان,Konya Ereğli (Ereğli-i Karaman) maa Derbend-i Bekdik ve Çayan
اركلى و اندوى و نيكده,Konya Ereğli (Ereğli) ve Anduğu ve Niğde
دربند اركلى,Konya Ereğli/Derbend-i Ereğli
اركلى,Konya Ereğli/Ereğli
اركلى,Konya Ereğli/Ereğli
ارگلى,Konya Ereğli/Ereğli
اركلي,Konya Ereğli/Ereğli
نفس اركلى,Konya Ereğli/Ereğli
اركلئ قره مان,Konya Ereğli/Ereğli-i Karaman
اركلى قرمان,Konya Ereğli/Ereğli-i Karaman
اركلئ قره مان,Konya Ereğli/Ereğli-i Karaman
هرقليه,Konya Ereğli/Herakliya
قونيه مع نواحى,Konya maa Nevahi
نفس قونيه,Konya merkez
قوپ,Kop
كوب,Kop
قوپ مع بولانقليز و عشيرت ممكى,Kop maa Bulanakliz ve Aşiret-i Memeki
بولانق و بليجان,Kop ve Bilican/Bulanık ve Bilican
بولانق,Kop/Bulanık
بولانيق,Kop/Bulanık
بولانق,Kop/Bulanık
بولانيق,Kop/Bulanık
نفس بولا نيق,Kop/Bulanık merkez
بولانق سفلا,Kop/Bulanık-ı Süfla
بولانق عليا,Kop/Bulanık-ı Ulya
بولانق عليا و سفلا,Kop/Bulanık-ı Ulya ve Süfla
بولانقلر,Kop/Bulanıklar
قوپان,Kopan
قوبان,Kopan
قوپَان,Kopan
قرپان,Kopan/Karpan
قوپانيك,Kopanik
قوپاتوس,Kopanos
قوپاتو,Kopanos/Kopato
موپانو,Kopanos/Mopano
قوپلاد,Koplad
قوپلاطه,Koplad/Koplata
قپوريك,Koporik
قوپوريك,Koporik
قوپورنوه,Kopornova
قپوزجى,Kopuzcu
قوپوزجى,Kopuzcu
قوراكى,Koraki
قوراقو,Korako
قاراقونيسيون,Korako/Karakonisyon
قورشته,Koreşta
قورفو,Korfu
كورفى,Korfu
قورفه,Korfu/Korfa
قورفه,Korfu/Korfa
كورفوس,Korfu/Korfos
كورفس,Korfu/Korfos
كورفز,Korfu/Korfoz
قورندوس,Korindos
قرندوس,Korindos
قورندوز,Korindos/Korindoz
قورنتوس,Korindos/Korintos
قروندوس,Korindos/Korondos
قوروندوز,Korindos/Korondoz
قوريتوس,Koritos
كوردوس,Koritos/Koridos
قورقماز,Korkmaz
جان قورتران,Korkmaz/Cankurtaran
قورماكيتي,Kormakiti
قرون,Koron
قورون,Koron
قورونى,Koroni
قوربنه,Korpana
قورپنه,Korpana
قورسيقا,Korsika
قورسيقه,Korsika
قورسقه ژوپه,Korskajupe
غورسقه ژوبه,Korskajupe (Gorskajube)/Zagozd
غروشقه ژوپه,Korskajupe/Groşkajupe
قورتى,Korti
قوروى همايون,Koru-yı Hümayun
اق كوپرى قوروى همايونى,Koru-yı Hümayun/Akköprü Koru-yı Hümayunu
قوريجى,Korucu
قوروم,Korum
قورى بازارى,Korupazarı
قورو بازارى,Korupazarı
قورى پازار,Korupazarı
قورى پازارى,Korupazarı
قورى پازار مع نعللوخان,Korupazarı (Korupazar) maa Nalluhan
قورى,Korupazarı/Koru
قورى نعللو,Korupazarı/Koru-yı Nallı!
قورى بازار نعللو,Korupazarı/Korupazar-ı Nallı
قورى بازارى نعللو,Korupazarı/Korupazar-ı Nallı
قورى بازار نعللوخان,Korupazarı/Korupazar-ı Nalluhan
قورى بازارى نعللو,Korupazarı/Korupazarı-ı Nallı
قورزاف,Korzaf
قوصور,Kosor
كصور,Kosor
كوصور,Kosor
قوصوه,Kosova
قوسوه,Kosova
قوسوه,Kosova
قسطنطين,Kostantin
قسطنطنيّه,Kostantin/Kostantiniye
قسطنطين اوه,Kostantinova
نفس قسطنطين اوه,Kostantinova merkez
قوستاينجه,Kostayniçe
قوستاينچه,Kostayniçe
قوستاينيچه,Kostayniçe
بقيۀ قوستلنجه,Kostayniçe (Bakiye-i Kostalinçe)
فوناى (؟),Kostayniçe (Fonay?)
قوستانيچه,Kostayniçe (Kostaniçe)
قوستنيچه,Kostayniçe (Kostaniçe)
واروش قوستاينجه,Kostayniçe/Varoş-ı Kostayniçe
قوشقه,Koşka
قوشقه مع نيونه,Koşka maa Niyona
قوشمشاد,Koşmuşad
قوشقواق,Koşukavak
قوشيقواق,Koşukavak
قوشوطيچه,Koşutiçe
قوتار,Kotar
قوطار,Kotar
قوطى دره سى,Kotideresi
قوتلونيس,Kotolonis
قتور,Kotor
قوتور,Kotor
قطور,Kotor
واروش قلعۀ قتور,Kotor/Varoş-ı Kale-i Kotor
قتورسقه,Kotorska
قوتورسقا,Kotorska
قتور,Kotur
قطور,Kotur
قوتور,Kotur
قواج,Kovaç
قووارجه,Kovarçe
قواسنچ,Kovasinç
قواسنچ,Kovasinç/Kovas
قواشنچ,Kovasinç/Kovaşinç
قواته,Kovata
قوين,Kovin
قون,Kovin
جزيرۀ قوين,Kovin/Cezire-i Kovin
جزيرۀ قيون,Kovin/Cezire-i Koyun
كوفين,Kovin/Kofin
قيون,Kovin/Koyun
قويلجه كبير مع صغير,Koyluca-i Kebir maa Sagir
قويلوج,Koyluç
قلعۀ قويلوج,Koyluç/Kale-i Koyluç
قويلحصار,Koyluhisar
قويلحصار,Koyluhisar
قويلوحصار,Koyluhisar
قويلو حصار,Koyluhisar
قويلى حصار,Koyluhisar
قيولحصار,Koyluhisar
قيولحصار,Koyluhisar//Koyulhisar
قيولحصار,Koyluhisar/Koyulhisar
قيولى حصار,Koyluhisar/Koyuluhisar
قوييلى حصار,Koyluhisar/Koyuluhisar
قوينلو حصار,Koyluhisar/Koyunluhisar
مشاز,Koyluhisar/Mişaz
ميشاز,Koyluhisar/Mişaz
موشاز,Koyluhisar/Mişaz (Muşaz)
قيون,Koyun
قويون,Koyun
قيون اطه لرى,Koyun Adaları
قويون اده لرى,Koyun Adaları
قيون اطه لرى,Koyun Adaları
پاسپارغو اطه لرى,Koyun Adaları/Pasparigo Adaları
سپالمادور,Koyun Adaları/Spalmador Adaları
سپالمادور اطه لرى,Koyun Adaları/Spalmador Adaları
سپالماتورى,Koyun Adaları/Spalmatori
پالماتورى,Koyun/Palmatori
سپالمادور,Koyun/Spalmador
قويون آغيلى,Koyunağılı
قيون دپه,Koyuntepe
قيون تپه,Koyuntepe
قيون دپه جوكى,Koyuntepe/Koyundepeciği
قيون دپه سى,Koyuntepe/Koyundepesi
قويوه,Koyva
قويوه قريه سى,Koyva/Koyvakaryesi
قوز,Koz
قوزاق,Kozak
قوزاق مع فسلكه,Kozak maa Fesleğe
قوزان,Kozan
قوزان ساحل,Kozan Sahil
ناحيۀ قوزان ساحل قائممقاملغى مع ناحيۀ هاچين,Kozan Sahil Kaymakamlığı maa Nahiye-i Haçin/Nahiye-i Sahil Kaymakamlığı maa Nahiye-i Haçin
قوزانه,Kozana
قوزانه,Kozana
نفس قوزانه,Kozana merkez
قوزانى,Kozana/Kozani
قوزانلو,Kozanlı
قوزارچه,Kozarçe
قوزارجه,Kozarçe
قوزاراج,Kozarçe/Kozarac
قوزوراچ,Kozarçe/Kozoraç
قوزجغاز,Kozcuğaz
قوزيب صولنق,Kozibsolnok
قوزقيا,Kozkaya
قوزلى,Kozlu
قوزلو,Kozlu
قوزليجه,Kozluca
قَوزْليجَه,Kozluca
قوزليچه,Kozluca/Kozliçe
قوزلق,Kozluk
قوزنيك,Koznik
قزنيك,Koznik
قوزنيق,Koznik
كوچك دره سى,Köçekderesi
كوچز,Köçez
كومنجه,Kömeniçe
كمور كاويسى,Kömürgavisi
كوپك بالغى,Köpekbalığı
كوپرى,Köprü
كوپرى مع پراكين,Köprü maa Perakin
كوپريلى,Köprülü
كوپرلو,Köprülü
كوپريلو,Köprülü
كوپرولو,Köprülü
كوبريلى,Köprülü
كبرولى,Köprülü (?)
نفس كوپريلى,Köprülü merkez
كوپريلى,Köprülü/Veleze
كورمند,Körmend
كوروش,Köröş
كورش,Köröş
كرش,Köröş
كورزوت,Körzut
كوسه,Köse
كوسه برونى,Köseburnu
كوسه دره سى,Kösederesi
كوسه كويى,Köseköyü
كوسه مع  لر سنانلو,Köseler maa Sinanlı
كوسه لى,Köseli
كوستن,Kösten
اوزون اطه,Kösten/Custan/Uzunada
كوسته,Kösten/Köste
ماقروميس,Kösten/Makromis
كوستن,Kösten/Uzunada
اوزون اطه,Kösten/Uzunada
كوستنجه,Köstence
كُوسْتَنْجَه,Köstence
كوستنديل,Köstendil
كستنيچ,Kösteniç
كوستره لك,Kösterelik
كوشك,Köşk
كوشك دره سى,Köşkderesi
كوشك دره سى مع ناحيۀ چاكلى,Köşkderesi maa Nahiye-i Çanlı
كوش دره سى,Köşkderesi/Köşderesi
كوشك دره,Köşkderesi/Köşkdere
كوتك,Kötek
كتور,Kötür
كوتور,Kötür
كويجكز,Köyceğiz
كويجكز,Köyceğiz
كويجگز,Köyceğiz
كوي جكز,Köyceğiz
كويجه ييز,Köyceğiz/Köyceyiz
كويجه يز,Köyceğiz/Köyceyiz
كويجوكز,Köyceğiz/Köycüğez
يوكسك قوم,Köyceğiz/Yüksekkum
كوى سنجاق,Köysancak
كويسنجق,Köysancak
كوى سنجق,Köysancak
نفس كوى سنجاق,Köysancak merkez
كوى,Köysancak/Köy
كوي,Köysancak/Köy
كوي سنجاقلو,Köysancak/Köysancaklı
قره بوه صوىي,Krabova Suyu
قيراجوه,Kraçova
قراچوه,Kraçova
قرچوه,Kraçova
قيرچوه,Kraçova
قره جوه,Kraçova/Kracova
قراغيوجه,Kraguyofça
قراغويفچه,Kraguyofça
قراغيوفجه,Kraguyofça
قره غويفچه,Kraguyofça
غرغرالوفچه,Kraguyofça/Gırgoralofça
غراغيوفچه,Kraguyofça/Graguyofça
غراغويفچه,Kraguyofça/Graguyofça
قراغويواچ,Kraguyofça/Kraguyovaç
قره قو اطه جغى,Krako Adacığı
قراقو,Krakov
قرال,Kral
قرانيا,Kranya
قراپلر,Kraplar
قرسنه,Krasne
قراشوه مع ويطينليك,Kraşova maa Vitinlik
قراشوه مع بطلنيك,Kraşova maa Vitinlik (Bitilnik)
قره طوه,Kratova
قرطوه,Kratova
قيره طوه,Kratova
قره طووا,Kratova
قره طوه,Kratova
قراطوه مع معدن,Kratova maa Maden
معدن قر طوه,Kratova/Maden-i Kratova
واروش قره طوه,Kratova/Varoş-ı Kratova
قراوارى,Kravari
قره وارى,Kravari
قراينه,Krayna
قراينه,Krayna
قرانيه,Krayna (Kranya)
قرانيه مع نواحى,Krayna (Kranya) maa Nevahi
قراينه مع نواحى,Krayna maa Nevahi
كره منات,Kremenat
كرمنات,Kremenat
كيرشوه,Kreşova
كره شوه,Kreşova
كرشوه,Kreşova
كرشوه,Kreşova
كرشوه,Kreşova
كيره شوه,Kreşova/Kireşova
بازار كراشوه,Kreşova/Pazar-ı Kraşova
بازار كرشوه,Kreşova/Pazar-ı Kreşova
كير وقور,Krevukor
قريچا,Kriça
قريچاس,Kriça/Kriças
كريچقه,Kriçka
كرچقه,Kriçka
كيرچقه,Kriçka
كريچقه_x001C_,Kriçka
قريچوه,Kriçova
نفس قريچوه,Kriçova merkez
كريلوه,Krileva
كريلوه مع قريوه رقه,Krileva maa Krivarika
قرستوشييه,Kristoşiye
قرستوشيه,Kristoşiye
قرشتوشيه,Kristoşiye/Kriştoşiye
قرستواچ,Kristovaç
كريتا,Krita
كريوه ريقه,Krivarika
قريوه ريقه,Krivarika
قريوه رقه مع كريلوه,Krivarika maa Krileva
قرويچه,Kriviçe
كروينه,Krivina
كيروينه,Krivina
قروصونا,Krosona
قروپه,Krupa
قروپه,Krupa
قروپا,Krupa
قروپنه,Krupine
قورينه,Krupine/Korine
قوربنه,Krupine/Kurbine
زاورشا,Krupine/Zavirşa
قروپنه,Krupine/Zavirşa
قرشوه,Kruşova
قورشوه,Kruşova
قروشوه,Kruşova
قثله,Ksele
قشله,Ksele/Kışla
قوبا,Kuba
قوبان,Kuban
قبانى,Kubani
قبه,Kubbe
قوبر,Kubber
كبيسه,Kubeyse
كُبَيْسه,Kubeyse
قبيطه,Kubeyta
قوج,Kuç
قوچه,Kuça
قوجاينه,Kuçayna
قوچاينه,Kuçayna
قوجانه,Kuçayna (Kuçana)
قوچانه,Kuçayna (Kuçana)
كوچه باغات تبريز,Kuçebağat-ı Tebriz
قوچوه,Kuçeva
قوجوه و نيقوديم,Kuçeva ve Nikodim
قودا,Kuda
قودو,Kuda/Kudo
قدرينچه,Kudrinçe
قدس,Kudüs
نفس قدس شريف,Kudüs (Kuds-i Şerif) merkez
قدس شريف وغزه,Kudüs (Kuds-i Şerif) ve Gazze
قدس اريحا,Kudüs Eriha
اريحا,Kudüs Eriha/Eriha
قدس شريف,Kudüs/Kuds-i Şerif
قوفه,Kufa
كوفه نسى,Kufanisi
كوفو,Kufanisi/Kufo
كوفه,Kufe
كفيل,Kufil
قفره,Kufra
كوه,Kuh
كوه ماردين,Kuh-ı Mardin
كوه دشت,Kuhdeşt
كوحئ كبير,Kuhi-i Kebir
كوهستان,Kuhistan
كوهپايه,Kuhpaye
قوقالى,Kukali
كوكس,Kukes
قوقله,Kukla
قوقله,Kukla
قوقله,Kukla
قوفَلَه,Kukla/Kufele
قوفله,Kukla/Kufele
قوقلۀ باف,Kukla/Kukla-i Baf
قوله,Kula
قولا,Kula
قوله مع چاقرجه,Kula maa Çakırca
نفس قوله,Kula merkez
قوله وقزل ارباط وزنكى اباد,Kula ve Kızılribat (Kızılirbat) ve Zengiabad
قول اطه,Kulada
قولاغوز,Kulağuz
قلاغوز,Kulağuz
قوله قوه ادالرى,Kulakova Adaları
قلب,Kulb
قولب,Kulb
قولب,Kulb
قلب,Kulb
قُلب,Kulb
خبان,Kulb
نفس قولب,Kulb merkez
قولپ,Kulb/Kulp
پاصور,Kulb/Pasur
قولۀ بالاى غلطه,Kule-i Bala-yı Galata
قلۀ كوپرى اغريبوز,Kule-i Köprü-i Ağrıboz
كوپرى اغريبوز,Kule-i Köprü-i Ağrıboz/Köprü-i Ağrıboz
قله لى برغوس,Kulelibergos
قوله لى برغوس,Kulelibergos
قله لى بورغاز,Kulelibergos/Kuleliburgaz
قولن وقف,Kulenvakıf
نوه سيل,Kulenvakıf/Novasil
نوه سل,Kulenvakıf/Novasil
نَوَه سَلْ,Kulenvakıf/Novasil (Nevesel)
قلّتين جديدتين,Kuleteyn-i Cedideteyn
قليعه,Kuleya
قولحضراوغلى,Kulhızıroğlu
قولحضر,Kulhızıroğlu/Kulhızır
قول محمود,Kulmahmud
قول اوغلى,Kuloğlu
قول اوغلى باش اغالغى,Kuloğlu
قول اوغلى,Kuloğlu
قولقواچ,Kulokovaç
قولپاق و عراقلو,Kulpak ve Araklı
كولورى,Kuluri
قوم,Kum
قوم اطه لرى,Kum Adaları
قومانوه,Kumanova
قومانوا,Kumanova
قوماريد,Kumarid
قوماراوزى و مناخوس,Kumarözü ve Manahos
كميت,Kumeyt
قومى,Kumi
قوم قلعه,Kumkale
قوم قلعه,Kumkale
قوم قلعه,Kumkale/Sultanhisarı
قوم قلعه,Kumkale/Sultaniye
قومليجه,Kumluca
قوماح,Kummah
قماح,Kummah
قمه,Kummah
قوم,Kummah/Kum
قومرى,Kumru
قوموثى,Kumusi
كونه للى,Kunelli
كونه بللى,Kunelli/Kunebelli
قنيطره,Kuneytıra
قنيطره / القنيطره,Kuneytıra
قنيطره,Kuneytıra
قنطره و نعيم,Kuneytıra (Kantara) ve Naim
قنطره,Kuneytıra/Kantara
قنطره,Kuneytıra/Kantara
قنفده,Kunfuda
قنقده,Kunfuda
نفس قنفده,Kunfuda merkez
قنوبا,Kunupa
قونوپه,Kunupa
قنوپا,Kunupa
قرمزى اطه لر,Kunupa/Kırmızı Adalar
كونوپيا,Kunupa/Kunupiya
قوپاكى,Kupaki
قوپان,Kupan
قوپنك,Kupinik
قوپينك,Kupinik
قوپنيك,Kupinik
قوره,Kura
قراى جديد,Kura-yı Cedid
قراى سبعه,Kura-yı Seba
قراء سبعه,Kura-yı Seba/Kura-i Seba
قوراكي,Kuraki
قوره ماز,Kuramaz
قوراماز,Kuramaz
قرين,Kurayn
قورباغى,Kurbağı
قوربين,Kurbin
قوربن,Kurbin
قورچولا,Kurçola
قورچوله,Kurçola
قورسوله,Kurçola/Kursola
قورد,Kurd
قورد قلعه سى,Kurdkalesi
قورد قلعه,Kurdkalesi/Kurdkale
قورت قلعه,Kurdkalesi/Kurtkale
قورد اوكزى,Kurdöküzü
قورد اوكوزى,Kurdöküzü
قُورْد اوُكُوزِى,Kurdöküzü
قوردوفان,Kurdufan
كوردفان,Kurdufan
قوردومت,Kurdumit
خور عميد,Kurdumit/Hur Amid
قوره نيك,Kurenik
قريش,Kureyş
قريش مع برندى,Kureyş maa Berendi
قريش مع ديوله,Kureyş maa Divle
قريش ايلى,Kureyş/Kureyşili
قريش اوزى,Kureyşözü
قوريلوچه,Kurilovça
قورنه,Kurna
قورنا,Kurna
قورنا,Kurna
قوريه وصدرصويت ومحمل,Kurna (Kurye) ve Sadr-ı Suveyb (Sadr-ı Suveyt) ve Muhmel
قرنه و صدر سويب,Kurna ve Sadr-ı Suveyb
پير حميد,Kurna/Pirhamid
قورناكى اطه لرى,Kurnaki Adaları
قورناكيا,Kurnakiya
قورشه دول,Kurşedol
قورشونلو,Kurşunlu
قورشونلى,Kurşunlu
قورشنلو,Kurşunlu
قوشنلو,Kurşunlu/Koşanlu
قورشونلو كليسا,Kurşunlukilise
قورشونلى,Kurşunlukilise/Kurşunlu
قورشنلى,Kurşunlukilise/Kurşunlu
قورشنلو,Kurşunlukilise/Kurşunlu
قرطبه,Kurtuba
قوريجه شيله,Kurucaşile
قوروجه شيله,Kurucaşile
قوريجه ويران,Kurucaviran
قورى چاى,Kuruçay
قورو چاى,Kuruçay
قوريچاى,Kuruçay
قُوريِچَاىْ,Kuruçay
قورى جاى,Kuruçay
نفس قورو چاى,Kuruçay merkez
قوريچاى كماح,Kuruçay/Kuruçay-ı Kemah
قورى چاى كماح,Kuruçay/Kuruçay-ı Kemah
قورو دوش قيا,Kurudöşkaya
قورى دوش قيا,Kurudöşkaya
قرو دوش قيا,Kurudöşkaya
قورودوش قيا,Kurudöşkaya
قورو دوش,Kurudöşkaya/Kurudöş
قورو قوش قيا,Kurudöşkaya/Kurukuşkaya
قوريقواق,Kurukavak
قورى قواق,Kurukavak
قورى بيكار,Kurupınar
قورشونه,Kuruşuna
قوروه لش,Kurveleş
قوروه لش,Kurveleş
قورولش,Kurveleş
قرولش,Kurveleş
قروه لش,Kurveleş
قورولش,Kurveleş
قرولش,Kurveleş
قيرولش,Kurveleş/Kırveleş
قورلش,Kurveleş/Kurleş
قوريانيك,Kuryanik
قوريانيج,Kuryanik/Kuryaniç
قرزولارى,Kurzolari
قوچو ادالرى,Kurzolari/Kuço Adaları
قورچولارى اطه لرى,Kurzolari/Kurçolari Adaları
قوس,Kus
قُوس,Kus
قصيمه,Kusayma
قصير,Kusayr
قُصير,Kusayr
كثير,Kusir
كُوسِيّه,Kusiyye
كوسيه,Kusiyye
كسمه,Kusma
حديده كسمه,Kusma/Hudeyde Kusma
قصون,Kusun
قصون مع كولك,Kusun maa Gülek
قصون مع گُولَكْ,Kusun maa Gülek
قصون مع گولك,Kusun maa Gülek
قصون مع گولك و تكه لو,Kusun maa Gülek ve Tekeli
قصون و كولك و تكلو,Kusun ve Gülek ve Tekeli
قوش,Kuş
قوش آطه سى,Kuşadası
قوش اطه سي,Kuşadası
قوش اطه سى,Kuşadası
نفس قوش آطه سى,Kuşadası merkez
اينه,Kuşadası/İne
قوش آطه,Kuşadası/Kuşada
قوشجى جريدى,Kuşcuceridi
قوشجى جريدى,Kuşcuceridi
قوشيجى جريدى,Kuşcuceridi/Koşıcuceridi
قوشجى جريدى,Kuşçuceridi
قوش طاغى,Kuşdağı
قوشلات,Kuşlat
قولاشاق,Kuşlat/Kulaşak
قوشلى عشيرتى,Kuşlu Aşireti
قوش اووا,Kuşova
قوشطاش,Kuştaş
قوش طاش,Kuştaş
قوش طاش,Kuştaş/Üçtaş
قوشتمور,Kuştemur
قوشتمر,Kuştemur
قوشتمر و قره قيالو,Kuştemur ve Karakayalı
قوشتَمِرْ,Kuştemur/Kuştemir
قوشتيمور,Kuştemur/Kuştimur
قوش تپه,Kuştepe
ديزه ي,Kuştepe/Dizeyi
ديزه يى,Kuştepe/Dizeyi
قوش دپه,Kuştepe/Kuşdepe
قطامه,Kutama
قوتامه,Kutama
قطيفه,Kutayfe
قطب جنوبى,Kutb-ı Cenubi
قطب شمالى,Kutb-ı Şimali
قوتهوه,Kutiheva
قوتوحوه,Kutiheva/Kutuheva
قوتهوه,Kutiheva/Kutuheva
قوطقوفجى,Kutkofci
قوتلوفجه,Kutlofça
قوتلى دره,Kutludere
قوتلو دكين,Kutludiğin
قطنه,Kutna
قطاع الطريق,Kuttauttarik
قوطو دره سى,Kutuderesi
كوت الاماره,Kutülamare
كوتُ العماره,Kutülamare
كوت,Kutülamare/Kut
قوه لى,Kuveli
قويق,Kuveyk
كويت,Kuveyt
كويت مع مَعامِر,Kuveyt maa Meamir
قويطع,Kuveyta
قويطع ثلثِ عكّار,Kuveyta [maa] Sülüs-i Akkar
قويطعِ جبيل,Kuveyta-i Cübeyl
قيوجق,Kuyucak
قيوجاق,Kuyucak
قيولى,Kuyulu
قوز اباد,Kuzabad
قوزجه,Kuzca
قوزاى,Kuzey (Ahısha)
قوزاى,Kuzey (Ahıstabad)
قوزاى,Kuzey (Ardahan-ı Büzürk)
قوزاى,Kuzey (Ardahan-ı Küçük)
قوزاي,Kuzey (Ardahan-ı Küçük)
قوزاى,Kuzey (Çıldır)
قوزاى,Kuzey (Kağızman)
قوزى,Kuzey (Kağızman)
قوزاى,Kuzey (Poshov)
قوزاى,Kuzey (Srebreniçe)
قوراى,Kuzey/Kuray
قوزاى ارزنجان,Kuzeyerzincan
جانب قوزاى,Kuzeyerzincan/Canib-i Kuzey
قوزاى كجه,Kuzeyerzincan/Kuzeygece
قوزاى كماخ,Kuzeykemah
قوزاى كماح,Kuzeykemah
قوزاى,Kuzeykemah/Kuzey
قوزاي اولتى,Kuzeyoltu
قوزاى,Kuzeyoltu/Kuzey
قوزاى پاسين,Kuzeypasin
قوزاى,Kuzeypasin/Kuzey
قوزاي پنبك,Kuzeypenbek
قوزاي,Kuzeypenbek/Kuzey
قزاي الا پرت,Kuzeyulapert
قوزكولجك,Kuzgölcük
قوزغون,Kuzgun
قوز ايل,Kuzil
قوزقشله,Kuzkışla
قوز قشله,Kuzkışla
قوزقيشله,Kuzkışla
قوز كويى,Kuzköyü
قوزى كودنلى,Kuzugüdenli
قوزى كودنلى عشيرتى,Kuzugüdenli Aşireti
قوزى كودنلى مع  صارى اوغلان  ضمانتى,"Kuzugüdenli maa Sarıoğlan, Zamantı"
اق قشله,Kuzugüdenli/Akkışla
آق قشله,Kuzugüdenli/Akkışla
قوز يقه,Kuzyaka
قوزيقا,Kuzyaka
قوزيقه,Kuzyaka
قسطمونى,Kuzyaka/Kastamonu
قوزقيا,Kuzyaka/Kuzkaya
كورتشه,Kuzyaka/Kürteşe
قوبا,Küba/Kuba
كبّر,Kübber
كبار,Kübber/Kübbar
كوبيان,Kübyan
كوجوجك,Küçücük
كوچك و بيوك روده,Küçük ve Büyük Ruda
كوچك اطه,Küçükada
كوچك بغچه,Küçükbağçe
كوچك باغچه,Küçükbağçe
كوجك باره,Küçükbare
كوچك باره,Küçükbare
آنده باره,Küçükbare (Andebare)/Antiparos
آنده باره,Küçükbare/Andibare
اندبره,Küçükbare/Andibare
كوجك باره,Küçükbare/Andibare
اندباره,Küçükbare/Andibare
اندپاره,Küçükbare/Andipara
انتى پاروس,Küçükbare/Antiparos
آنتى پاروس,Küçükbare/Antiparos
كوجك بارّه,Küçükbare/Küçükbarre
كوچك پارّه,Küçükbare/Küçükparre
كوجك بوغاز,Küçükboğaz
كوجك چامليجه,Küçükçamlıca
جامليجۀ ديكر,Küçükçamlıca/Çamlıca-i diğer
چامليجۀصغير,Küçükçamlıca/Çamlıca-i Sagir
دكر چامليجه,Küçükçamlıca/Diğer Çamlıca
دكرجامليجه,Küçükçamlıca/Diğer Çamlıca
دوقوس,Küçükçamlıca/Dokos
دوقوز,Küçükçamlıca/Dokoz
ادرون,Küçükçamlıca/İdron
كوچك چكمجه,Küçükçekmece
كوچك چوقه,Küçükçuka
كوجك چوقه,Küçükçuka
آنتى سريغو,Küçükçuka/Antiserigo/Küçükserigo
پوتامو,Küçükçuka/Potamo
پوتاموس,Küçükçuka/Potamos
سريغوتو,Küçükçuka/Serigotto
سكليه,Küçükçuka/Sikliye
شكليه,Küçükçuka/Şikliye
كوجك دكرمنلك,Küçükdeğirmenlik
انتي ميلو,Küçükdeğirmenlik/Antimilo
آنتى ميلو,Küçükdeğirmenlik/Antimilo
انتى ميلو,Küçükdeğirmenlik/Antimilo
دكرمنلك صغير,Küçükdeğirmenlik/Değirmenlik-i Sagir
ايلبيز,Küçükdeğirmenlik/İlbiz
كوجك ده لوس,Küçükdelos
اصل دلوس,Küçükdelos/Asıl Delos
كوچك فنطه,Küçükfanta
فنطه كوچك,Küçükfanta/Fanta-i Küçük
كوچوك غالانيس,Küçükgalanis
ميقرو غلارونيسى,Küçükgalanis/Mikro Galaronisi
صغيروغالانوريس,Küçükgalanis/Sagiro Galanoris
صغيروغلارونيس,Küçükgalanis/Sagiro Galaronis
كوچك غاوذو,Küçükgavzo
كوچك كوز,Küçükgöz
كوچك حابور,Küçükhabur
كوجك حاجيلو,Küçükhacılı
كيچك حاجيلو,Küçükhacılı/Kiçikhacılı
كوچك خالكى,Küçükhalki
كوجك قلعه,Küçükkale
كوچك قره صو,Küçükkarasu
مستا,Küçükkarasu/Yenice Karasuyu/Mesta
انتى قاروس,Küçükkaroz/Antikaros
كوچك قاروز,Küçükkaroz/Küçükkaroz
كوچك قوفونيزه,Küçükkofonize
كوجك قفنيسه,Küçükkofonize/Küçükkofonise
پراسودا,Küçükkofonize/Prasuda
كوچك قوز,Küçükkoz
كوچك كوى,Küçükköy
كوچوك قيو,Küçükkuyu
كوچوك قويو,Küçükkuyu
كوچك مندرس,Küçükmenderes
كوچك اوه,Küçükova
كوجك پاقسو,Küçükpakso
آنتى پاقسو,Küçükpakso/Antipakso
انتى پاقسوس,Küçükpakso/Antipaksos
كوچوك پاقجو,Küçükpakso/Küçükpakco
كوچك ساداب,Küçüksadab
كوچك صو,Küçüksu
كوجك صوليجه,Küçüksuluca
اسپتزا پولو,Küçüksuluca/İspetrapulo
اسپه تزا پولو,Küçüksuluca/İspetzapulo
سپذييا پولو,Küçüksuluca/Speziyapolo
كوچك طوشان اطه لرى,Küçüktavşan Adaları
كوچك ويران,Küçükviran
كفرنجه,Küfrence
كفندير,Küfündür
كفندر,Küfündür
درۀ كفندر,Küfündür/Dere-i Küfündür
كلاهلى,Külahlı
كلام,Külam
كولچ,Küleç
كولوندور,Külündür
كومبت,Kümbet
كوبدره,Küpdere
كبه لى,Küpeli
كوپه لى,Küpeli
كوپلى,Küplü
كوپل,Küplü
كوبلى اوزى,Küplüözü
كوپرز,Küprez
قوپره س,Küprez/Kupres
كوپرس,Küprez/Küpres
كوپسى,Küpsi
كوبسى,Küpsi
كوبسو,Küpsi/Küpsü
كوردجى,Kürdcü
كوردجى,Kürdeci
كردى مع چيناره,Kürdi maa Çınare
كردكان,Kürdigan/Kürdegan
كُوردَكان,Kürdigan/Kürdegan
كورديلان,Kürdilan
گورديلان,Kürdilan/Gördilan
كردستان,Kürdistan
كوردستان دياربكر,Kürdistan/Kürdistan-ı Diyarbekir
كوردقران,Kürdkıran
كوره,Küre
كوره مع ايان دون,Küre maa Ayandon
كورا و انفه,Küre ve Enfe
كوره و انفه,Küre ve Enfe
كورۀ حديد,Küre-i Hadid
كورۀ جديد,Küre-i Hadid/Küre-i Cedid
كورۀ قويطع,Küre-i Kuvayta
كورۀ نورى,Küre-i Nuri
كوى نورى,Küre-i Nuri/Köy-i Nuri
كورۀ نحاس,Küre-i Nühas
كورۀحاس,Küre-i Nühas
كورۀ نخاس,Küre-i Nühas
كورۀ نحاس معموره,Küre-i Nühas/Küre-i Nühas-ı Mamure
كورۀ نحاس معموريه,Küre-i Nühas/Küre-i Nühas-ı Mamuriye
كورۀ شماليه,Küre-i Şimaliye
كورۀ وسطى,Küre-i Vusta
كوره جك,Kürecik
كوره جك,Kürecik/Kepez
كورك بصان,Kürekbasan
كوره كه,Küreke
كورك قلعه,Kürekkale
كره وز,Kürevez
كوركجى,Kürkçü
كوركجى  مع صارى قواق,Kürkçü maa Sarıkavak
كوركجيلو,Kürkçülü
كورمشلى,Kürmeşli
كورماشلى,Kürmeşli/Kürmaşlı
كورنه,Kürne
كلنكج,Kürne/Gelengeç
كلنكچ,Kürne/Gelengeç
كورّانى,Kürrani
كرسى,Kürsi
كرسئ بولى,Kürsü-i Bolu
كورتان,Kürtan
كورت قچاغى,Kürtkaçağı
كورتل,Kürtül
كورتون,Kürtün
كورتن بالا,Kürtün-i Bala
كورتون بالا,Kürtün-i Bala
كورتن زير,Kürtün-i Zir
كورتون زير,Kürtün-i Zir
كورتون زير و بالا,Kürtün-i Zir ve Bala
كورتون,Kürtün/Çayra
كورتين,Kürtün/Kürtin
كوتاهيه,Kütahya
كوتاهيّه,Kütahya
كوتاهيه مع نواحى,Kütahya maa Nevahi
كوتاهيه نام ديكر كرميان مع سلطان اوكى,Kütahya maa Sultanönü/Germiyan
كوتاهيه مع طوشانلو,Kütahya maa Tavşanlı
نفس كوتاهيه,Kütahya merkez
كوتاهيه نام ديكر كرميان مع سلطان اوكى,Kütahya/Germiyan maa Sultanönü
كوتالى,Kütalı
كوطالى,Kütalı
اكنلك,Kütalı/Ekinlik
كتاتس,Kütatis
كتاتيس,Kütatis
كوتاتس,Kütatis
كوتاتس مع بغدادجق,Kütatis maa Bağdadcık
كوته ديس,Kütatis/Kütadis
كوتون,Kütün
قوينه,Kvoyna
قؤينا,Kvoyna/Kueyna
لاقاپرارا,La Kaprara
لاب,Lab
لاپ,Lab
لاپ,Lab/Lap
لاباد,Labad
لابدوس,Labdos (?)
لابوۀ زير,Labova-i Zir
لاجان,Lacan
لاجان زرزا,Lacan-ı Zerza
لاديق,Ladik
لاديك,Ladik
لا دق,Ladik
نفس لاديق,Ladik merkez
لاغوس,Lagos
لاغوسته,Lagosta
اغوسته,Lagosta/Agosta
قزيل اطه,Lagusa/Kızılada
لاحنه قصرى,Lahanakasrı
لاهة,Lahe
لاحقا,Lahka (?)
لَحْسا مع قطيف,Lahsa maa Katif
لاق,Lak
لاقه,Lakka
لاقوس,Lakos
لاكوديا,Lakudiya
ليقوديه قيه لرى,Lakudiya/Likudiye Kayaları
لالا,Lala
لا لا باشا,Lalapaşa
لامبه روز,Lambaroz
لامبيس,Lambis
لامپدوزه,Lampedusa
لنقظه,Lankaza
لنقزه,Lankaza
لانقاذا,Lankaza
لانقذا,Lankaza
لنقضه,Lankaza
لانقازه,Lankaza
لنغظه و بشيك كوللرى,Lankaza (Langaza) ve Beşik Gölleri
لنقظه و بغدان,Lankaza ve Boğdan
فتوطه و بغدان,Lankaza ve Boğdan/Fetuta ve Boğdan
لنغظه,Lankaza/Langaza
لاپچه,Lapça
لپچشته,Lapçişte
لاپسكى,Lapseki
لابسكى,Lapseki
لاپسكى مع چارطاق,Lapseki maa Çardak
نفس لاپسكى,Lapseki merkez
لارنده,Larende
لا رنده,Larende
دارنده,Larende (Darende)/Karaman
قره مان,Larende/Karaman
قره مان,Larende/Karaman
لارنده,Larende/Karaman
لارندۀ قرمان,Larende/Larende-i Karaman
لارك,Larik
يكيشهر مع نواحئ ابنوس و غلوس و ارغلاستى,Larisa (Yenişehir) maa nevahi-i İbnos ve Golos maa Argalasti
نواحى مع   يكيشهر,Larisa/Nevahi maa Yenişehir
نواحى مع  يكيشهر فنار,Larisa/Nevahi maa Yenişehir-i Fener
يكى شهر,Larisa/Yenişehir
يكيشهر,Larisa/Yenişehir
يكيشهر,Larisa/Yenişehir
يكي شهر فنار,Larisa/Yenişehir-i Fener
يكيشهر فنار,Larisa/Yenişehir-i Fener
يكيشهر فنار نام ديكر لارسه مع نواحئ اويلمپوس و كشرلو و قارتيجه و صحرا و يكيجۀ روم و آغرافه و مقره نيچه,Larisa/Yenişehir-i Fener nam-ı diğer Larisa maa nevahi-i Olimpos ve Keşirli ve Kartiçe ve Sahra ve Yenice-i Rum ve Ağrafa ve Makraniçe
لارتيك,Lartik
لاس پالماس,Las Palmas
لاسپى,Laspi
لاستوه,Lastva
لا شيد,Laşid
لاشيد,Laşid
لَاشيد,Laşid
لاشِيدْ,Laşid
لاشيد,Laşid
جزيرۀ لا شيد,Laşid/Cezire-i Laşid
لاسيده,Laşid/Laside
لاسيده,Laşid/Laside
لاشيت,Laşid/Laşit
لاشيه,Laşid/Laşye
لاشقوا,Laşkova
لاشقوه,Laşkova
لاشيق,Laşkova/Laşık
لاشوه,Laşva
لاشيوه,Laşva/Laşiva
لاتچوه,Latiçeva
لاتن,Latin
لاتذاده,Latzade
لازا,Laza
لازاره,Lazara
لازاره تنو,Lazaretto
لازستان,Lazistan
لازقيه,Lazkiye
لاذقيه,Lazkiye
لا ذقيه,Lazkiye
لآذِقِيَّه,Lazkiye
لاذقيّه,Lazkiye
لازكيه,Lazkiye
لازكيه,Lazkiye
لآذِقِيَّه,Lazkiye
نفس لاذقيه,Lazkiye merkez
لاذقية العرب,Lazkiye/Lazkiyetülarab
لاذكية العرب,Lazkiye/Lazkiyetülarab
لازقيّه,Lazkiye/Lazkiyye
لازقيّه,Lazkiye/Lazkiyye
لجا,Leca
لجون,Leccun
لجّون,Leccun
لجون,Leccun/Otağ-ı Trablus
لفچه,Lefçe
لبچه,Lefçe/Lebçe
واروش قلعۀ لفچه,Lefçe/Varoş-ı Kale-i Lefçe
لفكه,Lefke
لفكه,Lefke
لفكه,Lefke
لفكنه,Lefke/Lefkene
لفكي,Lefke/Lefki
لفقو,Lefko
لفقو اطه لرى,Lefko Adaları
لوقو اطه لرى,Lefko/Levko Adaları
لفقوشه,Lefkoşa
لفقوشي,Lefkoşa
لفكوشه,Lefkoşa
نفس لفقوشه,Lefkoşa merkez
نقوسيه,Lefkoşa/Nikosiye
لفتره,Leftere
له ولايتي,Leh Vilayeti
لهون,Lehven (?)
لمبرد,Lemberd
لندوه,Lendeva
لنغراد,Lengrad
لنويولى,Lenoyoli
لؤنيس,Leonis
لئونيس,Leonis
ليغونس,Leonis/Ligonis
ليغونسى,Leonis/Ligonisi
لپانيچه,Lepaniçe
لپانچ,Lepaniçe
لپانيچ,Lepaniçe
لپنچه,Lepeniçe
لريوز,Leryoz
لريوز,Leryoz
لريوز,Leryoz
لريوز اطه سى,Leryoz Adası
لريوز جزيره سى,Leryoz Ceziresi
بريوز (؟),Leryoz/Beryoz
جزيرۀ لريوز,Leryoz/Cezire-i Leryoz
الريوز,Leryoz/İliryoz
ايلريوز,Leryoz/İliryoz
لروس,Leryoz/Leros
لريوس,Leryoz/Leryos
لَرْيوس,Leryoz/Leryos
لريوز,Leryoz/Leryos
ليروس,Leryoz/Leryos (Liros)
ليروس,Leryoz/Liros
ليروز,Leryoz/Liroz
ليريوس,Leryoz/Liryos
ليريوز,Leryoz/Liryoz
ليوروس,Leryoz/Liyoros
لسحاط,Leshat
لسمات,Leshat/Lesmat
ليسنا,Lesina
لزينه,Lesina/Lezine
لسك,Lesk
لسقوويچه,Leskoviçe
لسقويچه,Leskoviçe
لسقوفجه,Leskoviçe/Leskofça
لسقوفچه,Leskoviçe/Leskofça
لسقويك,Leskovik
لسقويق,Leskovik
نفس لسقويك,Leskovik merkez
لش,Leş
لش ما ليسياسى,Leş Malisyası
نفس لش,Leş merkez
آله سيو,Leş/Alesyo
ليش,Leş/Liş
سليميه,Leş/Selimiye
سليميه,Leş/Selimiye
واروش لش,Leş/Varoş-ı Leş
واروش ليش,Leş/Varoş-ı Liş
لوه,Leva
لوا,Leva
ليوه,Leva/Live
لوند,Levend
لوند اوغلى,Levend/Levendoğlu
لويته,Levita
لويتا,Levita
قوج بابا,Levita/Koçbaba
قوچ پپاس,Levita/Koçpapas
لاويثا,Levita/Lavisa
لاويذا,Levita/Laviza
لاويذااطه سى,Levita/Laviza
لوبته,Levita/Lubita
ليا,Leya
ايليا,Leya/İlya
لسا,Leya/Lisa
ليلان,Leylan
لينه,Leyne
لزكى,Lezgi
لبنه,Libene
صلاحيه,Libohova/Salahiye
لبومير,Libomir
لبومير,Libomir
ليجه,Lice
ليجه مع آتاق و تلسمه,Lice maa Atak ve Telseme
نفس ليجه,Lice merkez
ايليجه,Lice/İlice
لچيك,Liçik
ليف,Lif
ليف عليا,Lif-i Ulya
ليقه,Lika
ليقوريما,Likorima
لقورس,Likurs
ليل,Lil
ليمان,Liman
پاولى,Liman/Pavlı
ليمان حصار,Limanhisar
ليمان حصارى,Limanhisar/Limanhisarı
ليمسول,Limasol
ليماسول,Limasol
لمسون,Limasol/Limason
ليمسون,Limasol/Limason
ليمسون,Limasol/Limason
لمسون,Limasol/Limason
ليمونسون,Limasol/Limonson
ليموسه,Limasol/Limosa
ليموسول,Limasol/Limosol
ليموسون,Limasol/Limoson
لموسون,Limasol/Limoson
ليمسون,Limasol/Limoson
ليمسُونْ,Limasol/Limoson
ليمنى,Limni
لمنى,Limni
لمني,Limni
لمنى,Limni
لمنى جزيره سى,Limni Ceziresi
لمنى مع بوز بابا,Limni maa Bozbaba
نفس ليمنى,Limni merkez
نفس لمنى,Limni merkez
جزيرۀ لمنى,Limni/Cezire-i Limni
جزيرۀ ليمنى,Limni/Cezire-i Limni
جزيرۀ لمنى,Limni/Cezire-i Limni
جزيرۀ ليمنوس,Limni/Cezire-i Limnos
جزيرۀ موندوز,Limni/Cezire-i Mondoz
ايلملى,Limni/İlimli
لمنى,Limni/İlimye
اليميه,Limni/İlimye
ليمى,Limni/Limi
ليمين,Limni/Limin
ليميه,Limni/Limiye
لمنه,Limni/Limne
ليمنوس,Limni/Limnos
ليمنى,Limni/Limnos
لميوس,Limni/Limyos
ليمون ازمير,Limon-ı İzmir
لينارى,Linari
ليندو,Lindo
لندوس,Lindos
لندوز,Lindos (Lindoz)
جزيرۀ لندوز,Lindos/Cezire-i Lindoz
لندوز,Lindos/Lindoz
ليندوز,Lindos/Lindoz
لينوزه,Linoza
ليپارا,Lipara
لپورى,Lipori
ليبوه,Lipova
لپُوه,Lipova
لپوه,Lipova
ليپوه,Lipova
ليِپُوَه,Lipova
ليپوه مع رادنه,Lipova maa Radna
تيشوار,Lipova/Tişuvar
تشوار,Lipova/Tişuvar
طشوار,Lipova/Tişuvar
ليپوه,Lipova/Tişuvar
لبوويك,Lipovik
لبويك,Lipovik
لپويك,Lipovik
لپسو طاقم اطه لرى,Lipso Takımadaları
ليپسوقوتاله اطه جغى,Lipsokutala Adacığı
لبسقوته,Lipsokutala/Libsokota
پيثاتاليه,Lipsokutala/Pisatalya
لبسوس,Lipsos
لپسوس,Lipsos
ليبسوس,Lipsos/Libsos
ليپسى,Lipsos/Lipsi
ليپسو,Lipsos/Lipso
لپسو,Lipsos/Lipso
لپسوز,Lipsos/Lipsoz
لبسوز,Lipsos/Lipsoz
ليرا,Lira
ليس,Lis
بازار ليز,Lis/Pazar-ı Liz
لسقاو,Liskav
لسقاو عليا,Liskav/Liskav-ı Ulya
ليسا,Lissa
ليسّا,Lissa
ليسه,Lissa/Lise
ليسيه,Lissa/Lisiye
لسسان,Lissan
ليت,Lit
ليث,Lit/Lis
معمورة الحميد,Lit/Mamuretülhamid
معمورةالحميد,Lit/Mamuretülhamid
ليت,Lit/Mamuretülhamid
ليتادا,Litada
ليتاده,Litada
ليتاد,Litada/Litad
ليذادا,Litada/Lizada
ليتخور,Litohor
لتخور,Litohor
ليترى,Litri
ليوادى,Livadi
لوادى,Livadi
لواديا,Livadi/Livadiya
ليواديه,Livadiye
لواديّه,Livadiye
لواديه,Livadiye
البادو,Livadiye/İlbado
ليوادستروزه,Livadostroza
لوانه,Livane
ليوانه,Livane
قلعۀ لوانه باش قپان واشكفتوز ورجيك,Livane (Kale-i Livane Başkapan) ve İşkeftoz ve Recik (?)
لوانه و پرتك,Livane ve Pertek
لوانه و برتك,Livane ve Pertek
لوانۀ سفلى,Livane-i Süfla/Vartin
لوانۀ عليا,Livane-i Ulya
آرتوين,Livane/Artvin
لوانه,Livane/Vartin
لويلى عشيرتى,Livili Aşireti
ليوين,Livin
ليبوين,Livin (Libvin)/Beytüşşebab
لويت و بيت الشباب,Livin (Livit) ve Beytüşşebab
ليوين,Livin/Beytüşşebab
ليادى,Liyadi
لياذى اطه جقلرى,Liyadi/Liyazi
سمندينوز,Liyadi/Semendinoz
ليز,Liz
انير,Liz/Anır
لودى,Lodi
لوفجه,Lofça
لوفچه,Lofça
لُوفْچَه,Lofça
لوفچه مع اتره بولى,Lofça maa Etrepoli
لوفجه,Lofça/Lofca
اوفجه مع,Lofça/Ofça maa
لوغورينا,Logorina
لوغرينا,Logorina
لوم,Lom
لُومْ,Lom
لوم مع پولميه,Lom maa Polomiye
لوم و بولميه,Lom ve Polomiye
قره لوم,Lom/Karalom/Polomiye
لوم پلنقه,Lom/Lompalanka
لومنيچه,Lomniçe
لوندر,Londar
لوندار,Londar
لوندره,Londra
لونقوز,Lonkoz
لورى,Lori
لوري,Lori
لورئ عليا,Lori-i Ulya
قلعۀ لوري,Lori/Kale-i Lori
لوشانجى,Loşanci
لوشان طارم سفلا و عليا,Loşantarım-ı Süfla ve Ulya
لوزنيجه,Lozniçe
لود,Löd
لوشديكن,Löşdiğin
لوبان,Luban
لوبنه,Lubine
لوبين,Lubine/Lubin
لوبيني,Lubine/Lubini
پوپولوبين,Lubine/Popolubin
لوبوچيك,Lubovçik
لبوشقه,Lubuşka
لوبشقه,Lubuşka
لبوشقه,Lubuşka
ليبوشقه مع ايموچقه,Lubuşka (Libuşka) maa İmoçka
قيبوشقه مع ايموچيقه,Lubuşka maa İmoçka/Kıbuşka maa İmoçıka
قلعۀ لبوشقه,Lubuşka/Kale-i Lubuşka
ليپوشقه,Lubuşka/Lipuşka
ليو بو شقه,Lubuşka/Liyubuşka
لهوشقه,Lubuşka/Luhuşka
لوچيچه,Luçiçe
لوچچه,Luçiçe
لد,Lud
لُد,Lud
لُد,Lud
لد مع  رمله,Lud maa Remle
لود مع رمله,Lud maa Remle
لد مع  رمله,Lud maa Remle
لودريك,Ludrik
لحيه,Luhayye
نفس لحيه,Luhayye merkez
لِحْيه,Luhayye/Lihye
لوژنجه,Lujnica
لوك,Luk
لوك مع  طوبران,Luk maa Tobruk/Luk maa Tobran
لوقه,Luka
لوكا,Luka
لوقاوچه,Lukaviçe
لولا,Lula
لومه,Luma
لومه,Luma
لومه قاليس,Luma Kalis
لوم,Luma/Lum
لومبونيا,Lumboniya
مومبونيا,Lumboniya/Momboniya
لونچه,Luniçe
لنجه,Luniçe
لوپتنه,Luptine
لورستان,Luristan
حرم اباد,Luristan/Hürremabad
لوروس,Luros
نفس لوروس,Luros merkez
لوسين,Lusin
لوشنه,Luşne
لوشنه,Luşne
نفس لوشنه,Luşne merkez
لوط,Lut
لويسى,Luvisi
لوز,Luz
لوله برغوس,Lülebergos
نفس لوله برغوس,Lülebergos merkez
برغوس,Lülebergos/Bergos
بورغروس,Lülebergos/Bergos (Burgros)
ترقوس,Lülebergos/Bergos (Terkos)
برغوز,Lülebergos/Bergoz
بورغاز,Lülebergos/Burgaz
لوله برغوسى,Lülebergos/Lülebergosu
لوله برغاز,Lülebergos/Lüleburgaz
معادن اربعه,Maadin-i Erbaa
معادن اربعۀ شاب,Maadin-i Erbaa/Maadin-i Erbaa-i Şap
معادن همايون,Maadin-i Hümayun
معان,Maan
معان,Maan
معان,Maan/Cenin
معره,Maarra
معرّه,Maarra
معّره,Maarra
معرّا,Maarra
ماعرّه,Maarra
معرة النعمان مع ناحيۀ كفرطاب,Maarra (Maarratünnuman) maa Nahiye-i Kefrtab
معرة النعمان,Maarra/Maarratünnuman
معرّة النعمان,Maarra/Maarratünnuman
معرة المصرين,Maarratülmısrin
معرة مصرين,Maarratülmısrin/Maarratümısrin
معرتمصرين,Maarratülmısrin/Maarratümısrin
معر الشحور,Maarruşşahur
معرالشهور,Maarruşşahur
معر شحور,Maarruşşahur/Maar Şahur
مجار,Macar
مجار سودين,Macar Svodin
مچار سودين,Macar Svodin
ماكارسودين,Macar Svodin/Magar Svodin
ماچاخل,Maçahel
ماجحيل,Maçahel/Macahil
ماجخيل,Maçahel/Macahil
مغناجيل,Maçahel/Mağnaçil
ماحجهل,Maçahel/Mahcehel
ماخجيل,Maçahel/Mahcil
مخچل,Maçahel/Mahçil
مچحانوس,Maçhanos
ماچين,Maçin
ماجين,Maçin
ماچقه,Maçka
ماچقه,Maçka/Cevizlik
جويزلك,Maçka/Cevizlik
ماچيقه,Maçka/Maçika
ماچوقه,Maçka/Maçuka
ماجوقه,Maçka/Maçuka
ماچوۀ بالا,Maçova-i Bala
ماچوۀ زير,Maçova-i Zir
معدان,Madan
مطره,Madara
معدن,Maden
معدن ايپك,Maden-i İpek
معدن كابى,Maden-i Kabi
معدن كابى مع  صامسون,Maden-i Kabi maa Samsun
معدن يانوه,Maden-i Yanova
مادونا,Madona
مضرب,Madrab
مادراك,Madrak
مادراك,Madrak/Şuşar
شوشار,Madrak/Şuşar
مادراس,Madras
مغاويز,Magaviz
مغاوز,Magaviz
ماغلاى,Maglay
مغلاى,Maglay
ميغلاى,Maglay (Miglay)/Teşene
قلع مغلاى,Maglay/Kale-i Maglay
ميغلاى,Maglay/Miglay
مغلاي,Maglay/Teşene
واروش قلعۀ مغلاى,Maglay/Varoş-ı Kale-i Maglay
واروش مغلاى,Maglay/Varoş-ı Maglay
مغليج,Magliç
قلعۀ مغليچ,Magliç/Kale-i Magliç
ماغوسه,Magosa
مغوسه,Magosa
ماغُوسَه,Magosa
مَاغُوسَه,Magosa
فماغوسته,Magosa/Famagosta
فاماغوسته,Magosa/Famagosta
قلعۀ مغوسه,Magosa/Kale-i Magosa
قلعۀ ماغوسه,Magosa/Kale-i Magosa
ماغوشه,Magosa/Magoşa
ماغون,Magun
ماحوم,Magun/Mahum
مغاره,Mağara
مغاره و صاريز,Mağara ve Sarız
ماغلى,Mağlı
مغرب,Mağrib
مغرب عنس,Mağrib-i Anis
مغرب انس,Mağrib-i Anis
مغرب,Mağrib-i Anis/Mağrib
مغربيه,Mağribiye
مهالبه,Mahalibe
محال دهلو,Mahall-i Dehlü/Delev
محل متينان,Mahall-i Metinan
محل,Mahall-i Metinan/Mahal
محل و متينان,Mahall-i Metinan/Mahal ve Metinan
محال زند و زنگنه و شيخان و داوده,Mahall-i Zend ve Zengene ve Şeyhan ve Davuda
محلات و چفتلكات,Mahallat ve Çiftlikler
محلّه,Mahalle
محله,Mahalle
محلۀ ابا على,Mahalle-i Ebaali
محله بنى اعلا,Mahalle-i Ebaali/Mahalle-i Beni Ala
محلۀ زير,Mahalle-i Zir
محلة دَمَنَه,Mahalletü Demene
محلةُ دَمَنَه,Mahalletü Demene
محلّةُ دَمَنَه,Mahalletü Demene
محلة الكبرى,Mahalletülkübra
محلّةُ الكُبْرى,Mahalletülkübra
محله الكبرى,Mahalletülkübra
محلة المرحوم,Mahalletülmerhum
محلة المرقوم,Mahalletülmerhum/Mahalletülmerkum
مخدوملر,Mahdumlar
ماحيرى,Mahırı
ماحب بحر,Mahib-i Bahr
ماهى دشت,Mahideşt
ماهرى,Mahiri (?)
محكمه,Mahkeme
محلمى,Mahlemi
محمر,Mahmer
محمل شريف,Mahmil-i Şerif
محمود بك,Mahmudbey
محمودى,Mahmudi
محمودى قره صو,Mahmudi Karasu
قره صو,Mahmudi Karasu (Karasu)/Yezidi
قره صو,Mahmudi Karasu/Karasu
يزيدى عشيرتى,Mahmudi Karasu/Yezidi Aşireti
نفس محموديه,Mahmudi merkez/Mahmudiye merkez
سراى,Mahmudi/Saray
محموديه,Mahmudiye
محمودلر,Mahmudlar
محمودلى,Mahmudlu
محمود سيدى,Mahmudseydi
محمود شوكت پاشا,Mahmudşevketpaşa
محويت,Mahvit
مخويت,Mahvit
ماژانى,Majani
ماقارى اطه لرى,Makari Adaları
مقاريا,Makariya
ماقارييا,Makariya
اقاريس,Makariya/Akaris
آقاريه,Makariya/Akariye
مقوا,Makava
مقبنه,Makbene
مقلار,Maklar
ماقلار,Maklar
مقلوب,Maklub
مكوا,Makova
مقووه,Makova
ماقووا,Makova
ماقوه,Makova
واروش ماقوه,Makova/Varoş-ı Makova
ماقرا,Makra
مقرا,Makra
ماخرى,Makra/Mahrı
تاكرى,Makra/Takri
مقرى,Makri
ماقري,Makri
ماقرى,Makri
ماغرى,Makri/Mağri
ماقريا,Makri/Makriya
اوزون,Makri/Uzun
مقرى كوى,Makriköy
مقرى كوى,Makriköy
باقير كوى,Makriköy/Bakırköy
مقرينچه,Makriniçe
مقره نيجه,Makriniçe/Makranice
ماقريسى,Makrisi/Bolerno
ماقرييا,Makriya
مقرييا,Makriya
ماقريالو,Makriyalo
مقرو,Makro
ماقرولو,Makrolo
ماقرونيس,Makronis
ماقرونيسى,Makronisi
ماقرونيسى اطه جغى,Makronisi Adacığı
لونيا,Makronisi/Lunya
سنت پول اطه جغى,Makronisi/Sent Pol Adacığı
ماقرونيسى,Makronisi/Uzunada
مقصودلى,Maksudlu
مكور,Makur
ماقور,Makur
مقورى,Makuri
مقورى عشيرتى,Makuri Aşireti
مكو,Makü
قلعۀ مكو,Makü/Kale-i Makü
قلعۀ مكو,Makü/Kale-i Makü
مالقاص,Malakas
ملاقاس,Malakas
ملاقص,Malakas
ملاقاص,Malakas
مالقاصره,Malakasra
ملاقاصرۀ بالا,Malakasra-i Bala
مالقاسترۀ بالا,Malakasra-i Bala/Malakastra-i Bala
ملاقاصرۀ زير,Malakasra-i Zir
ملاقاس,Malakasra/Malakas
ملاقاص,Malakasra/Malakas
مالامون,Malamon
ملاطيه,Malatya
ملا طيه,Malatya
ملاطيّه,Malatya
نفس ملاطيه,Malatya merkez
ملاطيه و كاحته و كركر,Malatya ve Kahta ve Gerger
اسبوزى,Malatya/Asbuzi
اسپوزى,Malatya/Aspuzi
ملا طيه,Malatya/Yenimalatya
ملازكرد,Malazgird
ملازكيرد,Malazgird
ملازگرد,Malazgird
ملاذكرد,Malazgird
ملاذكيرد,Malazgird
قلعه,Malazgird/Kale
ملازكريد,Malazgird/Malazgirid
مالش,Maleş
ماليشوه,Maleş/Malişova
مالشوه,Maleş/Malişova
عثمانيه,Maleş/Osmaniye
په چوا,Maleş/Peçova
بهجوه,Maleş/Pehçova
مالويز,Maleviz
ملويز,Maleviz
مالَوِيزْ,Maleviz
مالويز,Maleviz
ملويز,Maleviz
جزيرۀ مالويز,Maleviz/Cezire-i Maleviz
مالويزو,Maleviz/Malevizo
مالك,Malik
سيويرينه,Malik/Sivirina
ماليسيا,Malisya
ماليسيه بالا,Malisya-i Bala
ماليسيه,Malisya-i Bala/Malisya
معلقره,Malkara
ملقره,Malkara
معلقره,Malkara
نفس معلقره,Malkara merkez
ميغالقره,Malkara/Mıgalkara
مغلقره,Malkara/Mıgalkara
ميغلقره,Malkara/Mıgalkara
ميغلقره,Malkara/Miğalkara
ملناس,Malnas
مالولى نيسى,Malolinisi
بانولونيس,Malolinisi/Banolonis
ملالونيس,Malolinisi/Malalonis
مالونشيك,Malonşik
مالطه,Malta
مالته,Malta
مالتپه,Maltepe
ماليه,Malya
ماماله,Mamala
ممالو,Mamalı
ممالو,Mamalı
ماماشارود,Mamaşarud
معمره,Mamere
مامروان,Mamervan
مامران,Mamervan (Mameran (?))
نامروان,Mamervan (Namervan)/İd
نامروان مع  طورطوم,Mamervan maa Tortum/Namervan maa Tortum
ايد,Mamervan/İd
قلعۀ مامروان,Mamervan/Kale-i Mamervan
مامرمان,Mamervan/Mamerman
نامروان,Mamervan/Namervan
نفس نامروان,Mamervan/Namervan merkez
نارمان,Mamervan/Narman
نارمن,Mamervan/Narman
ماموغه,Mamuga
معموره,Mamure
معمورة العزيز,Mamuretülaziz
معممورة العزيز,Mamuretülaziz
العزيز,Mamuretülaziz/Elaziz
معمورة العزيز,Mamuretülaziz/Mezraa
مزرعه,Mamuretülaziz/Mezraa
مزرعه,Mamuretülaziz/Mezraa
معمورة الحميد,Mamuretülhamid
نفس معمورة الحميد,Mamuretülhamid merkez
معمورة الحميد,Mamuretülhamid/Mamure-i Hamid
معمورۀ حميد,Mamuretülhamid/Mamure-i Hamid
معمورة الحميديه,Mamuretülhamid/Mamuretülhamidiye
معموريه,Mamuriye
معموريه وانامور,Mamuriye ve Anamur
مانا,Mana
پازار مانه,Mana/Pazar-ı Mana
منافوچه,Manafoça
منافوجه,Manafoça
منوفاچ و ريزو,Manafoça (Monofaç) ve Rizo
منوفاچ,Manafoça/Monofaç
منوفاج,Manafoça/Monofaç
منوفاچ,Manafoça/Monofaç
منوفاج,Manafoça/Monofaç
منوفوچه,Manafoça/Monofoça
مناغرى,Manağrı
مناستر,Manastır
مناصتر,Manastır
نفس مناستر,Manastır merkez
پاشا,Manastır/Paşa
مناستراكي,Manastıraki
مناستراكى,Manastıraki
مناتس,Manates
منوغات,Manavgat
مناوغات,Manavgat
منوغاد,Manavgat/Manavgad
منجيلق,Mancılık
مانجيلق,Mancılık
مانده لو,Mandalo
انكلز,Mandalo/İngiliz
انكلز,Mandalo/İngiliz
مانديلى,Mandalo/Mandili
ماندلك (؟),Mandelik
مانده مانده,Mandemande
جزيرۀ مانده مانده,Mandemande/Cezire-i Mandemande
مانده مادوس,Mandemande/Mandemados
ماندير,Mandır
ماندره,Mandıra
مانديره,Mandıra
مندراكى,Mandıraki
ماندريجه,Mandıriçe
مانديريجه,Mandıriçe
ماندريجه,Mandıriçe/Mandrıca
مانديجه,Mandiçe
مانديچه,Mandiçe
مانده جه,Mandiçe/Mandece
ماندنه,Mandina
ماندود,Mandud
اندود,Mandud/Andud
مانك دره سى,Manekderesi
مانغت,Mangıt
مانغط,Mangıt
ماكغط,Mangıt
منغط,Mangıt
مانقيت,Mangıt/Mankıt
مانكيت,Mangıt/Mankit
مانكوب,Mangub
منكب,Mangub
مغنيسا,Manisa
مغنيسا مع نواحى,Manisa maa Nevahi
نفس مغنيسا,Manisa merkez
مغنيسا و نواحى,Manisa ve Nevahi
قزل حصار قديم,Manisa/Kızılhisar-ı Kadim
مغنيسا,Manisa/Mağnisa
مانقاليه,Mankalya
منقاليه,Mankalya
مَنْقَالْيَه,Mankalya
منغاليه,Mankalya (Mangalya)/Tuzla
منغاليه,Mankalya/Mangalya
مانص,Mans
منصوران,Mansuran
منصوره,Mansure
مَنْصُوره,Mansure
منصوره مع منية المزاح,Mansure maa Minyetülmizah
منصوريه,Mansuriye
منصورلى,Mansurlu
مانيه,Manya
مانيا,Manya
مانيان,Manyan
مانياس,Manyas
منياس,Manyas
مپاورى,Mapavri
مپا ورى,Mapavri
مه پاورى,Mapavri
ماپا ورى,Mapavri
مباورى,Mapavri
ماره,Mara
مرادول,Maradol
مراغه,Maraga
مراق,Marak
ماراكى,Maraki
ماركى,Maraki
معران,Maran
ماراثون,Marason
مرعش,Maraş
مرعش,Maraş merkez
نفس مرعش,Maraş merkez
مرعش پازارجق,Maraş Pazarcık
پازار,Maraş Pazarcık/Pazar
پازارجق,Maraş Pazarcık/Pazarcık
پازارجق,Maraş Pazarcık/Pazarcık
بازارجق,Maraş Pazarcık/Pazarcık
بازارجق,Maraş Pazarcık/Pazarcık
دوالقدريه,Maraş/Dulkadriye
ذوالقادر,Maraş/Zülkadir
ذوالقادريه,Maraş/Zülkadiriye
ذوالقادرلو,Maraş/Zülkadirli
ذوالقدريه,Maraş/Zülkadriye
مرعش,Maraş/Zülkadriye
ماراتى,Marati
مارتينو,Maratino
ماراتو,Marato
مره تونيسى,Marato/Maratonisi
مراطوقامبو,Maratokambos/Maratokambo
ماراتونيزى,Maratonizi
مارچل,Marçal
مارچنه,Marçine
مارجنه,Marçine
مارچه,Marçine/Marça
مارداليج,Mardaliç
ماردلچ,Mardaliç
آرغى نوسى,Mardaliç/Argınosi
بورغوز,Mardaliç/Burgoz
سنت جورج,Mardaliç/Sentcorc
ماردين,Mardin
ما ردين,Mardin
ماردين قوچحصار,Mardin Koçhisar
قوچحصار,Mardin Koçhisar/Koçhisar
قوچ حصار,Mardin Koçhisar/Koçhisar
ماردين مع قوچحصار,Mardin maa Koçhisar
نفس ماردين,Mardin merkez
مردونه,Marduna
ماردونه,Marduna
موردونه,Marduna/Murduna
معركه,Mareke
مارغليج,Margaliç
نفس مارغليج,Margaliç merkez
مارغاريتى,Margaliç/Margariti
مارغاريتس,Margaritis
مارخو,Marho
مارخو,Marho/Kırmıl
ماركش,Markeş
مارمار,Marmar
مرمره,Marmara
مارماره,Marmara
مرمره,Marmara
مرمره دكزى,Marmara Denizi
مرمره دكزى,Marmara Denizi
بحر مرمره,Marmara Denizi/Bahr-i Marmara
مرمره اركلى,Marmara Ereğli
اركلى,Marmara Ereğli/Ereğli
ارگلى,Marmara Ereğli/Ereğli
اركلى,Marmara Ereğli/Ereğli
اركلى,Marmara Ereğli/Ereğli
اركلى قصرى,Marmara Ereğli/Ereğlikasrı
مرمره مع پاشا ليمانى,Marmara maa Paşalimanı
جزاير مرمره,Marmara/Cezayir-i Marmara
جزيرۀ مرمره,Marmara/Cezire-i Marmara
مرمره جق,Marmaracık
مرمره جك,Marmaracık
مرمره و كلنوس,Marmaracık (Marmara) ve Gülnos
مرمره جق,Marmaracık/Demirci-i Saruhan
كول مرمره,Marmaracık/Gölmarmara
مرمره جك,Marmaracık/Gölmarmara
مرمره,Marmaracık/Marmara
مرمره,Marmaracık/Marmara
مرمريس,Marmaris
مرمرس,Marmaris
مَرْمَرِيس,Marmaris
مارماريس ليمانى,Marmaris Limanı
مرمريس سليمانيه,Marmaris Süleymaniye
سليمانيه,Marmaris Süleymaniye/Süleymaniye
مرمروس,Marmaris/Marmaros
مار ميت,Marmit
مارونيه,Maroniye
ماروشه,Maroşa
مراط,Marrat
مرطبان,Martaban
مارتاقلا,Martakala
مصاد,Masad
مصاط,Masad/Masat
مسلاطه,Masallata
مسلّطه,Masallata
مسلاته,Masallata
مسلطه,Masallata
مسارا,Masara
مساره,Masara
مصرصور,Masarsor
ماثه,Mase
مصيّون و ناحيۀ طور,Masıyyun ve Nahiye-i Tur
مصيره,Masire
مصيرۀ صغرى,Masire-i Suğra
مسقط,Maskat
مصويا,Masoya
ماسرو,Masro
مصوع,Massava
جزيرۀ مُصَوّعْ قائممقاملغى,Massava/Cezire-i Musavva
جزيرۀ مُصَوّعْ,Massava/Cezire-i Musavva
مصوع جزيره سى,Massava/Massava Ceziresi
مصوعا,Massava/Massavaa
ماصووا,Massava/Masuva
مصطبه,Mastaba
مصطكى قريه لرى,Mastaki Karyeleri
مصطكى قراسى,Mastaki Karyeleri/Mastaki Kurası
ماستوره,Mastavra
مصوريجه,Masurica
مصياف,Masyaf
مصياف و جبل كلبيه و جرد مصياف,Masyaf ve Cebel-i Kelbiye ve Cerd-i Masyaf
مصياف وقليعه,Masyaf ve Kuleya
مصياف وقليه,Masyaf ve Kuleya
فنارى قلى,Masyaf ve Kuleya/Fenari Kuli
قلعۀ مصياف,Masyaf/Kale-i Masyaf
ماط,Mat
مات,Mat
ماده,Mat/Made
مطح,Matah
مطخ,Matah
مطيح,Matah/Mutıh
مطيخ,Matah/Mutih
ماطالا,Matala
مَطَرْ,Matar
مطر,Matar
معاتر,Matar/Meatir
ماتاروغا,Mataruga
ماتروغه,Mataruga
ماتاروغه,Mataruga
ماور,Maver
ماوت,Mavet
ماوغه,Mavga
ماوريك,Mavrik
ماورو,Mavro
ماورو,Mavro/Eşek Adaları
ماوروا,Mavro/Mavrova
ماوروه,Mavrova
ميا طاغى,Mayadağı
مايدوس,Maydos
مايدوس,Maydos
مايورقا,Mayorka
مزقف,Mazakıf
مزان شهرى,Mazanşehri
مزراق,Mazarak
مزاراق,Mazarak
مزارق,Mazarak
مزرق,Mazarak
مزارق مع مارغاليچ,Mazarak maa Margaliç
وزراق,Mazarak/Vazarak
مازكرد,Mazgird
مزكيرد,Mazgird
مازگرد,Mazgird
مازكيرد,Mazgird
مَازكرد,Mazgird
نفس مازكرد,Mazgird merkez
مغازكرد,Mazgird/Magazgird
ملازكيرد,Mazgird/Malazgird
منازكرد,Mazgird/Manazgird
مازو طاغى,Mazıdağı
مازين,Mazin
مازوتو,Mazoto
مازتو,Mazoto
مازود,Mazoto/Mazod
مازوته,Mazoto/Mazota
مازون,Mazun
ماذون,Mazun
مازون,Mazun/Çukurköy
مازون,Mazun/Mandiçe
مازين,Mazun/Mazin
مجدل,Mecdel
مجدل غزه,Mecdel-i Gazze
مجدل,Mecdel-i Gazze/Mecdel
مجدول,Mecdel-i Gazze/Mecdul
مجدل شمس,Mecdel-i Şems
مجدلشمس,Mecdel-i Şems
مجد الشمس,Mecdel-i Şems/Mecdüşşems
مجركبير,Mecer-i Kebir
مجر كبير,Mecer-i Kebir
مجر صغير,Mecer-i Sagir
مجيديه,Mecidiye
مجيد اوزى,Mecidözü
مجيد اوزى,Mecidözü
مجيد اوزى مع عشائر,Mecidözü maa Aşair
اوخات حاجى كوى,Mecidözü/Avhathacıköy
مجيد اوزى,Mecidözü/Avukathacıköy
اووقات حاجى كويى,Mecidözü/Avukathacıköyü
حاجى كويى,Mecidözü/Hacıköyü
مجنكرد,Mecingerd
مجنكرد,Mecingerd/Ribat
مجريحان,Mecrihan
مچوه,Meçova
مچوه,Meçova
مجوه,Meçova
مجوه,Meçova
مجوه,Meçova
مچوه و نواحئ ملاقاص و قورندوس و آطه و چرقويشته و زاغور,Meçova ve Nevahi-i Malakas ve Korindos ve Ada ve Çerkovişte ve Zagor
مداق,Medak
واروش ناحيۀمداق,Medak/Varoş-ı Nahiye-i Medak
مداين,Medayin
مداين صالح,Medayin-i Salih
مديه,Medeye
مدينه,Medine
مدينۀ منوره,Medine-i Münevvere
مدينۀ مُنَوَّره,Medine-i Münevvere
مدينۀ منوّره,Medine-i Münevvere
مدينۀ منورّه,Medine-i Münevvere
مدينۀ  منوّره,Medine-i Münevvere
مدينه منوره,Medine-i Münevvere
مدينۀ منوره مع نقيب الاشراف مدينه,Medine-i Münevvere maa Nakibuleşraf-ı Medine
مدينه,Medine-i Münevvere/Medine
مدون,Medun
مدوكه,Medvege
مدوج,Medvege/Medvec
مفحق,Mefhak
مفلقان,Meflakan
مغالى مانى,Megalimani
مغاليوريسى,Megalivirisi
مغالو سوفرانو اطه لرى,Megalo Sofrano Adaları
مغالونيسى,Megalonisi
مه غالو,Megalonisi/Megalo
مغانيس,Meganis
مغانيزى,Meganis (Meganizi)/Tados
مقانيس,Meganis/Mekanis
مقانيسى,Meganis/Mekanisi
مغاره,Megara
ماغارا,Megara/Magara
بوروستيك,Megarik/Borostik
بوروش,Megarik/Boroş
مكوريچ,Megoriç
مكوريچقي,Megoriç/Megoriçka/Jelejno Megoriçka
مكوريچقه,Megoriç/Megoriçka/Zelejne Megoriçka
مكوريچقه,Megoriç/Megoriçka/Zelezno Megoriçka
مكلكين,Meğelgin
محابيس,Mehabis
محابس,Mehabis/Cenub
جنوب,Mehabis/Cenub
محابشه,Mehabişe
محجه,Mehacce
مخادر,Mehadir
مهالبه,Mehalibe
محاويل,Mehavil
مهديه,Mehdiye
قلعۀ مهديه,Mehdiye/Kale-i Mehdiye
مهدينچ مع چرنچ,Mehedinç maa Çerneç
مهدنيچ مع چرنچ,Mehedinç maa Çerneç
مهلبيه,Mehlebiye
مهوميه,Mehomye
محرزي,Mehrazi
مهرزي,Mehrazi
جزيرۀ محرزي,Mehrazi/Cezire-i Mehrazi
مهرود,Mehrud
مه ئيس,Meis
ميس,Meis
ميِسْ,Meis
مئس,Meis
جزيرۀ قستوللوز,Meis/Cezire-i Kastelloz
جزيرۀ ميس,Meis/Cezire-i Meyis
قاستللورزن,Meis/Kastellorizon
قسطللوز,Meis/Kastelloz
قستللوز,Meis/Kastelloz
قاسته لوريزو,Meis/Kastelorizo
قزل حصار,Meis/Kızılhisar
قزيلحصار,Meis/Kızılhisar
ميس,Meis/Meyis
مژي بوژى,Mejiboji
مژي بوژى,Mejiboji
نفس مژي بوژى,Mejiboji merkez
مزى بوزى,Mejiboji/Mezibozi
مقاسب,Mekasib
مكاسب,Mekasib
مقاطره,Mekatire
مكۀ مكرمه,Mekke-i Mükerreme
مكّۀمكرّمه,Mekke-i Mükerreme
مكه مكرمه,Mekke-i Mükerreme
مَكّۀ مُكرّمه,Mekke-i Mükerreme
مَكّۀ مُكرّمَه,Mekke-i Mükerreme
مكّۀ مكرّمه,Mekke-i Mükerreme
مكّه,Mekke-i Mükerreme/Mekke
مكۀ شريف,Mekke-i Mükerreme/Mekke-i Şerif
مكرى,Mekri
مكرى مع  فره جك,Mekri maa Ferecik
مكرى مع سمادرك,Mekri maa Semadirek
مگرى,Mekri/Meğri
مَگْرى,Mekri/Meğri
مكرم كومى,Mekrümgömü
ملادا,Melada
مه له دا,Melada
ميلانده,Melada/Milanda
مه لامبس,Melambes
ملاير,Melayir
ملفان,Melefan
مله كوبى,Melegöbü
مله كومى,Melegöbü/Melegömü
مه له خا,Meleha
ملندز,Melendiz
ملندس,Melendiz/Melendis
ملندوس,Melendiz/Melendüs
ملنسه,Melense
ملنسا,Melense/Melensa
ملنشه,Melense/Melenşe
مه لت,Melet
ملحه,Melha
مَلْحه,Melha
ملك ارسلانلو,Melikarslanlı
مليك ارسلانلو,Melikarslanlı
ملك ارسلان,Melikarslanlı/Melikarslan
ملكشريف,Melikşerif
مليذوني,Melizoni
ميلذونى,Melizoni/Milizoni
ملكوفچه,Melkofça
ملونيسى,Melonisi
مَلْوَى مع آشمونين,Melva maa Aşmunin
مَلْوى مع آشْمُونين,Melva maa Aşmunin
ممالك,Memalik
ممكان,Memikan
مملح,Memlah
مملحه,Memlaha
مملكتين,Memleketeyn
افلاق و بغدان,Memleketeyn/Eflak ve Boğdan
مناحه,Menaha
مناحه,Menaha
حراز,Menaha/Haraz
مناصف,Menasıf
مناتش,Menateş
منبج,Menbic
ممبج,Menbic (Membic)/Kaletünnecm
منبج و راوندان,Menbic ve Ravendan
منبج فوقانى,Menbic-i Fevkani
منبج تحتانى,Menbic-i Tahtani
ممبج تحتانى,Menbic-i Tahtani/Membic-i Tahtani
بومبوج,Menbic/Bumbuc
مندان,Mendan
مانده كومه,Mendegüme
منده خوره,Mendehora
مند خوره,Mendehora
مندخوره و ناحيۀ كولده,Mendehora ve Nahiye-i Gölde
منده جوريه,Mendehora/Mendecorya
منداخور,Mendehora/Mendehor
منده خوريه,Mendehora/Mendehorya
منده حوريه,Mendehora/Mendehorya
مندلى,Mendeli
مَنْدَلى,Mendeli
مندليجين,Mendeli/Mendelicin
مندلچين,Mendeli/Mendelicin
مندلجين,Mendeli/Mendelicin
منداليات,Mendelyat
مندليات,Mendelyat
مانداليات,Mendelyat
مندالياق,Mendelyat/Mendalyak
ميلاس سليميه,Mendelyat/Milas Selimiye
سليميه,Mendelyat/Selimiye
مندمى,Mendemi
مندرك,Mendirek
منمن مع فوچه لر,Menemen maa Foçalar
منمنجى,Menemenci
منمنجى,Menemenci
منفلوط مع سنبو,Menfelut maa Senbu
مَنْفَلُوطْ مع سَنْبُو,Menfelut maa Senbu
مَنْفَلُوط مع سَنْبُو,Menfelut maa Senbu
منفلوطه,Menfelut/Menfeluta
منكن,Mengen
منگن,Mengen
چيغا منكن,Mengen/Çığa Mengen
منكسر,Mengeser
منين,Menin
دوما منين,Menin/Duma Menin
منلك,Menlik
منلك,Menlik
نفس منلك,Menlik merkez
منشيه,Menşiye
مَنْشِيّه مع ساحل,Menşiye maa Sahil
منشيه مع ساحل,Menşiye maa Sahil
منشيه و ساحل,Menşiye ve Sahil
منشكوت,Menşkut
منشكوت,Menşkut
منشكوت و كيخ و زكتى,Menşkut ve Genç ve Zikti
منشكور,Menşkut/Menişkur
منشورلى,Menşurlu
ايلبكلى,Menşurlu/İlbeyli
منشورلى,Menşurlu/İlbeyli
منتشا,Menteşe
منتشه,Menteşe
منتشا,Menteşe/Muğla
منوفيه,Menufiye
منوفيه,Menufiye
مَنُوفِيّه,Menufiye
منوفيّه,Menufiye
منيفيه,Menufiye/Münifiye
منيه,Menye
مَنْزَله,Menzele
مَنْزَلَه,Menzele
منزله,Menzele
مرابيلو,Merabilo
مرابلو,Merabilo
مرابلو,Merabilo
برانيلو,Merabilo/Biranilo
جزيرۀ مرامبلا,Merabilo/Cezire-i Merambela
مرابلا,Merabilo/Merabela
مرابله,Merabilo/Merabela
مراجلا,Merabilo/Meracela
مرامبلا,Merabilo/Merambela
مَرَامْبَلاَ,Merabilo/Merambela
مراميلو,Merabilo/Meramilo
مرانيلو,Merabilo/Meranilo
ميرابللا,Merabilo/Mirabella
مراجقين,Meracıkayn (?)
مرام,Meram
مرج,Merc
مراد,Merc (Murad (?))
مَرج مع شوبرةِ شِهاب,Merc maa Şubreti Şihab
مرج مع شوبره شهاب,Merc maa Şubreti Şihab (Şubreşihab)
مرج وغوطه,Merc ve Guta
مرج و غوطه,Merc ve Guta
مرج بنى عامر,Merc-i Beniamir
مرج غوطه,Merc-i Guta
مرجعيون,Merc-i Uyun
مرج عيون,Merc-i Uyun
نفس مرجعيون,Merc-i Uyun merkez
مرجعيون,Merc-i Uyun/Cedide
جديده,Merc-i Uyun/Cüdeyde
جديده,Merc-i Uyun/Cüdeyde
مريج,Merc/Meric
مرجان,Mercan
مرجين,Merceyn
مرجين و غوطه,Merceyn ve Guta
مرج القبلى و الشمالى,Mercülkıbli ve'ş-Şimali
مرج القبلى و الشمالي,Mercülkıbli ve'ş-Şimali
مرد,Merd
مردانغم,Merdangım
مردانقيم,Merdangım/Merdankım
مرديس,Merdis
كاخته مرديس,Merdis/Kahta Merdis
ميرديس,Merdis/Mirdis
ميرديسى,Merdis/Mirdisi
مرند,Merend
مركاوه,Mergava
مركه,Merge
مرگه مع نواحى و پژدر مع عشيرت منگور و مامِش و رمك,Merge maa Nevahi ve Pijder maa Aşiret-i Mengür ve Mamiş ve Remek
مركور,Mergevar
مركاوار,Mergevar
مَركَوَرْ,Mergevar
مركزر,Mergezer
مركوزر,Mergezer (Mergüzer)/Çemiçeto
مركوزه,Mergüze
مر كوزه,Mergüze
مرگوزه,Mergüze
مركوزه مع افشار,Mergüze maa Afşar
مرحيص,Merhis
مريج,Meriç
مريچ,Meriç
مريج,Meriç
مريسم (؟),Merisim (?)
مرقب,Merkab
مرقب,Merkab
قلعة المرقاب مع قدموس,Merkab maa Kadmus/Kaletülmerkab maa Kadmus
نفس مرقب,Merkab merkez
مرقب و بانياس,Merkab ve Banyas
مرقب و خوابه و زمرين,Merkab ve Havabi ve Zimrin
مرقب,Merkab/Banyas
مرمره,Merkab/Marmara
مرقب,Merkab/Ribat
ربط مرقب,Merkab/Ribat-ı Merkab
مركه,Merke
مركب,Merkeb
مركب,Merkeb
مرلر,Merler
اريقوزى,Merler/Erikozi
مرلار,Merler/Merlar
مرلنا,Merler/Merlena
مرلاره,Merler/Merlera
مرمر,Mermer
مرمرجك,Mermercik
مرمي,Mermi
مرونا,Merona
مره,Merre (?)
مرالظهران,Merrüzzahran
مرسين,Mersin
نفس مرسين,Mersin merkez
مرسوله,Mersula
مرزيفون,Merzifon
مرزيفون مع مرزيفون اباد,Merzifon maa Merzifonabad
مرزيفون مع مرزيفون آباد,Merzifon maa Merzifonabad
ارغومه,Merzifon/Argoma
مرزيفون آباد,Merzifonabad
مرزيفون اباد,Merzifonabad
مرزبان,Merzuban
مرزمان,Merzuban/Merzuman
مزدبان,Merzuban/Mezduban
مش,Mes (Meş (?))
مسا,Mesa
مه زا,Mesa/Meza
موله,Mesa/Mola
مسابلك,Mesablik
مساغره,Mesagra
مسالاشيت,Mesalaşit
مساريه,Mesarya
مَسَارْيَه,Mesarya
مساريه,Mesarya
مساليا,Mesarya/Meselya
مشاريه,Mesarya/Meşarye
مسجدلى,Mescidli
مسولى,Mesevli
مسورى,Mesevli/Mesevri
مسكن,Mesken
مسكنه,Meskene
مسكنه,Meskene/Menbic
مسكره,Meskere
مه سونيسى,Mesonisi
مساح,Messah
مسينه,Messina
مستا,Mesta
مسته,Mesta
مستانلى,Mestanlı
ماستانلى,Mestanlı/Koşukavak
مسعوديه,Mesudiye
مسور,Mesver
مشابيح,Meşabih
مشابه,Meşabih
ماشاب,Meşabih/Maşab
مشبيه,Meşabih/Meşebih
مشاريق جرّار,Meşarık-ı Cerrar
مشاريق جرار,Meşarık-ı Cerrar
مشارق جرار,Meşarık-ı Cerrar
مشاريق الجرار,Meşarık-ı Cerrar/Meşarıkulcerrar
مشارق نابلس,Meşarık-ı Nablus
مشاريق نابلوس,Meşarık-ı Nablus
مشاريق نابلس,Meşarık-ı Nablus
مشارق نابليس,Meşarık-ı Nablus
مشغره,Meşgara
مشغولورى,Meşgolori
مشهداباد,Meşhedabad
مشهد اباد,Meşhedabad
مشيم,Meşim
مشقوللى,Meşkullu
مشقللى,Meşkullu
مشغوللى,Meşkullu/Meşgullu
مشرأالرك,Meşreerrek
مشراء الرك,Meşreerrek
متاولۀِ جبّة المنيطره و هَرْمِل,Metavile-i Cübbetülmüneytara ve Hermel
متبرهن,Metberhin
متن,Meten
متنان,Metinan
متينان,Metinan
متسقوه,Metisfov
متن,Metn
متن,Metn
متن مع توابع,Metn (Meten) maa tevabi
نفس متن,Metn merkez
متن اعلا,Metn-i Ala
منع خاصّه,Metn-i Ala/Men-i Hassa
منع خاصه,Metn-i Ala/Men-i Hassa
متين,Metn/Miteyn
مه توحيا,Metohiya
متوپى,Metopi
متوپى,Metopi
مه طوب,Metopi/Metob
متوح,Metveh
مواضع,Mevazi
مواضع فراتيه,Mevazi-i Fıratiye
مواضع خاتون,Mevazi-i Hatun
مواضعحان,Mevazihan
مواضع حان,Mevazihan
مواضع خان,Mevazihan
لهسون,Mevkuf/Lehsun
ميادين,Meyadin
عشاره,Meyadin/Aşara
عشارا,Meyadin/Aşara
ميادين,Meyadin/Aşara
نفس عشاره,Meyadin/Aşara merkez
ميدان,Meydan
ميدى,Meydi
مزدغان,Mezdegan
مزهرك,Mezehrek
مزكرك,Mezehrek/Mezkerek
مزكدان,Mezgidan
مزواولود,Mezö Ölved
مزوكوشت,Mezököveşt
مزرعه,Mezraa
مزرعه,Mezraa
مزورى,Mezuri
مزورى و مزورئ بالا عشائرى,Mezuri ve Mezuri-i Bala Aşairi
مزورئ بالا,Mezuri-i Bala
موژرى ژيرى,Mezuri/Mujurijiri
مغيس,Mığıs
مقره,Mıkra
ميقرى ايلى,Mıkriili
مرالى,Mıralı
مصر,Mısır
مصرخديويتى,Mısır Hidiviyeti
محميۀ مصر,Mısır/Mahmiye-i Mısır
مصر قاهره,Mısır/Mısr-ı Kahire
مصر اصلى,Mısr-ı Asli
مصر سفلا,Mısr-ı Süfla
مصر عليا,Mısr-ı Ulya
مصر وسطى,Mısr-ı Vüsta
مصراطه,Mısrata
مِصْرَاطَه,Mısrata
ميعار,Miar
مدحتيه,Midhatiye
مدحتيه قلعه سى,Midhatiye Kalesi
ممدوحيه,Midhatiye/Memduhiye
مدللى,Midilli
مدللو,Midilli
مدلّلى,Midilli
مدللّو,Midilli
ميدلّلو,Midilli
مدلّلو,Midilli
مديلّلو,Midilli
مدللو,Midilli
مدللى,Midilli
مدلّلوُ,Midilli
مِدِلّلوُ,Midilli
مدللي,Midilli
مدللو مع اسكروس,Midilli maa İskiros
مدللو مع اسكروس,Midilli maa İşkire (İskiros)
مدللو مع يونده,Midilli maa Yunda
نفس مدللى,Midilli merkez
نفس مدللو,Midilli merkez
مدللى سنجاغى,Midilli Sancağı
جزيرۀ مدللو,Midilli/Cezire-i Midilli
جزيرۀ مدللى,Midilli/Cezire-i Midilli
جزيرۀ مدللّو,Midilli/Cezire-i Midilli
مدللى,Midilli/Lespos
مدللو,Midilli/Midillü
ميدو,Mido
فيدو,Mido/Fido
ييلان,Mido/Yılan
بيلان,Mido/Yılan (Bilan)
مديات,Midyat
مديه,Midye
نفس مديه,Midye merkez
مدينه,Midye/Medine
ميخائل,Mihail
محائل,Mihail
مخائل,Mihail
ميخالچه,Mihalçe
ميخال غازى,Mihalgazi
ميخاليچ,Mihaliç
ميخاليج,Mihaliç
مخالچ,Mihaliç
ميحاليج,Mihaliç
ميخاليچ,Mihaliç
ميخاليچ مع ناحيۀ سنجان,Mihaliç maa Nahiye-i Sincan
ميخاليچ مع سنجان,Mihaliç maa Sincan
قره جه بك,Mihaliç/Karacabey
ميخاليچ,Mihaliç/Susurlu
ميخالج جق,Mihaliçcık
ميخاليج جق,Mihaliçcık
ميخالججق,Mihaliçcık
ميخاليججق,Mihaliçcık
ميخالچجق,Mihaliçcık
ميخاليج چق,Mihaliçcık
ميخاليچجق,Mihaliçcık
ميحاليج جق,Mihaliçcık
ميخالجق,Mihaliçcık
ميخاليججق,Mihaliçcık
ميخاليجق,Mihaliçcık
ميخاليججق,Mihaliçcık/Asimihaliç
كلك ميخاليجى,Mihaliçcık/Killik Mihalici
كلك ميحاليجى,Mihaliçcık/Killik Mihalici
ميحاليججق,Mihaliçcık/Kuyucak
قويوجق,Mihaliçcık/Kuyucak
ميخاليج جق حصارى,Mihaliçcık/Mihaliççıkhisarı
ميخاليچ حصارى,Mihaliçcık/Mihaliçhisarı
ميحايلوه,Mihaylova
نفس ميحايلوه,Mihaylova merkez
ميخلو,Mihlo
محمادلر,Mihmadlar
مهماد السلام,Mihmadüsselam
مهد السلام,Mihmadüsselam/Mehdüsselam
مهماد سلام,Mihmadüsselam/Mihmad-ı Selam
ميحولچه,Miholiçe
ميحولجى,Miholiçe/Miholci
محراب,Mihrab
مهرانرود,Mihranerud
مهرانه رود,Mihranerud
مهراني,Mihrani
مهرانى,Mihrani
مِهراني,Mihrani
مِهرانى,Mihrani
محركان,Mihrikan
مهروان,Mihrivan
مهران,Mihrivan/Mihran
مهربان,Mihrivan/Mihriban
حضر نعلى,Mihrivefa/Hızırnalı
حضر نعللى,Mihrivefa/Hızırnallı
ميقۀ پرچ,Mika-i Perc
ميكائللو,Mikailli
ميكائللو عشيرتى,Mikailli Aşireti
ميقونوس,Mikonos
مكنوس,Mikonos
ميكنوس,Mikonos
ميقنوس,Mikonos
ميكنوس,Mikonos
مقنوس,Mikonos
مكنوس,Mikonos
بوكنه,Mikonos/Bukene
ميقونه,Mikonos/Mikona
ميقونى,Mikonos/Mikoni
ميقنوز,Mikonos/Mikonoz
مكنوز,Mikonos/Mikonoz
ميقرو,Mikro
كوجك باركير,Mikro/Küçükbargir
ماقرو,Mikro/Makro
مقرونيزى,Mikronizi
ميقروس,Mikros
ميقرو انزويوفاس,Mikros/Mikro Anzoyofas
ميلان,Milan
ميلاك,Milan
ميلان عشيرتى,Milan Aşireti
قستل ميلاپوتامو,Milapotamo/Kastel-i Milapotamo
ميلاس,Milas
ميلاث,Milas
ميلاص,Milas
حميديه,Milas/Hamidiye
حميديه,Milas/Hamidiye
مسعوديه,Milas/Mesudiye
مسعودي,Milas/Mesudiye
ميلاث,Milas/Milat
ميلاس,Milas/Peçin
ميلاوه,Milava
ملاوه,Milava
ملشوه,Mileşeva
ملاشوه,Mileşeva
ملوشوه و پودغرديه,Mileşeva (Miloşeva) ve Podgradya
ملوشوه,Mileşeva/Miloşeva
واروش قلعۀ ملشوه,Mileşeva/Podgradya/Varoş-ı Kale-i Mileşeva
ملح,Milh
ملحان,Milhan
مَليج مع فَشَه,Milic (Melic) maa Fişe
ميلج مع فشه,Milic maa Fişe
مليج,Miliç
ميللو,Milli
ميلى,Milli
ميللى,Milli
مللو,Milli
ميللو,Milli/Millü
ميلو,Milo
ميلوبولرمه,Milobolerme
ميلوپوطم,Milopotam
ميلاپوطم,Milopotam
جزيرۀ ميلاپوطمو,Milopotam/Cezire-i Milopotamo
ميلاپوتم,Milopotam/Milapotam
ميلاپوطم,Milopotam/Milapotam
ميلاپوطمو,Milopotam/Milapotamo
ميلاپوطامو,Milopotam/Milapotamo
ملاپوطامو,Milopotam/Milapotamo
ملاپوطمو,Milopotam/Milapotamo
ميلاپوتامو,Milopotam/Milapotamo
ميلا پوتامو,Milopotam/Milapotamo
مَيلاپوطمو,Milopotam/Milapotamo
ميلاپوطيم,Milopotam/Milapotim
ميلو بوطمه,Milopotam/Milobotama
ميلوپوطمو,Milopotam/Milopotamo
ميلوپوتاموس,Milopotam/Milopotamos
ملوان,Milvan
ملون,Milvan
مليانه,Milyana
بلبان,Milyana/Belban
مينا,Mina
منار,Minar
مناره لو,Minareli
مناره لو,Minareli
ميناس,Minas
مناس,Minas
مينه,Minas/Mine
منجره,Mincere
منجوان,Mincivan
مندان,Mindan
منطوال,Mindaval
مندوال,Mindaval
منطاوال,Mindaval
منداوال,Mindaval
منظوال,Mindaval/Manzaval
مرادى منطاول,Mindaval/Muradi Mindaval
مينورقا,Minorka
مينورقه,Minorka
مينورقه,Minorka
مينيه,Minye
منيه,Minye
مِنيه,Minye
مِنْيَه,Minye
منيه,Minye/Mineyn
ميراباد,Mirabad
مير عليان,Miraliyan
ميرانغو,Mirango
ميرار,Mirar
مغرغر,Mirar/Migragar
ميرال,Mirar/Miral
مير بدران (؟),Mirbedran (?)
مرديتا,Mirdita
ميرديته,Mirdita
مرديتا,Mirdita
ميرديد,Mirdita/Mirdid
مرديت,Mirdita/Mirdit
مروينا,Mirdita/Mirvina
ميرس,Mires
مير حاجلك مصر,Mirhaclık-ı Mısır
مير حاجلق مصر,Mirhaclık-ı Mısır
مير حاجلك طرابلس غرب,Mirhaclık-ı Trablusgarb
مرقلعه (؟),Mirkale (?)
ميرقود,Mirkud
ميرمنغا,Mirmanga
قرنجه اطه لرى,Mirmanga/Karınca Adaları
ميرِ محمدى,Mirmuhammedi
مير ناصر زريقي,Mirnasır-ı Ziriki
ميرسوله,Mirsula
ميرتوس,Mirtos
ميريه,Mirye/Veliköy
مير يوسفى,Miryusufi
مسيس,Misis
مسيس,Misis
مسيس و آياس مع برندى,Misis ve Ayas maa Berendi
دربند مسس,Misis/Derbend-i Misis
ميسورى,Misivri
مسورى,Misivri
مِسَوْري,Misivri/Misevri
مسويرى,Misivri/Misiviri
ميسوريه,Misivri/Misivriye
مُسَوْرى,Misivri/Müsevri
ميسك,Misk
ميسكه,Miske
مثلى,Misli
مثيلى,Misli/Misili
مسميه,Mismiye
ميشه,Mişe
ميشه جواخيد,Mişecevahid
ميشجواحيد,Mişecevahid
مشقان,Mişkan
مسجان,Mişkan/Miscan
مشقوفچه,Mişkofça
مشقوچه,Mişkofça/Mişkovce
مِيت قَمَر,Mitkamer
ميت,Mitkamer/Mit
ميتروپولى,Mitropoli
متروويچه,Mitroviçe
مترويچه,Mitroviçe
متروويچه,Mitroviçe
دمترويچه,Mitroviçe/Dimitroviçe
متروفچه,Mitroviçe/Mitrofça
متروفچه جق,Mitroviçe/Mitrofçacık
متروفجه جق,Mitroviçe/Mitrofçacık
بازار ديمتروفجه,Mitroviçe/Pazar-ı Dimitrofça
ميان دواب,Miyanduab
ميانه,Miyane
ميد,Miyed
ميت,Miyed/Miyet
ميزاك,Mizak
مزده,Mizde
مزستره,Mizistre
ميزستره,Mizistre
مزستره و مغالى مانى,Mizistre ve Megalimani
مزيزاخ,Mizizah
مداوه,Modava
موداوه,Modava
مودوه,Modava
مدوه,Modava
نفس موداوه,Modava merkez
مَدْوَه,Modava/Medve
مُدُوَه,Modava/Modova
مودى,Modi
موحى,Modi/Mohi
مودنيچه,Modoniçe
مودونيچه,Modoniçe
مدونيچه,Modoniçe
مودونچه و ليواديه,Modoniçe ve Livadiye
موندنيچه,Modoniçe/Mondoniçe
مودوش,Modoş
مودريچ,Modriç
مدوش,Moduş
موديون,Modyon
مغان,Mogan
محاچ,Mohaç
مهاچ,Mohaç
مهاج,Mohaç
مهاچ,Mohaç
ميهاج وشقلوش,Mohaç (Mihaç) ve Şikloş
مهاچ و برنوار,Mohaç ve Berenvar
محاچ و سكسار,Mohaç ve Seksar
مهاچ و سكسار,Mohaç ve Seksar
مهاج و شقلوش,Mohaç ve Şikloş
ميحاچ,Mohaç/Mihaç
ميهاج,Mohaç/Mihaç
سَكجُوىْ,Mohaç/Sekçuy
مهاج,Mohaç/Sekçuy
محاچ,Mohaç/Sekçuy
موقرى,Mokri
مولارى,Molari
قاطر,Molari/Katır
ملا فنارى,Mollafenari
منلا فنارى,Mollafenari/Monlafenari
ملا قاسم,Mollakasım
ملا كندى,Mollakendi
ملا كوى,Mollakendi/Mollaköy
ملا سليمان,Mollasüleyman
مولومولنچى,Molomolinçi
مولسقه,Moloska
مولوه,Molova
نفس مولوه,Molova merkez
جزيرۀ مولوه,Molova/Cezire-i Molova
قلعۀ مولوه,Molova/Kale-i Molova
موليوه,Molova/Molive
ملوچ,Moluç
موناستراكى,Monastraki
موندوز,Mondoz
موندروس,Mondros
موندروز,Mondros/Mondroz
مودروس,Mondros/Mudros
مونى,Moni
منلا جمعه,Monlacuma
منوشتور,Monoştor
مونوشتور,Monoştor
مناستر,Monoştor/Manastır
موره,Mora
موره,Mora
موُرَه,Mora
محصللق موره مع محافظلق انابولى,Mora (Muhassıllık-ı Mora) maa Muhafızlık-ı Anabolu
محصللق موره مع محافظلق قلعۀ انابولى,Mora (Muhassıllık-ı Mora) maa Muhafızlık-ı Kale-i Anabolu
موره اداس,Mora Adası
جزيرۀموره,Mora/Cezire-i Mora
جزيرۀ موره,Mora/Cezire-i Mora
مورق,Morak
موره لى,Moralı
موراوه,Morava
موروه,Morava
موروا,Morava
موراوه مع پرشتنه,Morava maa Priştine
موراوۀ بالا,Morava-i Bala
موروۀ رودنيك,Morava-i Rudnik
موروه رودنيك,Morava-i Rudnik
موره وه رودنيك,Morava-i Rudnik
موراوه رودنيك,Morava-i Rudnik
موروه,Morava-i Rudnik/Morava
رودنيك,Morava-i Rudnik/Rudnik
رودنيق,Morava-i Rudnik/Rudnik
وارونيك,Morava-i Rudnik/Rudnik (Varunik)
واروش رودنيك,Morava-i Rudnik/Varoş-ı Rudnik
موراوۀ زير,Morava-i Zir
موراوى,Morava/Moravi
مورويچه,Morava/Moroviçe
موراويچه,Moraviçe
مور طوغان,Mordoğan
مرضغان,Mordoğan/Murdigan
مرزغان,Mordoğan/Murzigan
موريخوه,Morihova
موريحوه,Morihova
مورحوه,Morihova
موريس,Moris
مورونك,Moronik
مورويك,Morovik
مرويك,Morovik
موره نك,Morovik/Moranik
موراويك,Morovik/Moravik
مورونك,Morovik/Moronik
مورونيك,Morovik/Moronik
موسقو,Mosko
موسقه,Mosko/Moska
موسقونيسى,Mosko/Moskonisi
موسقوپولو,Mosko/Moskopolo
پده موسقو,Mosko/Pedemosko
پره موسقو,Mosko/Premosko
مسقو,Moskov
موسلاوينه,Moslavine
موي اسلاوينه,Moslavine/Movislavine
مويسلاوينه,Moslavine/Movislavine
موستار,Mostar
مصتار,Mostar
موصتار,Mostar
نفس موستار,Mostar merkez
موستار و ناحيۀ غبله,Mostar ve Nahiye-i Gabele
بروكنه,Mostar/Brokine
مصتار,Mostar/Köprühisar
بازار موستار,Mostar/Pazar-ı Mostar
بازار موصتار,Mostar/Pazar-ı Mostar
پروكنه,Mostar/Prokine
موش,Moş
موشتل,Moştel
موطيچنه,Motiçine
موتيچنه,Motiçine
موتچنه ريقه,Motiçine/Motiçine Rika
متون,Moton
موتون,Moton
متون اده لرى,Moton Adaları
قلعۀ متون,Moton/Kale-i Moton
مويقواج,Moykovaç
مردلك,Mördülük
موريك,Mörik
مرقو,Mrako
مرقوولر اوته يقا,Mrakovlar-ı Öteyaka
معلقه,Muallaka
معارض,Muarız
مغرس,Muarız
معارض اطه لرى,Muarız Adaları
معارض,Muarız/Saroz
ساروز,Muarız/Saroz
موجور,Mucur
مجور,Mucur
مجوه,Mucur/Mucuh
موجي بابا,Muçibaba
موچى بابا,Muçibaba
مدانيه,Mudanya
ناحيه مع  مدانيه,Mudanya maa Nahiye/Nahiye maa Mudanya
مضيق,Mudık
قلعۀ مضيق,Mudık/Kale-i Mudık
مضيق قلعه,Mudık/Mudıkkale
قومى,Mudros/Komi
مدرنى,Mudurnu
مودرنى,Mudurnu
مدورنى,Mudurnu
مدرنى چهارشنبه,Mudurnu Çarşamba
چهارشنبه,Mudurnu Çarşamba/Çarşamba
چارشانبا,Mudurnu Çarşamba/Çarşamba
مغانجق,Mugancık
موغله,Muğla
مغله,Muğla
مغله بوزاويوك,Muğla Bozöyük
بوزاويوك,Muğla Bozöyük (Bozöyük)/Menteşe
بوزاويوك,Muğla Bozöyük/Bozöyük
بوز اويوك,Muğla Bozöyük/Bozöyük
بوز ايوك,Muğla Bozöyük/Bozöyük
بوز يوك,Muğla Bozöyük/Bozöyük
بوز اويك,Muğla Bozöyük/Bozöyük
بوزاويك,Muğla Bozöyük/Bozöyük
بوزايوك,Muğla Bozöyük/Bozöyük
نفس موغله,Muğla merkez
نفس مغله,Muğla merkez
مخا,Muha
مُخا,Muha
مهاجرين,Muhacirin
مهاجرين مسعوديه,Muhacirin-i Mesudiye
محمليه,Muhammeliye
ام الحمايل,Muhammeliye/Ümmülhamayil
محمره,Muhammere
محرق,Muharrak
محاوراق,Muharrak/Muhaverak
موحسن,Muhasan
محيرجه,Muhayrice
موهى,Muhi
محران,Muhran
مخران,Muhran
محتسب,Muhtesib
موخندى,Muhundu
مخش,Muhuş
مژاكه,Mujake
مژاكيه,Mujake
مژاكيه,Mujake/Mujakiye
مزاكيه,Mujake/Mujakiye
مزاكيه,Mujake/Muzakiye
مزاكيۀ كبير,Mujake/Muzakiye-i Kebir
مزكيه,Mujake/Müzakiye
رث مزاكيه,Mujake/Rismuzakiye
موعلاب,Mulab (?)
منيطره,Munaytıra
مونجوسون,Muncusun
موندوس,Mundos
مونظور,Munzur
موزور,Munzur/Muzur
مو زور,Munzur/Muzur
موراي صونباتهل,Mura-yı Sonbathel
مرابطين,Murabıtayn
مراديه,Muradiye
اردو,Muradiye/Ordu
اوردى,Muradiye/Ordu
مراد قولى,Muradkulu
مرادلى,Muradlı
مرأتلى,Muradlı/Muratlı
مراد صويي,Muradsuyu
موراق,Murak
مره,Murak/Merre
موراقه,Murak/Muraka
موران,Muran
قلعۀ موران,Muran/Kale-i Muran
مرأت,Murat
مورش,Mureş
موريش,Mureş/Muriş
موروش,Mureş/Muroş
مورغول,Murgul
مورنس,Murnis
مورسى,Murosi
مورت,Murt
مورطنه,Murtana
آق صو,Murtana/Aksu
مورطنه,Murtana/Aşiret-i Kürd
كورد,Murtana/Kürd
مورطنه,Murtana/Kürdaşireti
كورت,Murtana/Kürt
مرتار,Murtar
مرتاضى اباد,Murtazaabad
مرتضى اباد,Murtazaabad
مرتضى آباد,Murtazaabad
مرتضى آباد,Murtazaabad
مرتضى آباد,Murtazaabad
مرتضى اباد مع ناحيۀ استانوس,Murtazaabad maa Nahiye-i İstanos
مرتد اوا,Murtazaabad/Mürtedova
مورتو,Murto
مرزوق,Murzuk
مرزق,Murzuk
موس بكلو,Musabeyli
موسبكلو,Musabeyli
موسى بكلى,Musabeyli
موسى بكلو,Musabeyli
موسا بگلو,Musabeyli/Musabeğlü
مُسَلّطه,Musallata
مسلّطه,Musallata
موسلو,Muslu
مو سيلي,Muslu/Musılı
موصلق,Musluk
موسمارى,Musmari
ام سماري,Musmari/Ümm-i Simari
مصطفي بك,Mustafabey
مصطفى چلبى,Mustafaçelebi/Onos
مصطفالى,Mustafalı
مصطفى پاشا,Mustafapaşa
مصطفى پاشا,Mustafapaşa
جسر مصطفى پاشا,Mustafapaşa/Cisr-i  Mustafapaşa
جسر مصطفى پاشا,Mustafapaşa/Cisr-i Mustafapaşa
مصطفى صوفيلر,Mustafasofular
موصل,Musul
مُوصُل,Musul
موصل و نواحئ شيك و باجوان و بوط و مقلوب و كيگلان و قائدى و دنادى و مندان و حمام على,Musul maa nevahi-i Şiyik ve Bacıvan ve But ve Maklub ve Giglan ve Kaidi ve Dinadi ve Mindan ve Hammam-ı Ali
نفس موصل,Musul merkez
موصل عتيق و جديد,Musul-ı Atik ve Cedid
موصل عتيق و جديد,Musul-i Atik ve Cedid
موصون,Musun
موش,Muş
موش مع موطلو و خيطه و ابتر,Muş maa Mutki (Mutlu) Hayta (?) ve Ester (?) (Ebter)
نفس موش,Muş merkez
مشار,Muşar
هيوك,Muşar/Höyük
موشار,Muşar/Höyük
موط,Mut
موت,Mut
مود مع سنانلى,Mut (Mud) maa Sinanlı
مود و سنانلو,Mut (Mud) ve Sinanlı
مود,Mut/Mud
موطكى,Mutki
موطكى,Mutki/Korsuvak
كورسواك,Mutki/Korsuvak
موطاكى,Mutki/Mutaki
موطيكى,Mutki/Mutıki
موطيكى,Mutki/Mutıki
نفس موطيكى,Mutki/Mutıki merkez
موطلى,Mutki/Mutlu
موطمور,Mutmur
مطمور,Mutmur
مويا,Muya
كوجك ژوره,Muya/Küçükjura
ذوره,Muya/Zura
موزع,Muza
مزيرعه,Muzayraa
مزيرعه,Muzayraa
مزرعه,Muzayraa/Mezraa
مبارك كرمان,Mübarekkirman
مبرز,Müberrez
مبررز,Müberrez
مجيد,Mücid
مدور,Müdür
مكس,Müküs
بكس,Müküs/Büküs
مَكَس,Müküs/Mekes
مكس,Müküs/Müks
مليحه,Müleyha
ملك شهسوار,Mülkşehsuvar
منيقه,Müneyka
مُنَيْقَه,Müneyka
منيقه,Müneyka
مُنَيْقَه,Müneyka/Saramita
منيقه,Müneyka/Saramita
منتفك,Müntefik
منتفق,Müntefik
نفس نا صريه,Müntefik (Nasıriye) merkez
منتفك,Müntefik/Nasıriye
نا صريه,Müntefik/Nasıriye
مرفته,Mürefte
مرفته,Mürefte
مرفته,Mürefte
نفس مرفته,Mürefte merkez
مرس قولى,Mürskulu
مُرْسقُولي,Mürskulu
مرتد,Mürted
مسلمان ايدين,Müselleman-ı Aydın
مسلمان ايدين و صاروخان وقراسى و منتشا و سلطان اوكى و حداوندكار,Müselleman-ı Aydın ve Saruhan ve Karesi (Karasi) ve Menteşe ve Sultanönü ve Hüdavendigar
مسلمان ايدين و صاروخان و منتشا و قره سي و بيغا و حداوندكار و قوجه ايلي و سلطان اوكي,Müselleman-ı Aydın ve Saruhan ve Menteşe ve Karesi ve Biga ve Hüdavendigar ve Kocaeli ve Sultanönü
مسلمان بولى,Müselleman-ı Bolu
مسلمان بولي و قسطموني و انقره و كانقري,Müselleman-ı Bolu ve Kastamonu ve Ankara ve Kengırı
مسلمان بولى و قسطمونى و انقره و كانقرى,Müselleman-ı Bolu ve Kastamonu ve Ankara ve Kengırı (Kankırı)
مسلمان قرق كليسا,Müselleman-ı Kırkkilise
مسلمان قزلجه,Müselleman-ı Kızılca
مسلمان قزيلجه,Müselleman-ı Kızılca
قزلجه,Müselleman-ı Kızılca/Kızılca
قزيلجه,Müselleman-ı Kızılca/Kızılca
مسلمان كوتاهيه,Müselleman-ı Kütahya
مسلمان كوتاهيه و قره حصار و حميد,Müselleman-ı Kütahya ve Karahisar-ı Sahib (Karahisar) ve Hamid
مسلمان كوتاهيه و قره حصار صاحب و حميد,Müselleman-ı Kütahya ve Karahisar-ı Sahib ve Hamid
مسلمان تكه و علائيه,Müselleman-ı Teke ve Alaiye
مسلمان تكه و منوغات,Müselleman-ı Teke ve Manavgat
مسمّعيه,Müsemmaiye (?)
قلعۀ مسمّعيه,Müsemmaiye/Kale-i Müsemmaiye (?)
مسيفره,Müseyfere
ميفره,Müseyfere/Meyfere
مسيب,Müseyyib
مُسَيّبْ,Müseyyib
مستجاب,Müstecab
مستجب,Müstecab
اووه مستجب,Müstecab/Ova-i Müstecab
مسترلمه,Müsterlime
مشيرات,Müşeyrat
مزاحمتين مع سالمتين,Müzahimeteyn ve Salimeteyn
مزيريب,Müzeyrib
ناباجر,Nabacir
نابوجير,Nabacir/Nabucir
نابلس,Nablus
نابلوس,Nablus
نابلس,Nablus
نابلس مع جنين,Nablus maa Cenin
نفس نابلس,Nablus merkez
نابلس و صفد,Nablus ve Safed
نابيوه فرور,Nabyuh Ferur
ناجه,Nace
نداژد,Nadajd
ناداژ,Nadajd/Nadaj
نداژ,Nadajd/Nadaj
ناداز,Nadajd/Nadaz
ناداودوار,Nadavdavar
نادين,Nadin
نادين,Nadin
ناذين,Nadin/Nazin
نادر,Nadir
نادره,Nadire
نادرلو,Nadirli
نادرلو,Nadirli
ناك باطور,Nagibator
ناك طور,Nagibator/Nagitor
ناك فالوه,Nagifalva
ناك حارشان,Nagiharşan
ناك هداش,Nagihedaş
ناك هيچ,Nagihiç
ناك قالوه,Nagikallova
ناك قارول حايدوساق,Nagikarol-i Haydusak
ناك ماكوق,Nagimagok
ناك اروس فالو,Nagiorosfalu
ناك اوروس فالو,Nagiorosfalu
ناك اوروس فالونه,Nagiorosfalu/Nagorosfaluna
ناك شارلو,Nagişarlo
ناڭ شارلو,Nagişarlo
ناك طاليه,Nagitalya
ناك طوبوجان,Nagitopocan
ناك طوبوچان,Nagitopoçan
ناك طوبوجان,Nagitopoçan/Nagtopocan
ناك طورنه,Nagiturna
ناك وك,Nagivek
ناغلو,Nağlu
اناغلو,Nağlu/İnağlu
ياغلو,Nağlu/Yağlı
نغره,Nağra
ناحه لك,Nahalek
نهيلج,Nahalek/Nahilic
ناهلچ,Nahalek/Nahilic
نحجوان,Nahcıvan
نخيله,Nahile
نَخِيلَه,Nahile
نَخُيلَه,Nahile
بَخِيله,Nahile/Bahile
ناحيۀ وادى,Nahiye-i Vadi
ناحيۀ زير و بالا و عشيرت حجيانلو انقره,Nahiye-i Zir ve Bala ve Aşiret-i Hacıyanlı-i  Ankara
نخل,Nahl
نخلين,Nahleyn
ناخزير,Nahzır
نائب,Naib
نائبلو,Naibli
نائبلى,Naibli
نائبلو مع سيس اورته,Naibli maa Sisorta
نايبلو,Naibli/Nayibli
نقيب الاشرافلق,Nakibüleşraflık
نقول,Nakol
ناقشه,Nakşa
نقشه,Nakşa
نقشا,Nakşa
نَقْشه,Nakşa
نقشه و برّه,Nakşa ve Barre
نَقْشه بره,Nakşa ve Barre/Nakşa-Barre
نقشه برّه,Nakşa ve Barre/Nakşa-Barre
نقشه بره,Nakşa ve Barre/Nakşa-Barre
نقشه باره,Nakşa ve Barre/Nakşa-Barre
نقشه بارّه,Nakşa ve Barre/Nakşa-Barre
قلعۀ نقشه,Nakşa/Kale-i Nakşa
ناقسو,Nakşa/Nakso
نقشه,Nakşa/Nakso
ناقسوس,Nakşa/Naksos
نقشوس,Nakşa/Nakşos
نعلبند,Nalband
نالكز,Nalgez
نعللو,Nallı
نعللو عشيرتى,Nallı/Nallu Aşireti
نعللو خان,Nallıhan
نعللوخان,Nallıhan
نالوت,Nalut
نامان,Naman
نماران,Naman/Namaran
نمازكاه,Namazgah
نمران,Namran
نمرون,Namrun
نامرون,Namrun
نمرون,Namrun
ناناس,Nanas
نار,Nar
نارده,Narda
نارده,Narda
نارده دكزي,Narda Denizi
نارده مع حواص عايشه سلطان,Narda maa Havass-ı Ayşe Sultan
نارته مع خاص,Narda maa Havass-ı Ayşe Sultan/Narta maa Has
نارده مع نواحى,Narda maa Nevahi
نارهد,Narhid
نارهيد,Narhid
كارهيد,Narhid/Karhid
ناريك,Narik
نصارا,Nasara
ناصره,Nasıra
ناصرى,Nasıra
ناصره,Nasıra
ناصره و شفاعمر,Nasıra ve Şifaamr
نصيرالدين بجاغى,Nasırüddinbucağı
نصيب,Nasib
ناسليج,Nasliç
ناسلج,Nasliç
ناسليچ,Nasliç
نفس ناسليج,Nasliç merkez
ناسيليج,Nasliç/Nasiliç
ناشجقى,Naşicka
ناشچقه مع ازغون,Naşicka (Naşiçka) maa Izgon
ناشچقه,Naşicka/Naşiçka
ناشيچقه,Naşicka/Naşiçka
ناتا,Nata
ناطه,Nata
ناتيه,Natiye
ناؤسا,Nausa
نوامه (؟),Navama (?)
ناوسه,Navise
نازك,Nazik
نازللى,Nazilli
نازلو,Nazilli
نازللى قيوجق,Nazilli Kuyucak
قيوجق,Nazilli Kuyucak/Kuyucak
نفس نازللى,Nazilli merkez
كستل,Nazilli/Kestel
نازللو,Nazilli/Kestel
نَضْرين,Nazrin
نَضْرِين مع توابع,Nazrin maa Tevabi
نعم,Neam
نبك,Nebek
نبك,Nebek
نبروه,Neberuh
نَبْرُوه,Neberuh/Nebruh
نجف,Necef
نجف,Necef
مشهد على,Necef/Meşhed-i Ali
مشهد شريف,Necef/Meşhed-i Şerif
مشهد شريف حضرت امام على,Necef/Meşhed-i Şerif-i Hazret-i İmam Ali
نجف اشرف,Necef/Necef-i Eşref
نجفِ اشرف,Necef/Necef-i Eşref
نجد,Necid
نجد,Necid
نجد عربانى,Necid Urbanı
نجران,Necran
نجواى,Necvay
نجوى,Necvay
نجوا,Necvay/Necva
نچون,Neçven
واروش قلعۀ نچون,Neçven/Varoş-ı Kale-i Neçven
نهيلى,Nehili
نهم,Nehm
نهرالمه,Nehr-i Alma
نهر عنتر,Nehr-i Anter
نهر بشترك,Nehr-i Beşterek
نهر جديد شريف سلطان سليمان,Nehr-i Cedid-i Şerif-i Sultan Süleyman
نهر قبارطى,Nehr-i Kabartay
قبارطى,Nehr-i Kabartay/Kabartay
تات ايلى,Nehr-i Kabartay/Tatili
نهر شاه,Nehr-i Şah
نهر طاشلى,Nehr-i Taşlı
نهر تيسه,Nehr-i Tisa
نهر زاويه,Nehr-i Zaviye
زاويه,Nehr-i Zaviye/Zaviye
زويه,Nehr-i Zaviye/Zaviye
نَهْرَوان,Nehrevan
نهرى,Nehri
نهرى,Nehri/Nera
نهرالجوز,Nehrülcevz
نهر الاسود,Nehrülesved
نهر الكاظميه,Nehrülkazımiye
نهر الكبير,Nehrülkebir
نهر الكب,Nehrülkelb
نهر الكلب,Nehrülkelb
نهر المنقطع,Nehrülmunkatı
نمچه,Nemçe
نمجه,Nemçe
نلچه,Nemçe (Nelçe )
نفس نمچه,Nemçe merkez
نمچه ولايتي,Nemçe Vilayeti
قلعۀ نمچه,Nemçe/Kale-i Nemçe
نمتين,Nemetin
نمتن,Nemetin
نمرود,Nemrud
نناوشته,Nenavişte
ننته,Nenite
ننيته,Nenite
نره,Nera
نه را,Nera
نرا,Nera
نه دا,Nera/Neda
نرادين,Neradin
نه رتوه,Neretva
نرتوه,Neretva
نرتوه مع  قونيچه,Neretva maa Koniçe
نركله,Nergele
نركه له,Nergele
نركس,Nergis
نريب,Nerib
نريمان,Neriman
نرونيسى,Neronisi
نرونيس,Neronisi/Neronis
نه رونيزى,Neronisi/Neronizi
نرونيزى,Neronisi/Neronizi
نيرونيسى,Neronisi/Nironisi
نسترام,Nestram
نشنود,Neşnud
نشنوط,Neşnud
نشوه,Neşve
نوا,Neva
نوى,Neva
جيدور,Neva/Cidur
جدور / الجدور,Neva/Cidur
نواحئ بارچنلو,Nevahi-i Barçınlı
نواحئ بارچينلو,Nevahi-i Barçınlı
نواحئ بارچنلى,Nevahi-i Barçınlı
نواحئ بارچينلى,Nevahi-i Barçınlı
نواحى بارجنلو,Nevahi-i Barçınlı
نواحئ بارچين,Nevahi-i Barçınlı/Nevahi-i Barçın
وزيرخانى,Nevahi-i Barçınlı/Vezirhanı
نواحئ برغمه,Nevahi-i Bergama
نواحى برغمه,Nevahi-i Bergama
نواحئ اربعه,Nevahi-i Erbaa
نواحئ ارمناك,Nevahi-i Ermenek
آرمناك,Nevahi-i Ermenek (Armanak)/Nevahi
نواحى,Nevahi-i Ermenek/Nevahi
نواحئ فيوم,Nevahi-i Feyyum
ن واحئ فَيُّوم,Nevahi-i Feyyum
نواحئ خمسه,Nevahi-i Hamse
نواحئ نابلس,Nevahi-i Nablus
نواحئ پاولى,Nevahi-i Pavlu
نواحئ يانبولى,Nevahi-i Yanbolu
نواحئ  يانبولى,Nevahi-i Yanbolu
نواحى يانبولى,Nevahi-i Yanbolu
نواصره,Nevasıra
نواصره مع قرداحا,Nevasıra maa Kardaha
نواصره مع  قرداحه,Nevasıra maa Kardaha
نوسقه,Nevaska
نوه سنه,Nevesine
نوه سينه,Nevesine
نوه سين و تتمۀ فوچه,Nevesine (Nevesin) ve Tetimme-i Foça
نوه سين,Nevesine/Nevesin
نوه سن,Nevesine/Nevesin
بازار صوپوت,Nevesine/Pazar-ı Sopot
نوره قوب,Nevrekob
نور قوب,Nevrekob
نورقوب,Nevrekob
نوره قوم,Nevrekob/Nevrekom
نوروقوب,Nevrekob/Nevrokob
نوشهر,Nevşehir
نو شهر,Nevşehir
نوشهر مع اركوب,Nevşehir maa Ürgüb
نوشهر مع اوركوب,Nevşehir maa Ürgüb
نوشهرى,Nevşehir/Nevşehri
نوتيلاز,Nevtilaz
نزكيب,Nezgib
نيف,Nif
كمال پاشا,Nif/Kemalpaşa
نغوقاز,Nigokaz
نكريطه,Nigrita
نيكريتا,Nigrita
نيكريطه,Nigrita
نكريته,Nigrita
نيكبولى,Niğbolu
نيگبولى,Niğbolu
نيكبولي,Niğbolu
نكبولى,Niğbolu
نيكده,Niğde
نيگده,Niğde
نكده,Niğde
نفس نيكده,Niğde merkez
نهاوند,Nihavend
نيكشان,Nikişan
نكيه,Nikiye
نيكا,Nikiye/Nika
نيكلى,Nikli
نقوديم,Nikodim
نيقوديم,Nikodim
نيغوتين,Nikodim/Nigotin
نيقولائوس,Nikolaos
نيكسار,Niksar
نكسار,Niksar
لاديق,Niksar Ladik/Ladik
لا ديق,Niksar Ladik/Ladik
نيكسار لاديق,Niksar Ladik/Ladik
نيكسا,Niksar/Niksa
نيقسيج,Niksiç
نكشيك,Nikşik
نقشيك,Nikşik
نقشك,Nikşik
غرادچانيچه,Nikşik (Nikşikler)/Gradçaniçe
تفشنيك,Nikşik (Tefeşnik)/Onogoşta
نكشك,Nikşik/Gradçaniçe
غراچانچه,Nikşik/Gradçaniçe (Graçaniçe)
نكشكلر,Nikşik/Nikşikler
نقشينك,Nikşik/Nikşinik
اونوغوشته,Nikşik/Onogoşta
اونوغوشت,Nikşik/Onogoşta (Onogoşt)
نيكوريا,Nikuriya
نكزوان,Nikzevan
نيل,Nil
تيل طاوى,Nil (Tiltavi (?))
نيل صوىي,Nil Suyu
نعلين,Nilin
نلقاز,Nilkaz
نيلوفر,Nilüfer
نيمبروس,Nimbros
نبروز,Nimbros/Nibroz
نعمت بانه ناكه,Nimet Bananagi
نعمت باقه ناكه,Nimet Bananagi
نيمت سودين,Nimet Svodin
نعمت سودين,Nimet Svodin
نيموس,Nimos
نه موس,Nimos/Nemos
نيپورى,Nipori
نيروه,Nirve
نروه,Nirve
نيس,Nis
نيساقى,Nisakı
نسى پوله,Nisipole
نيسومى,Nisomi
نيش,Niş
نش,Niş
نيش,Niş maa İsferlik
نشاوه,Nişava
نتره,Nitra
نيو,Niv
نفس نيو,Niv merkez
نويجه,Nivice
نيابت فرموده,Niyabet-i Fermude
نيابت كاريش احتيار,Niyabet-i Gariş İhtiyar
نيالسقور,Niyaliskur
نيامج مع پياتره,Niyamiç maa Piyatra
نياندرو,Niyandoro
نياندورو,Niyandoro
نيو,Niyo
اينوز,Niyo/İnöz
اينوز,Niyo/İnöz
اينيوز,Niyo/İnyöz
نيوس,Niyo/Niyos
نيونه,Niyona
نيونا,Niyona
نزار,Nizar
نزيب,Nizib
نزب,Nizib
نيزيب مع بايشته,Nizib maa Barişa (Bayişte)
تبرين,Nizib/Tebrin
نوكاي,Nogay (?)
نوكريچه,Nogoriçe
نحودلى,Nohudlu
نورا,Nora
نوردوز,Norduz
نوردوز مع شيوه له,Norduz maa Şivelan (Şivele)
معمورة الرشاد,Norduz/Mamuretürreşad
نوردوز,Norduz/Mamuretürreşad
نوردوز,Norduz/Şivelan
نوركاه,Norgah
نوركوح,Norkoh
نوركوخ,Norkoh
نوطيه,Notiye
نوُوْسوُندْلاَند,Nov Sondland
نووه,Nova
نوه,Nova
بقيه نوه مع دربند كبير,Nova (Bakiye-i Nova) maa Derbend-i Kebir
نوه برده,Novabırda
نوابرده,Novabırda
نوابرى,Novabırda
نوا برده,Novabırda
نوه برده,Novabırda/Gilan
نوابرى,Novabırda/Novabrı
نوه بورده,Novabırda/Novaburda
نواج,Novaç (?)
نوه سلقه,Novaselka
نوه سل,Novasil
نوسل,Novasil
نوه سيل,Novasil
نوه سل مع  كلوچ,Novasil maa  Kluç
نوآباد,Novasil/Nevabad
نوآباد,Novasil/Nevabad
نوه شناوه,Novaşinava
نوى,Novi
نوى بلغراد [و] واچ,Novi Belgrad [ve] Vaç
واروش قلعۀ نفس نوى,Novi Kalesi Varoşu
قلعۀ نوى,Novi/Kale-i Novi
نوى غراد,Novigrad
نويغراد,Novigrad
نُوِيغرَادْ,Novigrad
نوغراد,Novigrad
نوي غراد,Novigrad
نوغراد,Novigrad/Novgrad
نوي اغراد,Novigrad/Novi Agrad
نُوى بلْغراد,Novigrad/Novibelgrad
نوين,Novin
نووين,Novin
نوين,Novin
نوى,Novin/Novi
نووى,Novin/Novi
نقرۀ بنى اسد,Nukra-i Beniesed
نعمان,Numan
نعمانيه,Numaniye
نورالدين,Nureddin
نور الدين,Nureddin
نورحق,Nurhak
نورحق و چوماق بازارى,Nurhak ve Çomakpazarı
نورحق و چوماق بازارى و نركله,Nurhak ve Çomakpazarı ve Nergele
نصيبين,Nusaybin
نصايبين,Nusaybin
نصيبن,Nusaybin
نصبين,Nusaybin
نفس نصايبين,Nusaybin merkez
نصبن,Nusaybin/Nısıbin
نصبين,Nusaybin/Nısıbin
نصرتيه,Nusretiye
نصرت كرمان,Nusretkirman
نوطياق,Nutyak
نوتياق,Nutyak
نودياق,Nutyak/Nudyak
نكوجك,Nügücük
نوكوجك,Nügücük
نوكوچك,Nügücük
اوبا بازارى,Obapazarı
اوبه بازارى,Obapazarı
اوبا,Obapazarı/Oba
اوبچه,Obiçe
بازار اوبيچه,Obiçe/Pazar-ı Obiçe
اوبورجان,Oborçan
اوبورچان,Oborçan
ابوط,Obot
اوبروجه,Obrovçe
اوبروچه,Obrovçe
ابروجۀ عتيق,Obrovçe-i Atik
اوبروجۀ عتيق,Obrovçe-i Atik
اوبروجۀ عتيق وجديد,Obrovçe-i Atik ve Cedid
واروش اوبروجۀ عتيق,Obrovçe-i Atik/Varoş-ı Obrovçe-i Atik
اوبروچۀ جديد,Obrovçe-i Cedid
اوبروجۀ جديد,Obrovçe-i Cedid
اوبروجۀ جديد و عتيق,Obrovçe-i Cedid ve Atik
قلعۀ اوبروجۀ جديد وعتيق,Obrovçe-i Cedid ve Atik/Kale-i Obrovçe-i Cedid ve Atik
قلعۀ اوپروچۀ جديد وعتيق,Obrovçe-i Cedid ve Atik/Kale-i Obrovçe-i Cedid ve Atik
اوبروفجه,Obrovçe/Obrofça
اوبروج,Obrovçe/Obrovac
اوبرواج,Obrovçe/Obrovaç
واروش اوبروجه,Obrovçe/Varoş-ı Obrovçe
اوبودوار,Obudavar
اوبودوواچ,Obudovaç
اوبياست,Obyast
اوبيست,Obyast
اوف,Of
اوفچه,Ofça
اوفريس,Ofris
اوكوست,Ogüst
اوغلاق,Oğlak
اوغلاق,Oğlak/Sentcorciyo
اوغنويد,Oğnavid
اوغنوط,Oğnut
كوينك,Oğnut/Göynük
گوينكلر,Oğnut/Göynükler
كوينكلر,Oğnut/Göynükler
كوينكلر,Oğnut/Göynükler (?)
اوغوز,Oğuz
اوخى,Ohi
اوحى,Ohi
اوهود,Ohod
اخرى,Ohri
اوخرى,Ohri
اوخرى,Ohri
اوحرى,Ohri
اوخري,Ohri
اوُخْرى,Ohri
اوحري,Ohri
اوخرى مع اسباط,Ohri maa İşpat (İsbat)
نفس اوخرى,Ohri merkez
كول اوحرى,Ohri/Göl-i Ohri
اوخرى,Ohri/Ohrida
اوخطاب,Ohtab
اوحتورم,Ohtorum
اوقام,Okam
اوقبانت,Okbanet
اوقچى ايلى,Okçuili
اوكندره,Okendira
اوشاندر,Okendira/Oşandar
اوقسا,Oksa
اوقسيا,Oksiya
بيگ دمور,Oksiya/Beydemür
اوقشا,Oksiya/Okşa
اوقتونيا,Oktonya
اوقطونيا,Oktonya
بكجى اطه لرى,Oktonya/Bekçi Adaları
اوقيانوس,Okyanus
اووتدير,Okyanus/Ovitdir
اوليمپ,Olimp/Trodos
اوليمپوس,Olimpos
المبوس,Olimpos
اوليور,Olivir
اوليوره,Olivir (Olivire)/Karacaovası
اوليوره,Olivir/Olivire
اولوپتري,Olopetri
اولوه,Olova
اولوه مع برچه,Olova maa Birçe
اولوه و كنزين و برچه,Olova ve Knezin ve Birçe
اولوفجه,Olova/Olofça
بازار اولوفجه,Olova/Pazar-ı Olofça
واروش بازار الووه,Olova/Varoş-ı Pazar-ı Olova
اولپر,Olpar
اولتانيچه,Oltaniçe
اولتو,Olto
اولتى,Oltu
اولتي,Oltu
اولطى,Oltu
اولتى مع مباورى,Oltu maa Mapavri
اولور,Olur/Tavusker
اومول,Omol
امول,Omol
امورفو,Omorfo
اُموُرْفو,Omorfo
اومورفو,Omorfo
اومورفه,Omorfo
مورفو,Omorfo/Morfo
اومور,Omorfo/Omor
امورف,Omorfo/Omorf
امورفه,Omorfo/Omorfa
اومورفه,Omorfo/Omorfa
اومورفه,Omorfo/Omorfa
امورفي,Omorfo/Omorfi
اومورغه,Omorfo/Omorga
اونود,Onod
اوپار,Opar
اوپر,Opar
اوبار,Opar
اوپاروپترمژاك,Opar ve Petremjak
كوريجه اوپار,Opar/Görice Opar
اپوليه,Opolye
اوپوليه,Opolye
اوبوله,Opolye/Opole
اوبونجه,Oponiçe/Apon
اور,Or
فرحكرمان,Or
اور,Or
فرحكرمان,Or/Ferahkirman
شاه كرمان,Or/Şahkirman
اوراحوه,Orahova
اوراحويچه,Orahoviçe
اوراحويجه,Orahoviçe
اورحويجه,Orahoviçe
اوراهويچه,Orahoviçe
راحويچه,Orahoviçe/Rahoviçe
اوراق,Orak
اوراق,Orak
اوراق اوغلى,Orakoğlu
قبيلۀ اوراق اوغلى,Orakoğlu/Kabile-i Orakoğlu
اورامار,Oramar
اورمان دوسكى جلوى عليا و سفلا,"Oramar (Orman), Doski, Cilo-yı Ulya ve Süfla"
اورمار و دوسكى,"Oramar ve Doski/Cilo-i Ulya
Cilo-i Süfla"
اورمارى,Oramar/Oramari
اوران,Oran
اوراشيه,Oraşye
اوره و,Orav
اورچول,Orçul
اورچول كماح,Orçul/Orçul-ı Kemah
اردو,Ordu
اوردو,Ordu
اوردى,Ordu
اردو مع بيراملو و بولانجق,Ordu maa Bayramlı ve Akköy (Bulancak)
نفس اوردى,Ordu merkez
اولو بگ و ابو الخير مع نواحئ پنجشنبه و بوجان و يعقوب بگ,Ordu Ulubey Ebulhayr maa Nevahi-i Perşenbe  ve Bucak ve Yakubbey/Ulubey ve Ebulhayr maa Nevahi-i Pençşenbe ve Bucan ve Yakubbey
اولوبك  مع  حبسمانه,Ordu Ulubey maa Habsamana/Ulubey maa Habsamana
اولوبك مع  حبسمانه,Ordu Ulubey maa Habsamana/Ulubey maa Habsamana
اولوبك مع  حپسمانه,Ordu Ulubey maa Habsamana/Ulubey maa Hapsamana
اولو بك مع اوزغره,Ordu Ulubey maa Oskara/Ulubey maa Ozgara
اولو بك,Ordu Ulubey/Ulubey
اولوبك,Ordu Ulubey/Ulubey
الوبك,Ordu Ulubey/Ulubey
اولوبيك,Ordu Ulubey/Ulubey
اردوى بيراملو,Ordu-yı Bayramlı
اردوى همايون,Ordu-yı Hümayun
بيراملو,Ordu/Bayramlı
اردو,Ordu/Bayramlı
بوجاق,Ordu/Bucak
بجاق,Ordu/Bucak
جانيك بيرام,Ordu/Canik-i Bayram
جانيت بيرام,Ordu/Canit-i Bayram
جانيت بيراملى,Ordu/Canit-i Bayramlı
اردو بيراملى,Ordu/Ordu Bayramlı
اردوى بيراملو,Ordu/Ordu-yı Bayramlı
اردو بيراملى,Ordu/Ordu-yı Bayramlı
اوردى بايراملو,Ordu/Ordu-yı Bayramlı
اوردوباد,Ordubad
اوردباد,Ordubad
اوردووار,Ordubad/Orduvar
اورفانو,Orfano
اورفان,Orfano/Orfan
روفانى,Orfano/Rofani
اوركان,Organ (?)
اورخانيه,Orhaniye
سامونجيوو,Orhaniye/Samonciyevo
اورخانلر,Orhanlar
اورلاوه,Orlava
اورلاوسقه,Orlaviska
اورمان,Orman
اورمانه,Ormana
اوروش,Oroş
اوروش,Oroş
اوروز,Oroz
اورته,Orta
اورته جه,Ortaca
اورته چونقار,Ortaçongar/Ortaçonkar
اورته چونغار,Ortaçongar/Ortaçonkar
اورطه جونغر,Ortaçongar/Ortaçonkar
اورته چونغر,Ortaçongar/Ortaçonkar
اورته جونغر,Ortaçongar/Ortaçonkar
اورته ايل,Ortail
اورته ايل كماخ,Ortail/Ortail-i Kemah
اورته ايل كماح,Ortail/Ortail-i Kemah
اورتا قيه (؟),Ortakaya (?)
اورتاقجى,Ortakçı
او رتاقجى,Ortakçı/Kuyucak
اورتاقجى,Ortakçı/Kuyucak
قيوجق,Ortakçı/Kuyucak
اورته كرش,Ortakerş
اورته كرج,Ortakerş/Ortakerç
اورتاقلر,Ortaklar
اورته قول,Ortakol
اورته كوى,Ortaköy
اورتا كوى,Ortaköy
اورته پاره,Ortaköy/Ortapare
اورته پاره و يوزده پاره,Ortaköy/Ortapare ve Yüzdepare
اورته نيابت,Ortaniyabet
اورته اوز,Ortaöz
اوته اوز مع يورطان,Ortaöz maa Yortan/Öteöz maa  Yortan
اورته پاره,Ortapare
اورتاسيه,Ortasiye
اورتا شهرى,Ortaşehri (?)
اورجغان كبير,Oruçgan-ı Kebir
اورجغان صغير,Oruçgan-ı Sagir
اورل,Orul
اورول,Orul
اُرول,Orul
اوصاد,Osad
اوصات,Osad/Osat
اوسانيچه,Osaniçe
اوسانچه,Osaniçe
اوسخه,Osha
اوسحه,Osha
اوسيخه,Osha/Osiha
استخه,Osha/Ostiha
استحه,Osha/Ostiha
اوصقره,Oskara
على بك اجه,Oskara/Alibeyece
اوسقره,Oskara/Alibeyece
علي بك اچه,Oskara/Alibeyece (Alibeyeçe)
اوصغره,Oskara/Osgara
ازغره,Oskara/Ozgara
اوزغره,Oskara/Ozgıra
اوصلان,Oslan
اوسلان,Oslan
اوصما,Osma
عثمانجق,Osmancık
عثمانجوق,Osmancık/Osmancuk
عثمان ايلى,Osmaneli/Lefke
لفكه,Osmaneli/Lefke
لفكه,Osmaneli/Lefke
عثمان ايلى,Osmaneli/Osmanili
عثمانيه,Osmaniye
عثمانيه,Osmaniye
عثمانيه,Osmaniye
بركت طاغى,Osmaniye/Bereketdağı
عثمانلى,Osmanlı
عثمانلى مع الكسى,Osmanlı maa Aleksi (?)
عثمانلي ولايتي,Osmanlı Vilayeti
عثمان پاشالر,Osmanpaşalar
عثمان پشه لر,Osmanpaşalar
عثمان پازارى,Osmanpazarı
عثمان بازارى,Osmanpazarı
عثمان پازارى_x001C_,Osmanpazarı
الا كنيسه,Osmanpazarı/Alakenise
الا كليسا,Osmanpazarı/Alakilise
عثمان بازارى,Osmanpazarı/Alakilise
استاتيه,Ostatye
اوستاتيه,Ostatye
اوستاة,Ostatye/Ostat
اوستيقه,Ostika
استروپاليا,Ostropalya
اوستروپاليا,Ostropalya
استروپاليه,Ostropalya
اوسترباليا,Ostropalya
اوسترپاليا,Ostropalya
استرپاليا,Ostropalya
اوستروباليا,Ostropalya
استپاليه و كرينه,Ostropalya (Astipalye) ve Kerpe
استفاليه,Ostropalya/Astifalya
استپاليه,Ostropalya/Astipalya
استپاليا,Ostropalya/Astipalya
استپاليه,Ostropalya/Astipalye
جزيرۀ اوسترپاليه,Ostropalya/Cezire-i Ostropalya
استوپاليه,Ostropalya/İstopalya
اسْتوپَاليا,Ostropalya/İstopalya
استوپاليا,Ostropalya/İstopalya
اِسْتوپَالْيا,Ostropalya/İstopalya
استوپوليه,Ostropalya/İstopolya
استورپاليا,Ostropalya/Ostorpalya
ستامپاليا,Ostropalya/Stampalya
استروشيجه,Ostroşiçe
استرشيجه,Ostroşiçe
استروسجه,Ostroşiçe/Ostrosice
اوسترووه,Ostrova
اوسترووه,Ostrova
استروه,Ostrova
اوستروه,Ostrova
استوروه,Ostrova
اوستروا,Ostrova
اوستروه,Ostrova
استوره,Ostrova/İstora
استوروه,Ostrova/İstorova
اوستوروه,Ostrova/Ostorova
اوستره وه,Ostrova/Ostrava
استراوه,Ostrova/Ostrava
اوسترويچه,Ostroviçe
استرويچه,Ostroviçe
اوسترويجه,Ostroviçe
اوسترويجه,Ostroviçe
استرويچه,Ostroviçe
اوسترويجه مع استريه اوسترويجه,Ostroviçe maa İsterye Ostroviçe
اوسترويچه مع وقف خسرو بك,Ostroviçe maa Vakf-ı Hüsrevbey
اوسترويچۀ عتيق,Ostroviçe-i Atik
وارش قلعۀ اوسترويجۀ عتيق,Ostroviçe-i Atik/Varoş-ı Kale-i Ostroviçe-i Atik
واروش قلعۀ اوسترويچۀ عتيق,Ostroviçe-i Atik/Varoş-ı Kale-i Ostroviçe-i Atik
اوسترويچۀ جديد,Ostroviçe-i Cedid
قلعۀ اوسترويچه,Ostroviçe/Kale-i Ostroviçe
قلعۀ اوسترويچه,Ostroviçe/Kale-i Ostroviçe
قلعۀ اوسترويچۀ عتيق,Ostroviçe/Kale-i Ostroviçe-i Atik
قلعۀ اوسترويچۀ عتيق,Ostroviçe/Kale-i Ostroviçe-i Atik
قلعۀ اوسترويچۀ جديد,Ostroviçe/Kale-i Ostroviçe-i Cedid
اوسترونچه,Ostroviçe/Ostroniçe
اوستروشچه,Ostroviçe/Ostrovişçe
اوستروزچه,Ostroviçe/Ostroziçe
واروش قلعۀ اوسترويجه,Ostroviçe/Varoş-ı Kale-i Ostroviçe
استون,Ostun (?)
اوستون,Ostun (?)
اوسيه چانى,Osyeçani
اوشربقه,Oşarobka
اوشناق,Oşnak
اوشون,Oşun
اوطاو,Otav
اوتلق,Otluk
اوتلق,Otluk
اوتلق كوى,Otlukköy
اوتوقه,Otoka
اوتوق,Otoka/Otok
اوه,Ova
اووه جق,Ovacık
اواجوق,Ovacık
اوه جك,Ovacık
اواجق,Ovacık
اووا جق,Ovacık
اوه جق,Ovacık
اواجق اسپر,Ovacık-ı İspir
اواجق,Ovacık-ı İspir/Ovacık
ايواجق,Ovacık/Ayvacık
پيلور,Ovacık/Pilur
اوه دوزى,Ovadüzü
اووه يقه,Ovayaka
اوه يوزى,Ovayüzü
اووه يوزى,Ovayüzü
جمعه,Ovayüzü/Cuma
اووه,Ovayüzü/Ova
اووه,Ovayüzü/Ova
اوچاق,Ovçak
اوواطه جغى,Ovo Adacığı
اويناش,Oynaş
اويتو,Oyto
اوتو,Oyto/Oto
اُوتُو,Oyto/Oto
اويم آغاج,Oyumağaç
ايوم اغاج,Oyumağaç
اويم اغاج,Oyumağaç
اوزدينه,Ozdine
اوزوره,Ozora
اوزره,Ozora
قلعۀ اوزوره,Ozora/Kale-i Ozora
اوزور,Ozora/Ozor
اوزرين,Ozrin
اوده مش,Ödemiş
نفس اوده مش,Ödemiş merkez
اودوك,Ödük
اوديك,Ödük/Ödik
اوكدم,Öğdem
اوكسه,Ökse
اوكسون,Öksün
عمر,Ömer
عمركان,Ömerkan
عمريان,Ömerkan/Ömeryan
عمرلى,Ömerli
اورن,Ören
اورنجك,Örencik
اوسك,Ösek
نفس اوسك,Ösek merkez
اوسيك,Ösek/Osiyek
اوته يقا,Öteyaka
اويوجك,Öyücek
اويوكلو,Öyüklü
اوزبيك,Özbey
اوزرايلى,Özerili
عزير مع بقراص و قنق,Özerili (Üzeyr) maa Bakras ve Kınık
عزير مع قنق,Özerili (Üzeyr) maa Kınık
عزير و بالس,Özerili (Üzeyr) ve Balis
عزيز,Özerili/Aziz
اوزر,Özerili/Özer
عزير,Özerili/Üzeyr
عزيرايلى,Özerili/Üzeyrili
اوزي,Özi
اوزى,Özi
اوزى صوى,Özi Suyu
اوزي صويي,Özi Suyu
ازى و اقكرمان,Özi ve Akkirman
جانكرمان,Özi/Cankirman
سلستره,Özi/Silistre
اوزيچه,Öziçe
اوزيجه,Öziçe
اوزيچه,Öziçe
ازيچه,Öziçe
قلعۀ اوزيچه,Öziçe/Kale-i Öziçe
اوژيچه,Öziçe/Ujiçe
اوزيچه,Öziçe/Ujiçe
اوژيجه,Öziçe/Ujiçe
واروش اوزيچه,Öziçe/Varoş-ı Öziçe
اوزى قواغى,Özükavağı
اوزى قواغى,Özükavağı
پادجا,Padaca
پادجه,Padaca
پاغو,Pago
پاغنيك,Pağnik
پاخ,Pah
باخ,Pah/Bah
باقره,Pakra
پاقره,Pakra
پاقرسقه ستره دا,Pakraska Sitreda
پاقرسقه,Pakraska Sitreda/Pakraska
پاقريچ,Pakriç
پقريچ,Pakriç
باقريچ,Pakriç/Bakriç
زاچسنه,Pakriç/Zaçesne
پاقسو,Pakso
پاقسواطه سى,Pakso
پاقسو,Pakso
بخشلو,Pakso/Bahşili
پاقجوس,Pakso/Pakcos
پاقسى,Pakso/Paksi
پاقسوس,Pakso/Paksos
يخشيلر,Pakso/Yahşiler
پاقشه,Pakşa
پالاچ,Palaç
بالاچ,Palaç/Balaç
پلاما,Palama/Bahadır
پلاموده,Palamude
پلاموط,Palamut
پلامود,Palamut/Palamud
پالامود,Palamut/Palamud
بلامود,Palamut/Palamud
صوغان دره سى,Palamut/Soğanderesi
يايا كوى,Palamut/Yayaköy
پلا ن دوكن,Palandöken
پلانقۀجديداقكنيسا,Palanka-i Cedid-i Akkenisa
پلاس,Palas
بلاس,Palas
بلاس,Palas/Belas
پالرمه,Palerme
پالينورس قيالرى,Palinoris Kayaları
پالو قصرى,Palokasrı
پالوقصرى,Palokasrı
پالوقصرى,Palokasrı
بلو قصرى,Palokasrı
باللوقصرى,Palokasrı/Ballukasrı
قلعۀ پالو قصرى,Palokasrı/Kale-i Palokasrı
قلعه پالو قصرى,Palokasrı/Kale-i Palokasrı
قلعۀ پالوقصرى,Palokasrı/Kale-i Palokasrı
قاسترو,Palokasrı/Kastro
پالو,Palu
پَالو,Palu
پالُو,Palu
پالى معدن مع چسقه,Palu (Palımaden) maa Çiska
بالو مع شوره,Palu maa Şure
نفس پالو,Palu merkez
پالو و جرمك,Palu ve Çermik
بالا,Palu/Bala
پالى,Palu/Palı
پاليوخورا,Palyohora
پاليوخور,Palyohora/Palyohor
پاليوقاسترو,Palyokastro
پاناغيچه اطه جغى,Panagiçe Adacığı
پناكيا,Panagiya
پاناكيا,Panagiya
آيى نيقوله,Panagiya/Ayinikola
پانائيا,Panagiya/Panaiya
پانائيا,Panaiya
پانائييا,Panaiya
بونيغيا,Panaiya/Bonigiya
پناثيمو,Panasimo
پنايه,Panaya
پانايا,Panaya
پنايا اطه لرى,Panaya Adaları
مادونه اطه لرى,Panaya/Maduna Adaları
پنايا,Panaya/Panapalya
پناپيا,Panaya/Panapiya
پنبوق اوزى,Panbuközü
پانچوه,Pançova
بانداليغوسه,Pandaligosa
مادونا,Pandaligosa (Madona)/Kandilyosa
انديلغوسه,Pandaligosa/Andiligosa
اندولوغوسه,Pandaligosa/Andologosa
قاندولئوسا,Pandaligosa/Kandoleosa
قورديلوسا,Pandaligosa/Kordilusa
مادونه,Pandaligosa/Madona
بانداليقوسه,Pandaligosa/Pandalikosa
پانداليقوسه,Pandaligosa/Pandalikosa
پاندروس,Panderos
پاندرونسى,Panderos/Panderonisi
پانده رونسى,Panderos/Panderonisi
پانيچه,Paniça
پانقوته,Pankota
پانلى,Panlı
پانورمه,Panorma
پاپا,Papa
پاپنقوز,Papinkoz
پراقا لمه,Parakalama
پره قالمه,Parakalama
پاراسا,Parasa
پارغه,Parga
بارغه,Parga
پارغا,Parga
ناحيۀ پارغه,Parga/Nahiye-i Parga
پريقه,Parika
پاريكيا,Parikiya
پارس,Paris
بارمقسز,Parmaksız
برمقسز,Parmaksız
پاروس,Paros
باره,Paros/Bare
بارّه,Paros/Barre
بارره,Paros/Barre
پاره,Paros/Para
پاره,Paros/Pare
پاروز,Paros/Paroz
بارسيى بيت,Parsibit
پارذه نى,Parzeni
پاسكه,Pasge
پاسين,Pasin
پاسمان,Pasman
پاسپاغوزا اطه لرى,Paspagoz Adaları
پاسپارغو,Paspargo
پاسبارغو,Paspargo
اشك,Paspargo/Eşek
پاسپاريغو فنار,Paspargo/Pasparigo Fener
پاسوه,Passava
پاسوه مع كلفا و زارناته,Passava maa Kelefa ve Zarnata
قلعۀ پاسوه,Passava/Kale-i Passava
پاستيه,Pastiye
پاستوح,Pastoh
پاسيا,Pasya
كوچك انافى,Pasya/Küçükanafı
كوجك انافى,Pasya/Küçükanafı
پاخيا,Pasya/Pahiya
پاشا,Pasya/Paşa
پاشا,Paşa
اوغوستا,Paşa/Ogusta
اغستو,Paşa/Ogusto
طاش چفتلكي,Paşa/Taşçiftliği
طاش چفتلكى,Paşa/Taşçiftliği
پاشا طاغ,Paşadağ
پاشا طاغلرى,Paşadağ/Paşa Dağları
پاشا كاويسى,Paşagavisi
پاشالر,Paşalar
پاشاليمانى,Paşalimanı
پاشا ليمانى,Paşalimanı
باشا ليمانى,Paşalimanı
آلونيه,Paşalimanı/Alonya
الونيه,Paşalimanı/Alonya
جزيرۀ پاشا ليمانى,Paşalimanı/Cezire-i Paşalimanı
مرمره پاشا ليمانى,Paşalimanı/Marmara Paşalimanı
پاشويك,Paşavik
باشويك,Paşavik/Başavik
پاشا يكيد,Paşayiğid
پاشايكيت,Paşayiğid/Paşayiğit
پاشكلى,Paşikli
پاشقوپوليه,Paşkopolye
پاشقو پوليه,Paşkopolye
پاشماق,Paşmak
پاشماقلى,Paşmaklı
پشماقلى,Paşmaklı
پاشه وه,Paşova/Paşava
پاط,Pat
پتاليس,Patalis
پاتاناس,Patanas
مانوه,Patanas/Manova
پاتليدا,Patelida
بانلدا,Patelida/Banelida
پاتموس,Patmos
پاطموس,Patmos
پاموس,Patmos
پاتموس,Patmos
باطبوز,Patmos/Batboz
باطينوز,Patmos/Batınoz
باتناز,Patmos/Batnaz
باطنوس,Patmos/Batnos
بطنوس,Patmos/Batnos
باطنوز,Patmos/Batnos
پاتموس,Patmos/Batnos
باطنوس,Patmos/Batnos
باطنوش,Patmos/Batnoş
باطنوز,Patmos/Batnoz
جزيرۀ باطموس,Patmos/Cezire-i Batmos
پاتينوس,Patmos/Patinos
پطنوس,Patmos/Patnos
بطنوز,Patmos/Patnoz
باطنوز,Patmos/Patnoz
پاطنوز,Patmos/Patnoz
پاطنوز,Patmos/Patnoz
پاطنوس,Patnos
باطنوس,Patnos
باتنوس,Patnos
بطنوس,Patnos
پاطنوس مع  عنتاب,Patnos maa Antab
ناحيۀ بطنوس مع هامور,Patnos maa Hamur/Nahiye-i Patnos maa Hamur
پاوه,Pave
پاوَه,Pave
باوى,Pave/Bavi
پاوى,Pave/Pavi
پاولى,Pavlı
پاولئ بولى,Pavlı-i Bolu
پاولى,Pavlı-i Bolu/Pavlı
باولى,Pavlı-i Bolu/Pavlı
پاولو,Pavlı-i Bolu/Pavlu
پاولى ايلى,Pavliili
پاولي ايلى,Pavliili
پاول,Pavliili/Pavel
پاولى,Pavliili/Pavli
پاولي,Pavliili/Pavli
پاولو,Pavliili/Pavlu
پاوليش,Pavliş
پاولو كورتك,Pavlokurtik
پاولو,Pavlu
باولى مع نواحى,Pavlu (Bavlı) maa Nevahi
باولى,Pavlu/Bavlı
بَاوْلَه,Pavlu/Pavle
پاوله,Pavlu/Pavle
پاولى,Pavlu/Pavlı
باولىئ حميد,Pavlu/Pavli-i Hamid
پياملى,Payamlı
پياس,Payas
پاياس,Payas
بياس,Payas
نفس پياس,Payas merkez
پايازه,Payaze/Gonomaymoili
پازار,Pazar
بازار بورويجه,Pazar-ı Boroviçe
بازار بوروفچه,Pazar-ı Boroviçe/Pazar-ı Borofça
واروش بورويچه,Pazar-ı Boroviçe/Varoş-ı Boroviçe
بازار كوركواج,Pazar-ı Gurgevaç
بازار خواج,Pazar-ı Hovaç
بازار قاقنه,Pazar-ı Kakane
بازار كيركواج,Pazar-ı Kirkovaç
بازار پتريچه,Pazar-ı Petriçe
بازار ساس,Pazar-ı Sas
واروش معدن ساس,Pazar-ı Sas/Varoş-ı Maden-i Sas
بازار زيرنونيچه,Pazar-ı Zirnovniçe/Petleş
پازار كوى,Pazar/Pazarköy
پازارجق,Pazarcık
بلكۀ پازارجق,Pazarcık/Bölge-i Pazarcık
بازار چايى,Pazarçayı
بازاركاه,Pazargah
پازاركاه,Pazargah
پازار كوى,Pazarköy
پاازار كوى,Pazarköy
بازار كوى,Pazarköy
پازاركوى,Pazarköy
بازاركوى,Pazarköy
پازاركويى,Pazarköy
بازار كويى مع كوره له,Pazarköy maa Gürle/Pazarköyü maa Gürele
پازاركويى مع گُورَه لَه,Pazarköy maa Gürle/Pazarköyü maa Gürele
پازاركويى مع گوره له,Pazarköy maa Gürle/Pazarköyü maa Gürele
پازار كويى مع گوره له,Pazarköy maa Gürle/Pazarköyü maa Gürele
اورخان غازى,Pazarköy/Orhangazi
بازار كويى,Pazarköy/Pazarköyü
پازار كويى,Pazarköy/Pazarköyü
بازاركويى,Pazarköy/Pazarköyü
پازاركويى,Pazarköy/Pazarköyü
بازار كويى,Pazarköyü
بازارلو,Pazarlı
پازار صويى,Pazarsuyu
پازارصويى,Pazarsuyu
بازار صويى,Pazarsuyu
قره صو,Pazarsuyu/Karasu
پازارويران,Pazarviran
پازارويران,Pazarviran/Han
پازار ويران,Pazarviran/Han
پازار يرى,Pazaryeri
بچي,Peci
پجى,Peci
پجي,Peci
پچى,Peci
پايجي,Peci/Paycı
پچ,Peci/Peç
پچين,Peçin
پچن مع ميلاس,Peçin maa Milas
بچين,Peçin/Beçin
بجوى,Peçuy
بچوى,Peçuy
پچوي,Peçuy
پچوى,Peçuy
نفس پچوى,Peçuy merkez
نفس پچوي,Peçuy merkez
پچوار,Peçvar
پديه,Pedye
بزيه,Pedye/Bezye
جزيرۀ بزيه,Pedye/Cezire-i Bezye
بده يه,Pedye/Pedeye
پذيه,Pedye/Pezye
پذيا,Pedye/Pezye
پَزْيَه,Pedye/Pezye
پذيه,Pedye/Pezye
پزيه,Pedye/Pezye
پكريچ,Pekeriç
پكريچ كبير,Pekeriç-i Kebir
پكريچ صغير,Pekeriç-i Sagir
پكرنچ,Pekeriç/Pekerinç
پكلن,Peklin
پكلين,Peklin
بكلين,Peklin
بكين,Peklin/Pekin
پيكنى,Peklin/Pekini
واروش قلعۀ پكلين,Peklin/Varoş-ı Kale-i Peklin
پكسماد,Peksimad
بكسماد,Peksimad
پكسمادى,Peksimadi
پكسيمادى,Peksimadi
اقسماريا,Peksimadi/Aksimarya
پقسماد,Peksimadi/Paksimad
پاقسمادا,Peksimadi/Paksimada
پاقسماكى,Peksimadi/Paksimaki
پكسماد,Peksimadi/Peksimad
پكسماد,Peksimadi/Peksimad
پراسو,Peksimadi/Praso
پكسيماديا اطه جقلرى,Peksimadya Adacıkları
بلاغونيس,Pelagonis/Belagonis
په لاغونيزي,Pelagonizi
پلاغونيزى,Pelagonizi
قراپناچا,Pelagonizi/Kırapanaça
پلاغو,Pelagonizi/Pelago
په لاغو,Pelagonizi/Pelago
پلانيسى,Pelagonizi/Pelanisi
پلقو,Pelagonizi/Peleko
پلغورا,Pelagura
په لاييئاس,Pelayies
پلندوار (؟),Pelendvar (?)
پلنكان,Pelengan
په له ريسسا,Pelerissa
پليد بوكى,Pelidbükü
پليد بوك,Pelidbükü/Pelidbük
پليدلى تكيه,Pelidlitekye
پليدلي تكيه,Pelidlitekye
په لوزو,Peluzo
په لوژو,Peluzo/Pelujo
پنبك,Penbek
پندايه,Pendaya
پندايا,Pendaya
بندايه,Pendaya/Bendaya
هنديه,Pendaya/Hindiye
اومورفه پندايه,Pendaya/Omorfa Pendaya
پانديه,Pendaya/Pandaye
پندانه,Pendaya/Pendana
بندانه,Pendaya/Pendana
پنداني,Pendaya/Pendani
پندك,Pendik
پنك,Penek
بنك مع مامرمان,Penek maa Mamervan
بنك,Penek/Benek
پنسكرد,Peneskird
پنسكيرد,Peneskird
پنشكرد,Peneskird/Peneşkird
پراكندۀايدين,Perakende-i Aydın
پراكندۀ قنغال,Perakende-i Kangal
پراكندۀمنتشا,Perakende-i Menteşe
پراكندۀ مقاطعات,Perakende-i Mukataat
پراكنه,Perakine
پراما,Perama
پرامه,Perama
په راتى,Perati
پرچنچ,Perçenç
پرچنج,Perçenç/Akçakiraz
پره مه,Pereme
پَريِّد,Pereyyid
پرخنكوك,Perhangök
په رخانكوك,Perhangök
پرحنكوك سفلا,Perhangök/Perhangök-i Süfla
پرخنكوك سفلا,Perhangök/Perhangök-i Süfla
پريم,Perim
پريم,Perim/Babülmendeb
پرين,Perin
واروش قلعۀ پرين,Perin/Varoş-ı Kale-i Perin
پريسترى,Peristeri
ساره كينو,Peristeri (Sarakino)/Güğercin
كوكرجين,Peristeri/Güğercin
ساراكينو,Peristeri/Sarakino
سراكينو,Peristeri/Sarakino
پرى صويى,Perisuyu
پرووليا,Perivolya
پَرْلَتْستى,Perletsti
پرناوود,Pernavud
پرشنبه,Perşenbe
پنچشنبه,Perşenbe/Pençşenbe
پنجشنبه,Perşenbe/Pençşenbe
يعقوب بيك,Perşenbe/Yakubbey
يعقوب بك دربندى,Perşenbe/Yakubbey Derbendi
پرتك,Pertek
پرتك,Pertek
پرتَكْ,Pertek
برتك,Pertek
برتك عن اولكاء چمشكيزك,Pertek (Bertek) an-ülke-i Çemişgizek
پرتگ,Pertek/Pürtük
پورتك,Pertek/Pürtük
پرت اكرك,Pertekrek
برتكرك,Pertekrek
پرتكرك,Pertekrek
پتكرك,Pertekrek/Petekrek
پيرتكرك,Pertekrek/Pirtekrek
پروكيچ,Perukiç
پروشك,Peruşik
پروشيك,Peruşik
واروش قلعۀ پروشيك,Peruşik/Varoş-ı Kale-i Peruşik
واروش پروشيك,Peruşik/Varoş-ı Peruşik
پروانه,Pervane
پروارى,Pervari
پروارئ بالا,Pervari-i Bala
پروارى,Pervari-i Bala/Pervari
بروارى ژورى مع بروارى زيرى,Pervari-i Juri maa Pervari-i Jiri
پروارئ زير,Pervari-i Zir
بروارى,Pervari/Bervari
پراورى,Pervari/Peravari
پرورى,Perveri
پروزى,Perveri/Pervezi
پَشْلو,Peşlü
پشلو,Peşlü
پشته,Peşte
پشترا,Peştera
پشتره,Peştera
پشترا,Peştera/Peristera
پشتريچه,Peşteriçe
پتاله,Petala
په تالا,Petala
په تاليد,Petalid
پته ليده,Petalide
پتاليدس,Petalides
پتاليدى,Petalidi
پتاليس,Petalis
پتاليه,Petalya
پتاليه,Petalya
پتاليه,Petalya Adaları
په تالى,Petalya/Petali
پتالى,Petalya/Petali
پتالى,Petalya/Petali
پتالي,Petalya/Petali
پتاسى,Petasi
پتكلى,Petekli
پتربورغ,Peterburg
ته توز,Petoz/Tetoz
پترقمنه,Petrakamena
پتره,Petre
پترمژاك,Petremjak
پترشبان,Petreşban
بترشپان,Petreşban/Betreşpan
پتريچ,Petriç
پتريج,Petriç
بتريچ,Petriç
بتريج,Petriç
بدريج,Petriç/Bedriç
بليزنيچه,Petriç/Bilizniçe
پتريج,Petriç/Petric
پترى كونمه,Petrigonime
پتروكونمه,Petrigonime/Petrogonime
پتريل,Petril
پتريل مع رادويز,Petril maa Radoviz
پتريل مع  رادويز,Petril maa Radoviz
بتريل مع  رادوويز,Petril maa Radoviz
پترين,Petrin
پتري يوفجه,Petriyofça
پترى نوفچه,Petriyofça/Petrinofça
پترويوفچه,Petriyofça/Petroyofça
پترو,Petro
پترو اطه جغى,Petro Adacığı
پتروقاراوى,Petrokaravi
پتروس,Petros
پراكين,Petros/Perakin
پتروش,Petros/Petroş
پتروواچ,Petrovaç
پتروواج,Petrovaç
پتروفچه,Petrovaç/Petrofça
پتروه غوره,Petrovagora
پتروه پوليه,Petrovapolye
پتروپوليه مع پتروه غوره,Petrovapolye maa Petrovagora
پيكار,Pınar
پيكار حصار,Pınarhisar
پيكارحصار,Pınarhisar
بيكار حصار,Pınarhisar
بيكار حصارى,Pınarhisar
پيڭارحصارى,Pınarhisar/Pınarhisarı
پيڭار حصارى,Pınarhisar/Pınarhisarı
بيكار حصارى,Pınarhisar/Pınarhisarı
پيكار حصارى,Pınarhisar/Pınarhisarı
پيكارحصارى,Pınarhisar/Pınarhisarı
بيكارحصارى,Pınarhisar/Pınarhisarı
پيكارلى,Pınarlı
پرناز,Pırnaz
برناز,Pırnaz
پورناز,Pırnaz/Purnaz
پروناللو,Pıronallı
بيرنارلى,Pıronallı/Birnarlı
قلازومن,Pıronallı/Klazomen
مدور اطه,Pıronallı/Müdürada/Pınarlıada
يوللجه اده,Pıronallı/Yolluca Ada
پيجين,Picin
پيچار,Piçar
پيچار,Piçar
پچار,Piçar
بجار,Piçar/Bicar
بيجار,Piçar/Bicar
محمديان,Piçar/Mehmedyan
پيده,Pide
پيتا,Pide/Pita
پيدياس,Pidiyas
پغاده,Pigada
پغانوسا,Piganusa
پيغانوسا,Piganusa
بيغا,Piganusa/Biga
بيغانوسا,Piganusa/Biganusa
پاغانوسا,Piganusa/Paganusa
پيه نوزه,Piganusa/Piyenuza
پيكي,Pigi
پيكى,Pigi
پيلاور,Pilaver
بلوه,Pileva
پيلمار,Pilimar
پلمار,Pilimar
پيليمار,Pilimar
جزيرۀ پيلمار,Pilimar/Cezire-i Pilimar
پوطموز,Pilimar/Potamoz
پوطاموز,Pilimar/Potamoz
پنجار,Pincar
بنجار,Pincar
پنكان,Pingan
پدغام,Pingan/Pedgam
پنكا,Pinka
پنيانش,Pinyaniş
پيپه رى,Piperi
پي پرى,Piperi
بربرجك,Piperi/Berbercik
بيبر,Piperi/Biber
پاى پرى,Piperi/Payperi
پيپر,Piperi/Piper
پيران,Piran
پيران مع بتوئَن,Piran maa Bituen
پيراصون,Pirason
پيرعزيز,Piraziz
پير عزيز,Piraziz
پير عزيز مع  آق كوى,Piraziz maa Akköy
پير چوبان,Pirçoban
پيرغى,Pirgı
بيرغى,Pirgı
پيرغو,Pirgo
بيرغو,Pirgo
پيره,Pirgo/Pire
يرغو,Pirgo/Yergo
پيرغو پسيلونه رو,Pirgopisilonero
پيرغوپسيلونه رو,Pirgopisilonero
پيرغوس,Pirgos
پيرغوسا,Pirgosa
برغوسه,Pirgosa/Birgosa
برغوزه,Pirgosa/Birgoza
پريغوسا,Pirgosa/Perigusa
ريغوزا,Pirgosa/Rigoza
پير حياتى و چياسبز,Pirhayati ve Çeyasebz
پرنج,Pirinç
پرنچلك,Pirinçlik
پرلاوغنده,Pirlavganda
پرلوغنده,Pirlavganda
برلوغنده,Pirlavganda
پرلوغنده مع خادم,Pirlavganda maa Hadim
پرلوغنده مع حادم,Pirlavganda maa Hadim
پرلوغنده,Pirlavganda/Hadim
پرلپ,Pirlep
پرلپ,Pirlep
پرلپه,Pirlepe
پرلپه,Pirlepe
پيرلپه,Pirlepe
پرلپه,Pirlepe
پرلبه,Pirlepe
برلبه مع مورجوه,Pirlepe maa Morihova (Moriçova)
نفس پرلپه,Pirlepe merkez
پريوتيچه,Piryotiçe
پريوتچه,Piryotiçe
پِريوتچه,Piryotiçe
پريوتجه,Piryotiçe
بريوتيچه,Piryotiçe
پريوتيچه,Piryotiçe
جزيرۀ پريوتيچه,Piryotiçe/Cezire-i Piryotiçe
بيره يوتيجه,Piryotiçe/Pireyotiçe
پرغوفچه,Piryotiçe/Pirgofça
پرغوستجه,Piryotiçe/Pirgostiçe
پرغوستيجه,Piryotiçe/Pirgostiçe
پريوفچه,Piryotiçe/Piryofça
پسقوكفالو,Piskokefalo
پيسقوپي,Piskopi
پسقوپى,Piskopi
پسقوبى,Piskopi
بسقوبى,Piskopi
بسقوبو,Piskopi
پسقپوپى,Piskopi
بسقبو,Piskopi
پسقوپى,Piskopi
پسقوبو,Piskopi/Piskobu
پسقبو,Piskopi/Piskobu
بسقبو,Piskopi/Piskobu
پسقپو,Piskopi/Piskopu
پسقوى,Piskopi/Piskovi
پسقپويه,Piskopoya
پشقوپيه,Piskopoya/Pişkopye
پسورونيسى,Pisoronisi
بسورونيس,Pisoronisi/Bisoronis
لبسورونيس,Pisoronisi/Libsoronis
پِسْيَانْ,Pisyan
پسيان,Pisyan
بسيان و پوجيان و زيلان,Pisyan ve Pociyan ve Zilan/Bisyan ve Pociyan ve Zilan
بستان,Pisyan/Bistan
پشدر,Pişder
بشدر,Pişder/Bişder
پشتر,Pişder/Pişter
پشمان,Pişman
پشمانه,Pişman/Pişmane
پشتريك,Piştirik
پاشترويك,Piştirik/Paşterovik
پيتا,Pita
پيطيحه,Pitiha (?)
پتكير,Pitkir
پتكر,Pitkir
نوكوجك,Pitkir/Nügücük
پتيو,Pitu
عاجى سرانيده,Pitu/Acısaranide
پتيا,Pitu/Pitiya
پيوه بانه,Pivebana
پيوه,Pivebana (Pive)/Bana
بيوه,Pivebana/Pive
پيوه,Pivebana/Pive
پيوه,Pivebana/Pive
پياده كان انقره,Piyadegan-ı Ankara
پياده كان ايدين,Piyadegan-ı Aydın
پياده كان بيغا,Piyadegan-ı Biga
پياده كان بولى,Piyadegan-ı Bolu
پياده كان بولي,Piyadegan-ı Bolu
پياده كان حميد,Piyadegan-ı Hamid
پياده كان خداوندكار,Piyadegan-ı Hüdavendigar
پياده كان حداوندكار,Piyadegan-ı Hüdavendigar
پياده كان قره حصار صاحب,Piyadegan-ı Karahisar-ı Sahib
پياده كان قره حصار,Piyadegan-ı Karahisar-ı Sahib (Karahisar)
پياده كان قراسى,Piyadegan-ı Karesi (Karasi)
پياده كان كوتاهيه,Piyadegan-ı Kütahya
پياده كان كوتاهيّه,Piyadegan-ı Kütahya
پياده كان منتشا,Piyadegan-ı Menteşe
پياده كان صاروخان,Piyadegan-ı Saruhan
پياده كان سلطان اوكى,Piyadegan-ı Sultanönü
پيال,Piyal
پيالى,Piyal/Piyali
پيانچه,Piyaniçe
بيا نچه,Piyaniçe
بيا نچه,Piyaniçe/Biyaniçe
پلاكا,Plaka
پلاقه,Plaka
پلاقا,Plaka
بلاقا,Plaka
آيى يوركى,Plaka/Ayiyorgi
پلاتى,Plaka/Plati
پلاكيدى,Plakidi
بلاكيت,Plakidi/Plakit
بلاكيته,Plakidi/Plakite
پلاقونيسى,Plakonisi
بلاقونيس,Plakonisi/Blakonis
پلانا,Plana
پلانه,Plana
پيلانا,Plana/Plero
پلاننۀ بزرك,Planine-i Büzürk
پلاننۀ كوچك,Planine-i Küçük
پلاش,Plaş
بلاشنيك,Plaşnik/Blaşnik
پلا تانوس,Platanos
پلاته يه اطه لرى,Plataya Adaları
پلاتى,Plati
بلاتى,Plati
بيلاتى,Plati
پلاتي,Plati
پلاتى اطه جغى,Plati Adacığı
پلانى,Plati/Plani
پلاتيمنه,Platimana
پلاتيمانه,Platimana
پلاطمنه,Platimana
پلاتمنه,Platimana
بلاطمنه,Platimana
پلاطمنه مع قترين,Platimana maa Katerin
پلاطمنه مع يكيجۀ قره جه آباد,Platimana maa Yenice Karacaabad/Platimana maa Yenice-i Karacaabad
پلاتامونا,Platimana/Platamona
پلاتينى,Platini
پلاتى,Platini/Plati
پلاتيا,Platiya
پلاطيه,Platiya
پلاتيه,Platiya
پلاو,Plav
پلاونه,Plavna
پلايا,Playa
پيلايا,Playa
پلاچ,Playa/Plaç
پلشويچه,Pleşoviçe
پلشويچه بالا,Pleşoviçe/Pleşoviçe-i Bala
پلوشويچه,Pleşoviçe/Ploşeviçe
پلونه,Plevne
بلونه,Plevne
پوچاپنجى,Poçapinci
پوچاى,Poçay
پوچتل,Poçitel
پوچى تل,Poçitel
پوچيتل,Poçitel
بوجتل,Poçitel
واروش قلعۀ پوچى تل,Poçitel/Varoş-ı Kale-i Poçitel
بودبوجيه,Podbuçye
پودبوجيه,Podbuçye
پودوجيه,Podbuçye/Podocye
پودغور,Podgor
بودغوراچ,Podgoraç
پودغراچ,Podgoraç
پودغوراچ,Podgoraç
پودغوراج,Podgoraç
پودغوريجه,Podgoriçe
پودغوريچه مع اشبوزى,Podgoriçe maa İşpuzi
بودغوريجه مع قره طاغ,Podgoriçe maa Karadağ
بوغوريجه,Podgoriçe/Pogoriçe
پورغوريجه,Podgoriçe/Porgoriçe
دپه دوكن,Podgoriçe/Tepedöğen (Depedöğen)
پودغوريه,Podgorya
پودغوريه و قوندروچه,Podgorya ve Kondrovçe
پودغوريانى,Podgoryani
پودى,Podi
پودژه پا,Podjepa
پودلاپچه,Podlapaça
پودلوژه,Podloje
پودلوژيه,Podloje/Podlojye
پودمير,Podmir
پودومار,Podomar
پودپوريه,Podporye
پودرينيه,Podrinye
پودويرشقي,Podvirşka
پودويرشقى,Podvirşka
پوفين,Pofin
پوغونيا اطه لرى,Pogoniya
پوغونيه,Pogoniye
بالئوپوغونيه,Pogoniye/Baliopogoniye
بوغانيه,Pogoniye/Boganiye
بوغونيه,Pogoniye/Bogoniye
پاليپوغون,Pogoniye/Palipogon
باليبوغون,Pogoniye/Palipogon
پاليپغون,Pogoniye/Palipogon
پوغون,Pogoniye/Pogon
ووشتنه,Pogoniye/Voştine
ووشتنه,Pogoniye/Voştine
وستنيچه,Pogoniye/Voştine (Vesteniçe)
وستنچه,Pogoniye/Voştine (Vesteniçe)
بوغرادچ,Pogradeç
پوژغه,Pojega
پوژه غه,Pojega
پوزه غه,Pojega
نفس پوزه غه,Pojega merkez
نفس پوژه غه,Pojega merkez
پوژه غه و اوسك,Pojega ve Ösek
حوزغه,Pojega/Hozga
پوژه غه جق,Pojegacık
پوژغه جق,Pojegacık
پوژغه جق,Pojegacık
پوژ ه غجق,Pojegacık
پوژ ه غه جق,Pojegacık
پوزه غه جق,Pojegacık
پوژاغه,Pojegacık/Pojaga
پوژه غا,Pojegacık/Pojega
پوزه غه,Pojegacık/Pojega
پوژه غه,Pojegacık/Pojega
پوژغجه جق,Pojegacık/Pojeğcacık
پولاد,Polad
پولاد ايلى,Poladili
پولادلى,Poladlı
پولانه,Polana
پولانه مع ديراغوطين,Polana maa Dragotin
پولانه,Polana/Podgradya
پولانچه,Polaniçe
پولانيچه,Polaniçe
بولانجه,Polaniçe/Bolaniçe
بوليانچه,Polaniçe/Bolyaniçe
پولانيه,Polaniye
بولانيه,Polaniye/Bolaniye
پولاته,Polata
پولتخانه,Polathane
پولغار,Polgar
بولغار,Polgar
پوليچه,Poliçe
پولهنت,Polihnit
پولهنيت,Polihnit
پول هنت,Polihnit
پوليقاندرى,Polikandri
پولى قندري,Polikandri
پوليقندرى,Polikandri
بوليقندري,Polikandri
بولى قاندرى,Polikandri
بولى قالندرى,Polikandri/Polikalendri
پوليقاندرو,Polikandri/Polikandro
پوليقاندروس,Polikandri/Polikandros
پولي قندروس,Polikandri/Polikandros
پوليقاندروه,Polikandri/Polikandrova
پولميه,Polimiye
كورنه پولميه,Polimiye/Gornapolimiye
پوليميه,Polimiye/İstroviçe
پولنو,Polino
پولينو,Polino
پولينوس,Polino/Polinos
پولشنيك,Polişnik
پوليروز,Poliyiroz
پولوميه,Polomiye
پولميه,Polomiye
بولميه مع قره لوم,Polomiye maa Lom (Karalom)
پوليه,Polomiye/Polye
پولونى,Poloni
وئيدى,Poloni/Voidi
پولوس,Polos
پولوس كيروف,Poloskirof
نفس پولوس كيروف,Poloskirof merkez
پوليور,Polyor
پومستى,Pomesti
پومستانى,Pomesti/Pomestani
پومو,Pomo
بونديغوسه,Pondigosa
كجى,Pondigosa/Keçi
پونديقوس,Pondigosa/Pondikos
بونديقوسا,Pondigosa/Pondikosa
پونديقوز,Pondigosa/Pondikoz
پونتكوتا,Pondigosa/Pontikuta
صجان,Pondigosa/Sıçan
طراغونيس,Pondigosa/Tragonis
طراغونيسى,Pondigosa/Tragonisi
پونديقو,Pondiko
پونديقونيسى,Pondiko/Pondikonisi
پوند يقونيزى,Pondiko/Pondikonizi
پونتى قونيزى,Pondiko/Pontikonizi
صچان,Pondiko/Sıçan
پونتى قونيزى,Pontikonizi
پوپنه,Popine
پوپلاديه,Popladiye
پوبلاديه_x001C_,Popladiye
پوپلاتيه,Popladiye/Poplatiye
پوپول,Popol
پوپوه,Popova
بوبوسقه,Popova/Poposka
پوپوسقه,Popova/Poposka
بوبوجي,Popovci
نفس بوبوجي,Popovci merkez
پوپرزيه,Poprezye
بورچه,Porçe
پورچه,Porçe
پوره چه,Poreçe
واروش پوره چيه,Poreçe/Varoş-ı Poreçye
پورتى,Poreti
پوره تى,Poreti
پوريدى,Poreti/Poridi
پورغه,Porga
پورغه,Porga/Aşağıköy
پورى,Pori
پوريچه,Poriçe
پورچا,Poriçe/Porça
پوروس,Poros
پروس,Poros
بوروز,Poros/Boroz
پتالوده,Poros/Petaluda
روماله,Poros/Romale
پروسلو,Poroslo
پوروسلو,Poroslo
پوروى,Poroy
پورصوق,Porsuk
پورسوق,Porsuk
پورتاريا,Portarya
پورتوريقو,Porto Riko
پورت سعيد,Portsaid
پورتگال ولايتي,Portugal Vilayeti
پوصاويه,Posaviye
پوصاريه,Posaviye/Posariye
پوساوه,Posaviye/Posava
پوسخوف,Poshof
پسخو,Poshof/Poshov
پوسخو,Poshof/Poshov
پسحو,Poshof/Poshov
پوسيخو,Poshof/Posihov
پوستخو,Poshof/Posthov
پصوشه,Posuşe
پوصوشه,Posuşe
بوسوشيه,Posuşe/Bosuşye
پوصوشيه,Posuşe/Posuşye
پوسوشيه,Posuşe/Posuşye
پُشت گرى,Poştgeri
پوشتكوه,Poştkuh
پشت راه,Poştrah
پوتامو,Potamo
پوتاموس,Potamos
پويراز,Poyraz
پوزانطى,Pozantı
بوزانطى,Pozantı
پوزاروفجه,Pozarofça
بوزروفجه,Pozarofça
بوزارفچه,Pozarofça/Bozarofça
بوزه فجه,Pozarofça/Bozofça
بوزورفجه,Pozarofça/Bozorofça
پوژرفجه,Pozarofça/Pojarefça
پوژاروفجه,Pozarofça/Pojarofca
پوزارفچه,Pozarofça/Pozarefçe
پتوركه,Pötürge
ايمرون,Pötürge/İmrun
بازار پراچه,Praça (Çatalca)/Pazar-ı Praça
بازار براچه,Praça (Çatalca)/Pazar-ı Praça
پراچۀ بالا,Praça-i Bala
پراچۀ زير,Praça-i Zir
چتالجه,Praça/Çatalca
بازار چتالجه,Praça/Pazar-ı Çatalca
بازاري پراچه,Praça/Pazar-ı Praça
بازار واروش پراچه,Praça/Pazar-ı Varoş-ı Praça
پراهوه,Prahova
پرهوه,Prahova
پراموره,Pramura
يشيل اطه,Pramura/Yeşilada
پراصو,Praso
پراسو,Praso
پراصو اطه لرى,Praso Adaları
پراسو,Praso/Garbitavşan
پراسولوغوس,Prasologos
پراسونى,Prasoni
پراسودا,Prasuda
پراسوده,Prasuda
پراسودى,Prasudi
پراقودى,Prasudi/Prakudi
پراسودو,Prasudo
پرامو,Prasudo/Pramo
پره شوه,Praşova
پراشوه,Praşova
پره شوه,Praşova
پرشوه,Praşova
پراواديجك,Pravadicik
پروادي,Pravadicik/Prevadi
پروادى,Pravadicik/Prevadi
پراويشته,Pravişte
پراوشته,Pravişte
براوشته,Pravişte
پراويشته,Pravişte
پراوشته وقواله مع بركتلو,Pravişte ve Kavala maa Bereketli
پرازينى آطه لر,Prazini
پرازينى,Prazini
پرمدى,Premedi
نفس پرمدى,Premedi
پره مدى,Premedi
بره مدى,Premedi
اپره مدى,Premedi/İpremedi
پره متى,Premedi/Premeti
پره موريه,Premorye
پر موريه,Premorye
پره موده,Premuda
پره پوليه,Prepolye
پره پوليه_x001C_,Prepolye
پرپوليه_x001C_,Prepolye
بازار پره پوليه,Prepolye/Pazar-ı Prepolye
بازار پرپوليه,Prepolye/Pazar-ı Prepolye
پره پول,Prepolye/Prepol
بره بول,Prepolye/Prepol
نفس پره پول,Prepolye/Prepol merkez
پريپولى,Prepolye/Pripoli
پره ساقوفچه,Presakofça
پرسلين,Preselin/Preseklani
برسلين,Preselin/Seklani
پرسيچان,Presiçan
برسجان,Presiçan
پرسجان,Presiçan
پره سپه,Prespa
پرسپه,Prespa
برسبه,Prespa
پرسبه,Prespa/Presbe
پروادى,Prevadi
پره وادى,Prevadi
پراودى,Prevadi
پراوادى,Prevadi
پره وادى,Prevadi
بره وادى,Prevadi
برقازى,Prevadi/Berkazi
پراوادى,Prevadi/Pravadi
پراوادى,Prevadi/Pravadi
پره وزه,Preveze
پره وزه,Preveze
پروزه,Preveze
پره وزه مع لامرى,Preveze maa Lamri
پروزه مع نارده,Preveze maa Narda
نارده مع پروزه,Preveze maa Narda/Narda maa Preveze
نارده مع  پروزه,Preveze maa Narda/Narda maa Preveze
پره وزه مع نواحى,Preveze maa Nevahi
نفس پره وزه,Preveze merkez
پره وزه ونارده,Preveze ve Narda
پره ويزه,Preveze/Previze
پره ويزه,Preveze/Previze
پرز,Prez
پريبوى,Priboy
بريپوى,Priboy
پر يبوى,Priboy
پرى بوى,Priboy
بازار پريبوى,Priboy/Pazar-ı Priboy
پره بوى,Priboy/Preboy
پرپوى,Priboy/Pripoy
پريجه,Price
پرقراى,Prikray
پرقراى,Prikray
پرنيا وور,Prinyavor
پرناوور,Prinyavor/Pernavur
پرناور,Prinyavor/Pernavur
بربود,Pripod
بريبود,Pripod
پريبود,Pripod
پريپوش شاغ,Pripuşşağ
پرپوشته,Pripuşte
پر شتنه,Priştine
پر شتنه,Priştine
پرشتنه,Priştine
پرشتنه,Priştine
برشتنه,Priştine
پر شتنه,Priştine
پر شتنه,Priştine
بازار پرشتنه,Priştine/Pazar-ı Priştine
پريدور,Priyedor
پريئيه در,Priyedor
پريدور مع قوزارچه,Priyedor maa Kozarçe
پريذور,Priyedor/Priyezor
پرزرين,Prizrin
پرزرن,Prizrin
پريزرين,Prizrin
برزرين,Prizrin
پرزرين مع نواحى,Prizrin maa Nevahi
پرزرين مع پرشتنه,Prizrin maa Priştine
پرزرين مع صهريقه,Prizrin maa Suhorika
برزرين مع صهريقه,Prizrin maa Suhorika
نفس پرزرين,Prizrin merkez
نفس پرزرن,Prizrin merkez
پروچه غوره,Proçegora
پرودانو,Prodano
برات,Prodano/Berat
پرادانو,Prodano/Pradano
پرودان,Prodano/Prodan
بروتى,Prodano/Proti
پرولوژچه,Prolojaçe
پرولوسيجه,Prolojaçe/Prolosiçe
پرولوشچه,Prolojaçe/Proloşiçe
پروستنيه,Prostenye
پروواتى,Provati
پروزور,Prozor
پروزر,Prozor
پروزور مع اقحصار,Prozor maa Akhisar
پروزوروپوژين واستروفجه,Prozor ve Pojin (?) ve Ostrofça
بازار پروزور,Prozor/Pazar-ı Prozor
پره زر,Prozor/Prezer
پريدور,Prozor/Pridor
واروش پروزور,Prozor/Varoş-ı Prozor
پساريانو,Psaryano
پساتونيس,Psatonis
پساتونيس ديكر,Psatonis-i diğer
پساتونيس ديكر,Psatonis-i diğer
ديكر پساتونيسى,Psatonis-i diğer (Diğer Psatonisi)
پساتونيسى,Psatonis/Psatonisi
پساتونيزى,Psatonis/Psatonizi
پساتونيزى,Psatonis/Psatonizi
پساتورا,Psatura
ارسوره,Psatura/Arsura
پساثرو,Psatura/Psasuro
پسيخرو,Psihoro
پسيرا,Psira
ايپسيرا,Psira/İpsira
كهله,Psira/Kehle
پساپرا,Psira/Pisapera
پوغانوس,Puganus
پوهوه مكه,Puhovameke
پوحوه مكه,Puhovameke
پوقه,Puka
پوقه,Puka
بوقه مع اقباله,Puka maa İtbala (İkbale)
بوقا واتباله مع مرديتا,Puka ve İtbala maa Mirdita
پوقه,Puka/Malizi
پولاى,Pulay
پلور,Pulur
پوراچيك,Puraçik
پرنار طاغى,Purnardağı
پوشادى,Puşadı
بوشادى,Puşadı
ايليج,Puşadı/İliç
پوشاط,Puşadı/Puşad
شادى,Puşadı/Şadi
پوشوه,Puşova (?)
پوطنه,Putna
پوتنيك,Putnik
بوتنيك,Putnik
پوينيك,Putnik/Puynik
پوزه او,Puzeo
نفس پلومر,Pülümür merkez
پلورك,Pülürek
پورنك,Pürnek
بورنك,Pürnek
پرتلو,Pürtlü
رابه,Raba
ربض عليقه,Rabaz-ı Ulleyka
رابطه,Rabıta
رابغ,Rabiğ
رجومه,Racuma
راچه,Raça
نفس راچه,Raça merkez
راتچه,Raça/Ratça
رداع,Rada
نفس رداع,Rada merkez
رادى,Radi
رادنه,Radna
رادوهنه,Radohine
رادومير,Radomir
رادومير,Radomir
رادومير مع سرشك,Radomir maa Sirişnik (Sirşik)
رادوپوليه,Radopolye
راده پوليه,Radopolye/Radepolye
رادويچقا,Radoviçka
رادوينه,Radovine
رادونه,Radovine
رادويشته,Radovişte
رادويشته,Radovişte
رادوشته,Radovişte
رادوشته,Radovişte
رادويشينه,Radovişte/Radovişine
رادويز,Radoviz
رادوويز,Radoviz
رادويز,Radoviz
رادومير,Radoviz/Radomir
رافتى,Rafti
راكوينه,Ragevine
رغدان,Rağdan
رحبه,Rahbe
رهبه,Rahbe
راحيك,Rahik
رحمانيه,Rahmaniye
راخوفچه,Rahofça
راحوفچه,Rahofça
راحوه,Rahova
رحوه,Rahova
راحووا,Rahova
راحوه مع جبره,Rahova maa Cibre
راحوه مع قصبۀ سبره,Rahova maa Cibre/Rahova maa Kasaba-i Sibre
نيكبولى راحوه سى,Rahova/Niğbolu Rahovası
اوراحووه,Rahova/Orahova
راحويجه,Rahoviçe
راحويجۀ زير و بالا,Rahoviçe-i Zir ve Bala
راحوتچه,Rahoviçe/Rahovitçe
راحويل,Rahovil (?)
راحونيك,Rahovnik
بازار راحونيك,Rahovnik/Pazar-ı Rahovnik
رقه,Raka
رقه لر,Rakalar
رقه,Rakalar/Raka
رقۀ بالا و زير,Rakalar/Raka-i Bala ve Zir
راقتنه,Rakitine
راقتنچه,Rakitniçe
رقه,Rakka
رقّه,Rakka
راقه,Rakka
رقه,Rakka/Ruha
رامه,Rama
رمادى,Ramadi
قلعۀ رمادى,Ramadi/Kale-i Ramadi
رماديه,Ramadi/Ramadiye
رام الله,Ramallah
رمصلى,Ramaslı
رمضان,Ramazan
رامشكان,Rameşkan
ره نسته,Raniste
را نسته,Raniste
رانيه,Raniye
نفس رانيه,Raniye merkez
راپشه,Rapşe
راس,Ras
روى,Ras/Roy
رسيجه,Rasice
راسوه,Rasova
رستوميت,Rastomit
راشيا,Raşeyya
راشيّا,Raşeyya
راشديه,Raşidiye
راشيا,Raşiya
باحينا,Raşiya/Bahina
پاخيا,Raşiya/Pahiya
راكيا,Raşiya/Rakya
راتوناس,Ratonas
راونيچه,Ravaniçe
روانيچه,Ravaniçe
راوندان,Ravendan
راواندان,Ravendan/Ravandan
رواندان,Ravendan/Ravandan
رواندان,Ravendan/Revandan
راونه,Ravna
راونه ريقا,Ravnarika
راونه ريقه,Ravnarika
رياقه,Rayyaka
رياكه,Rayyaka/Rayyake
رازلق,Razlık
رج,Reç
رچ مع لوهه,Reç maa Luhe
رچيچه,Reçiçe
رفيعات,Refiat
رقيعات,Refiat/Rakiat
ركج,Regec
رهباط,Rehbat
رحاليه,Rehhaliye
رجاليه,Rehhaliye/Ricaliye
رِحاليه,Rehhaliye/Rihaliye
ركينه,Rekine
رمشت,Remeşt
رمله,Remle
رمته,Remte
رندسيه,Rendesye
رندينه,Rendine
رَنْدينَه,Rendine
راس قسم,Res-i Kusum
رأس مسندم,Res-i Müsendem
راس رواعي,Res-i Revai
رساوه,Resava
رسوه,Resava
اسوه,Resava/İseva
قلعۀ رساوه,Resava/Kale-i Resava
رسوه,Resava/Reseva
رسلج,Reselec
رسمو,Resmo
رسيمو,Resmo
رثمو,Resmo
رسمو جزيره سى,Resmo Ceziresi
نفس رسمو,Resmo merkez
جزيرۀ رتمو,Resmo/Cezire-i Retmo
رسيمه,Resmo/Resime
رسيمو,Resmo/Resimo
رتيمو,Resmo/Retimo
رتمو,Resmo/Retmo
رَتْمو,Resmo/Retmo
رتمو,Resmo/Retmo
واروش قلععهء رثمو,Resmo/Varoş-Kale-i Resmo
رسنه,Resne
رستما,Restema
رستما و عين و مشيم بيت ابو علوان و توابعه (؟),Restema ve Ayn ve Meşim Beyt-i Ebuulvane ve tevabiihi
رأس العين,Resülayn
راس العين,Resülayn
راس السير,Resüsseyr
رشاديه,Reşadiye
رشى,Reşi
رَشيد,Reşid
رشيد,Reşid
رشيد,Reşid
رشيد مع بورلوس,Reşid maa Burulus
رَشِيد مع بُرلُوس,Reşid maa Burulus
رشكوتان,Reşkotan
رشنگان,Reşkotan (Reşengan (?))
ره اونيون,Reuniyon
رَوَا,Reva
رواى واديء خوبان,Reva-yı Vadi-i Huban
روان,Revan
قلعۀ روان,Revan/Kale-i Revan
روانديز,Revandiz
رواندز,Revandiz
رواندِز,Revandiz
رواندِز,Revandiz
نفس راونديز,Revandiz merkez
روندك,Revanduk
روان سر,Revanser
ريده,Reyde
ريحانيه,Reyhaniye
عميق اوه مع ريحانلو,Reyhaniye/Amikova maa Reyhanlı
نفس ريمه,Reyme merkez
رزازه,Rezaze
رزى,Rezi
رضوان,Rıdvan
ردوان,Rıdvan
رضوانيه,Rıdvaniye
رضائيه,Rızaiye
رباط,Ribat
ربنق,Ribnik
رجال المع,Ricalülma
ريچ,Riç
ريحا و زاويه و روج,Riha ve Zaviye ve Ruc
رقه,Rika
ركا,Rika
ريكان,Rikan
بيكاره,Rikan/Bikare
ريقاش,Rikaş
رقاش,Rikaş
ريم سج,Rimesec
ريمه صونباط,Rimesonbat
ريم صونباط,Rimesonbat
رمنيق مع فوقشان,Rimnik maa Fokşan
ريناسا,Rinasa
ريناسه,Rinasa
رندسته,Rindiste
رنى,Rini
رسان,Risan
قلعۀ رسنه,Risan/Kale-i Risan (Resne)
واروش قلعۀ رسان,Risan/Varoş-ı Kale-i Risan
ريشه,Rişe
رشمل,Rişmil
عشيرت رشوان,Rişvan
رشوان,Rişvan/Mecidiye
رشوانى عشيرتى,Rişvani Aşireti
ريوه,Riva
ايروه,Riva/İrva
روانجق,Riva/Revancık
ريكان,Riyekan
ريكان,Riyekan/Grahova
غراهوه,Riyekan/Grahova
رييول,Riyol
ريزان,Rizan
ريزه,Rize
ريزه مع مپاورى و باطرى و قراى و آندرى,Rize maa Mapavri ve Batırı ve Kura-yı Seba (Kuray) ve Andrı
نفس ريزه,Rize merkez
ريزه و ماپا ورى,Rize ve Mapavri
لازستان,Rize/Lazistan
ريزه,Rize/Lazistan
ريزو,Rizo
رِيزو,Rizo
ريزو,Rizo
ريزو مع منوفاج,Rizo ve Monofaç
ريزو و منوفاچ,Rizo ve Monofaç
جزيرۀ ريزو,Rizo/Cezire-i Rizo
روذارا,Rodara/Rozara
ردوس,Rodos
رودوس,Rodos
نفس ردوس,Rodos
ردوس,Rodos
ردوس,Rodos
ردُوسْ,Rodos
ردوس جزيره سى قلعه سى,Rodos Ceziresi Kalesi
ردوس مع ميس,Rodos maa Meis (Meyis)
ردوس مع ميس,Rodos maa Meyis
نفس ردوس,Rodos merkez
رودوس كهنه,Rodos-ı Köhne
ردوس كهنه,Rodos-ı Köhne
جزيرۀ ردوس,Rodos/Cezire-i Rodos
ايليوسا,Rodos/İlyosa
قلعۀ رادوس,Rodos/Kale-i Rados
قلعۀ رودوس,Rodos/Kale-i Rodos
قلعۀ ردوس,Rodos/Kale-i Rodos
اورودوس,Rodos/Orodos
رَدُوسْ,Rodos/Rados
رادوس,Rodos/Rados
روزكار آطه سى,Rodos/Rüzgar Adası
روفچه,Rofça
روجه,Rofça/Rovce
روفوسه,Rofusa
روفوسا,Rofusa
روغ,Rog
روغ,Rog
قلعۀ روغ,Rog/Kale-i Rog
قلعۀ روغ,Rog/Kale-i Rog
روغام,Rogam
رغام,Rogam
روغوز,Rogoz
راغوز,Rogoz
روقاقه,Rokaka
قزل الما,Roma/Kızılelma
ريم پاپا,Roma/Rimpapa
رومان,Roman
روپوز,Ropoz
روشدن,Roşden
روشقو پوليه,Roşkopolye
روينه,Rovine
روج,Ruc
روج الغربى,Rucülgarbi
روج الشرقى,Rucüşşarki
رودبار,Rudbar
روده,Rude
روده,Rude/Yenivaroş
روده بانه,Rudebana
روديه بانه,Rudebana/Rudyebana
رودخانه مع دربند,Rudhane maa Derbend
رودقات,Rudikat
رودينه,Rudine
رودنه,Rudine
روديله,Rudine/Rudile
رودنيك,Rudnik
رودنيك,Rudnik/Soroviç
روفالو,Rufalo
روغوه,Rugova
روها,Ruha
رها,Ruha
رُوهَا,Ruha
روحه,Ruha
روها,Ruha
نفس اورفه,Ruha (Urfa) merkez
بيرة الفرات,Ruha (Urfa)/Biretülfırat
اورفه,Ruha/Urfa
اورفا,Ruha/Urfa
رها,Ruha/Urfa maa Nevahi
نفس اورفه,Ruha/Urfa merkez
روحيه,Ruhiye
رق الحاجى,Rukkulhacı
روم,Rum
روم,Rum
رومْ,Rum
روم حديث,Rum-ı Hadis
روم قديم,Rum-ı Kadim
روم,Rum/Tokat
رومه,Ruma
رماحيه,Rumahiye
روماهيه,Rumahiye
رماهيه,Rumahiye
رومان,Ruman
روم ايلى,Rumeli
رُومْ ايلى,Rumeli
روم ايلي,Rumeli
روم ايلئ شرقى,Rumeli-i Şarki
شرقى روم ايلى,Rumeli-i Şarki/Şarki Rumeli
روم ايلى,Rumeli/Rumili
روم ايلى فنارى,Rumelifeneri
رمين,Rumeyn
رومي,Rumi
رومى,Rumi
رومى و اشنو,Rumi ve Uşni
ارومى,Rumi/Urumi
روميه,Rumiye
رُومِيَّه,Rumiye
روم قلعه,Rumkale
روم قلعه,Rumkale
روم قلعه قائممقاملغى,Rumkale
رومناچى,Rumnaçi
روندى,Rundi
روندي بالا,Rundi-i Bala
روبجوز,Rupçoz
روبچوز,Rupçoz
روس مملكتي,Rus Memleketi
روسجق,Ruscuk
روسجق,Ruscuk
روسجق,Ruscuk
روس,Ruscuk (Rus)/Yergöğü
روسجق مع نواحى,Ruscuk maa Nevahi
روس,Ruscuk/Rus
روسچق,Ruscuk/Rusçuk
اروس,Ruscuk/Urus
يركوكي بري يقه,Ruscuk/Yergöğü-i Beriyaka
روسى قسرى,Rusikasrı
روسي قصري,Rusikasrı
روسى قصرى,Rusikasrı
روس قصرى,Rusikasrı
روسيقصرى,Rusikasrı
روسه قصرى,Rusikasrı/Rusekasrı
روسقصرى,Rusikasrı/Ruskasrı
روسقصرى,Rusikasrı/Ruskasrı
روست,Rust
روستاو,Rustav
روستيقه,Rustika
اروته,Ruta (Erruta (?))
روطان,Rutan
ردطان,Rutan/Redtan
سعران,Saaran
سبقحانلو,Sabakhanlı (?)
ثابت,Sabit
ابن ثآبت,Sabit/İbn-i Sabit
صبيه,Sabiye
صابوج,Saboc (?)
صابوشلو,Saboşlu
صابورلى,Saburlu
سابوسنه و غفات و منصور و باطنه,Sabusne ve Gaffat ve Mansur ve Batıne (?)
صبيا,Sabya
جبا,Sabya/Caba
صاچى قرالو مع  اسبارته,Saçıkaralı maa Isparta
صاد,Sad
ساداب,Sadab (?)
سعدآباد مع  صاريز مغاره سى,Sadabad maa Sarız Mağarası
صداق,Sadak
صدرك,Saderek
صدمرّه,Sadmerre
صدر دار,Sadr-ı Dar
صدر سويب,Sadr-ı Suveyb
قلعۀ صدر سويب,Sadr-ı Suveyb/Kale-i Sadr-ı Suveyb
سويب,Sadr-ı Suveyb/Suveyb
صدرالعشار,Sadrulaşşar
صدوكين,Sadukin
صدوان,Saduvan
سدوان,Saduvan
صادوديك,Sadvodik
صاد وديك,Sadvodik
صفا,Safa
سفاجه,Saface
صفد,Safed
صفَد,Safed
صفد,Safed
صفد مع عكا و كفر كنه,Safed maa Akka ve Kefrkenne
صفدمع عكا وكفركنه,Safed maa Akka ve Kefrkenne
صفد و جبل,Safed ve Cebel
صفد و صَيْدَا و بيروت,Safed ve Sayda ve Beyrut
صفد و صيدا و بيروت,Safed ve Sayda ve Beyrut
صفت,Safed/Safet
جزيرۀ سفلا,Safiliya/Cezire-i Süfla
الصوفى,Safiliya/es-Sufi
صافيه,Safiliya/Safiye
صافيتا,Safita
صافتا,Safita
صافيتا,Safita
سافونيدى,Safonidi
آپوس نيقولاغوس,Safonidi/Aposnikolagos
ايوس نيقولاغوس,Safonidi/Ayosnikolagos
صفوى,Safva
صفّا,Safva/Saffa
ساغوار,Sagvar
ساغجى مع بادلو,Sağıcı (?) maa Badıllı
صاغ قول,Sağkol
صغمان,Sağman
صَغمَانْ,Sağman
صاحب,Sahib
صايب,Sahib/Saib
ساحل,Sahil
ساحل مع سوسَهْ و لجم و مهديه,Sahil maa Suse (Suseh) ve Lecem ve Mehdiye
ساحل مع سوسَهْ و لجم و مهديّه,Sahil maa Suse ve el-Cem ve Mehdiye/Sahil maa Suseh ve Lecm ve Mehdiye
ساحل مع سوسه و لجم و مهديه,Sahil maa Suse ve Lecem ve Mehdiye
ساحل مع سوسه و لجم و مَهْدُيّه,Sahil maa Suse ve Lecem ve Mehdiye
ساحل عكّه,Sahil-i Akka
ساحل عكا,Sahil-i Akka
ساحل عثليث الغربى,Sahil-i Aslisülgarbi
عتليت,Sahil-i Aslisülgarbi/Atlit
ساحل عتليت,Sahil-i Aslisülgarbi/Sahil-i Atlit
ساحل عينتاب,Sahil-i Aslisülgarbi/Sahil-i Ayntab
ساحل بيروت,Sahil-i Beyrut
ساحل,Sahil-i Beyrut/Sahil
سَاحِلِ حَامِتْ,Sahil-i Hamit
ساحل حامِت و سَبْلِين,Sahil-i Hamit ve Silin (Seblin)
ساحل معركه,Sahil-i Mareke
ساحل,Sahil/Suse
صحنه,Sahna
صحنه وطيبه,Sahna ve Tayyibe
صحنه و طيّبه,Sahna ve Tayyibe
صحرا,Sahra
صحراء قيصريه,Sahra-i Kayseriye
صحرا,Sahra-i Kayseriye/Sahra
صحراى قراقوش,Sahra-yı Karakuş
كوه بلوك قراقوش,Sahra-yı Karakuş/Kuh-ı Bölük-i Karakuş
صحراى قونيه,Sahra-yı Konya
صحرا,Sahra-yı Konya/Sahra
صحراء قونيه,Sahra-yı Konya/Sahra-i Konya
اووه,Sahra/Ova
اوه,Sahra/Ova
صحره اباد,Sahraabad
صهيون,Sahyun
صَهيون,Sahyun
نفس صهيون,Sahyun merkez
صهيون وجبل اكراد,Sahyun ve Cebel-i Ekrad
سعيد اباد,Saidabad
سعد آباد,Saidabad
سعد اباد,Saidabad
سعيد اباد,Saidabad/Afşar Aşireti
سعيد ايلى,Saidili
سعيد ايلى مع دربند قادين خانى,Saidili maa Derbend-i Kadınhanı
سعيد ايلى مع يوركان لادق,Saidili maa Yörükan-ı Ladik
قادين خان,Saidili/Kadınhan
سعيد ايلى,Saidili/Kadınhanı
سعل عدر,Sail Ader
سعل عدر الكبير,Sail Aderilkebir
سعل عنبر,Sail Anber
سعل عربى,Sail Arabi
سعل بديره,Sail Bedire
سعل كتاب,Sail Küttab
سعل صيح,Sail Sih
صقال,Sakal
صقل,Sakal
سقال,Sakal
صقان,Sakan
صقارقيا,Sakarkaya
سقاريا,Sakarya
سقاريه,Sakarya
سقريه,Sakarya
صاقچ,Sakç
صاقج,Sakç
صاقچه,Sakç/Sakça
ساقز,Sakız
ساقيز,Sakız
صاقز,Sakız
ساقز,Sakız
سَاقز,Sakız
ساقز مع قراى مصطكى,Sakız maa Kura-yı Mastaki
نفس ساقز,Sakız merkez
جزيرۀ ساقز,Sakız/Cezire-i Sakız
ديوان ساقز,Sakız/Divan-ı Sakız
قلعۀ ساقز,Sakız/Kale-i Sakız
قلعۀ صاقز,Sakız/Kale-i Sakız
ساقز,Sakız/Kastro
قاسترو,Sakız/Kastro
ساقز جزيره سى,Sakız/Sakızceziresi
واروش جزيرۀ ساقز,Sakız/Varoş-ı Cezire-i Sakız
واروش ساقز,Sakız/Varoş-ı Sakız
ساقيۀ موسى,Sakiyye-i Musa
ساقِيّۀ موسى,Sakiyye-i Musa
صقلاويه,Saklaviye
سقلاويه,Saklaviye
صقمار,Sakmar
ساله,Sala
صلاچور,Salaçor
صلاجور,Salaçor
صلاحيه,Salahiye
صلاحيّه,Salahiye
نفس صلاحيه,Salahiye merkez
قصبۀكفرى,Salahiye/Kasaba-i Kifri
كفرى,Salahiye/Kifri
كفرى,Salahiye/Kifri
صلاحيه,Salahiye/Kifri
سالحوره,Salahora
سلحوره,Salahora
سلقه,Salaka
صلاقه,Salaka
صلاقوز,Salakuz
سالامين,Salamin
قالويرو,Salamin/Kaliviro
قالورى,Salamin/Kaluri
قلورو,Salamin/Kaluro
قولورى,Salamin/Kuluri
قلورى,Salamin/Kuluri
قولوري,Salamin/Kuluri
كولورى,Salamin/Kuluri
سلاميس,Salamin/Selamis
صالانته,Salanta
سلط,Salat
صلوار,Salavar
صالاوار,Salavar
صلاوار,Salavar
صَلاَوار,Salavar
ساله,Sale
صالغر,Salgır
صلحد,Salhad
صلخد,Salhad
سلحد,Salhad
سلحط,Salhad/Selhat
صالق,Salık
صالحيه,Salihiye
صالحلو,Salihli
صالحلى,Salihli
نفس صالحلو,Salihli merkez
صالحلر,Salihli/Salihler
صالحلو,Salihli/Salihlü
صليما,Salima
سالمه,Salima
سالمه,Salime
سلمه,Salime/Selime
صالنه,Salina
سالينه,Salina
صالونه,Salina/Saluna
سالمانلر,Salmanlar
صالنجه,Salniçe
سلط,Salt
صلت,Salt
صلت عجلون,Salt-Aclun
صلت عجلون مع كرك و شوبك,Salt-Aclun maa Kerek ve Şubek (Şevbek)
صالتق,Saltık
صالور,Salur
صماقو,Samakov
صماقو الاپلى,Samakov-ı Alaplı
صماقو آلاپلى,Samakov-ı Alaplı
صماقو,Samakov-ı Alaplı/Samakov
صماقو ايولايچو,Samakov/Samakov-ı İvlayçov
صماقوجق,Samakovcuk
دمير كوى,Samakovcuk/Demirköy
صماقو,Samakovcuk/Samakov
تيمور كوى,Samakovcuk/Timurköy
صمان,Saman (?)
صمانجى,Samancı
صماپور,Samapor
صمابور,Samapor
قلعۀ صمابور,Samapor/Kale-i Samabor
صمابور,Samapor/Samabor
صمارجق,Samarcık
صمرجق,Samarcık
صمارينه,Samarina
سامرا,Samarra
سامره,Samarra
سمارها,Samarra/Samarraha
سرمنرا,Samarra/Sürremenra
سرّمن را,Samarra/Sürremenra
سرمن را,Samarra/Sürremenra
ساميوپولا,Samiyopula
آيى,Samiyopula/Ayı
سيماپولو,Samiyopula/Simapulo
ساموتراكى,Samotraki
ساموتراكى,Samotraki/Matraki
ساماتراكى,Samotraki/Samatraki
سمندرك,Samotraki/Semendirek
صمصاد,Samsad
صامصاد,Samsad
سميصاد,Samsad/Semisad
سيمساط,Samsad/Simisat
صامسون,Samsun
صامسون,Samsun
سامسون,Samsun
نفس صامسون,Samsun merkez
صامسون و معدن كابى,Samsun ve Maden-i Kabi
سان,San
صنعا,Sana
سنه,Sana
صَنْعا,Sana
صانه,Sana
سانه,Sana
نفس صنعا,Sana merkez
صنعان,Sana/Sanan
صناحين,Sanahin
صنامير,Sanamir
سنجاق,Sancak
سنجاسولى,Sancasulu (?)
صنداللو,Sandallı
صندللى,Sandallı
صندارون,Sandaron (?)
صندقلى,Sandıklı
صندوقلى,Sandıklı
صندقلو,Sandıklı
صاندقلو,Sandıklı
نفس صندوقلى,Sandıklı merkez
صندقلو,Sandıklı/Sandıklu
صندوقلى,Sandıklı/Sanduklı
صندوقلو,Sandıklı/Sanduklu
ساندومينو,Sandomino
صاندومير,Sandomir
سانيچه,Saniçe
صنار,Sannar
ساننيقولو,Sannikolo
سانسغو,Sansigo
سانسكى موست,Sanskimost
سانسقى موست,Sanskimost
سانسكى موست,Sanskimost
صانه,Sanskimost/Sana
سانه,Sanskimost/Sana
سانطه,Santa
سانتورين,Santorin
سانطورين,Santorin
صانطورين,Santorin
صانتورين,Santorin
سنطورين,Santorin
استانبوليه,Santorin/İstanbuliye
استانبوليّه,Santorin/İstanbuliye
سانتورون,Santorin/Santoron
صانطورون,Santorin/Santoron
سانتوزين,Santorin/Santozin
سقارو,Santorin/Skaro
صپانجه,Sapanca
صپانجا,Sapanca
صبانجه مع  بش ديوان,Sapanca (?) maa Beşdivan
صبانجى مع آطه بازارى,Sapanca (Sabancı) maa Adapazarı
صبانجى,Sapanca (Sabancı)/Ada
سبانجه مع  آطه پازارى,Sapanca maa Adapazarı
صبانجه,Sapanca/Sabanca
صبانجى,Sapanca/Sabancı
صبانجى / صبانجه,Sapanca/Sabancı
صبانلى,Sapanca/Sabanlı
ساپيانزا,Sapiyanza
بستيه ادالرى,Sapiyanza Adaları
ساپنيچه,Sapiyanza/Sapniçe
ساپيانس,Sapiyanza/Sapyanis
صاپنه,Sapna
سراجلى,Saraçlı
صاره ده,Sarada
سراكينو,Sarakino
صرانده,Sarande
سارات,Sarat
صراته,Sarata
صرته,Sarata
صاراته,Sarata
صارى آتا,Sarata/Sarıata
سراى,Saray
سراى ويزه,Saray-ı Vize
سراى,Saray-ı Vize/Saray
سرايحه,Saray-ı Vize/Sarayha
سراى بوسنه,Saraybosna
بازار تورقوشته,Saraybosna (Saray)/Pazar-ı Turkovişte
سراى بوسنه مع نواحى,Saraybosna maa Nevahi
بازار سراى,Saraybosna/Pazar-ı Saray
سراى,Saraybosna/Saray
واروش سراى,Saraybosna/Varoş-ı Saray
سرايجق,Saraycık
سيرانجق,Saraycık/Seyrancık
سراى كوى,Sarayköy
سرايكوى,Sarayköy
نفس سرايكوى,Sarayköy merkez
اذينه,Sarayköy/Ezine
ازينه لازقيه,Sarayköy/Ezine-i Lazkiye
ازينه لاذقيه,Sarayköy/Ezine-i Lazkiye
ازينۀ لاذقيه,Sarayköy/Ezine-i Lazkiye
اذينه لاذقيه,Sarayköy/Ezine-i Lazkiye
ازينۀ لادقيه,Sarayköy/Ezine-i Lazkiye
سراى كوى,Sarayköy/Ezine-i Lazkiye (Çarşamba-i Lazkiye)
سراى,Sarayköy/Saray
سراى,Sarayköy/Saray
سراى اوزى,Sarayözü
صاردنيا,Sardunya
ساردينيا,Sardunya/Sardinya
صارو,Sarı/Saru
صارى آلاڭ,Sarıalan
صارى بل,Sarıbel
صارى بورون,Sarıburun
صاريجه,Sarıca
صاريجه على,Sarıcaali
صاري چام,Sarıçam
صارى چام,Sarıçam
صارى چام و عشيرت حاجيلو و كوركجيلو,Sarıçam
صاري چام مع قره قشله,Sarıçam maa Karakışla
صارى چام وعشيرت حاجيلو و كوركجيلو,Sarıçam ve Aşiret-i Hacılı ve Kürkçülü
صارى,Sarıçam/Sarı
صاروچام,Sarıçam/Saruçam
صارو چام,Sarıçam/Saruçam
صارى چاير,Sarıçayır
صاريچاير,Sarıçayır
صاري جاير,Sarıçayır
صارى جاير,Sarıçayır
صارى چيچك,Sarıçiçek
صا رى چيچك,Sarıçiçek
صارى طوغان,Sarıdoğan
صارى غازى,Sarıgazi
صارى كول,Sarıgöl
صارى كول,Sarıgöl/Çarşamba
صارى گول,Sarıgöl/Çarşamba
چهارشنبه,Sarıgöl/Çarşamba
جهارشنبه,Sarıgöl/Çarşamba
صارى ىول,Sarıgöl/Sarıyol
صارى كوزل,Sarıgüzel
صاريخانلر,Sarıhanlar
صارى حضر,Sarıhızır
صارو قامش,Sarıkamış
صارى قاميش,Sarıkamış
صارى قواق,Sarıkavak
صارى قواق,Sarıkavak
صاريقواق,Sarıkavak
صارى قواق مع زينى,Sarıkavak maa Zeyne (Zeyni)
صارى كچيلو,Sarıkeçili
صارى كجيلو,Sarıkeçili
صارى كوى,Sarıköy
صاروميشه,Sarımeşe/Sarumişe
صارو مشه,Sarımeşe/Sarumişe
صارو ميشه,Sarımeşe/Sarumişe
صارمساقلى,Sarımsaklı
صارنچ,Sarınç/Sarnıç
صارينى,Sarını
صارى اوغلان,Sarıoğlan
صارى صو,Sarısu
صارى شعبان,Sarışaban
صاريشعبان,Sarışaban
صارى طاش,Sarıtaş (?)
صاري يار,Sarıyar
صاريز,Sarız
ساريز,Sarız
كوى يرى,Sarız/Köyyeri
صاروز,Sarız/Saruz
ساريزك,Sarızeg
ساريه,Sariya
ساريا,Sariya
سارييا,Sariya
سارييه,Sariya
اسقارپاتون,Sariya/Iskarpaton
ميقرى قاربانو,Sariya/Mıkrıkarbano
ميساريا,Sariya/Misarya
مساريا,Sariya/Misarya
صارنج,Sarnıç
ساروس,Saros
ساروس,Saros
سارپتاق,Sarpatak
سارپطاق,Sarpatak
شارپتاق,Sarpatak/Şarpatak
صارصب,Sarsab
صارصاب,Sarsab
سارسو,Sarso
صارت,Sart
صرط,Sart
صارت مع صالحلو,Sart maa Salihli
صارت مع صالحلر,Sart maa Salihli (Salihler)
صاروخان,Saruhan
صَارُوخَان,Saruhan
صاروحان,Saruhan
صرخان,Saruhan
صاروخان,Saruhan/Manisa
مغنيسا,Saruhan/Manisa
صاروحان بكلو,Saruhanbeyli
صاروقورغان,Sarukurgan
افشار,Sarukurgan/Afşar
صارواشقو,Sarvaşkö
صارواشكو,Sarvaşkö
سارويز,Sarviz
ساس,Sas
صاصون,Sason
صاسون,Sason
صاسون,Sason
ساسون,Sason
نفس صاسون,Sason merkez
صاطانوه,Satanova
نفس صاطانوه,Satanova merkez
صاتلمش و بيراملو,Satılmış ve Bayramlı
صاتليل,Satlil
صاتليل و مرخو,Satlil ve İmirhavi (Mirhav)
صاوا,Sava
صوه,Sava
صاوه,Sava
صوبا,Savba
ساوجى صنقور,Savcısunkur
صاورون,Savrun
ساوسيغ,Savsig
صاوور,Savur
صاور,Savur
صيادا,Sayada
صيعان,Sayan
سيعان,Sayan (Seyan (?))
صيدا,Sayda
صيدا,Sayda
صيدا و بيروت,Sayda ve Beyrut
صيداوبيروت,Sayda ve Beyrut
ساير مواضع,Sayir Mevazi
صير ابو نعير,Sayr Ebunuayr
ساز,Saz
صاز,Saz
ساز,Saz
سازاق,Sazak
سزاق,Sazak
سازه نو,Sazano
سازه نو,Sazano/Sazan
سازا ن,Sazano/Sazan
سازانه,Sazano/Sazana
صازنا,Sazano/Sazana
سازنه,Sazano/Sazana
سرانوس,Sazanos/Saranos
ساز باشى,Sazbaşı
سازباشى,Sazbaşı
سازين,Sazin
سازن,Sazin
سازلى دره,Sazlıdere
صازلق,Sazlık
سبلبن,Sebellebin
سبللبين,Sebellebin
صبرقطي,Sebercet/Saberkati
سن جون,Sebercet/Sincun
سبحه,Sebha
سبهه,Sebhe
سَبْهَه,Sebhe
سَبْهه,Sebhe
سبهه و سمنو,Sebhe ve Semnu
شبين,Sebhe/Şübeyn
سبيا و زنجير,Sebiya ve Zencir
سپكى,Sebki/Sepki
سَبْلِينْ,Seblin
سچن,Seçen
سَچَانْ,Seçen/Seçan
سَچَان,Seçen/Seçan
سچان,Seçen/Seçan
سچشته,Seçişte
سلچشته,Seçişte/Selçişte
سدّ اسلام,Sedd-i İslam
سد البحر,Seddülbahir
صدف,Sedef
انتروويتا,Sedef/Antirovita
صدف,Sedef/Antirovita
طوشان,Sedef/Tavşan
سدره,Sedra
سدرو,Sedro
ماقرى,Sedro/Makri
سفاجر,Sefacir
سه فاجر,Sefacir
سفريحصار,Seferihisar
سفريحصار چشمه مع ناحيۀ هَرَكَه و قلعۀ صيغجق,Seferihisar (Sifrihisar-ı Çeşme) maa Nahiye-i Hereke ve Kale-i Sığacık
سفريحصار چشمه مع ناحيۀ هركه,Seferihisar-ı Çeşme maa Nahiye-i Hereke
سفريحصار,Seferihisar/Sığacık
سوريحصار,Seferihisar/Sifrihisar
سفريحصار چشمه,Seferihisar/Sifrihisar-ı Çeşme
سفريحصارچشمه,Seferihisar/Sifrihisar-ı Çeşme
سفريحصار جشمه,Seferihisar/Sifrihisar-ı Çeşme
سوريحصار,Seferihisar/Sivrihisar
سغارلا,Segarla
سقاره,Segarla/Sekare
ساكاويجه,Segaviçe
سكاويچه,Segaviçe
سكديك,Segedik
سكدين,Segedin
سَكَدِينْ,Segedin
سگدين,Segedin
نفس سكدين,Segedin merkez
سكدين,Segedin/Baçka
سكژد,Segejd
سختلو,Sehatlı (?)
سكچوى,Sekçuy
سكچوي,Sekçuy
سكجوي,Sekçuy
سَكْچُويْ,Sekçuy
قلعه سكجوي,Sekçuy/Kale-i Sekçuy
سكلهد,Sekelihid
سكر,Seker
سكريان,Sekeryan
سكرمه,Sekirme
سكروفچه,Sekirofça
سَكْسَار,Seksar
سكسار,Seksar
سَكْسَارْ,Seksar
سكسار مع مهاچ,Seksar maa Mohaç
سكتان,Sektan
سلالى,Selali
سلاله,Selali/Selale
سلامه,Selame
سلامتلى,Selametli
سلانيك,Selanik
سلانيق,Selanik
سلانيك,Selanik
سلانيك مع نواحى,Selanik maa Nevahi
نفس سلانيك,Selanik merkez
نفس سلانيك مع نواحى,Selanik merkez maa Nevahi
سلانيك و قواله,Selanik ve Kavala
سلانيك مع نواحئ كسندره و گلمريه و معدن سيديروقافسى,Selanik ve nevahi-i Kesendire ve Kelemerye ve Maden-i Sidirokafsi
سلانيك مع نواحئ كسندره و گلمريه و معدن سيديروقافسى,Selanik ve nevahi-i Kesendire ve Maden-i Sidirokafsi
سلانيك وسدره قپسى,Selanik ve Sidrekapsi
سلبوكن,Selbüken
سلبوكنى,Selbüken/Selbüken
سِلبكون,Selbüken/Silbükün
سلفيه,Selefiye
سلحوره,Selehora
سلميه,Selemiye
سلميه و ديررحبه,Selemiye ve Deyr ve Rahbe (Deyr-Rahbe)
سليميه,Selemiye/Selimiye
سلميه,Selemiye/Selimiye
سليميه,Selemiye/Selimiye
سلندى,Selendi
سلندى,Selendi
سلندي,Selendi
سلنتى,Selendi
سلندر,Selendi/Selender
سيلندى,Selendi/Silendi
سلنچه,Seleniçe
سله پور,Selepur
سيلى,Seli (Seyli)/Hankendi
سيلى,Seli (Seyli)/Hankendi (Hanköy)
سيلى,Seli/Seyli
سليم,Selim
سلنو,Selino
جزيرۀ سلنه,Selino/Cezire-i Seline
سالنه,Selino/Saline
سلينه,Selino/Seline
سلنه,Selino/Seline
سَلنه,Selino/Seline
سَلِنه,Selino/Seline
سلنه,Selino/Seline
سلنه قستلى,Selino/Selinekasteli
سلونه,Selino/Selone
سلنتى,Selinti
سلنتى,Selinti
سلندى بازارجق بولكه سى,Selinti (Selindi) Pazarcık bölgesi
سلنتى مع بلكۀ پازارجق وبلكۀ اينجه آغز,Selinti maa bölge-i Pazarcık ve bölge-i İnceağız
سلنتى مع نواحى,Selinti maa Nevahi
غازى پاشا,Selinti/Gazipaşa
سلندى,Selinti/Selindi
سلندي,Selinti/Selindi
سلقين,Selkin
سقلين,Selkin/Saklin
سلمانلر,Selmanlar
سلمانلى,Selmanlı
سلمانلو,Selmanlı
سلمانلو و قراء ممالو,Selmanlı ve Kura-i Mamalı (Mamalu)
سلمانلوى كبير,Selmanlı-yı Kebir
سلمانلو كبير,Selmanlı-yı Kebir/Selmanlı Kebir
سلمانلوء كبير,Selmanlı-yı Kebir/Selmanlu-i Kebir
سلمانلوى صغير,Selmanlı-yı Sagir
سلمانلو صغير,Selmanlı-yı Sagir/Selmanlı Sagir
سلمانلوء صغير,Selmanlı-yı Sagir/Selmanlu-i Sagir
سلمانلى,Selmanlı/Salmanlı
سالمانلى,Selmanlı/Salmanlı
سلمان پاك,Selmanpak
سلماس,Selmas
سلمنك,Selmenik
سلمى,Selmi
سلودى (؟),Seludi (?)
سلوه,Selve
سما ديرك,Semadirek
سمادرك,Semadirek
سمدرك,Semadirek
سمادرك,Semadirek
سما درك,Semadirek
جزيرۀ سمدرك,Semadirek/Cezire-i Semadirek
جزيرۀ سمادرك,Semadirek/Cezire-i Semadirek
سمادك,Semadirek/Semadik
سمادرك,Semadirek/Semadirek
سمادرك,Semadirek/Semadrek
سَمَادْرَكْ,Semadirek/Semadrek
سَمادْرَكْ,Semadirek/Semadrek
سمدرك,Semadirek/Semedirek
سمندره,Semadirek/Semendire
سمندرك,Semadirek/Semendirek
سمنديرك,Semadirek/Semendirek
سماوه,Semave
سموات,Semave/Semavat
سماوات,Semave/Semavat
سمن,Semen
سمنه,Semen/Semene
سمندره,Semendire
سمَندرَه,Semendire
سمندره,Semendire
سمندره,Semendire
سمندره اوصادى,Semendire Osadı
اوصاد,Semendire Osadı/Osad
اوصد,Semendire Osadı/Osad
اوصات,Semendire Osadı/Osat
قلعۀ سمندره,Semendire/Kale-i Semendire
سمراوزى,Semerözü
سمز اوزى,Semerözü/Semizözü
سمحال,Semihal
سمنو,Semnu
سَمْنُو,Semnu
سمنو و سبهه,Semnu ve Sebhe
سمت قبلى,Semt-i Kıbli
سمت قبله,Semt-i Kıbli/Semt-i Kıble
سناك,Senak
سنبللوين,Senbellavin
سَنْبَلْلُوِين,Senbellavin
سَنْبَلْلُوين,Senbellavin/Senbellüvin
سنجبد,Sencbed
سنبو,Senebu
سنمنلى,Senemenli
سنامنلو,Senemenli
سينامنلو,Senemenli/Sinamenli
سنك سلفكه,Seng-i Silifke
سنكاو,Sengav
سنكلت,Sengelet
سنكوب,Sengob
نفس قلعۀ سنكوب,Sengob Kalesi merkezi
سنغودهار,Sengodhar
سنكورك,Sengorg
سنكرود,Sengrod
سنگرود,Sengrod
سنكروت,Sengrod/Sengrot
سنحان,Senhan
بلاد سنحان,Senhan/Bilad-ı Senhan
سنيچه,Seniçe
سنيچه,Seniçe
سنجه,Seniçe
سنيچه نام ديكر استار افلاق مع نواحى,Seniçe maa Nevahi/İstar Eflak
سيه نيجه,Seniçe/Siyeniçe
سكر,Senir
سڭر مع دوشنبه,Senir maa Düşenbe
سكر مع دوشنبه,Senir maa Düşenbe
سكركند,Senirkend
سكر كند,Senirkend
سكر كنت,Senirkend/Senirkent
سكركسن,Senirkesen
سن لازار,Senlazar
سن لورينچ,Senlörinç
سنلورنج,Senlörinç
سنلورنچ,Senlörinç
سنلورينچ,Senlörinç
سنمارتين,Senmartin
سن مارتين,Senmartin
سنمارتون,Senmartin/Senmartun
سنمقلوش,Senmikloş
بالا سنمقلوش,Senmikloş/Balasenmikloş
سن موريس,Senmoris
سن پتره,Senpetre
سنت اندريه,Sentandreye
سنت آنغريقو,Sentangeriko
سنت جون,Sentcon
سنت جونس,Sentcons
سنت جورج,Sentcorc
سنت استاد,Sentestad
سنت نيقولا,Sentnikola
آيانيقولا,Sentnikola/Ayanikola
ايانقولا,Sentnikola/Ayanikola
سنت نيقولو,Sentnikolo
سنت پليوس اطه جغى,Sentpiliyos Adacığı
سپنديك,Sepenedik
سپتجى,Sepetci
سپتلى,Sepetli
سپكى,Sepki
سبكى,Sepki/Sebki
سپته,Septe
سراب,Serab
سراجو,Seracu
سرا دره سى,Seraderesi
سراكنه,Serakine
سراة,Serat
سرا,Serat/Sera
سربند,Serbend
سرچمه,Serçeme
سرچيان,Serçeyan
سرچه,Serçeyan/Serçe
سر چنار,Serçınar
سرچنار و قوپسى (؟),Serçınar ve Kopsi (?)
سرچنار غربى,Serçınar-ı Garbi
سرچنار غرب,Serçınar-ı Garbi (Garb)
سرچنار شرقى,Serçınar-ı Şarki
سرچنار شرق,Serçınar-ı Şarki (Şark)
سرچنار شرقى,Serçınar-ı Şarki/Demirkan
سرده,Serde
سرده هل,Serdehel
سردرود,Serdrud
سردصحرا,Serdsahra
سردوصحرا,Serdsahra
سرسك,Seresek
سرفيچه,Serfiçe
سرفيجه,Serfiçe
سرفچه,Serfiçe
سرفيچه,Serfiçe
سرفيچه مع اكرى بجاق,Serfiçe maa Eğribucak
نفس سرفيچه,Serfiçe merkez
سرفيجه,Serfiçe/Serfice
سر فيروز اباد,Serfiruzabad
سرفوپولو,Serfopolo/Küçükserfo
كوجك سرفوز,Serfopolo/Küçükserfoz
سرفو,Serfopolo/Serfo
سريفوپولون,Serfopolo/Serifopulon
سركن,Sergen
قزانو,Sergiç/Kazano
كليسه,Sergiç/Kilise
سركيچ,Sergiç/Tavşan
سريج,Seric
سريفوس,Serifos
سرفوس,Serifos
قيونلجه,Serifos/Koyunluca
سرفيه,Serifos/Serfiye
سرفو,Serifos/Serfo
سرفوز,Serifos/Serifoz
سرپو,Serifos/Seripo
سريغو,Serigo
بويوك چوقه,Serigo/Büyükçuka
بيوك چوقه,Serigo/Büyükçuka
چقه,Serigo/Çuka
چوقه,Serigo/Çuka
شرش,Seriş
سر قالو,Serkalo (?)
سركش,Serkeş
سركيس,Serkeş/Serkis
سركس,Serkeş/Serkis
سركس,Serkis
سركيس,Serkis
سرماسادارس و سانه,Sermasadaris ve Sana (?)
سرمين,Sermin
سرعين,Serraayn
سرتاج,Sertaç
سرو,Serv
سروى,Servi
الافونيزى,Servi/Elafonizi
پاشا,Servi/Paşa
سَرْوِيّه,Serviye
سرويّه,Serviye
سسقيلى,Seskılı
كوچك سنبه كى,Seskılı/Küçüksönbeki
سكى,Seskılı/Seki
سقلى,Seskılı/Seklı
سسكى,Seskılı/Seski
سقيلى,Seskılı/Sikılı
سيسكى,Seskılı/Siski
سترك,Setrek
سترك سفلا,Setrek-i Süfla
سواديه,Sevadiye
سوادى,Sevadiye/Sevadi
سواكن,Sevakin
جزيرۀ سواكِن,Sevakin/Cezire-i Sevakin
سوير,Sevir
ثور,Sevr
سيدى بن عباس,Seydi bin Abbas
سيدكان,Seydikan
سيدى قواقى,Seydikavağı
سيدى كوى,Seydiköy
سيديكوى,Seydiköy
سيدى كويى,Seydiköy/Seydiköyü
سيدى شهرى,Seydişehri
سيدى شهري,Seydişehri
سيدى شهرى,Seydişehri
سيدى شهر,Seydişehri/Seydişehir
سيد شهر,Seydişehri/Seyyidşehir
سيد شهرى,Seydişehri/Seyyidşehri
سيّد شهرى,Seydişehri/Seyyidşehri
سيحات,Seyhat
سهات,Seyhat/Sehat
شهات,Seyhat/Şehat
سيحون,Seyhun
قزيل ارمق,Seyhun/Kızılırmak
قزيل ايرمق,Seyhun/Kızılırmak
سيحان,Seyhun/Seyhan
سيل كبير,Seyl-i Kebir
سيلان,Seylan/Serendib
سنبول,Seynol (?)
سيّد,Seyyid
سيد بابا,Seyyidbaba
سيد غازى,Seyyidgazi
سيد غازي,Seyyidgazi
سيدى غازى,Seyyidgazi/Seydigazi
سيدى غازي,Seyyidgazi/Seydigazi
سيدلر,Seyyidler
صيچان,Sıçan
صچان,Sıçan
سيچان,Sıçan
پونديقواطه جغى,Sıçan/Pondiko Adacığı
صيغه حق,Sığacak
صيغه جق,Sığacık
قلعۀ صيغه جق,Sığacık/Kale-i Sığacık
صغر,Sığır
صغير,Sığır
بووى,Sığır/Bovey
وويدونى,Sığır/Voydoni
صغرى,Sığrı
صيغرى,Sığrı
صندرغى,Sındırgı
چوروم,Sındırgı Çorum/Çorum
صرب,Sırb
سرب,Sırb
سيرب,Sırb
صرب ولايتي,Sırb Vilayeti
صرپ امارتى,Sırb/Sırp Emareti
صيرچه اباد,Sırçaabad
سرقنطى,Sırkıntı
سرقنطئ بالا,Sırkıntı-i Bala
سرقنطيء بالا,Sırkıntı-i Bala
يوقارو صارقنديلى,Sırkıntı-i Bala/Yukarısarkındılı
يوقارى سرقنطى,Sırkıntı-i Bala/Yukarısırkıntı
سرقنطئ زير,Sırkıntı/Sırkıntı-i Zir
صرب صنديغى,Sırpsındığı
صرت,Sırt
صرت مع اكدير,Sırt maa İğdir
صارت,Sırt/Sart
سعال,Sial
سيال,Sial
سيئال,Sial
سيأل,Sial
سيئل,Sial
سيبريچه,Sibriçe
سبياك,Sibyak
سجيليه,Sicilya
سجليه,Sicilya
سده,Side
سيده رى اوه,Sideriova
سدره قبسى,Sidrekapsi
سدره قپسى,Sidrekapsi
سدره قاپسى,Sidrekapsi
معدن سيديروقافسى,Sidrekapsi/Maden-i Sidirokafsi
معدن سدره قپسى,Sidrekapsi/Maden-i Sidrekapsi
سدروقاپسى,Sidrekapsi/Sidrokapsi
سيدوسسا,Sidussa
سيدوزا,Sidussa/Siduza
سيفنوس,Sifnos
سفنوس,Sifnos
سفنوه,Sifnos (Sifnova (?))
جزيرۀ شفنوس,Sifnos/Cezire-i Şifnos
اسپنوس,Sifnos/İspinos
سيفانو,Sifnos/Sifano
سفينوز,Sifnos/Sifinoz
سيفنه,Sifnos/Sifne
سفنوش,Sifnos/Sifnoş
سيفنوز,Sifnos/Sifnoz
شفنوس,Sifnos/Şifnos
شيفنوز,Sifnos/Şifnoz
شفنوز,Sifnos/Şifnoz
ياوزجه,Sifnos/Yavuzca
ثيغانى,Sigani
ماورونيسى,Sigani/Mavronisi
سكت,Siget
سكتوار,Sigetvar
نفس سكتوار,Sigetvar merkez
سكتوار و پچوي,Sigetvar ve Peçuy
قلعۀ سكتوار,Sigetvar/Kale-i Sigetvar
سَكتْوآر,Sigetvar/Segetvar
سيكى,Siği
سحاب,Sihab
سعرد,Siird
سعيرد,Siird
نفس سعرد,Siird merkez
سعرد و حصنمنصور,Siird ve Hısn-ı Mansur
اسفرد,Siird/İsfird
اسعرد,Siird/İsird
سعرد,Siird/İsird
سيكى يا,Sikiya
سيقلاد آطه لر,Siklad Adaları
سيقلاد اطه لرى,Siklad Adaları
سيقلاد,Siklad Adaları
سايقليد اطه لرى,Siklad/Sayaklid Adaları
سلاح,Silah
سيلاح,Silah
سيلاخور,Silahur
سيلفانى,Silifani
سلفكه,Silifke
سيلفكه,Silifke
سلفكه مع اوقاف و بلكۀ جبل,Silifke maa Evkaf ve Bölge-i Cebel
سليس اوزي,Silisözü
سيليس اوزى,Silisözü
سيلس اوزى,Silisözü
سلس,Silisözü/Silis
سلستره,Silistre
سِلِسترَه,Silistre
سلستره,Silistre
سلستره مع نواحى,Silistre maa Nevahi
سلستره مع طولچى,Silistre maa Tulca
اوزى,Silistre/Özi
سلتره,Silistre/Silitre
سلورى,Silivri
سلورى,Silivri
سيليورى,Silivri
سيلورى,Silivri
سليورى,Silivri
سيليورى,Silivri
سلوپى,Silopi
سلوبى,Silopi
سلوبى,Silopi/Silobi
سلوان,Silvan
سيلوان,Silvan
سيلوان,Silvan
ميا فارقين,Silvan/Meyyafarikin
سيلوان,Silvan/Meyyafarikin
سلوان,Silvan/Meyyafarikin
ميّافارقين,Silvan/Meyyafarikin
ميافارقين,Silvan/Meyyafarikin
مفارقين,Silvan/Meyyafarikin (Mefarikin)
سماو,Simav
سيماو,Simav
نفس سيماو,Simav merkez
شابخانه,Simav/Şabhane
سمر,Simer
سيمار,Simer/Simar
سمير,Simer/Simir
سيمين رود,Siminrud
سيموش,Simoş
سمره,Simre
سمره طاشان,Simre-i Taşan
سمرۀ لاديق,Simre/Simre-i Ladik
سين,Sin
سيل,Sin (Sil (?))
سن و آگو و خوشناو,Sin ve Agu ve Hoşnav
سين و چتنه,Sin ve Çetine
قلعۀ سين و چتنه,Sin ve Çetine/Kale-i Sin ve Çetine
قلعۀ سين,Sin/Kale-i Sin
قلعۀ سين,Sin/Kale-i Sin
سنه,Sin/Sine
واروش قلعۀ سين,Sin/Varoş-ı Kale-i Sin
سينافير,Sinafir
سناف,Sinafir/Senaf
سنان,Sinan
سنان,Sinan
سنانلو,Sinanlı
سنانلى,Sinanlı
سنان پاشا,Sinanpaşa
سنجان,Sincan
سنجان مع  كرماستى,Sincan maa Kirmasti
سنجان مع  ميخاليج,Sincan maa Mihaliç
سنجاق مع  ميخاليچ,Sincan maa Mihaliç/Sancak maa Mihaliç
سنجانلو,Sincanlı
سنجانلو,Sincanlı
سنجانلى,Sincanlı
صيچانلو,Sincanlı/Sıçanlı
صچانلو,Sincanlı/Sıçanlı
سيچانلى,Sincanlı/Sıçanlı
سنجانلى,Sincanlı/Sinanpaşa
سنان پاشا,Sincanlı/Sinanpaşa
سنجان,Sincanlı/Sincan
اولو سنجانلو,Sincanlı/Ulusincanlı
سنجار,Sincar
نفس سنجار,Sincar merkez
بلد,Sincar/Beled
سَنْجَارْ,Sincar/Sencar
سنجاو,Sincar/Sincav
سنجيك,Sincik
سنجك,Sincik
سندى,Sindi
سندى كللى,Sindigüllü
سنديان,Sindiyan
سينه,Sine/Seyne
سنكجى,Sinekçi/Sinekci
سنكل,Singel
سنى,Sini
سينه,Sinne
سنه,Sinne
سينوب,Sinob
سينوب مع نواحى,Sinob maa Nevahi
نفس سينوب,Sinob merkez
سپلاق,Siplak
سيپلاق,Siplak
سبلاق,Siplak
سيبلاق,Siplak/Siblak
سپصقه,Sipsaka
سپتوروس,Siptoros
سير,Sir
سير بنى ياس,Sir Beniyas
صير بنى ياس,Sir Beniyas
سير ابو شيه,Sir Ebuşiye
سير بردع,Sir/Sir-i Berda
سِراجيه,Siraciye
سيرجه,Siraçe
سيرچه,Siraçe
سيرچه,Sirçe
سيرم,Sirem
سرم,Sirem
سرغايا,Sirgaya
سركه,Sirge
سيركه,Sirge
سيرينا,Sirina
سرينا,Sirina
سيرنا,Sirina
اسرينا,Sirina (Ayoscovanis)/Esrina
آيى يانى,Sirina/Ayiyani
سيرينا,Sirina/Ayoscovanis
سيرنوس,Sirina/Sirnos
سرنوس,Sirina/Sirnos
يوانى,Sirina/Yovani
سيرنيك,Sirinik
سرشنيك,Sirişnik
سرشنيك مع كورنه قيرايشته,Sirişnik maa Gornakrayişte
سيرنيچه,Sirniçe
سيروز,Siroz
سيروز,Siroz
سيروز مع درامه,Siroz maa Drama
سيروز مع اردوى همايون,Siroz maa Ordu-yı Hümayun
سيروز مع تفنّى,Siroz maa Tefenni
نفس سيروز,Siroz merkez
سروز و كمر,Siroz ve Kemer
سِرت,Sirt
سرت,Sirt
صرت,Sirt
سِرْتْ,Sirt
سِرتْ,Sirt
سِيرت,Sirt
سيريا,Sirya
سيس,Sis
سِيسْ,Sis
سيِسْ,Sis
نفس سيس,Sis merkez
قوزان,Sis/Kozan
قوزان,Sis/Kozan
سيسام,Sisam
سيسام,Sisam
سيسام اطه سى,Sisam Adası
سيسام امارتى,Sisam Emareti
صوسام,Sisam/Susam
صوصام,Sisam/Susam
سيسيى,Sisi
سيس اورته,Sisorta
سيس اورته  مع نائبلو,Sisorta maa Naibli
اورته مع نائبلو,Sisorta maa Naibli/Orta maa Naibli
سيس,Sisorta/Sis
سيسيان,Sisyan
ستاوق,Sitavuk
ستورا,Situra
سيدر,Situra/Sidur
سبور,Situra/Sipur
سيوان,Sivan
سيواس,Sivas
سيوآس,Sivas
سيواس عزيزيه,Sivas Aziziye
عزيزيه,Sivas Aziziye/Aziziye
بيكارباشي,Sivas Aziziye/Pınarbaşı
بيكارباشى,Sivas Aziziye/Pınarbaşı
سيواس مع ناحيۀ حافيك,Sivas maa Nahiye-i Hafik
سيواس مع سيواس ايلى,Sivas maa Sivasili
نفس سيواس,Sivas merkez
سيواس ايلى,Sivasili
سيواسلى,Sivaslı
سيورك,Siverek
سيوه رك,Siverek
سورك,Siverek
سوَه رَكْ,Siverek
سيوه رك قره جه طاغ,Siverek Karacadağ
قره جه طاغ,Siverek Karacadağ/Karacadağ
سورك و صمعاد,Siverek ve Samsad (Samad)
شهر,Siverek/Şehir
سوى,Sivi
سيوير,Sivir
سوير,Sivir
سيووطه,Sivota
سيورى,Sivri
سيورى آطه,Sivriada
سورى اطه,Sivriada
سيورى اطه,Sivriada
لوقسه يا,Sivriada/Luksaya
سوريجه حصار,Sivricehisar
سفريجه,Sivricehisar/Sifrice
سوريجه,Sivricehisar/Sivrice
سوريچه,Sivricehisar/Sivriçe
سيوريچه,Sivricehisar/Sivriçe
سيوريحصار,Sivrihisar
سيوروحصار,Sivrihisar
سفريحصار,Sivrihisar/Sifrihisar
سفرى حصار,Sivrihisar/Sifrihisar
سفريحصار,Sivrihisar/Sifrihisar
سفريخصار,Sivrihisar/Sifrihisar
سفريحصار كونيوزى,Sivrihisar/Sifrihisar-ı Günyüzü
سفريحصار كون يوزى,Sivrihisar/Sifrihisar-ı Günyüzü
سيورى كيسه,Sivrikese
سيوريطاش مع نواحى,Sivritaş maa Nevahi
سياه كوه,Siyahkuh
سى ذرون,Sizeron
سلام,Slam (?)
صوبصلو,Soboslo
صوبيجه,Sobuca
صوبيچه,Sobuca
سوچى,Soçi
سوفرانو,Sofrano
صوفرانو,Sofrano
رافوراس,Sofrano/Raforas
طه لرى,Sofrano/Safran
زافوراس,Sofrano/Zaforas
زافرانا,Sofrano/Zafrana
زفرانى,Sofrano/Zafrani
صوفيلر,Sofular
صوفيلر,Sofular
صوفيلو,Sofulu
صوفيلى,Sofulu
صوفيلو,Sofulu
نفس صوفيلو,Sofulu merkez
صوفيه,Sofya
پاشا,Sofya/Paşa
صوفيه,Sofya/Serdic
صوغان,Soğan
قروميدونيس,Soğan/Kromidonis
صوغانلى,Soğan/Soğanlı
صوغانلى,Soğanlı
صوغداق,Soğudak
صغوداق,Soğudak
صوغوداق,Soğudak
قلعۀ صوغوجاق,Soğudak/Kale-i Soğucak
صوداق,Soğudak/Sudak
صوغوق پيكار,Soğukpınar
سحوم,Sohum
صوحوم,Sohum
صخوم,Sohum
سخوم,Sohum
صوقوينى مع بوقو,Sokavini maa Buko
صقول,Sokol
صوقول,Sokol
صقول بزرك,Sokol-ı Büzürk
صقول كوجك,Sokol-ı Küçük
صقول كوچك,Sokol-ı Küçük
قلعۀ صقول,Sokol/Kale-i Sokol
قلعۀ صوقول,Sokol/Kale-i Sokol
بازار,Sokol/Pazar
واروش قلعۀ صقول,Sokol/Varoş-ı Kale-i Sokol
واروش صقول,Sokol/Varoş-ı Sokol
صقولويچى,Sokoloviçi
صولين,Solin
صول قول,Solkol
صلنق,Solnok
صولنق,Solnok
صولنوق,Solnok
صولنيق,Solnok/Solnık
صُولْنيق,Solnok/Solnık
صونلق,Solnok/Sonlok
واروش صولنق,Solnok/Varoş-ı Solnok
سولطه,Solta
لورن,Solta/Loren
صومه,Soma
صوما,Soma
سومه,Soma
صومه [مع] ترحاله,Soma [maa] Tarhala
صومه مع تارحاله,Soma maa Tarhala
صومه مع تارحاله,Soma maa Tarhala
صومه مع تارخاله و قرق اغاچ,Soma maa Tarhala ve Kırkağaç
صومحرط,Somhurt
سمودور,Somodor
سموكين,Somogin
صونبور,Sonbor
صومبور,Sonbor/Sombor
ضومبور,Sonbor/Zombor
صونده,Sonda
صونيسا,Sonisa
صونيسه,Sonisa
صونسه,Sonisa
صونيسا مع نيكسار,Sonisa maa Niksar
صونيسا و نيكسار,Sonisa ve Niksar
صونيا,Sonisa/Soniya
صوپوت,Sopot
سپوت,Sopot
ثمود,Sopot/Somod
صوپيه,Sopye
سُورَان,Soran
صوردى طوب اطالرى,Sordıtob Adaları
صورغون,Sorgun
صورغن قسطمونى,Sorgun-ı Kastamonu
صورغون,Sorgun-ı Kastamonu/Sorgun
صورقون,Sorgun-ı Kastamonu/Sorkun
صورويج,Soroviç
صوصكرد,Sosgerd
سوستى,Sosti
سوتين,Sotin
سوطين,Sotin
صوالق,Sovalak
صوولاق,Sovalak
صوق بلاق,Sovukbulak
صوق بلآق,Sovukbulak
ساوج بولاغ,Sovukbulak/Savucbulağ
ساوج بولاق,Sovukbulak/Savucbulak
صاوق بولاق,Sovukbulak/Savukbulak
سكود,Söğüd
سگود,Söğüd
نفس سكود,Söğüd merkez
سكود و پازار صويى,Söğüd ve Pazarsuyu
بك سكودي,Söğüd/Beysöğüdü
سوكوت,Söğüd/Söğüt
سكوت,Söğüd/Söğüt
سكودلى,Söğüdlü
سكود اوزى,Söğüdözü
سكوت,Söğüt
سكوت اباد,Söğütabad
سوكوتجك,Söğütcük
سكودجك,Söğütcük/Söğüdcük
سوگتلو,Söğütlü
سوگتلو,Söğütlü
سوكه,Söke
سوكه آق كوى,Söke Akköy
آق كوى,Söke Akköy/Akköy
سوكه,Söke/Akçaşehir
اقچه شهر,Söke/Akçaşehir
آقچه شهر,Söke/Akçaşehir
اقجه شهر,Söke/Akçaşehir
سوكه,Söke/Akçaşehir-i Aydın
اقچه شهر ايدين,Söke/Akçaşehir-i Aydın
سكمان اباد,Sökmenabad
سكمن اباد,Sökmenabad
سوكيلى جلتك,Sökülüçeltik (?)
سلوش,Söllöş
سولوش,Söllöş
سومبكى,Sömbeki
سومبكي,Sömbeki
سمباكى,Sömbeki
سومبكى,Sömbeki
جزيرۀ سومبكى,Sömbeki/Cezire-i Sömbeki
سيمى,Sömbeki/Simi
صومبكى,Sömbeki/Simi
سمباكى,Sömbeki/Sömbaki
سومباكى,Sömbeki/Sömbaki
سومبكى جزيره سى,Sömbeki/Sömbeki Ceziresi
سونبكى,Sömbeki/Sönbeki
سُونْبَكى,Sömbeki/Sönbeki
سنبه كى,Sömbeki/Sönbeki
سنبكى,Sömbeki/Sönbeki
سويله مز,Söylemez
سويلمز,Söylemez
سويله مز,Söylemez/Hacıömerbey
سپذييا,Speziya
سپيليا,Spilya
سپليا,Spilya
سپيرا,Spira
سراتنا غورا,Sratnagora/Ortadağ
صراولوس,Sravalos
سرولوس,Sravalos
سراولوس,Sravalos
اسراولوس,Sravalos/İsravalos
سرالوس,Sravalos/Sralos
صراولوز,Sravalos/Sravaloz
سراواولوس,Sravalos/Sravavalos
سراواولوس,Sravalos/Sravavlos
سره برنيچه,Sreberniçe
صره برنيچه,Srebreniçe
سربرنيچه,Srebreniçe
سرابرنيچه,Srebreniçe
سرا برنيچه,Srebreniçe
سره برنيچه,Srebreniçe
سيره برنيچه,Srebreniçe
سربرنچه,Srebreniçe
سرپرنچه,Srebreniçe
سربرنيجه,Srebreniçe
بازار معدن سربرنيچه,Srebreniçe/Pazar-ı Maden-i Srebreniçe
بازار معدن سربرنچه,Srebreniçe/Pazar-ı Maden-i Srebreniçe
سره برنيق,Srebrenik
سربرنيق,Srebrenik
واروش قلعۀ سربرنيق,Srebrenik/Varoş-ı Kale-i Srebrenik
ستفانو,Stefano
سنت جورج,Stefano/Sentcorc
سنت جورج,Stefano/Sentcorc
ستنچه,Steniçe
سترونكيلو,Strongilo
سيترونغيلو,Strongilo
ستيرنغيلو,Strongilo/Stirongilo
ستروويلو,Strovilo
استره وول,Strovilo/İstrevol
ستورينه,Sturine
صوبادره,Subadra
زوبه دره,Subadra/Zubadra
ظوبه دره,Subadra/Zubadra
صوباشى,Subaşı
صوبر,Suber
سبوچقه,Suboçka
سبودسقه,Subodiska
صوبوتقه,Subotika
صوبوتنچه,Subotinçe
صبوتنچه,Subotinçe
سبوتنجه,Subotinçe
صو چاتى,Suçatı
صوچاتى,Suçatı
سوچيچه,Suçiçe
صوچوه,Suçova
سوده,Suda
سوده,Suda
سودان مصرى,Sudan-ı Mısri
سوده,Sude
صو درهمى,Sudirhemi
صو درمى,Sudirhemi
سلله,Sudirhemi/Sille
سيلله,Sudirhemi/Sille
سله,Sudirhemi/Sille
صو درهمى,Sudirhemi/Sille
سيله,Sudirhemi/Sille
صو درمى,Sudirhemi/Sudiremi
صوغله,Suğla
صغله,Suğla
صغله,Suğla
صغاجق,Suğla/Sığacık
صغه جق,Suğla/Sığacık
سيغله,Suğla/Sığla
صهاج,Suhac
سنهج,Suhac/Senhec
سَنْهَجْ,Suhac/Senhec
سوهى ميحال,Suhimihal
سخنه,Suhne
صحودوليه,Suhodolye
سخوغرله,Suhogırla
سحوغرله,Suhogırla
سخوغرله,Suhogırla
صحريقه,Suhorika
صحوريقه,Suhorika
صحورقه,Suhorika
صحورقعه,Suhorika/Suhorikaa
سهره ورث,Suhrevers
صوخته,Suhte (?)
سوق الشيوخ,Sukuşşuyuh
سقطرى,Sukutra
صليب,Suleyb
صولنه (؟),Sulina (?)
سلووه,Sulova
سلوه,Sulova
سولوه,Sulova
سكوه,Sulova/Sekova
سوله,Sulova/Süle
سلطان,Sultan
سلطان طاغلرى,Sultan Dağları
سلطان خانى,Sultanhanı
سلطان حصار,Sultanhisar
سلطانحصار,Sultanhisar
سلطان حصار ايدين,Sultanhisar/Sultanhisar-ı Aydın
سلطان حصارى,Sultanhisar/Sultanhisarı
سلطانحصارى,Sultanhisar/Sultanhisarı
سلطانيه,Sultaniye
نفس سلطانيه,Sultaniye merkez
آناپوليس,Sultaniye/Anapolis
سلطانيه,Sultaniye/Anapolis
آنوپولي,Sultaniye/Anopoli
انوپولي,Sultaniye/Anopoli
سلطانمود,Sultanmud
سلتانمود,Sultanmud
مود,Sultanmud/Mud
سلطان اوكى,Sultanönü
سلطان اوكي,Sultanönü
سلطان اوكى,Sultanönü
نفس سلطان اوكي,Sultanönü merkez
سلطان اوكى,Sultanönü/Eskişehir
سلطان اوكي,Sultanönü/Eskişehir
سلطان يرى,Sultanyeri
سلطان يرى,Sultanyeri
سلطانيرى,Sultanyeri
سلطانيرى,Sultanyeri
طاغ اردى و دارى دره واغريجان,Sultanyeri (Dağardı) ve Darıdere ve Ağrican
نفس سلطان يرى,Sultanyeri merkez
طاغ آردى,Sultanyeri/Dağardı
سلطان يرى,Sultanyeri/Dağardı
سلطان ايلى,Sultanyeri/Sultanili
صولوجه,Suluca
اسپچيا,Suluca/İspeçya
اسپه زيا,Suluca/İspeziya
اسپزيا,Suluca/İspeziya
سپذييا,Suluca/Speziya
سپذييا,Suluca/Speziya
صوليجه,Suluca/Sulice
صوليجه,Suluca/Suliçe
صوليچه,Suluca/Suliçe
صوليچا,Suluca/Suliçe
صلوجلر,Sulucalar
صولى سراى,Sulusaray
صوماق,Sumak
صوما ق,Sumak
صوماته,Sumata
صومطر,Sumatar
صومطرى,Sumatar/Sumatarı
صماى,Sumay
صُمايْ,Sumay
صومخيط,Sumhayt
سماق,Summak
صوناقور,Sunakur
سنباس,Sunbas
سنغورلى,Sungurlu
سنقورلى,Sungurlu
سنقورلو,Sungurlu
صونغورلى,Sungurlu
بودق اوزى,Sungurlu (Sungur)/Budaközü
بوداق اوزي,Sungurlu/Budaközü
بوداق اوزى,Sungurlu/Budaközü
صنغرلى,Sungurlu/Budaközü
سنغورلو,Sungurlu/Budaközü
بوداق اوزئ قره حصار,Sungurlu/Budaközü-i Karahisar
صنغور,Sungurlu/Sungur
سنقورلى,Sungurlu/Sungurlu
سنقور,Sunkur
سنقور اباد,Sunkurabad
سوپتار,Supetar
سوپيه,Supiye
صور,Sur
صور مع رأس,Sur maa Res
صور مع ولعس,Sur maa Velas (?)
بيروت صور,Sur/Beyrut Sur
سراطع,Suratu
سوراتو,Suratu
سورجى,Surci
سورطاش,Surdaş
سرطاش,Surdaş
سورطاش,Surdaş/Surtaş
سوريه,Suriye
سوريه مركز,Suriye merkez
سروج,Suruç
سروچ مع عشيرت برازى,Suruç maa Aşiret-i Berazi
اردو,Suruç/Ordu
سروج,Suruç/Suruc
سوسن,Susan (?)
سوسه,Suse
صوسه,Suse
سوسد,Sused
صوسز,Susuz
صوسزمسلم,Susuzmüsellem
صوسزمسلم,Susuzmüsellem/Susuzmüsellim
سوش,Suş
سوس,Suş/Sus
صو شهرى,Suşehri
صو شهري,Suşehri
نفس صو شهرى,Suşehri merkez
انديرس,Suşehri/Endiris
سوشهرى,Suşehri/Endiryas
آندرياس,Suşehri/Endiryas
اندرياس,Suşehri/Endiryas
سوتسقه,Suteska
صوتسقه,Suteska
ستسقه,Suteska
بازار سوتسقه,Suteska/Pazar-ı Suteska
بازار سوتيسقه,Suteska/Pazar-ı Sutiska
سعول,Suul
شمال,Suul/Şimal
صوان مجابره,Suvan-ı Mecabire
محابره,Suvan-ı Mecabire/Muhabere
صوور,Suvar
صور,Suvar
سوارقيه,Suvarkıya
سوارقيه,Suvarkıya
صو يولى,Suyolu
صو يولى,Suyolu/Kemerburgaz
كمربورغاز,Suyolu/Kemerburgaz
سُيُوطْ,Suyut
سيوط,Suyut
سيوط مع ابو تيج,Suyut maa Ebutic
سيوط مع اَبُو تِيجْ,Suyut maa Ebutic
سُيُوطْ مع ابو تيج,Suyut maa Ebutic
اسيوط,Suyut/Asyut
اوسيوط,Suyut/Usyut
سبحان,Sübhan
شجاس,Sücas/Şücas
سفلا,Süfla (Zaruşad'da)
سفلئ مدللّو,Süfla-i Midilli
قلعۀ سفلا,Süfla-i Midilli/Kale-i Süfla
قلعۀ زير,Süfla-i Midilli/Kale-i Zir
سوكنه,Sükne
سوكْنَه,Sükne
سلدوز,Süldüz
سولدوس,Süldüz/Süldüs
سوله,Süle
سليمان,Süleyman
سليمانيه,Süleymaniye
سليمانيّه,Süleymaniye
سليمانيّه مع سر چنار و عشيرت مَنْدُمى,Süleymaniye maa Serçınar ve Aşiret-i Mendümi
نفس سليمانيه,Süleymaniye merkez
سليمانيان,Süleymaniye/Süleymaniyan
سليمانلى,Süleymanlı
سليمانلو,Süleymanlı
سليمانلو مع آوجيلر,Süleymanlı maa Evciler
سليمانلى و بوغازليان و سلمانلى,Süleymanlı ve Boğazlıyan ve Selmanlı
سليمانلوى كبير,Süleymanlı-yı Kebir
سليمانلوء كبير,Süleymanlı-yı Kebir/Süleymanlu-i Sagir
سليمانلوى كوچك,Süleymanlı-yı Küçük
سليمانلو صغير,Süleymanlı-yı Sagir
سليمانلوء صغير,Süleymanlı-yı Sagir/Süleymanlu-i Sagir
سليمان سراى,Süleymansaray
سللس,Sülles
سوللى,Süllü
سلمنلر,Sülmenler
سلوك,Sülük
سولوكلى,Sülüklü
ثلث عكار,Sülüs-i Akkar
ثلث كوره,Sülüs-i Küre
ثلثان كوره,Sülüsan-ı Küre
سمر,Sümer
سنه,Sünne
سوننه,Sünne
سُنَّه,Sünne
سنّه,Sünne
سنور,Sünür
سپورن,Süpüren
سوردك,Sürdük
سوردوك,Sürdük
سوردوق,Sürdük/Surduk
سوركى,Sürgü
سوركى,Sürgü/Mersu
سورملى,Sürmeli
سورملي,Sürmeli
سورملو,Sürmeli
سورمنه,Sürmene
سوروه,Süruh
سروجك,Sürüccük
سروج جك,Sürüccük
سوروجوك,Sürüccük
سروجوك,Sürüccük
سروچك,Sürüccük
سروچك و قزلجه مع طراطور و چَفتان و پَنْجُويَن,Sürüccük ve Kızılca maa Taratur ve Çeftan ve Pençvin
قلعۀ سروجّك,Sürüccük/Kale-i Sürüccük
سروج جق,Sürüccük/Suruccuk
سويده,Süveyde
جبل دروز,Süveyde/Cebel-i Düruz
جبل درز,Süveyde/Cebel-i Düruz
جبل دروز,Süveyde/Cebel-i Düruz
جبل [د]روز,Süveyde/Cebel-i Düruz
جبل دروز,Süveyde/Cebel-i Düruz
جبل دروز حوران,Süveyde/Cebel-i Düruz-ı Havran
جبل دروزِ حوران,Süveyde/Cebel-i Düruz-i Havran
جبل دروز حوران,Süveyde/Cebel-i Düruz-i Havran
جبل حوران,Süveyde/Cebel-i Havran
جبل الدروز,Süveyde/Cebelüddüruz
سويدا,Süveyde/Süveyda
سويديه,Süveyde/Süveydiye
سويديه,Süveydiye
سويده,Süveydiye/Süveyde
سويد,Süveydiye/Süveyde
سويش,Süveyş
سُوَيسْ قپودانلغي,Süveyş Kapudanlığı/Süveys Kapudanlığı
سويس,Süveyş/Süveys
سوزه بولى,Süzebolu
سودين,Svodin
شعاره,Şaara
شاب,Şab
شاب على,Şab-ı Ali
شعب عنبر,Şab-ı Anber
شعب عربيد,Şab-ı Arbid
شعب بعركوت,Şab-ı Baarkut
شعب ابو فندراع,Şab-ı Ebufindira
شاب ابو فنده را,Şab-ı Ebufindira
شعب خمسة,Şab-ı Hamse
شعب قصير,Şab-ı Kasir
شعب قميري,Şab-ı Kumeyri
شعب لوكا,Şab-ı Luka
شاب محمود,Şab-ı Mahmud
شعب مبيت,Şab-ı Mebit
شعب معراس,Şab-ı Miras
شاب موسايق,Şab-ı Musayık
شعب ناصر,Şab-ı Nasır
شعب عمر,Şab-ı Ömer
شاب اموار,Şab-ı Ömer/Şab-ı Emvar
شعب صبح,Şab-ı Subh
شعب شجر,Şab-ı Şecer
شعب شيبه,Şab-ı Şeybe
شعب طويل,Şab-ı Tavil
شعب ذلو,Şab-ı Zelu
شعبان,Şaban
شعبان اوزى,Şabanözü
شعبان اوزى مع قورى جاى,Şabanözü maa Kuruçay
شابخانه,Şabhane
شبخانه,Şabhane
شعب العبيط,Şabülabit
شعب القرمه,Şabülkarme
شعب الكبير,Şabülkebir
شاب الكبير,Şabülkebir
شاب كبير,Şabülkebir/Şab-ı Kebir
شعب الصبار,Şabüssabbar
شعب الصغير,Şabüssagir
شادي اباد,Şadiabad
شادوان,Şadvan
شاغوينه,Şagovine
شاغور,Şagur
شاغور,Şagur
شاعور,Şagur/Şaur
شاغ,Şağ
شها,Şaha
شاها,Şaha
شاهان,Şahan
شحار,Şahar
شاه باغى,Şahbağı
شاهين,Şahin
شاهينلر,Şahinler
شاهنلر,Şahinler
شاهمه,Şahme
شاهمه,Şahme/Cumalı
شاهه,Şahme/Şahe
شحنه چمني,Şahnaçimeni
شحنه چمنى,Şahneçimeni
شحنه چمني,Şahneçimeni
شاهويك,Şahovik
شاهرود,Şahrud
شاه يول,Şahyol
شقادره,Şakadıra
شغادره,Şakadıra/Şagadıra
شاقبن,Şakban
شقيف,Şakif
شقيف,Şakif
شَقِيف,Şakif
شقلاوه,Şaklava
سَقلاوه,Şaklava
شاله شوش,Şaleşoş
شالغو,Şalgo
شام,Şam
شام,Şam
شام شريف مع تركمانان,Şam (Şam-ı Şerif) maa Türkmanan
شام شريف,Şam (Şam-ı Şerif)/Dımışk
عرب,Şam/Arab
دار السلام محروسۀ شام,Şam/Darusselam-ı Mahrusa-i Şam
دمشق,Şam/Dımışk
دمشقي,Şam/Dımışki
دمشق الشام,Şam/Dımışkuşşam
شام دارالسلان,Şam/Şam-ı Darüsselam
شا مشريف,Şam/Şam-ı Şerif
شام شريف,Şam/Şam-ı Şerif
شامشريف,Şam/Şam-ı Şerif
شامبيادى,Şambayadı
شام بيادى,Şambayadı
شاميه,Şamiye
شاملى,Şamlı
شامليجه,Şamlıca
شاملوجه,Şamlıca/Şamluca
شانوش هزه,Şanoşheze
شاپ,Şap
شاپچه,Şapça
شعرا,Şara
شَعْرا,Şara
الشعره,Şara/eş-Şara
شرابخانه,Şarabhane
شراه,Şarah
شعراويّه,Şaraviye
شعراويه,Şaraviye
شعراويۀ غربيه,Şaraviye-i Garbiye
شعراويه غربيّه,Şaraviye-i Garbiye
شعراويه غربيه مع بنى صعب,Şaraviye-i Garbiye maa Benisaab
شعراويۀ شرقيه,Şaraviye-i Şarkiye
شعراويه شرقيه,Şaraviye-i Şarkiye
شعراويه الشرقيّه,Şaraviye-i Şarkiye/Şaraviyetüşşarkiye
شعراويه الشرقيه,Şaraviye-i Şarkiye/Şaraviyyetüşşarkiye
دار الشعرا,Şaraviye/Daruşşara
شارحوراد,Şarhorad
شرق,Şark
شرق جانبى عربانى,Şark Canibi Urbanı
شارقاد,Şarkad
شرقئ امد,Şarki-i Amid
شرق,Şarki-i Amid/Şark
شرقپاره,Şarkipare
شرقى پاره,Şarkipare
شرقيپاره,Şarkipare
شرقى باره,Şarkipare
شرقيان پاره,Şarkipare/Şarkiyanpare
شرقيه,Şarkiye
شرقيه,Şarkiye
شرقيّه,Şarkiye
شرق,Şarkiye/Şark
شاركوى,Şarköy
شاركوى,Şarköy
شاركوى,Şarköy
نفس شاركوى,Şarköy merkez
شاركويى,Şarköy/Şarköyü
شاركويى,Şarköy/Şarköyü
شهركوى,Şarköy/Şehirköy
شهركويى,Şarköy/Şehirköyü
شارلى,Şarlı
شارل,Şarlı/Şarl
شارطه,Şarlı/Şarta
شارلد,Şarlod
شارآد,Şarlod/Şarad
شارو,Şaro
شاروار,Şarvar
شاروى,Şarvi
شاروى مع افلطار,Şarvi maa Aflatar
شارويز,Şarviz
شتاق,Şatak
شتق (؟),Şatak (?)
نفس شتاق,Şatak merkez
شاطى,Şatı
شطى,Şatı
شطرة العماره,Şatratülamare
شطره,Şatratülamare/Şatra
شطرة المنتفك,Şatratülmüntefik
شطره,Şatratülmüntefik/Şatra
شاطره,Şatratülmüntefik/Şatra
شطّ جارور,Şatt-ı Carur
جارور,Şatt-ı Carur/Carur
شطّ طويل,Şatt-ı Tavil
شط طويل,Şatt-ı Tavil
شطيۀ جزاير,Şattıye-i Cezayir
شط العرب,Şattülarab
شطّ العرب,Şattülarab
شط العطشان,Şattülatşan
شط الادهم,Şattüledhem
شواق,Şavak
شوشاد,Şavşad
شاوشاد,Şavşad
ميرخو,Şavşad/İmirhavi (Mirhav)
نصف شاوشاد,Şavşad/Nısf Şavşad
شاوشه ت,Şavşad/Şavşat
شاوشاط,Şavşad/Şavşat
شاوشيت,Şavşad/Şavşit
شاور,Şavur
شايبلو,Şayibli
شاعب و فرموده,Şayibli (Şaib) ve Fermude
شايب,Şayibli/Şayib
شعيب,Şayibli/Şuayb
شبش مع لغوش,Şebiş maa Lugoş
شبش و لوغوش,Şebiş ve Lugoş
شبش لغوش,Şebiş ve Lugoş/Şebiş Lugoş
شَبْسَاتْ,Şebsat
شبسات,Şebsat
شَبْسات,Şebsat
شجر,Şecer
شهبا,Şehba
شيهل اوغلي (؟),Şehiloğlu (?)
شهر,Şehir
شهر,Şehir (Arabgir )
شهر,Şehir (Ruha)
شهر قشله,Şehirkışla
شهر قيشله,Şehirkışla
شهرقشله,Şehirkışla
تنوس,Şehirkışla/Tonus
شهركوى,Şehirköy
شهركوي,Şehirköy
شهركويى,Şehirköy
شهركويى,Şehirköy/Şehirköyü
شهركويى,Şehirköy/Şehirköyü
شهرلو,Şehirli
شهر پازار,Şehirpazar
شهر بازار,Şehirpazar
شهر پازار مع قره چولان و برگوه,Şehirpazar maa Karaçulan ve Berguh
نفس شهر پازار,Şehirpazar merkez
شهر بازارى,Şehirpazar/Şehirpazarı
شهرويران,Şehirviran
شهر بهسنى,Şehr-i Behisni
شهر,Şehr-i Behisni/Şehir
شهر ملاطيه,Şehr-i Malatya
شهر,Şehr-i Malatya/Şehir
شهر و قصبه,Şehr-i Malatya/Şehir ve Kasaba
شهر زور,Şehr-i Zor
شهرزور,Şehr-i Zor
شهر زور,Şehr-i Zor
شهرزول,Şehr-i Zor/Şehr-i Zol
شَهر زُول,Şehr-i Zor/Şehr-i Zol
شهر زول,Şehr-i Zor/Şehr-i Zol
شهراباد,Şehrabad
شهرباد,Şehrabad
شهر,Şehrabad/Şehir
شهران,Şehran
شهران مع حرير,Şehran maa Harir
شهرامانتى,Şehremaneti
شهربان,Şehriban
شهربانى,Şehribani
شكر,Şeker
شكرحاني,Şekerhanı
شكر خانه,Şekerhanı/Şekerhane
شكرلى,Şekerli
شكر اوبه,Şekeroba
شكر اوبه سى,Şekeroba/Şekerobası
شكى,Şeki
شكيو,Şekuyo
شلنمون,Şelenmun (?)
شلين,Şelin
شلني,Şelin/Şelini
شيلين,Şelin/Şilin
شلّلى,Şelli
شلوه,Şelve
شماخي,Şemahı
شماخى,Şemahı
شمائل,Şemail
شمامك,Şemamek
شمدينان,Şemdinan
شمدينان,Şemdinan
شمدينان مع كوارى و هريكى,Şemdinan maa Gerdi (Gevari) ve Heriki
شميران,Şemiran
شميران مع شيخ ميدان و عشيرت چاقير,Şemiran maa Şeyhmeydan ve Aşiret-i Çakır
شمرعنو,Şemiran/Şemrano
شمشكى عشيرتى,Şemişki Aşireti
شمكان,Şemkan
شمكور بصان,Şemkürbasan
شمكور,Şemkürbasan/Şemkür
شمليك,Şemlik/Virşice
شمس الدين,Şemseddin
شمس الدّين,Şemseddin
شمسيات,Şemsiyat
شنكين,Şengin
شنته,Şente
شنوثانتى,Şenusanti (?)
شه ربا,Şerba
شربان,Şerban
شربتين,Şerbetin
شرفان,Şerefan (?)
شرفيه,Şerefiye
شرفصنقور,Şerefsunkur
شريعه,Şeria/Ürdün/Yordan
شرش,Şeriş
شرش و بنى منصور,Şeriş ve Benimansur
شرّا,Şerra
شرور,Şerur
شستان,Şestan
جبل شستان,Şestan/Cebel-i Şestan
شطك,Şetek
شطق,Şetek/Şetak
شترى,Şeteri
شتوار,Şetvar
شوريط,Şevarit
شونلى,Şevenli
شيبره,Şeybara
شيبارا,Şeybara
شبره,Şeybara/Şebere
شيخ,Şeyh
شيخ عدوم,Şeyhadum
شيخ على كاسون,Şeyhalikasun
شيخان,Şeyhan
شيخان مع سركند,Şeyhan maa Serkend
عين سفينه,Şeyhan/Ayn-ı Sefine
شيخانلو,Şeyhanlı
شيخ بزنلى,Şeyhbizinli
شيخبزنلى,Şeyhbizinli
شيخ جمعه,Şeyhcuma
شيخدودان,Şeyhdodan
شيح طورسون,Şeyhdursun/Karatura
شيخ ابو شعيب,Şeyhebuşuayb
شيخ حاجى,Şeyhhacı
سيخ خليل تكه سى,Şeyhhaliltekkesi
شيخ الى,Şeyhili
شيخ ايلى,Şeyhili
شيخ اسماعيل طائفه سى,Şeyhismailtaifesi
شيخلر,Şeyhler
شيخلر مع شقاقى,Şeyhler maa Şikaki
شيخلو,Şeyhler/Şeyhli
شيحلى,Şeyhler/Şeyhli
شيخلو,Şeyhli
شيخلى,Şeyhli
شيخلر مع ناحيۀ كيكلر,Şeyhli (Şeyhler) maa Geyikli
حون مع  شيخلو,Şeyhli maa Homa (Hun maa Şeyhli)/Çivril
چيوريل,Şeyhli/Çivril
ايشقلو,Şeyhli/Işıklı
شيخلو,Şeyhli/Işıklı maa Geyikler
شيخلر,Şeyhli/Şeyhler
شيخ مربط,Şeyhmirbat
شيخ مروط,Şeyhmirbat/Şeyhmirvat
شيخ موربوت,Şeyhmirbat/Şeyhmurbut
شيخ مسكين,Şeyhmiskin
شمسكين,Şeyhmiskin/Şemiskin
شيخ مصطفى,Şeyhmustafa
شيخ سعد,Şeyhsaad
شيخ سعيد,Şeyhsaid
شيخ سعد,Şeyhsaid
شيخ سرا,Şeyhsera
صدى,Şeyhsera/Sıdı
شيخ شعيب,Şeyhşuayb
شيخ طابه,Şeyhtabe
شيخ تيمارى,Şeyhtimarı
شيخ عشاقي,Şeyhuşşaki
شيخ الحديد,Şeyhülhadid
شيخ مع عميق و تزين,Şeyhülhadid (Şeyh) maa Amik ve Tizin
شيخ الحديد مع كوندزلووعميق,Şeyhülhadid maa Gündüzlü ve Amik
شيخ الحديد و كوندزلو وعميق,Şeyhülhadid ve Gündüzlü ve Amik
شيخ الحرملك,Şeyhülharemlik
شيخ الاسلاملق,Şeyhülislamlık
شيزار,Şeyzer
شيزر,Şeyzer
شيزر و مصياف,Şeyzer ve Masyaf
سعود,Şeyzer/Suud
شبقه,Şıbka
شرناق,Şırnak
شبام,Şibam
شيبه,Şibe
شِيبَه,Şibe
شبه نك,Şibenik
شبين القُمْ,Şibinülkum
شَبِين القُم,Şibinülkum
شبين الكوم,Şibinülkum/Şibinülkevm
شبين الكوم,Şibinülkum/Şibinülkevm
شفا قبلى,Şifa Kıbli
شفا وغور,Şifa ve Gur
شفاعمرو,Şifaamr
شفاعمر,Şifaamr
شفاشفاعمرو,Şifaamr
شفى عمر,Şifaamr
شفا وعمر,Şifaamr/Şifa ve Amr
شفادره,Şifadere
شفاتيه,Şifatiye
شفائيه,Şifatiye/Şifaiye
شفا الغربى,Şifaülgarbi
شفا الشمالى,Şifaüşşimali
شهاب الدين,Şihabüddin
شقاغى,Şikaği
شقاقلى,Şikaklı
شكفتى,Şikefti
شكوفتى مع صور و طاق,Şikefti (Şikufti) maa Sur ve Tak (?)
شكوفتى,Şikefti/Şikufti
شقلوش,Şikloş
شقلوش,Şikloş
شقلويش,Şikloş/Şikloviş
شيلازا,Şilaza
شيله,Şile
شيلى,Şile
شِيلَه,Şile
شيله,Şile
شيله,Şile
شيلى,Şile/Şili
شليكان,Şilikan
شمال,Şimal
شماندره,Şimandra
شمسطار,Şimistar
شمونطورنه,Şimontorna
شمنطورنه,Şimontorna
شموُنْطورنه,Şimontorna
شمون طورنه,Şimontorna
شمونطورنه,Şimontorna
شمونطورنه و ازور,Şimontorna ve Ozora (Ozor)
سمونطورنه,Şimontorna/Simontorna
شَموُنطورنَه,Şimontorna/Şemontorna
واروش شمونطورنه,Şimontorna/Varoş-ı Şimontorna
شنافيه,Şinafiye
قناقيه,Şinafiye/Kınakıye
شينك و قلاله مع ماوِت و سُيول,Şinek ve Kalale maa Mavit ve Süyul
سنك,Şinek/Sinek
شنكرك,Şingerk
شنته,Şinte
شيرا,Şira
شيره,Şira
شيره,Şira
صيره,Şira/Sıra
سيره,Şira/Sire
سيره,Şira/Sire
شيران,Şiran
شيران,Şiran
شيران و كركرك و اولتى,Şiran ve Gergerek (?) ve Oltu
شيران,Şiran/Karaca
قره جه,Şiran/Karaca
قره جۀ بايبورد,Şiran/Karaca-i Bayburd
شريان,Şiran/Şiryan
شيريان,Şiran/Şiryan
شيريا ن,Şiran/Şiryan
شيريان,Şiran/Şiryan
اولوشيران,Şiran/Uluşiran
شرره,Şirare
شراعوه,Şirare/Şeraive
شيرار,Şirare/Şirar
شربين,Şirbin
شَرْبِينْ,Şirbin/Şerbin
شَرْبين,Şirbin/Şerbin
شرين,Şirin
شيرين,Şirin
شيرن,Şirin
شيرينچ,Şirinç
شيروقه,Şiroka
شروقه,Şiroka
شيروان,Şirvan
شروان,Şirvan
شيروانلى عشيرتى,Şirvanlı Aşireti
شروى,Şirvi
شروي,Şirvi
شيروى,Şirvi
كفره,Şirvi/Küfre
نصف شروى,Şirvi/Nısf Şirvi
شروان,Şirvi/Şirvan
شروان,Şirvi/Şirvan
شيروان,Şirvi/Şirvan
شروان,Şirvi/Şirvan
نفس شروان,Şirvi/Şirvan merkez
شيروه,Şirvi/Şirve
شيريا ن,Şiryan
شريان مع  الشكرد,Şiryan maa Eleşkird
شيشان,Şişan
ششان,Şişan
شوان,Şivan
شيوان,Şivan
شبان,Şivan/Şiban
شيوه لان,Şivelan
شياق,Şiyak
نفس شياق,Şiyak merkez
شيك,Şiyik (?)
شوغاين,Şogayn
شغين,Şogayn
شوغاين,Şogayn/Şogayb
شولموش,Şolimoş
قلعۀ شولموش,Şolimoş/Kale-i Şolimoş
سولموش,Şolimoş/Solimoş
شموكوار,Şomogivar
شموشقه,Şomoşka
شوربا,Şorba
چوربا,Şorba (Çorba)
شوربا مع سَمَرْ اوزى,Şorba maa Semerözü
شوروا,Şorba/Şurva
شورلوط,Şorlut
شرلوت,Şorlut
شوتيك,Şotik
شوتك,Şotik
شوملو,Şömlö
شو آن,Şuan
شعان,Şuan
شوبك,Şubek
شوبين,Şubin
شوبيك,Şubin
شوف,Şuf
شوف,Şuf
شوف ابن معن,Şuf İbn-i Maan
شوف ابن معن و شوف الحيطى و شوف الشويحانى,Şuf İbn-i Maan ve Şufülhayti ve Şuf-i Şüveyhani
شوف ابن معن وشوف الخيطى و شوف شويحانى,Şuf İbn-i Maan ve Şufülhayti ve Şuf-i Şüveyhani
شوف ابن معن و شوف الحيطى و شوف شويزانى,Şuf İbn-i Maan ve Şufülhayti ve Şuf-i Şüveyhani (Şuf-i Şüveyzani)
شوف ابن معن وششوف الحيطى و شوف شويزانى,Şuf İbn-i Maan ve Şufülhayti ve Şuf-i Şüveyhani (Şuf-i Şüveyzani)
شوف بن معن,Şuf İbn-i Maan/Şuf bin Maan
نفس شوف,Şuf merkez
شوفين,Şufeyn
شوف البياض,Şufülbeyaz
شوف الخرادين,Şufülharradin
شوف الحرادين,Şufülharradin
شوف الخرّادين,Şufülharradin
شغر,Şugur
شغور,Şugur
شغور,Şugur
جسر شغور مع ناحيۀ دركوش و اردو,Şugur (Cisr-i Şugur) maa Nahiye-i Derkuş ve Ordu
جسر شغور,Şugur/Cisr-i Şugur
جسرشغور,Şugur/Cisr-i Şugur
جسر الشغور,Şugur/Cisrüşşugur
شهود,Şuhud
شهودلو,Şuhudlu
شقيق,Şukayk
شميطيه,Şumaytiye
شومر,Şumer
اقليم شومر مع  شقيف,Şumer (İklim-i Şumer) maa Şakif
اقليم شومر,Şumer/İklim-i Şumer
اقليم الشمر,Şumer/İklimuşşumer
شمر,Şummar
شومار,Şummar
شمنى,Şumnu
شومنى,Şumnu
شومني,Şumnu
شومنى,Şumnu
شمنى,Şumnu
شمنى مع نواحى,Şumnu maa Nevahi
شنون,Şunun
شوپديه,Şupdiye
شوپدين,Şupdiye/Şüpdin
شورح,Şurah
شوران,Şuran
شوره,Şure
شوره مع بوجاق,Şure maa Bucak
كفرديز,Şure/Keferdiz
پتوركه كفرديز,Şure/Pötürge Keferdiz
سيرر,Şure/Sirer
شيره,Şure/Şira
شيرو,Şure/Şiro
سيرو,Şure/Şiro (Siro)
شير,Şure/Şiro (Şir)
شوره ايلى,Şure/Şureili
شوش,Şuş
شووانوس,Şuvanos
شواطيه,Şuvatiye
شوير,Şuveyr
شبرخيت,Şübrehit
شَبَرْخِيتْ,Şübrehit/Şeberhit
شٍبَرْخِيت,Şübrehit/Şeberhit
شَبَرْخيت,Şübrehit/Şeberhit
شمك,Şümeg
شوره كل,Şüregel
شوره گيل,Şüregel
شوره كيل,Şüregel/Şüregil
شُروكْ,Şürük
شُرُوكْ,Şürük
شُرُوك,Şürük
شتر بصان,Şütürbasan
شطر,Şütürbasan/Şütür
تابان,Taban
طبان,Taban
طبانلى,Tabanlı
طبانلو,Tabanlı
و عشيرت بوز اولوس,Tabanlı ve Aşiret-i Bozulus
طبانلو و بوز اولوس,Tabanlı ve Bozulus
عاصى يوزغاد,Tabanlı/Asiyozgad
طبارقه,Tabarka
طبرقه,Tabarka
تبارقه,Tabarka
قلعۀ طبرقه,Tabarka/Kale-i Tabarka
قلعۀ طَبَرْقه,Tabarka/Kale-i Tabarka
طبرستان,Taberistan
طبريه,Taberiye
طبريّه مع نواحى,Taberiye maa Nevahi
طبريا,Taberiye/Taberiya
طبريّا,Taberiye/Taberiyya
طبرسوق,Tabersuk
طابيه,Tabiye
طابطاب,Tabtab
طابور,Tabur
جبل طابور,Tabur/Cebel-i Tabur
تاجوره,Tacura
تاجورا,Tacura
تاجور,Tacura/Tacur
تاجُور,Tacura/Tacur
طفيله,Tafile
طفره,Tafra
طَها,Taha
طها,Taha
طاهر,Tahir
خالياز,Tahir/Halyaz
تخمانس,Tahmanis
طهماسيّه,Tahmasiye
طهران,Tahran
طهطا,Tahta
طَهْطَا,Tahta
طَهْطا,Tahta
طهطهاء منشيه,Tahtaha-i Münşiye
تحته كوپرى,Tahtaköprü
تحتلى,Tahtalı
تحتالو,Tahtalı
تحت الطريق,Tahtettarik
تحت الطّريق,Tahtettarik
طائف,Taif
تائيه,Taiye
تعز,Taiz
تعز,Taiz
تعز,Taiz
نفس تعز,Taiz merkez
نفس تعز,Taiz merkez
طاق وسطان,Tak-ı Vostan
طاقه,Taka
طاقماق,Takmak
تقورى,Takuri
تقورى عشيرتى,Takuri/Takuri Aşireti
طلانده,Talanda
طا لنده,Talanda
طالنده,Talanda
طلنده,Talanda
طلانته,Talanda/Talanta
طلاس,Talas
تلاس,Talas
تلاص,Talas
طلحاى ملك,Talha-yı Melik (?)
طاليش و كلستان,Talış ve Gülistan
تالين,Talin
تلاح كبير,Tallah-ı Kebir
طلاعة الله الكبيرة,Tallah-ı Kebir/Talaatullahilkebir
تلاح صغير,Tallah-ı Sagir
طلاعة الله الصغيرة,Tallah-ı Sagir/Talaatullahissagir
طلوار,Talvar
ييلاق,Talvar/Yaylak
تاماديه,Tamadya
طماق,Tamak
نصف تماق,Tamak/Nısf Tamak
نصف طماق,Tamak/Nısf Tamak
طمان,Taman
تمان,Taman
طمان,Taman
طمان اطه سى,Taman
آطۀ شاهي,Taman/Ada-i Şahi
جزيرۀ طمان,Taman/Cezire-i Taman
طماشين,Tamaşin
طماشوان سكت,Tameşvan Siget
طمراش,Tamraş
طامزاره,Tamzara
تمزره,Tamzara
تانا,Tana
ثانه,Tana/Sana
طانيل,Tanil
تنكرى طاغى,Tanrıdağı/Tengridağı
تكرى ويرمش,Tanrıvermiş
طنطا,Tanta
طنطا,Tanta
طَنْطا,Tanta
طنطوره,Tantura
طپان,Tapan
تاره,Tara
طاره,Tara
طارا,Tara
طراقلى,Taraklı
طراقلو يڭيجه سى,Taraklı/Taraklı Yenicesi
طراقلو يكيجه سى,Taraklı/Taraklı Yenicesi
يكيجه طراقلو,Taraklı/Yenice Taraklı
يكجه طراقلو,Taraklı/Yenice Taraklı
يكيجه طراقلى,Taraklı/Yenice Taraklı
يكيجۀ طراقلو,Taraklı/Yenice-i Taraklı
يكيجۀ طراقلى,Taraklı/Yenice-i Taraklı
يكيجۀ  طراقلى,Taraklı/Yenice-i Taraklı
طرقلو بورلى,Taraklıborlu
طراقلى بورلى,Taraklıborlu
طراقلى بورلو,Taraklıborlu
طراقلو بورلو,Taraklıborlu
طراقلو بورلى,Taraklıborlu
طراقلوى بولى,Taraklıborlu (Taraklı-yı Bolu)/Zağferanbolu
بورلى,Taraklıborlu/Borlu
بورلى,Taraklıborlu/Borlu
بورلو,Taraklıborlu/Borlu
دراقلو بورلي,Taraklıborlu/Daraklıborlu
زغفران بندرلى,Taraklıborlu/Zağferan-ı Bendereğli (Benderli)
زغفرانبولى,Taraklıborlu/Zağferanbolu
طراقلى بورلى,Taraklıborlu/Zağferanbolu
زغفرانبورلى,Taraklıborlu/Zağferanborlu
طرقلى بورلى,Taraklıborlu/Zağferanborlu
طراقسو,Taraksu
طرانداكيا,Tarandakiya
داراندوز,Tarandos/Darandoz
طراندوس,Tarandos/Karanda
قراندا,Tarandos/Karanda
طاريا,Taraya
طارجال,Tarcal
طارجالي قرستور,Tarcalikarestur
طارطالى قرستور,Tarcalikarestur/Tartanikarestur
تارخله,Tarhala
تارحله,Tarhala
تارخاله,Tarhala
تارحاله,Tarhala
ترخاله,Tarhala
تارحاله مع صومه,Tarhala maa Soma
تارحاله,Tarhala/Soma
تارقله,Tarhala/Tarkala
ترخان,Tarhan
تارخان,Tarhan
ترحناس,Tarhanas
ترخانيات,Tarhanyat
تارحانيات,Tarhanyat
تارحانان,Tarhanyat (Tarhanan)/Menemen
نفس منمن,Tarhanyat merkez/Menemen merkez
منمن,Tarhanyat/Menemen
منمان,Tarhanyat/Menemen
مَنَمَنْ,Tarhanyat/Menemen
تارحانيات,Tarhanyat/Menemen
ترخانيات,Tarhanyat/Menemenpazarı
ترهونه,Tarhuna
تَارْخوُنَه,Tarhuna
تارْخُونَه,Tarhuna
ترحونه,Tarhuna
تَرْهُونَه,Tarhuna
تَرْهُونه,Tarhuna
ترهون,Tarhuna/Tarhun
طارناق,Tarnak
طرسوس,Tarsus
طرسوس,Tarsus
نفس طرسوس,Tarsus merkez
طرسون,Tarsus/Tarsun
طرطوس,Tartus
انطرطوس,Tartus/Antartus
طوطوس,Tartus/Tutus
تارون (؟),Tarun (?)
تاروت,Tarut
تاَروُتْ,Tarut
دارين,Tarut/Darin
تسيق,Tasık
طاسونيس,Tasonis
طسوج,Tasuc
انزاب,Tasuc/Anzab
طاش اباد,Taşabad
طاش اوا,Taşabad/Taşova
طاش آغيل,Taşağıl
طاش اغلى,Taşağılı
طاشتيمور,Taşdemir/Taştimur
طاش ايل,Taşil
طاش اباد,Taşil/Taşabad
طاش ايلى,Taşil/Taşili
طاش ايلى,Taşili
طاش ايلى كاويسى,Taşili gavisi
طاشير,Taşir
طاشير اباد,Taşir/Taşirabad
طاش قصبه سى,Taşkasabası
طاشكسان,Taşkesen
طاش كوپرى,Taşköprü
طاشكوپرى,Taşköprü
طاشكپرى,Taşköprü
طاش كوپرى,Taşköprü
طاش كپرى,Taşköprü
طاشكپرى,Taşköprü
طاشكبرى,Taşköprü
طاشكپرى,Taşköprü
طاش كبرى,Taşköprü
طاش كوپرى و طولاب مير حسين,Taşköprü ve Dolab-ı Mirhüseyin
طاشلى,Taşlı
طاشلى بلغه,Taşlıbulga
طاشلى يلغه,Taşlıbulga/Taşlıyılga
طاشليجه,Taşlıca
طاشليجه,Taşlıca
طاشلوجه,Taşlıca
طاشليچه,Taşlıca
بازار طاشلوجه,Taşlıca (Pazar-ı Taşlıca)/Plevle
نفس طاشلوجه,Taşlıca merkez
نفس طاشليجه,Taşlıca merkez/Plevliye
قوقان,Taşlıca/Kukan
بازار پيلوه,Taşlıca/Pazar-ı Pleve
بازار طاشلوجه,Taşlıca/Pazar-ı Taşlıca
بازار طشلوجه,Taşlıca/Pazar-ı Taşlıca
طاشلى چاى,Taşlıçay
طاشلى دره,Taşlıdere
طاشلى,Taşlıdere/Taşlı
تاشلى,Taşlıdere/Taşlı
طاشلق,Taşlıdere/Taşlık
طاشلق اوتلوغى,Taşlıkotluğu
طاش اولوق,Taşoluk
طاشوز,Taşöz
طاش اوز,Taşöz
طاش اوزاداسى,Taşöz
طاشوز,Taşöz
داش يوز,Taşöz/Daşyöz
طاسوس,Taşöz/Tasos
طاشوس,Taşöz/Taşos
طاش اوزى,Taşöz/Taşözü
طاشيوز,Taşöz/Taşyöz
طاش يوز,Taşöz/Taşyöz
طاش رومى,Taşrumi
طاش اوجى,Taşucu
تاتار,Tatar
تاتار احمد,Tatarahmed
تاتارستان,Tataristan
تاتارلر,Tatarlar
تاتار,Tatarlar/Tatar
تاتارلى,Tatarlı
تاتاربازارى,Tatarpazarı
تاتارپازارى,Tatarpazarı
تاتاربازارى مع نواحى,Tatarpazarı maa Nevahi
تاتاربازارى مع اوه,Tatarpazarı maa Ova
بازارجق,Tatarpazarı/Pazarcık
پازارجق,Tatarpazarı/Pazarcık
تاتاربازارى,Tatarpazarı/Pazarcık
تاتارجق,Tatarpazarı/Tatarcık
تاتارپازارجغى,Tatarpazarı/Tatarpazarcığı
تاتاربكارى,Tatarpınarı
تاتاربكار,Tatarpınarı/Tatarpınar
تاتيك,Tatik
تاطليلر,Tatlılar (?)
طاطوى,Tatoy
تاتوان,Tatvan
تاتُوان,Tatvan (Tatuvan)/Gevarselim
طوابِين,Tavabin
تاوانه س,Tavanas/Çaruha
طواس,Tavas
طواس,Tavas
طواس مع وقفلر,Tavas maa Vakıflar
قلعۀ طواس,Tavas/Kale-i Tavas
طواز,Tavas/Tavaz
طوكنر,Tavginer
طويل,Tavil
طويل رقدان,Tavil Rukdan
طويله,Tavile
طويله,Tavile
طوق الله,Tavkullah
طاولا,Tavla
طاولسون,Tavlasun
طاوسى,Tavsı
طاوشان,Tavşan
طوشان,Tavşan
طوشان اطه لرى,Tavşan Adaları
طاوشان آطه لرى,Tavşan Adaları
اشك اطه لرى,Tavşan Adaları/Eşek Adaları
اشكلر,Tavşan Adaları/Eşekler
لاپين آطه لرى,Tavşan Adaları/Lapin Adaları
طوشان,Tavşan Adaları/Tavşan
آيى,Tavşan/Ayı
پوغانوس,Tavşan/Poganos
ذاسوپولو اطه جغى,Tavşan/Zasopolo Adacığı
طاوشانلى,Tavşanlı
طوشانلو,Tavşanlı
طاوشانلو,Tavşanlı
طاوشنلو,Tavşanlı
طوشنلو,Tavşanlı
طوشانلى,Tavşanlı
طاوق,Tavuk
طوقلر,Tavuklar
تاورغه,Tavurga
تَاوُرْغَه,Tavurga
طاورغه,Tavurga
طاوس,Tavus
طاوس,Tavus
ناحيۀ طاوس,Tavus/Nahiye-i Tavus
طاوسكر,Tavusker
طوسكر,Tavusker
طاوسكر مع بيكرك,Tavusker maa Pertekrek (Pikrek)
طوسگر مع پتكرك,Tavusker maa Pertekrek/Tavusger maa Petekrek
طاوسكار,Tavusker/Tavuskar
طى,Tay
طيفور,Tayfur
طى غانى,Taygani (?)
طير,Tayr
طى,Tayy
بنى طى مع فايق (؟),Tayy maa Fayik (?)/Benitayy maa Fayik (?)
طيار,Tayyar
طيارئ عليا و سفلا,Tayyar/Tayyari-i Ulya ve Süfla
طيارى عليا و سفلا,Tayyar/Tayyari-i Ulya ve Süfla
طيبه,Tayyibe
طيبه الملا,Tayyibe el-Molla
تازه خورماتى,Tazehurmatı
تازه خورماتو,Tazehurmatı
تباها,Tebaha
تبلوح,Tebluh
تبريز,Tebriz
ته بوربا,Teburba
تبوك,Tebük
تجهرى,Tecerhi/Techeri
تجرلو,Tecirli
تاجرلى,Tecirli/Tacirli
تاجرلو,Tecirli/Tacirli
تدقر,Tedkar
تدمر,Tedmür
تَدمُرْ,Tedmür
تدمير,Tedmür/Tedmir
تُودْمير,Tedmür/Tüdmir
تفل,Tefel
تفن,Tefen
تفن پازارى,Tefen/Tefenpazarı
تفنى,Tefenni
تفنى مع سيروز,Tefenni maa Siroz
تفنى  مع  سيروز,Tefenni maa Siroz
تفن مع سيروز,Tefenni maa Siroz
نفس تفنى,Tefenni merkez
ناولى,Tefenni/Navlı
سيروز,Tefenni/Siroz
تفريش,Tefriş
تكاك,Teğek
تيك,Teğek/Tiyek
تهميه,Tehmiye (?)
تكه,Teke
تكه مع علائيه,Teke maa Alaiye
تكه مع قاش,Teke maa Kaş
تكه وانطاليه,Teke ve Antalya
تكه,Teke/Antalya
آنطاليه,Teke/Antalya
انطاليه,Teke/Antalya
تكه ايلى,Teke/Tekeili
تكه لى,Tekeli
تكه لو,Tekeli
تكه لو مع  گولك,Tekeli maa Gülek
تكه لو مع كولك,Tekeli maa Gülek
تكفور طاغى,Tekfurdağı
تكورطاغى,Tekfurdağı
تكفورطاغى,Tekfurdağı
تكير طاغى,Tekfurdağı
تكفور طاغى,Tekfurdağı
تكفور طاغى مع ويزه,Tekfurdağı maa Vize
نفس تكفور طاغى,Tekfurdağı merkez
جبل تكفور,Tekfurdağı/Cebel-i Tekfur
رودوسجق,Tekfurdağı/Rodoscuk
تكفور طاغى,Tekfurdağı/Rodoscuk
تكفور طاغى,Tekfurdağı/Rodoscuk
تكفور طاغي,Tekfurdağı/Rodoscuk
ردوسجق,Tekfurdağı/Rodoscuk
رودستو,Tekfurdağı/Rodosto
تكفوركولى,Tekfurgölü
كونجى بازارى,Tekfurgölü/Göncüpazarı
قره صو,Tekfurgölü/Karasu
تكفوركولى,Tekfurgölü/Karasu
كونجى بازارى,Tekfurgölü/Karasu/Göncüpazarı
كوستنجه,Tekfurgölü/Köstence
تكفورصيان,Tekfursayan
تكه,Tekke
تكمان,Tekman
تكوج,Tekuc
تكيه,Tekye
تلعفر,Telafer
تلعفر,Telafer
تيلعفر,Telafer/Tilafer
تلبسم,Telbesim
تلچاق,Telçak
تلچاق,Telçak
قلعۀ تلچاق,Telçak/Kale-i Telçak
تلندوس,Telendos
كندوسى,Telendos/Kendosi
لندوس,Telendos/Lendos
تلاندو,Telendos/Telando
ته لاندوس,Telendos/Telandos
تله پولى,Telepoli
تلغراف,Telgraf
تلين,Telin
تل كلخ,Telkelah
تمد,Temed
تمد مأدبه,Temed/Temed-i Medebe
تمنس,Temenos
تَمَنوس,Temenos
تمنوس,Temenos
تمنوس,Temenos
تمنوس,Temenos
جزيرۀ تمنوس,Temenos/Cezire-i Temenos
تميناكى,Teminaki
تمنار,Temnar
تمنين تحتا,Temnin-i Tahta
تمرزلر,Temrezler
تمرزلر و حيدرلر,Temrezler ve Haydarlar
تمرك,Temrük
تمروق,Temrük/Temruk
تموم,Temum
تن دره,Tendere
تندره,Tendere
تندره,Tendere
تنكين,Tengin
تنورين,Tennurin
تنومه,Tenume
تنوره,Tenure
تنور,Tenure/Tenur
تنوره كلاويم,Tenure/Tenure Kelavim
تئودور,Teodor
تؤدور,Teodor
آيى طودورى,Teodor/Ayitodori
آيوثوظورى,Teodor/Ayosozori
تودورى,Teodor/Todori
طودورى,Teodor/Todori
تپه,Tepe
تپه دلن,Tepedelen
دپه دلن,Tepedelen
دپه دلن,Tepedelen/Depedelen
دپه دلان,Tepedelen/Depedelen
دبه دلن,Tepedelen/Depedelen
تپه خان,Tepehan
تپه سى دلك,Tepesidelik
ترابين,Terabin
ترانيسى,Teranisi
ترانيزى,Teranisi/Teranizi
ترازيا,Teraziya
جراسيه,Teraziya/Cerasiye
ثراسيا,Teraziya/Serasya
طراسيا,Teraziya/Tarasiya
ترجان,Tercan
نفس ترجان,Tercan merkez
ترجان سفلا,Tercan-ı Süfla
ترجان سُفْلَا,Tercan-ı Süfla
ترجان عليا,Tercan-ı Ulya
تَرجان عُلْيَا,Tercan-ı Ulya
ماما خاتون,Tercan/Mamahatun
ماما خاتون,Tercan/Mamahatun
مما خاتون,Tercan/Mamahatun
ترجانين,Tercan/Tercaneyn
ترجيل,Tercil
تَرْجيل,Tercil
حضرو,Tercil/Hazro
ترك,Terek
تارل (؟),Tereli (Tarıl (?))
تركور,Tergever
تركَوَرْ,Tergever
ترخو,Terhu (?)
تريكان,Terikan
ترلغان,Terilgan
تركمش خاصى,Terkemişhassı
ترقوس,Terkos
ترقوس,Terkos
ترغوس,Terkos/Tergos
ترقوز,Terkos/Terkoz
ترليس,Terlis
ترمه,Terme
ترمه مع آقچاى,Terme maa Akçay
ترمه مع ايواجق,Terme maa Ayvacık
ترمه و اقچاى,Terme ve Akçay
تيرمه,Terme/Tirme
تيرمه دس,Terme/Tirmedos
تيرمدوس,Terme/Tirmedos
ترمشى,Termişi
قلعۀ ترميش,Termişi/Kale-i Termiş
ترميش,Termişi/Termiş
ترميه,Termiye
ترميه,Termiye
ترمه,Termiye
جزيرۀ ترميه,Termiye/Cezire-i Termiye
ترمه,Termiye/Terme
ترميا,Termiye/Termiya
ترسانه,Tersane
ترسيه,Tersiye
ترسون سفلالا,Tersun-ı Süfla
ترشيحا,Terşiha
ترزى دره,Terzidere
درزى دره,Terzidere
ترزى دره قريه سى,Terzidere/Terziderekaryesi
ترزي ويران,Terziviran
تستور,Testur
تشنه,Teşene
تشنه مع زنجيه,Teşene maa Jepçe (Zenciye)
تشنه مع زيچه,Teşene maa Jepçe (Ziçe)
تشنه مع قصبۀ زبجه,Teşene maa Kasaba-i Jepçe (Zebçe)
واروش قلعۀ تشنه,Teşene/Varoş-ı Kale-i Teşene
تيران,Tetevan/Tiran
تتون,Teteven
ته ته ون,Teteven
تتوان,Teteven/Tetevan
تواتل و مخوب,Tevatil ve Mahub
توفيقيه,Tevfikiye
توقيع,Tevki
تزنه دره سى,Tezenederesi
طمش,Tımış
طمشوار,Tımışvar
طمشْوآر,Tımışvar
نفس طمشوار,Tımışvar merkez
قلۀ دمشقار,Tımışvar/Kule-i Demeşkar
قلّۀ دمشقار,Tımışvar/Kule-i Demeşkar
پاشا,Tımışvar/Paşa
ينوه,Tımışvar/Yanova
طراحيه,Tırahiye
طراجيه,Tırahiye/Tıraciye
ترخاله,Tırhala
ترحاله,Tırhala
ترخاله,Tırhala
تِرْحَالَه,Tırhala
ترحاله مع غلوس,Tırhala maa Golos
ترحاله مع نواحى,Tırhala maa Nevahi
ترحاله مع نواحئ آروان و غارجان و بولانيه و قره جوه و خاصلر و اسپروپوتام,Tırhala maa nevahi-i Ardan (Arvan) ve Gariçan ve Polaniye ve Kraçova ve Haslar ve Aspiropotam
ترحاله مع نواحئ آروان و غارجان و بولانيه و قره چوه و خاصلر و اسپروپوتام,Tırhala maa nevahi-i Ardan ve Gariçan ve Polaniye ve Kraçova ve Haslar ve Aspiropotam/Tırhala maa nevahi-i Arvan ve Gariçan ve Polaniye ve Karacova ve Haslar ve Aspiropotam
طرليس,Tırlis
طرنوى,Tırnova
طرنوه,Tırnova
طرنووه,Tırnova
طرنوى,Tırnova
طرنوه,Tırnova
طرنوى مع نواحى,Tırnova maa Nevahi
نفس طرنوه,Tırnova merkez
قصبۀ طرنوى,Tırnova/Kasaba-i Tırnova
بازار طرنوه,Tırnova/Pazar-ı Tırnova
طرنوى,Tırnova/Tırnovi
طرنوه جق,Tırnovacık
طرنويجق,Tırnovacık
طرنوه,Tırnovacık/Tırnova
طرنوى,Tırnovacık/Tırnova
طرنواچ,Tırnovaç
تويردوش,Tıvırdoş
طيبنه,Tibne
تبنين,Tibnin
تبنين و ساحل معركه,Tibnin ve Sahil-i Mareke
تبنين و شقيف,Tibnin ve Şakif
تبنين,Tibnin/Bilad-ı Benibeşara
بلاد بشاره,Tibnin/Bilad-ı Beşara
تفليس,Tiflis
تفلس,Tiflis
تهومير,Tihomir
تهون,Tihon
تكريت,Tikrit
تيكريت,Tikrit
تكوه ش,Tikveş
تيكوش,Tikveş
تكوش,Tikveş
بلوس,Tikveş/Belves
قوادار,Tikveş/Kavadar
تيلاوه,Tilava
تلبشار,Tilbeşar
تلبشار,Tilbeşar
تلباشر,Tilbeşar/Tilbaşar
تلمسان,Tilemsan
تيلكوران,Tilgören/Tilgöran
تيلج,Tilic (?)
تلمو,Tilmo
ثيلمو,Tilmo
تيليا,Tilya
تيما,Tima
تيمار,Timar
تيمار صرچه لى,Timar-ı Sırçalı
تيموق,Timok
تموق,Timok
تيموران,Timuran
تمران,Timuran
تيمور حصار,Timurhisar
تيمورحصار,Timurhisar
تمورحصار,Timurhisar
تمور حصار,Timurhisar
دمورحصار,Timurhisar/Demirhisar
تيمور حصارى,Timurhisar/Timurhisarı
تيمورحصارى,Timurhisar/Timurhisarı
تمور حصارى,Timurhisar/Timurhisarı
تمورينچه,Timurinçe
تيمورنچه,Timurinçe
تيمورينچه,Timurinçe
تيمورنجه,Timurinçe
تيموريچه,Timurinçe/Timuriçe
تِيمُورِيچَه,Timurinçe/Timuriçe
طومانيجه,Timurinçe/Tomaniçe
طوماريچه,Timurinçe/Tomariçe
تومرنچه,Timurinçe/Tomorinçe
تيمور شير,Timurşir
فم الشعير,Timurşir/Femmüşşair
تينه,Tinah
تينوس,Tinos
تينوس,Tinos
استنديل,Tinos/İstendil
استندل,Tinos/İstendil
استنديل,Tinos/İstendil
تينوز,Tinos/Tinoz
تران,Tiran
تيران,Tiran
تيران,Tiran
تيران مع اقچه حصار,Tiran maa Akçahisar
تيران مع اقحصار,Tiran maa Akhisar
تيره,Tire
تيره بولى,Tirebolu
تيره بولى مع كورتون,Tirebolu maa Kürtün
دريبولى,Tirebolu/Diribolu
دربولي,Tirebolu/Diribolu
تيره بولى,Tirebolu/Görele
تريبولى,Tirebolu/Tiribolu
تيرك,Tirek
ترغوويشته,Tirgovişte
ترغويشته,Tirgovişte
ترغوشته,Tirgovişte
ترغوويشته,Tirgovişte
ترقوشته,Tirgovişte
ترغووشته,Tirgovişte
ترغوشته مع نواحى,Tirgovişte maa nevahi
ترقوشته,Tirgovişte/Tirkovişte
ترليه,Tirilye
ترليه,Tirilye
تيريليا,Tirilye/Tirilya
ترينس,Tirins
ترييانيزا,Tiriyaniza
كيليو,Tiriyaniza/Kilyo
تركش,Tirkeş
ترياليد,Tiryalid
تريانده,Tiryanda
دربند,Tiryanda/Derbend
دريانده,Tiryanda/Deryanda
دريانده,Tiryanda/Deryanda
تيسه,Tisa
تيسه ويرشان,Tisevirşan
تتل,Titel
تيتل,Titel
تتنك,Titinik
تيونس,Tiyonis
تيزيوزو,Tizivuzu
تيزمند,Tizmend
تبوچانى,Toboçani
طبرق,Tobruk
طُبرُوقْ,Tobruk
طوبرق,Tobruk
طوخمه,Tohma
توقاد و سيواس,Tokad ve Sivas
توقار چاى,Tokarçay
توقاريس,Tokaris
توقاريس,Tokaris/Gavurzi
توقات,Tokat
توقاد مع دونكسه اباد ومجيداوزى,Tokat (Tokad) maa Dönekseabad ve Mecidözü
توقاد مع ناحيۀ قومنات و كافرنى و توزاكلى,Tokat (Tokad) maa Nahiye-i Komenat ve Kafirni ve Tozanlı
توقاد مع توزاكلى,Tokat (Tokad) maa Tozanlı
نفس توقاد,Tokat (Tokad) merkez
توقاد,Tokat/Tokad
توقاد,Tokat/Tokad
توقاى,Tokay
طوقاي,Tokay
طوقاى,Tokay
طوقلر,Toklar
طوقليان,Tokluyan
طوقمق اطه لرى,Tokmak Adaları
طوقماق آطه لرى,Tokmak Adaları
طومارى,Tokmak/Tomarı
تولنه,Tolna
طولنه,Tolna
طولون,Tolon
تولون,Tolon
داسقاليا,Tolon/DaskTalya
تولو,Tolon/Tolu
تومانس,Tomanis
طومانيس,Tomanis
طوماش هيد,Tomaşhid
طوماشى,Tomaşi
طوماشين,Tomaşin
تمونشته,Tomonişte
توند,Tond
تنوس,Tonus
تنوس,Tonus
تونس,Tonus
تونس,Tonus
نفس تنوس,Tonus merkez
تنوس,Tonus/Tenus
طونيه,Tonya
شابخانه,Tonya
طونيه مع  وقف كبير,Tonya maa Vakf-ı Kebir
طونيه و وقف كبير,Tonya ve Vakf-ı Kebir
طوباقلى,Topaklı
طوبجى,Topçu
طوپجى,Topçu
طوپچى,Topçu
طوب حصار,Tophisar
طوپحصار,Tophisar
تپولنچه,Topolniçe
توپولنچه,Topolniçe
توپولنيچه,Topolniçe
توپولنچه,Topolniçe/Novabırda
توپولونيك,Topolovnik
توپوليانى,Topolyani
طوبنيجه,Toponiçe
طوپراق آطه,Toprakada
علامتلى اطه,Toprakada/Alametli Ada
طپراق اطه سي,Toprakada/Toprak Adası
طوربالى,Torbalı
طوربالى مع تريانده,Torbalı maa Tiryanda
طوربالى مع  تريانده,Torbalı maa Tiryanda
قزيل حصار,Torbalı/Kızılhisar
قزلحصار,Torbalı/Kızılhisar
قزل حصار,Torbalı/Kızılhisar
قزيلحصار,Torbalı/Kızılhisar
طوربالى,Torbalı/Kızılhisar
قزلحصار,Torbalı/Kızılhisar
قزلحصار,Torbalı/Kızılhisar
قزلحصار,Torbalı/Kızılhisar
توريچانى,Toriçani
توروشقه,Toroşka
تورتوم,Tortum
طورطوم,Tortum
تُورْتُومْ,Tortum
تورتم,Tortum
قلعۀ تورتوم,Tortum/Kale-i Tortum
تورتوم,Tortum/Nihah
نخاح,Tortum/Nihah
نخاخ,Tortum/Nihah
طوردوم,Tortum/Tordum
طورتونلى,Tortunlu
طورول,Torul
طرول,Torul
طورل,Torul
طورل,Torul
طورول,Torul
طورول,Torul/Ardasa
ارداسه,Torul/Ardasa
آراداسه,Torul/Ardasa (Aradasa)
دورول,Torul/Dorul
طور يان,Toryan
طوريان,Toryan
طُورْيان,Toryan
طُورْيان,Toryan
طوريان,Toryan
طوسيه,Tosya
طوسيه,Tosya
طوطيلو,Totilo
طوتوه مع قلاص,Totova maa Kalas
توى,Toy
توي,Toy
طويان,Toyan (?)
طويلى مع عثمان ايلى,Toylu (?) maa Osmaneli
توزاكلو,Tozanlı
توزانلو,Tozanlı
توزاڭلى,Tozanlı
توراكلو,Tozanlı
توزاكلى,Tozanlı
توزاكلى,Tozanlı/İpsile
ابسيله,Tozanlı/İpsile
ايبسيله,Tozanlı/İpsile (İbsile)
طرابلس,Trablus
نفس طرابلس  مع مينه,Trablus merkez maa Mina
طرابلس غرب,Trablusgarb
طربلوس غرب,Trablusgarb
طربلوس غَرب,Trablusgarb
طره بلوس غرب,Trablusgarb
طرابلس غرب,Trablusgarb
طرابلسغرب,Trablusgarb
طرابلوس غرب,Trablusgarb
طرابلس مع مَرابَطين,Trablusgarb (Trablus) maa Murabıtayn
نفس طرابلس,Trablusgarb (Trablus) merkez
طرابلس غرب و بنغازى,Trablusgarb ve Bingazi
جزاير غرب طرابلوسي,Trablusgarb/Cezayir-i Garb Trablusu
طرابلس,Trablusgarb/Trablus
طرابلس,Trablusgarb/Trablus
طرابلوس,Trablusgarb/Trablus
طرا بلس,Trablusgarb/Trablus
طربلوس مغرب,Trablusgarb/Trablus-ı Mağrib
طرابلس شام,Trablusşam
طره بلوس شام,Trablusşam
طرابلوس شام,Trablusşam
طربلوس شام,Trablusşam
طرا بلوس شام,Trablusşam
طره بلس شام,Trablusşam
طربلس شام,Trablusşam
طره بلوس شام,"Trablusşam
Trablus"
طرابلس شام,Trablusşam merkez
شام طرابلس,Trablusşam/Şam Trablus
طرا بلس,Trablusşam/Trablus
طر بلوس,Trablusşam/Trablus
طرابلوس,Trablusşam/Trablus
طربلوس,Trablusşam/Trablus
طرابلس,Trablusşam/Trablus
طره بلوس,Trabluşşam/Trablus
ترابوئين,Traboin
طربزون,Trabzon
طره بزون,Trabzon
طرابزون,Trabzon
طربزون,Trabzon
طره بزون,Trabzon
طربزون مع نواحى,Trabzon maa Nevahi
طربزون مع نواحى,Trabzon maa nevahi
نفس طربزون,Trabzon merkez
نفس طره بزون,Trabzon merkez
تراغونيس,Tragonis
طراغو,Tragonis/Trago
تراغونيسى,Tragonis/Tragonisi
تراغونيزى,Tragonis/Tragonizi
تراغوسا,Tragusa
تراكيا,Trakiya
تراچيا,Trakiya/Treçiya
ترامبه تو,Trambeto
طراونه,Travna
طِرَاوْنَه,Travna
تراونيك,Travnik
تراونيق,Travnik
تراونيق مع كليس,Travnik maa Klis
نفس تراونيك,Travnik merkez
بازار تراونيق,Travnik/Pazar-ı Travnik
واروش قلعۀ تراونيك,Travnik/Varoş-ı Kale-i Travnik
واروش تراونيك,Travnik/Varoş-ı Travnik
تربچه,Trebçe
تربجه,Trebçe
تربچه,Trebçe
معدن تربچه,Trebçe/Maden-i Trebçe
معدن تربچه بالا,Trebçe/Maden-i Trebçe-i Bala
تربجۀ زير,Trebçe/Trebçe-i Zir
تره بتين,Trebetin
تره بين,Trebin
تيره بين,Trebin
ترابنه,Trebin/Trabine
تره بنه,Trebin/Trebine
تره بينه,Trebin/Trebine
تربنه,Trebin/Trebine
تربينه,Trebin/Trebine
تربنه,Trebine
تره بيشته,Trebişte
تربوه,Trebova
تره پوليچه,Trepoliçe
طره پوليچه,Trepoliçe
طره پليجه,Trepoliçe
طره پلوجه,Trepoliçe
طرا بلوس,Trepoliçe/Trablus
طراپوليچه,Trepoliçe/Trapoliçe
طره پوله,Trepoliçe/Trepole
تربستوه,Tribistova
تريغراد,Trigrad
تريكه رى,Trikeri
تريكر,Trikeri/Triker
تريكريا,Trikeri/Trikerya
تريكيرى,Trikeri/Trikiri
ترپتنسى,Tripitinisi
ترنيس,Tripitinisi/Trinis
تريسونيا,Trisonya
تريذونيه,Trisonya/Trizonya
ترسته نيك,Tristenik
تريا ماوراودنا,Triya Mavravodina
ترييا ماوراودنا,Triya Mavravodina
تريا ماورومنا,Triya Mavravodina (Triya Mavromina)
تريا نيسيا,Triyanisiya
ترييانيسيا,Triyanisiya
اشرفى اطه لرى,Triyanisiya/Eşrefi Adaları
نيسيا,Triyanisiya/Nisiya
طرييو,Triyo
ترييو,Triyo
تربوشتيجه,Troboştice
تروبوشتيچه,Troboştiçe
تربوشتيجه,Troboştiçe
ترپوشتچه,Troboştiçe/Tropoştiçe
توفير (؟),Tufir (?)
توغلر,Tuğlar
قاره طوغلر,Tuğlar/Karatuğlar
طوغوت,Tuğut
توحما,Tuhma
طوقما,Tuhma/Tukma
توخت,Tuht
تخت,Tuht
توحت,Tuht
طولجى,Tulca
تولجه,Tulca
طولچى,Tulca/Tolçi
طولجى,Tulca/Tolçi
طولميتا,Tulemeyta
طول كرم,Tulkerem/Tulkerm
طولون,Tulon
طولوم اطهسى,Tulumadası/Orovi
طو نه,Tuna
طونه,Tuna
طُونه,Tuna
طونه,Tuna
دوننماى نهر طونه,Tuna/Donanma-yı Nehr-i Tuna
نهر تونه,Tuna/Nehr-i Tuna
نهر طونه,Tuna/Nehr-i Tuna
طونجه,Tunca
تونس,Tunus
تُونُس,Tunus
طونس,Tunus
تنس,Tunus
تونس,Tunus
تنيس,Tunus/Tunis
طور,Tur
طور سينا,Tur-ı Sina
طره باى,Turabay
طوراج اوغلي,Turaçoğlu
توران,Turan
تورانلى,Turanlı
طوراسى,Turası
ترات,Turat
تورجان,Turcan
طورغود,Turgud
تورغود,Turgud (?)
طورغود مع جهانبكلى,Turgud maa Cihanbeyli
طورغود تركمان بوز اولوس,Turgud Türkmen-i Bozulus
طورغود و بايبرد,Turgud ve Bayburd
طورغود و بوز اولوس,Turgud ve Bozulus
دورغود,Turgud/Durgud
طورغود ايلى,Turgud/Turgudili
طورغودلى,Turgudlu
طورغودلو,Turgudlu
طورغودلى,Turgudlu/Kasaba
قصبه,Turgudlu/Kasaba
نفس قصبه,Turgudlu/Kasaba merkez
تورخال,Turhal
ترخال,Turhal
تورحال,Turhal
طورحال,Turhal
تورخال,Turhal
طورحال مع عشائر,Turhal maa Aşair
تورخال مع  قاز اباد,Turhal maa Kazabad
طورخال,Turhal/Keşan
طورلوطي,Turloti
طورنا,Turna
طورنالى,Turnalı
ترساق,Tursak
تورش,Turuş
توروش,Turuş
طوت,Tut
طوطاق,Tutak
طوتاق,Tutak
طوتاق,Tutak
طوتاق,Tutak
طوطاق,Tutak/Antab
عنتاب,Tutak/Antab
عنتاب,Tutak/Antab
طوتاق,Tutak/Antab
دوطاخ,Tutak/Dutah
توطاش,Tutaş
بازار بويك واروش يونس پاشا,Tutik (Pazar-ı Boyik-i Varoş-ı Yunuspaşa)
واروش يونس پاشا,Tutik/Varoş-ı Yunuspaşa
توترقان,Tutrakan
توتروقان,Tutrakan
طوتره قان,Tutrakan
طُوتْره قان,Tutrakan
طوترقان,Tutrakan
طوبريج,Tuveyric
طوز,Tuz
طوز,Tuz
طوز,Tuz
غرود,Tuz/Grud
غروده,Tuz/Gruda
غروذه,Tuz/Gruza
طوزلى,Tuz/Tuzlu
طوزاق,Tuzak
طوزاق مع دوشملر,Tuzak maa Döşemeler (?)
طوزبرون,Tuzburun
طوزجيان,Tuzcuyan
طوز حصار,Tuzhisar
قزيل حصارى,Tuzhisar/Kızılhisarı
طوز خورماتو,Tuzhurmatu
طوز خورماتى,Tuzhurmatu
طوزله,Tuzla
طوزله,Tuzla
طوزلۀ بالا,Tuzla-i Bala
مملحۀ بالا,Tuzla-i Bala/Memlaha-i Bala
طوزلۀ زير,Tuzla-i Zir
نفس طوزلۀ زير,Tuzla-i Zir merkez
طوزلۀ زير و بالا,Tuzla-i Zir ve Bala
مملحۀ زير,Tuzla-i Zir/Memlaha-i Zir
مملحه زير,Tuzla-i Zir/Memlaha-i Zir
اسكله,Tuzla/İskele
اسكلهً طوزله,Tuzla/İskele-i Tuzla
لارناقه,Tuzla/Larnaka
مملحتين,Tuzla/Memlahateyn
طوز,Tuzla/Tuz
طوزن,Tuzla/Tuzan
طوزله اسكله سي,Tuzla/Tuzlaiskelesi
طوزله كوزى,Tuzlagözü
طوزلق,Tuzluk
توزلق,Tuzluk
قوزلق,Tuzluk/Kozluk
توزلى,Tuzluk/Tuzlu
طوزسز,Tuzsuz
تفلح,Tüflah
تيفتاح,Tüflah/Tiftah
توكوچه (؟),Tüküçe (?)
تومك,Tümük
تموك و اقچه قلعه و يره مدكى و پازارجق و طاش بولاق (؟),Tümük ve Akçakale ve Yeremudki (?) ve Pazarcık ve Taşbulak
تربه,Türbe
تربه دره,Türbedere
چركس كوى,Türbedere/Çerkesköy
حميديه,Türbedere/Hamidiye
تربة القحم,Türbetülkahm
تربت القحم,Türbetülkahm
نجد الدار,"Türbetülkahm/
Necdüddar"
تربة القحم,Türbetülkahm/Necdüddar
تربة القحم,Türbetülkahm/Şerab
شرعب,Türbetülkahm/Şerab
تركانلو,Türkanlı
تورك طغانجه,Türkdoğanca
تورك ايلى,Türkeli/Türkili
توركنلر,Türkenler
توركنلر مع زكم عليا,Türkenler maa Zegem-i Ulya
تركمان,Türkmen
تركمان و الاجه حان دربندى,Türkmen ve Alacahan Derbendi
تركمان بوز اولوس,Türkmen-i Bozulus
بوز اولوس,Türkmen-i Bozulus/Bozulus
تركمنان بوز اولوس,Türkmen-i Bozulus/Türkmenan-ı Bozulus
تركمان حلب,Türkmen-i Haleb
تركمان,Türkmen-i Haleb/Türkmen
تركمان حلب مراد بك,Türkmen-i Haleb/Türkmen-i Haleb-i Murad Bey
تركمانان سلوريه,Türkmenan-ı Selluriye
تركمانان سلورى,Türkmenan-ı Selluriye
تركمانان,Türkmenan-ı Selluriye/Türkmanan
تركمانان سلورى,Türkmenan-ı Selluriye/Türkmanan-ı Selluri
تركمان سلوريه,Türkmenan-ı Selluriye/Türkmen-i Selluriye
تركمن جلابى,Türkmencülabı
ترك اوغلى,Türkoğlu
تورنك,Türnük
تورنيك,Türnük
لوشديكن,Türnük/Löşdiğin
ترشمك,Türüşmek
اعيوج,Uayvic
عبيد,Ubeyd
العبيد,Ubeyd/el-Ubeyd
اوجان,Ucan
عجيلات,Uceylat
عَجيلات مع علايِق,Uceylat (Acilat) maa Alayik
عَجيلات مع علايِق,Uceylat maa Alayik
عجير,Uceyr
اوچ حصار,Uçhisar
اوچكان,Uçikan
اوده,Ude
عديد,Udeyd
عدين,Udeyn
نفس عدين,Udeyn merkez
اودوارد,Udvard
اودور,Udvard/Udvar
اودوور,Udvard/Udvor
اودوينه,Udvine
قلعۀ اودونه مع واروش,Udvine (Kale-i Udvine) maa Varoş
قلعۀ اودوينه,Udvine/Kale-i Udvine
اودوبنه,Udvine/Udobine
اوفاجقلى,Ufacıklı
اوفه جقلى,Ufacıklı
اوفجقلى,Ufacıklı
اغريك,Ugarik
اوغود,Ugod
عكان,Ukan
اوقان,Ukan
عكاظ,Ukaz
عقبان,Ukban
اوله,Ula
علا,Ula
اولا,Ula
العلا,Ula/el-Ula
اوله,Ula/Gökabad
اولاه شپش,Ulahşepiş
اولاه شبش,Ulahşepiş
اولاح شپش,Ulahşepiş
اولاق,Ulak
اولاق,Ulak
عولاق,Ulak
اولاق دره سى,Ulak/Ulakderesi
اوغلاق دره,Ulak/Ulakderesi (Oğlakdere)
اولان الى,Ulaneli
اولانوف,Ulanof
اولا پرت,Ulapert
اولاش,Ulaş
اولاش,Ulaş
اولاش مع  نمرون,Ulaş maa Namrun
اولاش مع نمرون,Ulaş maa Namrun
الاش و قيى,Ulaş ve Kıyı
اولاش و نمرون,Ulaş ve Namrun
الوس,Ulaş/Alus
اولوش,Ulaş/Uluş
اولبو,Ulbo
ئوليا,Uliya
اوليا,Uliya
اولقانه,Ulkana
عليقه,Ulleyka
عُلَّيْقَه,Ulleyka
عُلَّيْقه,Ulleyka
جرد عُلّيقه,Ulleyka/Cürd-i Ulleyka
جُرد العَليقه,Ulleyka/Cürdülulleyka
اولوغ,Ulog
اولو اباد,Uluabad
اولوباد,Uluabad/Ulubad
اولوباد,Ulubad
آبولنيا,Ulubad/Abolonya
آپُليُوند,Ulubad/Apolyond
اونلباميه,Ulubad/Onlubamye
اولوبات,Ulubad/Ulubat
اولوبورلى,Uluborlu
اولو بورلو,Uluborlu
اولوبورلو,Uluborlu
اولو بورلى,Uluborlu
اوليبورلى,Uluborlu
اولو كوبك,Ulugöbek
كوبك,Ulugöbek/Göbek
اولوبك,Ulugöbek/Ulubey
اولو بك,Ulugöbek/Ulubey
اولو قلعه,Ulukale
اولوقشله,Ulukışla
اولوقيشله,Ulukışla
اولو قشله,Ulukışla
حميديه,Ulukışla (Hamidiye)/Maden
حميديه,Ulukışla (Hamidiye)/Maden
حميديه,Ulukışla/Hamidiye
شجاع الدين,Ulukışla/Kokas/Şücaeddin
معدن,Ulukışla/Maden
معدن همايون,Ulukışla/Maden-i Hümayun
بولغار معدنى,Ulukışla/Maden/Bulgarmadeni
شجاع الدين,Ulukışla/Şücaeddin
الوكوئ اسكيلب,Uluköy-i İskilib
اولو,Uluköy-i İskilib/Ulu
علوم,Ulum
اولوس,Ulus
اولوس مع اماسري,Ulus maa Amasra
اولوس,Ulus/Ovaköy
اولو شيران,Uluşiran
عليا,Ulya (Zaruşad'da)
اموربك,Umurbey
امور فقيه,Umurfakih
امور فقه,Umurfakih
امور فقى,Umurfakih/Umurfakı
اموريك,Umurik
موريك,Umurik/Murik
اونا,Una
اونه,Una
اونچه,Unçe
اونسه,Unise
اونيه,Uniye
عر,Ur/Urr
اوراكه,Urake
اوراقه,Urake/Uraka
اورمان,Uraman
عربان,Urban
عُرْبانِ جانب الغرب,Urban-ı Canibülgarb
عُرْبانِ جانب الشرق,Urban-ı Canibüşşark
اورفله,Urfille
اوُرْفِلَه,Urfille
اورفلّه,Urfille
اورفلله,Urfille
اوُرْفَله,Urfille/Urfelle
اُورْفَله,Urfille/Urfelle
اورفِلَه,Urfille/Urfile
اورله,Urla
اورله,Urla
اورلا,Urla
بازار اورله,Urla/Pazar-ı Urla
عرمان,Urman
اروش,Uruş
اورش,Uruş
اوروزلر,Uruzlar
عصيمان,Usayman
اوصغون (؟),Uskara/Osgun
اوسقوپيه,Uskupye
اسقوپيه,Uskupye
اسقوبيه,Uskupye
اسقوبله,Uskupye (Uskoble)/Vakıf
اسقوينه,Uskupye (Uskovina)
اسقوبلۀ بالا,Uskupye/Uskoble-i Bala
اوسوره,Usora
استقولنه,Ustokolina
بازار اوستوقولنه,Ustokolina/Pazar-ı Ustokolina
بازار اوستقولنه,Ustokolina/Pazar-ı Ustokolina
استرزوب,Ustrozob
استروغه,Ustruga
اوستروغه,Ustruga
استروغا,Ustruga
استروما,Ustruma
اوسترومجه,Ustrumca
استرومجه,Ustrumca
استورمجه,Ustrumca
استورومجه,Ustrumca
استرمجه,Ustrumca
اوسترمجه,Ustrumca
استرومجه و طويران,Ustrumca ve Doyran
استرومجه,Ustrumca/İstrumca
استورمجه,Ustrumca/Usturumca
اوستودنه,Ustudana
استودنه,Ustudana
استودانى,Ustudana/Kamaniska
اوستوده نيچه,Ustudaniçe
عشاق,Uşak
عشا ق,Uşak
عشاق,Uşak
عشاق مع بناز,Uşak maa Banaz
عشاق مع ناحيۀ اولو كوبك,Uşak maa Nahiye-i Ulugöbek
نفس عشا ق,Uşak merkez
عشّاق,Uşak/Uşşak
عُشّاق,Uşak/Uşşak
اوشنى,Uşni
اوشتى زرزا,Uşni/Uşni-yi Zerza
عتمه,Utma
اوتوين,Utvin
عُوَينه,Uveyne
اوي بارش,Uybarş
اوى بارش,Uybarş
اوي پارش,Uyparş/Uybarş
عيون,Uyun
عيون,Uyun/Cun
ايوار,Uyvar
اويوار,Uyvar
اويوآر,Uyvar
قلعۀ اويوار,Uyvar/Kale-i Uyvar
اوى واروش,Uyvaroş
اوز,Uz
اوز مساخور,Uzmesahor
اوز,Uzmesahor/Uz
اوزون,Uzun
اوزون اطه,Uzunada
اوزون اطه,Uzunada
ببرجك,Uzunada/Bibercik
ببرجك,Uzunada/Bibercik
غروصه,Uzunada/Grosa
مقرونيسى,Uzunada/Makronisi
ماقرونيسى,Uzunada/Makronisi
ماقرونيزى,Uzunada/Makronizi
اوزنجه اطه,Uzunada/Uzuncaada
اوزونجه اباد خاصكويى,Uzuncaabad-ı Hasköy
اوزنجه آباد خاصكوى,Uzuncaabad-ı Hasköy
اوزنجه اباد خاصكوى,Uzuncaabad-ı Hasköy
اوزونجه اباد خاصكوى,Uzuncaabad-ı Hasköy
اوزنجه اباد خاصكوى,Uzuncaabad-ı Hasköy
خاصكوى,Uzuncaabad-ı Hasköy/Hasköy
خاصكوى اوزنجه اووه,Uzuncaabad-ı Hasköy/Hasköy-i Uzuncaova
اوزنجه اباد,Uzuncaabad-ı Hasköy/Uzuncaabad
اوزنجه اباد,Uzuncaabad-ı Hasköy/Uzuncaabad
اوزونجه اووه,Uzuncaabad-ı Hasköy/Uzuncaova
اوزونجه اوه,Uzuncaabad-ı Hasköy/Uzuncaova
اوزونجه اووه حاصكوى,Uzuncaabad-ı Hasköy/Uzuncaova Hasköy
اوزنجه اوۀ خاصكوى,Uzuncaabad-ı Hasköy/Uzuncaova-i Hasköy
اوزون كوپرى,Uzunköprü
اوزون كپرى,Uzunköprü
جسر اركنه,Uzunköprü/Cisr-i Ergene
جسر ارگنه,Uzunköprü/Cisr-i Ergene
جسر اركنه,Uzunköprü/Cisr-i Ergene
اركنه,Uzunköprü/Ergene
اوزونلى,Uzunlu
ازون صقال,Uzunsakal
اوزون تارله,Uzuntarla
اوچ اطه لر,Üç Adalar
اوچ آطه لر,Üç Adalar
اوج اطه لر,Üç Adalar
اوج قرداشلر اطه لرى,Üçkardaşlar Adaları
اوچ كوى,Üçköy
اوكمجه مع كوسه لى,Üğümce maa Köseli
اوكز,Üğüz
اوكوز,Üğüz
اوگز,Üğüz
اوكيز,Üğüz/Üğiz
اوگز,Üğüz/Üğiz
اولگون,Ülgün
اولكون,Ülgün
اولكونبار,Ülgünbar
اولكاي مكري,Ülke-yi Megeri
اولوندرك,Ülündürük
اولندرك,Ülündürük
لوندرك,Ülündürük/Lündürük
ام على,Ümm-i Ali
ام غازى,Ümm-i Gazi
ام ادريس,Ümm-i İdris
ام قدقور,Ümm-i Kadkur
ام النخيلة,Ümm-i Nahile
بردستان,Ümm-i Nahile/Berdistan
نحيلو,Ümm-i Nahile/Nahilu
ام نحسان,Ümm-i Nahsan
ام رحا,Ümm-i Raha
امّ سلامه و بناتها,Ümm-i Selame ve Benatuha
ام سمروع,Ümm-i Semeru
ام سحار,Ümm-i Sihar
ام سمارى,Ümm-i Simari
مورمارى,Ümm-i Simari/Murmari
ام سوق,Ümm-i Suk
ام شلغار,Ümm-i Şilgar
امّ العم,Ümmülamm
ام البعرور,Ümmülbarur
املج,Ümmülec
امّ الفيارين,Ümmülfeyyarin
ام الحمايل,Ümmülhamayil
ام الحشب,Ümmülhaşeb
ام الحطب,Ümmülhatab
ام الكريب,Ümmülkerib
ام كولان (؟),Ümmülkevlan (?)
ام القروش,Ümmülkuruş
اون الغروش,Ümmülkuruş/Unulguruş
ام الكره,Ümmülküre
ام المراديم,Ümmülmeradim
ام المرادم,Ümmülmeradim
ام الواشى,Ümmülvaşi (?)
ام الرماح,Ümmürrimah
ام الطرحان,Ümmüttarhan
ام الزعول,Ümmüzzaul
ام الذيبان,Ümmüzziban
عمرانيه و حرْبتينِيه,Ümraniye ve Harbetiniye
انكروس,Üngürüs
اِنكِرُوسْ,Üngürüs/İngirüs
اونيه,Ünye
اونيه مع نواحى,Ünye maa Nevahi
اونيه و جويز دره و جوره كل و فنارس و افراز,Ünye ve Cevizdere ve Çöreği (Çöreğil) ve Fenaris ve İfraz
اردن,Ürdün
اورا كير,Üreğir
اركوب,Ürgüb
اوركوب,Ürgüb
اوركوب,Ürgüb
اركوپ,Ürgüp
اوركوپ,Ürgüp
اركوب,Ürgüp/Ürgüb
اورگوب,Ürgüp/Ürgüb
اوركوب,Ürgüp/Ürgüb
ارگوب,Ürgüp/Ürgüb
اسكوب,Üsküb
اسُكُوب,Üsküb
اوسكوب,Üsküb
اسكوب,Üsküb
اسكوب مع ناحيء قچانك,Üsküb maa Nahiye-i Kaçanik
اسكوب مع نواحى,Üsküb maa Nevahi
اسكوب مع نوكريچه,Üsküb maa Nogoriçe
نفس اسكوب,Üsküb merkez
اسكوبي,Üskübi
اسكوبى,Üskübi
اوسكبى,Üskübi
اسكدار,Üsküdar
اسكدار,Üsküdar
اسكودار,Üsküdar
اسكودر,Üsküdar
اسوكدار,Üsküdar
اوسكودار,Üsküdar
اسكدار مع كوملجنه,Üsküdar maa Gümülcine
اوسكنه,Üsküne
اسكوتى,Üskütü
اوستكران,Üstükran
اوستكرا ن عليا,Üstükran/Üstükran-ı Ulya
اوتوك,Ütük
عزير,Üzeyr
اوزمدل,Üzümdil
اوزمى,Üzümi
اوزملى,Üzümlü
اوزملو,Üzümlü
اوزوملى,Üzümlü
واج,Vac
واچ,Vaç
واچنه,Vaçne (?)
وادى,Vadi
وَادِى,Vadi
وادى,Vadi
وادى بَرَدَه,Vadi-i Berada
وادى برده,Vadi-i Berada
وادي برده,Vadi-i Berada
وادى بره ده,Vadi-i Berada
وادى بَرده,Vadi-i Berada
وادى البرده,Vadi-i Berada/Vadilberada
وادي جمول,Vadi-i Cumul
وادئ جمول,Vadi-i Cumul
وادئ حمول,Vadi-i Cumul/Vadi-i Humul
وادئ غربى,Vadi-i Garbi
وادئ غربىNakhalat,Vadi-i Garbi
غربى,Vadi-i Garbi/Garbi
وادى قنديل,Vadi-i Kandil
وادئ موسى,Vadi-i Musa
وادى موسى,Vadi-i Musa
وادى موسى,Vadi-i Musa
وادئ نخله,Vadi-i Nahle
وادى شعير,Vadi-i Şair
وادى الشعير,Vadi-i Şair/Vadişşair
وادئ شرقى,Vadi-i Şarki
شرقى,Vadi-i Şarki/Şarki
شرقى,Vadi-i Şarki/Şarki
وادئ عتبه,Vadi-i Utbe
وادئ عَنْبَه,Vadi-i Utbe/Anbe
عتبه,Vadi-i Utbe/Utbe
عُتْبه,Vadi-i Utbe/Utbe
عتيه,Vadi-i Utbe/Utye
وادى يبروت,Vadi-i Yebrut
وادى العجم,Vadilacem
وادى العجم,Vadilacem
ناحيۀ وادى الهم,Vadilacem/Nahiye-i Vadilhem
وادى عجم,Vadilacem/Vadi-i Acem
وادى الاخضر,Vadilahdar
واديلي,Vadili
وادى اللوا,Vadilliva
وادى النصارى,Vadinnasara
وادى النصرى,Vadinnasara
وادى النصاره,Vadinnasara
وادى النصارا,Vadinnasara
وادى النبى,Vadinnebi
وادي الرّماع,Vadirrumaa
وادى الشعرا,Vadişşuara
وادى الشعراء الغربى,Vadişşuara el-Garbi
وادى التيم,Vaditteym
وادالتيم,Vaditteym
وادالتيم,Vaditteym
وادى التيم و عرقوب,Vaditteym ve Arkub
وادى الشمه,Vaditteym/Vadişşemme
وادى وانك,Vadivank
واديه,Vadiye
واديّه,Vadiye
واژون,Vajon
واق,Vak
واغ,Vak/Vağ
وقف حمزه بيك,Vakf-ı Hamzabey
وقف كبير,Vakf-ı Kebir
وقف كبير,Vakf-ı Kebir
وقف كبير,Vakf-ı Kebir
وقف كبير مع اسكيه,Vakf-ı Kebir maa İskefiye (İskeye)
وقف كبير اسكفه يه,Vakf-ı Kebir maa İskefiye/Vakf-ı Kebir İskefeye
وقف,Vakf-ı Kebir/Vakf
وقف صغير,Vakf-ı Sagir
وقف زير,Vakf-ı Zir
وقف,Vakıf
وقف,Vakıf
وقفلر,Vakıf/Vakıflar
ولاقسا,Valaksa
بالاقسا,Valaksa/Balaksa
ولاحا,Valaksa/Valaha
والاندووه,Valandova
والير,Valir
والپوه,Valpova
والپووه,Valpova
والپوه,Valpova
والطه,Valta
والتوز,Valtoz
وليامن,Valyemin
واليوه,Valyeva
ولوه,Valyeva/Valova
واليه وو,Valyeva/Valyevo
واليوه,Valyeva/Zagor
واموس,Vamos
وان,Van
وان,Van
وآن,Van
وان ادرميد,Van Edremid
ادرميد,Van Edremid/Edremid
نفس وان,Van merkez
وان و اختمار,Van ve Ahtamar
وانتروق,Vanterok
وپراش,Vapraş
واپريپاش,Vapraş/Vapripaş
وپرياش,Vapraş/Vapriyaş
واراد,Varad
وراد,Varad
ورات,Varad/Varat
واردين,Varadin
ورادين,Varadin
وارادين,Varadin
وآرادين,Varadin
وارآدين,Varadin
واره دين,Varadin
قلعۀ واره دين,Varadin Kalesi
واراديه,Varadya
وراديه,Varadya
وآرآديه,Varadya
توت,Varadya/Tot
طوت,Varadya/Tot
واراديه,Varadya/Totvaradi
توت واردى,Varadya/Totvaradi
وارادنه,Varadya/Varadana
واردانه,Varadya/Varadana
وراق,Varak
وارانو,Varano
وراى,Varay
واى,Varay/Vay
واربا,Varba
ابو غرابه,Varba/Ebugurabe
وارچاروقف,Varçarvakıf
وارچار,Varçarvakıf/Varçar
واردار,Vardar
واردار,Vardar
واردار صوي,Vardar suyu
واردار كبير و صغير,Vardar/Vardar-ı Kebir ve Sagir
واردار صغير,Vardar/Vardar-ı Sagir
واردارصغيروكبير,Vardar/Vardar-ı Sagir ve Kebir
واردارين,Vardar/Vardareyn
وارديانى,Vardiyani
وارديان آدالرى,Vardiyani/Vardiyan Adaları
وارنه,Varna
وارنقه,Varnaka
وروش,Varoş
وارش,Varoş
واروش,Varoş
واروش,Varoş
واروش فروزبك,Varoş-ı Firuzbey
واروش قلعۀ مكوريجيه,Varoş-ı Kale-i Mikuriçye
واروش قلعۀ مكوريچيه,Varoş-ı Kale-i Mikuriçye
واروش كيژوينه,Varoş-ı Kijevine
واروش لشنيجه,Varoş-ı Leşniçe
واروش لشنيج,Varoş-ı Leşniçe/Varoş-ı Leşniç
واروش سوله,Varoş-ı Sole
وارطان,Vartan
وارطو,Varto
وارتو,Varto
وارطوى عليا و سفلا مع عشيرت جبرانلو,Varto (Varto-yı Ulya ve Süfla) maa Aşiret-i Cibranlı
نفس وارطو,Varto merkez
كومكوم,Varto/Gümgüm
وارطوى عليا و سفلا,Varto/Varto-yı Ulya ve Süfla
وارطولر,Varto/Vartolar
وصاب عالى,Vasab-ı Ali
وصاب سافل,Vasab-ı Safil
وصابين,Vasabeyn
واصار,Vasar
واسكرد,Vasgird
واسكيرت,Vasgird/Vasgirt
واسط,Vasıt
واصط,Vasıt
واثى,Vasi
واسيل آطه,Vasilada
واصيل,Vasilada/Vasil
واسيلى,Vasili
مليسه,Vasili/Melise
واصلقه,Vasilika
واسيليقو,Vasiliko
واسيلقو,Vasiliko
واصلقو,Vasiliko
واسليقوز,Vasiliko/Vasilikoz
واسيلقوس,Vasilikos
وسيطه,Vasita
واسقوان,Vaskovan
واسقووان,Vaskovan
اسقووان,Vaskovan/İskovan
واسلوى,Vasluy
واسوويك,Vasovik
واسويك زير,Vasovik/Vasovik-i Zir
واشارهل,Vaşarhel
واشيلادى,Vaşiladi
واشقه سنمارتين,Vaşka Senmartin
واشوار,Vaşvar
واشيان,Vaşyan
وطن,Vatan
وته,Vate
دنه,Vate/Dena
واتى,Vati
واتى,Vati
واتقه,Vatika
واتيقه,Vatika
واتون,Vaton
توپاذيا,Vaton/Topazya
يشل,Vaton/Yeşil
يشيل,Vaton/Yeşil
يشيل اطه,Vaton/Yeşilada
وايونتيا,Vayonetya
واظلدان,Vazıldan
وازن,Vazin
وبش,Vebeş
وديچه,Vediçe/Pahna Suyu
وفس,Vefs
وكره,Vekre
ولا,Vela
ولچه,Velçe
ولستن,Velestin
ولستين,Velestin
ولسين,Velestin/Velesin
ولى بابا,Velibaba
وليقه,Velika
وليقه,Velika
وليقه اسلوبوچيه,Velika İslobuçye
وليقه,Velika İslobuçye/Velika
وليقه استروه,Velika Ostrova
وليقه سچن,Velika Seçen
ولين,Velin
قلعۀ ولين,Velin/Kale-i Velin
واروش قلعۀ ولين,Velin/Varoş-ı Kale-i Velin
ولوندوس,Velvendos
وليه,Velye
ونچه,Vençe
رشمى (؟),Vençe/Reşmi
ونيچه,Vençe/Vençi
ونچى,Vençe/Vençi
ونجى,Vençe/Vençi
ونديك مملكتي,Venedik Memleketi
ونديقو,Venediko
ونديقواطه جغى,Venediko Adacığı
اوردك,Venediko/Ördek
ونديك,Venediko/Venedik
وه نه تيقو,Venetiko
غالو,Venetiko/Galo
ونديك,Venetiko/Venedik
وه ته نيقو,Venetiko/Veteniko
ونك,Venk
وراژن,Verajne (Verajn (?))
وردور,Verdura
وه ردورا,Verdura/Ayanikola
وربيل,Verebil
ورنده,Verende
وريشان,Verişan
ويريشان,Verişan/Virişan
ورتنك (؟),Vertenk (?)
وشين,Veşin
وتحى,Vethi
وتحي,Vethi
وتهي,Vethi
ويسيّه,Veysiye
وزيرخانى,Vezirhanı
وزيرخان,Vezirhanı/Vezirhan
وزيركوپرى,Vezirköprü
كده غره و غازيلر اوجاغى,Vezirköprü (Kedegara) ve Gaziler Ocağı
كده غره,Vezirköprü (Kedegara)/Köprü
كده غره,Vezirköprü (Köprü)/Kedegara
كده غره,Vezirköprü (Vezirköprüsü)/Kedegara
كدغره,Vezirköprü (Vezirköprüsü)/Kedegara
كده غره,Vezirköprü/Kedegara
كده قره,Vezirköprü/Kedegara (Kedekara)
كوپرى,Vezirköprü/Köprü
نفس كوپرى,Vezirköprü/Köprü merkez
وزيركوپرسى,Vezirköprü/Vezirköprüsü
ولق,Vılk
ولق ايلى,Vılk/Vılkili
ويرانش,Vıraneş
ويروير,Vırvır
ويچه,Viçe
ويجه,Viçe
ويتره,Viçe/Vitre
وچرا,Viçra
ويد,Vid
ويدهر,Vidher
ويدين,Vidin
ودين,Vidin
وِدِينْ,Vidin
ودين مع ناحيۀ صحراء بلغرادجق و لوم و پولميه,Vidin maa Nahiye-i Sahra ve  Belgradcık ve Lom ve Polomiye
ودين مع نواحى,Vidin maa Nevahi
ودين و نواحى,Vidin ve Nevahi
ويدو,Vido
ويدوسقه,Vidoska
ويدوسقه وبورماز,Vidoska ve Burmaz
وروسقه,Vidoska/Viroska
ودرينچه,Vidriniçe
ويلاغوش,Vilagoş
ونچاج,Vinçaç
وينقوفچه و ايوانقوه,Vinkofça ve İvankova
وينقوفجي,Vinkofçi
وينوغراچ,Vinograç
ويرانجق,Virancık
ويرانجك,Virancık
سازانوس,Virancık/Sazanos
ويرانجق,Virancık/Sazanos
سزانوز,Virancık/Sazanoz
ويران شهر,Viranşehir
ويرانشهر,Viranşehir
ويران شهرى,Viranşehir/Viranşehri
ويربانيه,Virbanya
ويرباشقى,Virbaşkı
واروش قلعۀ ويرباشقي,Virbaşkı/Varoş-ı Kale-i Virbaşkı
ويرجه,Virce
ويرچوه,Virçova
ويردنيك,Virdnik
ويردنك,Virdnik
ويرك,Virdnik/Virik
ويروتيچه,Virevitiçe
ويره وتيچه,Virevitiçe
قلعۀ ويروتيچه,Virevitiçe/Kale-i Virevitiçe
ويرغوراج,Virgoraç
ويرغورچه,Virgoraç/Virgoriçe
ويرح غورچه,Virgoraç/Virhgoriça
ويرح بليجه,Virhbiliçe
واروش كربنه,Virhkrupine/Varoş-ı Grebene
ويرحليقه,Virhlika
ويرهووينه,Virhovine
ويرحوينه,Virhovine
ويرهوينه,Virhovine
ويرح ريقه,Virhrika
قلعۀ ويرح ريقه,Virhrika/Kale-i Virhrika
واروش قلعۀ ويرح ريقه,Virhrika/Varoş-ı Kale-i Virhrika
ويرحليقه,Virhrika/Virhlika
ويرشيجه,Virşice
ويره شيجه,Virşice/Vireşice
وثيقوق,Visikuk
وثيقوك,Visikuk
وشيقوك,Visikuk/Vişikuk
ويسوقه,Visoka
وسوقه,Visoka
بازار واروش ويسوقه,Visoka/Pazar-ı Varoş-ı Visoka
بازار اروش ويسوقه,Visoka/Pazar-ı Varoş-ı Visoka
بازار ويسوقه,Visoka/Pazar-ı Visoka
ويسسوقا,Visoka/Vissoka
ويسوره,Visora
وسوره,Visora
ويشغراد,Vişegrad
ويشه غراد,Vişegrad
وشغراد,Vişegrad
ويشغراد,Vişegrad
ويشقراد,Vişegrad
بالاء ويشغراد,Vişegrad/Bala-i Vişegrad
بازار ويشغراد,Vişegrad/Pazar-ı Vişegrad
واروش ويشغراد,Vişegrad/Varoş-ı Vişegrad
واروش  ويشغراد,Vişegrad/Varoş-ı Vişegrad
ويشقراد,Vişegrad/Vişekırad
ويشوغراد,Vişegrad/Vişograd
ويشوه,Vişova
وشوه,Vişova
ويطولشته,Vitoleşte
ويانو,Viyano
ويزه,Vize
ويزه,Vize
نفس ويزه,Vize merkez
ولاشقه مع يرگوگى,Vlaşka maa Yergöğü
ولاشقه مع يرگوگى,Vlaşka maa Yerğöğü
ولايشته,Vlayişte
وده نيچه,Vodeniçe
ودنيچه,Vodeniçe
وده نيچه بلاي بلاغاى,Vodeniçe/Vodeniçe-i Blayblagay
وده نيچه بيلاي بيلاغاي,Vodeniçe/Vodeniçe-i Blayblagay
وودينه,Vodine
وودينه,Vodine
وُدِنَه,Vodine
ودنه,Vodine
ودينه,Vodine
وودنا,Vodine
ودينه,Vodine
وودينه مع قره جه آباد,Vodine maa Karacaabad
نفس وودينه,Vodine merkez
وودا نه,Vodine/Vodana
ودانه,Vodine/Vodana
ودا نه,Vodine/Vodana
وده نه,Vodine/Vodena
ووئيدى,Voidi
ووكين,Vokin
وكين,Vokin
ووكين مع اسوتي مقلوش,Vokin maa İsvetimikloş
ووليسو,Voliso
وولوس,Volos
ولوس,Volos
ونوس,Volos/Venos
وولوز,Volos/Voloz
وونا,Vona
وونيچه,Voniçe
ونيچه,Voniçe
وشتران,Voşteran
وشتيچه,Voştiçe
ووشتيجه,Voştiçe
وشتيجه,Voştiçe
ووشتيچه,Voştiçe
ووستيجه,Voştiçe/Vostica
وينق,Voynuk
وينوق,Voynuk
وينوغان,Voynuk/Voynugan
وينوغان رُوم ايلى,Voynuk/Voynugan-ı Rumeli
وينوغان روم ايلى,Voynuk/Voynugan-ı Rumeli
ويوده,Voyvoda
وره بيل,Vrabil
وراخاس,Vrahas
ورانيك,Vranik
ويرانوغراچ,Vranograç
وراتار,Vratar
اوراتار,Vratar/İvratar
بازار اوراتار,Vratar/Pazar-ı İvratar
ورومونا,Vromuna
ورومونه,Vromuna
وروميونا,Vromuna/Vromyona
وچيچه,Vuçiçe
وغادي,Vugadi
وقه,Vuka
ووقه,Vuka
ووقوليس,Vukolis
ولچه مع رمنيق,Vulçe maa Rimnik
ولچترين,Vulçıtrın
ولجترين,Vulçıtrın
ولچترين,Vulçıtrın
ولچترن,Vulçıtrın
والچترين,Vulçıtrın
ولجترين,Vulçıtrın
ولچترين مع نظارت قراطوه و اسُكُوبْ,Vulçıtrın maa Nezaret-i Kratova ve Üsküb
ولچترين مع نظارت اسكوب,Vulçıtrın maa Nezaret-i Üsküb
ولچترين  مع نظارت اسكوب,Vulçıtrın maa Nezaret-i Üsküb
والچترين,Vulçıtrın/Valçıtrın
ويلچترين,Vulçıtrın/Vılçıtrın
وِلچِتريِن,Vulçıtrın/Vılçıtrın
وولغارو,Vulgaro
ولقوار,Vulkovar
والقوار,Vulkovar/Valkovar
وليقوار,Vulkovar/Velikovar
وومرى,Vumeri
وومرو,Vumeri/Vumero
وونوس,Vunos
ونوس,Vunos
ووتون,Vunos/Voton
وورقولاقه,Vurkolaka
وساليط,Vussalit
ووسالت,Vussalit
وسطه,Vusta
ووولوس,Vuvalos
يبان آباد,Yabanabad
يبان اباد,Yabanabad
يبان آباد,Yabanabad
يبان آباد,Yabanabad
يبان آباد,Yabanabad/Kızılcahamam
پازاركوى,Yabanabad/Pazarköy
يبان آباد,Yabanabad/Yabanova
يابان اواسى,Yabanabad/Yabanovası
يابلاق وماقرق (؟),Yablak (?) ve Makrak (?)
ياج اغاچ,Yaçağaç
يادره,Yadara
يادره مع اتبكار,Yadara maa Atpınar
يادكين,Yadgin
يفا,Yafa
يافه,Yafa
يافع (؟),Yafi (?)
ياغودنه,Yagodine
ياغودينه,Yagodine
يغودنه,Yagodine
لفچه,Yagodine/Lefçe
ياغان,Yağan
يغان,Yağan
ياغبصان,Yağbasan
ياربصان,Yağbasan/Yarbasan
يايجيلر,Yağcılar/Yaycılar
ياغده,Yağda
ياغداش,Yağdaş
يغلو بياده (؟),Yağlıbayada (?)
ياغليجه,Yağlıca
يغلو دره,Yağlıdere
يغما,Yağma
ياغمور دره,Yağmurdere
يغمور دره,Yağmurdere
يغموردره سى,Yağmurdere
يغموردره,Yağmurdere
يغمور در سى,Yağmurdere/Yağmurderesi
يغموردره سى,Yağmurdere/Yağmurderesi
يغمور دره سى,Yağmurdere/Yağmurderesi
ياغمور دره سى,Yağmurdere/Yağmurderesi
يخكيك,Yahkik
بجيلك,Yahkik/Becilik
تحكك,Yahkik/Tahkik
يحتك,Yahkik/Yehtek
يهوديان,Yahudiyan
يهوديه و زين,Yahudiye ve Zeyn
يحيالو,Yahyalı
يحيا لى,Yahyalı
يحيا لو,Yahyalı
يقه,Yaka
يقه جق,Yakacık
يقه جق,Yakacık
يقه جق و آق شهر آباد و تامزاره,Yakacık ve Akşehirabad ve Tamzara
ياقوريت,Yakorit
ياقوه,Yakova
ياقوه,Yakova
ياقوه مع التون ايلى,Yakova maa Altınili
ياقوه مع التون ايلى,Yakova maa Altunili
دياقوه,Yakova/Diyakova
يلاق,Yalak
يلاق اباد,Yalakabad
يلاق آباد,Yalakabad
يالوه,Yalakabad/Yalova
يالوه / يلاق آباد / يالق اباد,Yalakabad/Yalova
نفس يالوه,Yalakabad/Yalova merkez
يلا نجى,Yalancı
يلاسون,Yalasun
يلسون,Yalasun
يلاصون,Yalasun
ياله,Yale
يالى,Yalı
يالي,Yalı
غالى,Yalı/Gali
اسديرنكيلو,Yalı/İsdiringilo
اسديرنكيلو,Yalı/İsdringilo
استروس,Yalı/İstros
صقارجه لر,Yalı/Sakarcalar
صغرجق,Yalı/Sığırcık
صغرجقلر,Yalı/Sığırcıklar
سترونغيلو,Yalı/Strongilo
يلا,Yalı/Yala
ياللي,Yalı/Yallı
يالكز چام,Yalnızçam/Yalınızçam
يالوميچا,Yalomiça (?)
يالوميچه,Yalomiçe
يلواج,Yalvaç
يالواچ,Yalvaç
نفس يلواج,Yalvaç merkez
يلواج و قره اغاج,Yalvaç ve Karaağaç
يلواج و قره اغاچ,Yalvaç ve Karaağaç
يالواچ قره اغچ,Yalvaç ve Karaağaç
يلاوچ,Yalvaç/Yalavaç
يان,Yan
يانبولى,Yanbolu
يانبولى مع نواحى,Yanbolu maa Nevahi
خاصۀ يانبولى,Yanbolu/Hassa-i Yanbolu
يانيق,Yanık
يانق,Yanık
چوماقوفجه,Yaniçe/Çomakofça
يانسقار,Yaniskar
يانوس هذه,Yanoşheze
يانوشهاز,Yanoşheze/Yanoşhaz
يانوه,Yanova
يَانُوه,Yanova
ينوه,Yanova
يانوه,Yanova (?)
ينوه مع شاموكش,Yanova maa Şamukeş
يانوه مع ساموكش,Yanova maa Şamukeş (Samukeş)
ينوه مع شاموكس,Yanova maa Şamukeş (Şamukes)
يانوۀ جديد,Yanova/Yanova-i Cedid
يان اوۀ قديم,Yanova/Yanova-i Kadim
يانتره,Yantra
يانيه,Yanya
يانيه,Yanya
مركز يانيه,Yanya
يانيه مع قرندوس,Yanya maa Korindos
يانيه مع قورندوس,Yanya maa Korindos
يانيه مع قروندوس,Yanya maa Korindos
يانيه مع نواحى,Yanya maa Nevahi
نفس يانيه,Yanya merkez
نفس يانيه,Yanya merkez
ياننه,Yanya/Yanina
يپالي,Yapalı
يارقه,Yaraka
يرنيكومه,Yarangüme
يارنكومه,Yarangüme
طواس,Yarangüme/Tavas
يارنكمى,Yarangüme/Yarangömü
يارچه,Yarçe
يارحصار,Yarhisar
يار حصار,Yarhisar
يارحصار بروسه مع بازارجق,Yarhisar (Yarhisar-ı Bursa) maa Pazarcık
يارحصار مع پازارجق,Yarhisar maa Pazarcık
يارحصار مع بازارجق نام ديكر ارمنى بازارى,Yarhisar maa Pazarcık/Ermenipazarı
يارمجه,Yarımca
يارلق,Yarlık
ياروشوقه,Yaroşevka
يارپوز,Yarpuz
يرپوز,Yarpuz
ياصنوفچه,Yasanofça
ياسات,Yasat
ياصدوره,Yasdura
ياسنچه,Yaseniçe
ياسنوويك,Yasenovik
ياسنويك,Yasenovik
يصى,Yassı
يصى كوى,Yassı/Yassıköy
يصى آطه,Yassıada
پيلاتى,Yassıada/Plati
پلاطويا,Yassıada/Platoya
پلوطويا,Yassıada/Plotoya
يصّى,Yassıada/Yassı
يصيچه,Yassıca
ياصيجه,Yassıca
يصيجه آطه لرى,Yassıca Adaları
قرونسى,Yassıca/Karonisi
قاورو,Yassıca/Kavro
ياصيجه,Yassıca/Platine
پلاتيا,Yassıca/Platiya
ياساجه,Yassıca/Yasaca
يصى اورن,Yassıören
يصى ويران,Yassıören/Yassıviran
ياش,Yaş
ياش طاغ,Yaşdağ
ياشداغى,Yaşdağ/Yaşdağı
يوادى,Yavadı
يواش,Yavaş
لواشل,Yavaş/Levaşel
يواش الى,Yavaş/Yavaşili
يوه بولي,Yavebolu
ياوه بولى,Yavebolu
ياوه بولى,Yavebolu/Görele
ياوى,Yavi
ياويجه,Yaviçe
ياوجه,Yaviçe
ياوچه,Yaviçe
يولاق,Yavlak
ياولاق قرمانلو,Yavlakkaramanlı
يولاق بصان,Yavlakkaramanlı/Yavlakbasan
ياووز كمال,Yavuzkemal
ياوزكلى,Yavzekli (?)
ياياكوي,Yayaköyü
يايچه,Yayçe
ياييچه مع بهورينه بهكه,Yayçe maa Bihke/Yayiçe maa Bihorine Bihke
قلعۀ يايچه,Yayçe/Kale-i Yayçe
واروش قلعۀ يايچه,Yayçe/Varoş-ı Kale-i Yayçe
ياينچه,Yayçe/Yayniçe
يايقل,Yaykıl
يايقيل,Yaykıl
يايقل,Yaykıl
سفل,Yaykıl/Sefil
يايقين,Yaykıl/Yaykın
ييلاجق,Yaylacık
دوده راز,Yaylacılar/Dodaraz
يايلاق,Yaylak
يايلاق كبير,Yaylak-ı Kebir
يايلاق صغير,Yaylak-ı Sagir
يازبرين,Yazberin
يازى كوى,Yazıköy
يازى يرى,Yazıyeri
يازلوفجه,Yazlofça
يدى آطه,Yediada
يدي ديوان,Yedidivan
يدى ديوان,Yedidivan
پنچشنبه,Yedidivan/Pençşenbe
پنجشنبه,Yedidivan/Pençşenbe
يكانه,Yegana
بڭان,Yegana/Began
يهولنجه,Yeholniça
يلج,Yelec
يلج,Yelec
بازار يلج,Yelec/Pazar-ı Yelec
يليل,Yelil
يلكه سى,Yelkesi (?)
يَلْكه سى,Yelkesi (?)
يلليجه,Yellice
يللجه,Yellice
يلتيمور,Yeltimur
يلتمور,Yeltimur/Yeltemur
يمانية السفلا,Yemaniyetüssüfla
يمن,Yemen
یمن,Yemen
يمهوره,Yemhura
يمشلو,Yemişli
ينبوع,Yenbu
ينبع البحر,Yenbuulbahr
يَنْبُوعُ البحر,Yenbuulbahr
ينبوع البحر,Yenbuulbahr
ينبوع,Yenbuulbahr/Yenbu
ينكى,Yengi
يكيجه,Yenice
يكيجه كوى,Yenice
يكيجه قره جه اباد,Yenice Karacaabad
قره جه آباد,Yenice Karacaabad/Karacaabad
يڭيجۀ قره جه آباد,Yenice Karacaabad/Yenice-i Karacaabad
يكيجۀ قره جه اباد,Yenice Karacaabad/Yenice-i Karacaabad
يڭيجۀ آفلانى,Yenice-i Eflani
يكيجۀافلانى,Yenice-i Eflani
يكيجه افلانى,Yenice-i Eflani
افلغان يكيجه سى,Yenice-i Eflani/Eflağan Yenicesi
يكيجه,Yenice-i Eflani/Yenice
يكيجۀافلاقان,Yenice-i Eflani/Yenice-i Eflakan
يكجۀ كوكصو,Yenice-i Göksu
يكيجه قره صو,Yenice-i Karasu
يكيجۀ قره صو,Yenice-i Karasu
يكيجۀ قره صو,Yenice-i Karasu
يڭيجۀ قره صو,Yenice-i Karasu
يكيجۀ  قره صو,Yenice-i Karasu
قره صو,Yenice-i Karasu/Karasu
قره صو يكيجه سى,Yenice-i Karasu/Karasu Yenicesi
قره صو يكيجه سى,Yenice-i Karasu/Karasu Yenicesi
قره صو يكيجه سى,Yenice-i Karasu/Karasu Yenicesi
يكيجه,Yenice-i Karasu/Yenice
يكيجه قره,Yenice-i Karasu/Yenice Kara
يكيجۀ قزل اغاچ,Yenice-i Kızılağaç
يكيجۀ قزل آغاج,Yenice-i Kızılağaç
يكيجۀقزل اغاج,Yenice-i Kızılağaç
يكيجه قزل اغاج,Yenice-i Kızılağaç
قزل آغاج مع خاتون ايلى,Yenice-i Kızılağaç (Kızılağaç) maa Hatunili
يكيجۀ قزل آغاج مع خاتون ايلى,Yenice-i Kızılağaç maa Hatunili
يكيجۀ قزل اغاچ مع خاتون ايلى,Yenice-i Kızılağaç maa Hatunili
يكيجه قزل اغاج مع خاتون ايلى,Yenice-i Kızılağaç maa Hatunili
خاتون ايلى مع  قزل آغاج,Yenice-i Kızılağaç maa Hatunili/Hatunili maa Kızılağaç
قزل آغاج مع خاتون ايلى,Yenice-i Kızılağaç maa Hatunili/Kızılağaç maa Hatunili
قيزل اغاج,Yenice-i Kızılağaç/Kızılağaç
قزل اغاج,Yenice-i Kızılağaç/Kızılağaç
قزل اغاچ,Yenice-i Kızılağaç/Kızılağaç
قزيل اغاج يكيجه سى,Yenice-i Kızılağaç/Kızılağaç Yenicesi
قزل اغاچ يكيجه سي,Yenice-i Kızılağaç/Kızılağaç Yenicesi
قزيل اغج يكيجه سى,Yenice-i Kızılağaç/Kızılağaç Yenicesi
يكيجۀ روم,Yenice-i Rum
يكيجه,Yenice-i Rum/Yenice
يكيجۀ واردار,Yenice-i Vardar
يكيجۀ واردار,Yenice-i Vardar
يكيجۀ  واردار,Yenice-i Vardar
يكيجۀ وردار,Yenice-i Vardar
يكيجۀ  واردار,Yenice-i Vardar
يكيجه  واردار,Yenice-i Vardar
يكيجۀ واردار,Yenice-i Vardar
يكيجۀ واردار مع ودينه,Yenice-i Vardar maa Vodine (Vodena)
يكيجۀواردار و كوكيلى,Yenice-i Vardar ve Gevgili
واردار,Yenice-i Vardar/Vardar
واردار يكيجه سى,Yenice-i Vardar/Vardar Yenicesi
يكيجه,Yenice-i Vardar/Yenice
اينه جه,Yenice/İnece
يكيجه جمعه,Yenicecuma
يكيجه حصار,Yenicehisar
يكيجه,Yenicehisar/Yenice
يكيجه قلعه,Yenicekale
يڭيجه قلعه,Yenicekale
يڭيجه قلعه,Yenicekale
يكيجه كوى,Yeniceköy
ينيجه لى,Yeniceli
يكيجه اوبه,Yeniceoba
يكى جمعه,Yenicuma
يكيچرى اطه لرى,Yeniçeri Adaları
يكيچرى,Yeniçeri Adaları/Yeniçeri
يگي دنيا,Yenidünya
يكى خان,Yenihan
يكى حصار,Yenihisar
يكى ايل,Yeniil
يگى ايل,Yeniil
يكى ايل عشيرتى,Yeniil Aşireti
يكى ايل و قنغال و طنوس و دلكلى طاش,Yeniil ve Kangal ve Tonus ve Deliklitaş
ينكى ايل,Yeniil/Yengiil
يكى قلعه,Yenikale
يكي قصبه,Yenikasaba
يكى كوى,Yeniköy
يكى مسلمان,Yenimüslüman
يكى مسلمان و قوشتاش,Yenimüslüman ve Kuştaş
يكى ناحيه,Yeninahiye
چفتلك,Yeninahiye/Çiftlik
چفتلك التى,Yeninahiye/Çiftlikaltı
يكى پازار,Yenipazar
يكى بازار,Yenipazar
يڭى پازار,Yenipazar
يڭى پازار مع متروفجه,Yenipazar maa Mitroviçe (Mitrofca)
يكى پازار مع متروفچه,Yenipazar maa Mitroviçe (Mitrofça)
يكى پازار مع ناحيۀ سنيچه و سراى,Yenipazar maa Nahiye-i Seniçe ve Saray
يكى پازار مع نواحى,Yenipazar maa Nevahi
يكى بازار مع ترقوشته,Yenipazar maa Tirgovişte (Tırkovişte)
يكى پازارايدين,Yenipazar-ı Aydın
يڭى پازار آيدين,Yenipazar-ı Aydın
يكى پازار ايدين,Yenipazar-ı Aydın
يكى پازار,Yenipazar-ı Aydın/Yenipazar
يكپازارى,Yenipazar-ı Aydın/Yenipazar
يكيپازار,Yenipazar-ı Aydın/Yenipazar
يكى بازار,Yenipazar-ı Aydın/Yenipazar
بكپازارى,Yenipazar-ı Aydın/Yenipazar (Beypazarı)
يكى بازار بره وادى,Yenipazar-ı Prevadi
پروادى يكى بازارى,Yenipazar-ı Prevadi/Prevadi Yenipazarı
يكى پازار,Yenipazar-ı Prevadi/Yenipazar
يڭى پازار,Yenipazar-ı Prevadi/Yenipazar
يكى بازار,Yenipazar-ı Prevadi/Yenipazar
يكى پازار,Yenipazar-ı Prevadi/Yenipazar
يكى پازار,Yenipazar-ı Prevadi/Yenipazar
يكى بازارى,Yenipazar-ı Prevadi/Yenipazarı
يكيجه بازار,Yenipazar/Yenicebazar
يكى سادا,Yenisada
جاتى زاده,Yenisada/Catizade
زيونيس ياره س,Yenisada/Zivnisyaras
يكشار,Yenişar
يكشار مع قشاقلى,Yenişar maa Kaşaklı
يكى شهر,Yenişar/Yenişehir
يكيشهر,Yenişar/Yenişehir
يكيشهر,Yenişehir
يكى شهر,Yenişehir
نفس يكيشهر,Yenişehir merkez
يكيشهروفنار,Yenişehir ve Fener
يكيشهر و فنار,Yenişehir ve Fener
يكشهر ايدين,Yenişehir-i Aydın
يكيشهر ايدين,Yenişehir-i Aydın
يكيشهر ايدين مع قره جه صو,Yenişehir-i Aydın maa Karacasu
يڭى شهر آيدين مع قرجه صو,Yenişehir-i Aydın maa Karacasu
قره جه صو مع يكيشهر ايدين,Yenişehir-i Aydın maa Karacasu/Karacasu maa Yenişehir-i Aydın
يكيشهر ايدين,Yenişehir-i Aydın/Karacasu
يكى شهر,Yenişehir-i Aydın/Yenişehir
يكيشهر,Yenişehir-i Aydın/Yenişehir
يكيشهر بروسه,Yenişehir-i Bursa
يكيشهر بروسا,Yenişehir-i Bursa
يڭىشهر بروسه,Yenişehir-i Bursa
يكيشهر,Yenişehir-i Bursa (?)/Yenişehir
يكيشهر,Yenişehir-i Bursa/Yenişehir
يكيشهر,Yenişehir-i Bursa/Yenişehir
يكيشهر,Yenişehir-i Bursa/Yenişehir
يكى شهر,Yenişehir-i Bursa/Yenişehir
نفس يكيشهر,Yenişehir-i Bursa/Yenişehir merkez
يكيشهر فنارمع نواحى,Yenişehir-i Fener maa Nevahi
يكي واروش,Yenivaroş
يڭي واروش,Yenivaroş
يكى واروش,Yenivaroş
يگى واروش,Yenivaroş
يگى واروش مع استر افلاق,Yenivaroş maa İstar Eflak
سلچه,Yenivaroş/Seliçe
يكى واروش,Yenivaroş/Seliçe
يكى واروش,Yenivaroş/Seliçe/Varoş-ı İskenderpaşa
واروش اسكندرپاشا,Yenivaroş/Varoş-ı İskenderpaşa
يره,Yera
يره,Yera/Ayoyani
يرو,Yera/Yeru
يره پتره,Yerapetra
ياره پتره,Yerapetra
يراپتره,Yerapetra
يراپترا,Yerapetra
يَرَاپَتْره,Yerapetra
يراپتره,Yerapetra
يرا پتره,Yerapetra
جزيرۀ يره پتره,Yerapetra/Cezire-i Yerapetra
ايرا پترا,Yerapetra/İrapetra
قستل,Yerapetra/Kastel
قستل ياره پترو,Yerapetra/Kastel-i Yarapetro
ياره پترو,Yerapetra/Yarapetro
يره پترو,Yerapetra/Yerapetro
ييره پتره,Yerapetra/Yirapetra
قستل,Yerapetre/Kastel
يركوكى,Yergöğü
يركوكى اوته ياقه,Yergöğü-yi Öteyaka
وروش قلعۀ يركوكى,Yergöğü/Kale-i Varoş-ı Yergöğü
يركوى,Yergöğü/Yerköy
يريم,Yerim
پريم,Yerim/Perim
ير كسكى,Yerkesiği
ير كسيگى,Yerkesiği
ير كسيكى,Yerkesiği
يير كسيكى,Yerkesiği
دكزآباد,Yerkesiği/Denizabad
يرلى صو,Yerlisu
يرونيسى,Yeronisi
يشيل ايرمق,Yeşilırmak
يزه رو,Yezero
ييغيلجه,Yığılca
ييغليجه,Yığılca/Yığılıca
ييلان,Yılan
يلان,Yılan
ييلان,Yılan/Fidonisi
ييلانجق,Yılancık
لينازو,Yılancık/Linazo
لينوسا,Yılancık/Linosa
لنوسه,Yılancık/Linosa
يلانلوجه,Yılanlıca
ييلانليجه,Yılanlıca
ييلانلوجه,Yılanlıca
يلانليجه,Yılanlıca
يلديز,Yıldız
ييلديز ايلى,Yıldızeli
يلديز ايلى,Yıldızeli
يلديزايلى,Yıldızeli
يلديز ايلى,Yıldızeli
يلدزايلى,Yıldızeli
خان جديد مع يلدز ايلى,Yıldızeli maa Han-ı Cedid/Han-ı Cedid maa Yıldızeli
يلدز ايلى مع خان جديد,Yıldızeli maa Han-ı Cedid/Yıldızili maa Han-ı Cedid
ييلديز ايلى,Yıldızeli/Yenihan
يكى خان,Yıldızeli/Yenihan
يكى خان,Yıldızeli/Yenihan
يلدز,Yıldızeli/Yıldız
يلديز ايلى,Yıldızeli/Yıldızili
يلدوز,Yıldızeli/Yılduz
يفرين,Yifrin
قصر ييفرين,Yifrin (Kasr-ı Yifrin)/Kasr-ı Cebel
جبل,Yifrin/Cebel
جبل غربى,Yifrin/Cebel-i Garbi
جبل غربيه,Yifrin/Cebel-i Garbiye
جبل غربيّه,Yifrin/Cebel-i Garbiye
يفرين,Yifrin/Cebel-i Garbiye
مصرت,Yifrin/Cebel-i Garbiye/Mısrat (?)
قصر ييفرين,Yifrin/Kasr-ı Yifrin
يومره,Yomra
يمره مع  وقف صغير,Yomra maa Vakf-ı Sagir
يومره مع وقف صغير,Yomra maa Vakf-ı Sagir
وقف صغير مع  يمره,Yomra maa Vakf-ı Sagir/Vakf-ı Sagir maa Yomra
وقف صغير و يمهور,Yomra maa Vakf-ı Sagir/Vakf-ı Sagir ve Yemhor
يموره,Yomra/Yomura
يونجالو,Yoncalı
يونيقه جزيره لرى,Yonika Cezireleri
يوره,Yora
جاروس,Yora/Caros
جوره,Yora/Cura
جوروس,Yora/Curos
كيور,Yora/Giyor
ژييورا,Yora/Jiyora
يوردان,Yordan
يورمه,Yorma
يورس,Yoros
يوروس,Yoros
يوروس مع شيخلو و قره صو,Yoros maa Şeyhler (Şeyhli) ve Karasu
يورس و قره صو و شيخلر,Yoros ve Karasu ve Şeyler
بكقوز,Yoros/Beykoz
يوروس,Yoros/Beykoz
بگقوز,Yoros/Beykoz
يوروس,Yoros/Beykoz
يوروز,Yoros/Yoroz
يورطان,Yortan
يورتان,Yortan
يوشوه,Yoşava
يوزغاد,Yozgad
قصبۀ يوزغاد مع  قزلقوجه,Yozgad maa Kızılkoca/Kasaba-i Yozgad maa Kızılkoca
نفس يوزغاد,Yozgad merkez
يوزغاد,Yozgad/Kızılkoca
يوزغات,Yozgat
يوروك,Yörük
يورك,Yörük
يركان,Yörükan
يوروكان,Yörükan
يركان,Yörükan
يوركان,Yörükan
يوركان انقره,Yörükan-ı Ankara
يورك,Yörükan-ı Ankara/Yörük
يوركان,Yörükan-ı Ankara/Yörükan
يوركان اراج,Yörükan-ı Araç
يوركان آراج,Yörükan-ı Araç
يوروكان بزرك,Yörükan-ı Büzürk
يوركان اسلاملو,Yörükan-ı İslamlı
يوركان روم ايلى,Yörükan-ı Rumeli
يوروكان روم ايلى,Yörükan-ı Rumeli
يوركان طراقلى,Yörükan-ı Taraklı
يوركان طراقلى بورلى,Yörükan-ı Taraklıborlu
يوروكان طراقلو بورلى,Yörükan-ı Taraklıborlu
يوركان طراقلو,Yörükan-ı Taraklıborlu/Yörükan-ı Taraklı
يوركان زيله,Yörükan-ı Zile
بلكۀ يوركان,Yörükan/Bölge-i Yörükan
يوركان بولكه سى,Yörükanbölgesi
يوركلى,Yörüklü
يوبا,Yuba
يوقارى بوزطغان,Yukarıbozdoğan
يوقارو جانب,Yukarıcanib
يوقارى دندار,Yukarıdündar
يوقارى كلر,Yukarıkeler
يوقارى قلنجلو,Yukarıkılıçlı
يقارو زغوريه,Yukarızagorye
يومقلى جريدى,Yumaklıceridi
يومرى,Yumru
يمورطه آطه,Yumurtaada
يمورطه لق مع  قره طاش,Yumurtalık maa Karataş
يوناق,Yunak
يونان اطه لرى,Yunan Adaları
يونان دكزى,Yunan Denizi
يونده,Yunda
يونده اطه لرى,Yunda Adaları
على بك,Yunda/Alibey
جزيرۀ يونده,Yunda/Cezire-i Yunda
جوندا,Yunda/Cunda
جونده,Yunda/Cunda
يونده,Yunda/Muskonisa
يوند,Yunda/Yund
يوند اطه لرى,Yunda/Yund Adaları
يونيه,Yunda/Yunya
يوند اطه سى,Yundadası
يونداغى,Yundağı/Yunddağı
يوند طاغى,Yunddağı
يورد طاغى,Yunddağı/Yurddağı
يونس,Yunus
يورد,Yurd
يوسفجه,Yusufca
يوه,Yuva
يوه و اكيردور,Yuva ve Eğirdür
يولاق,Yuvalak/Yulak
يوره كير,Yüreğir
يوره گيل,Yüreğir/Yüreğil
يوره كل,Yüreğir/Yüreğil
يوزباش,Yüzbaş
يوزده پاره,Yüzdepare
يوزده باره,Yüzdepare
زاب اسفل,Zab-ı Esfel
زابرديه,Zabırdiye
زابويانه,Zaboyana
زابوت,Zabut
زاب الاعلا,Zabülala
زاب اعلا,Zabülala/Zab-ı Ala
زاچسنه,Zaçesne
زاجسنه,Zaçesne
زاچسته,Zaçesne (Zaçeste)/Çernik/Pakriç
زاچَسْنه,Zaçesne/Çernik
زاجسنه,Zaçesne/Çernik
زاچسنه,Zaçesne/Çernik
زادريمه,Zadrime
زارده مع لش,Zadrime (Zarde) maa Leş
زادريمه مع رغام,Zadrime maa Rogam
زادريم,Zadrime/Zadrim
زادرين,Zadrime/Zadrin
ظفير,Zafir
ذافنس,Zafnis
زاغه,Zaga
زاغرلته,Zagırlata
زاغرلاته,Zagırlata
زاغور,Zagor
زاغوره,Zagora
زاغورى,Zagori
زاغور,Zagori/Zagor
زغور,Zagori/Zagor
زغوريه,Zagori/Zagorye
زاغوز,Zagori/Zagoz
زغوريه,Zagorye
زغنوس پاشا,Zağanospaşa
زغرۀ عتيق,Zağra-i Atik
زغرۀ غتيق,Zağra-i Atik
زغرۀ عتيق,Zağra-i Atik
زغره عتيق,Zağra-i Atik
زغره عتيق,Zağra-i Atik
نفس اسكى زغره,Zağra-i Atik (Eskizağra) merkez
اسكى حصار,Zağra-i Atik/Eskihisar
اسكى حصار زغره,Zağra-i Atik/Eskihisar-ı Zağra
اسكيحصار زغره,Zağra-i Atik/Eskihisar-ı Zağra
اسكصار,Zağra-i Atik/Eskisar
اسكى زغره,Zağra-i Atik/Eskizağra
زغرۀ اسكيحصار,Zağra-i Atik/Zağra-i Eskihisar
زغرۀ اسكى حصار,Zağra-i Atik/Zağra-i Eskihisar
زغرۀ اسكحصار,Zağra-i Atik/Zağra-i Eskihisar
زغرۀ جديد,Zağra-i Cedid
زغرۀ جديد,Zağra-i Cedid
زغرۀجديد,Zağra-i Cedid
زغره جديد,Zağra-i Cedid
زغره جديد,Zağra-i Cedid
يكيجۀ زغره,Zağra-i Cedid/Yenice-i Zağra
يكى زغره,Zağra-i Cedid/Yenizağra
زغره يكيجسى,Zağra-i Cedid/Zağra Yenicesi
زغره يكيجه سى,Zağra-i Cedid/Zağra Yenicesi
زغرۀ يكيجه,Zağra-i Cedid/Zağra-i Yenice
يكيجۀ زغره,Zağra-i Cedid/Zağra-i Yenice
زخله,Zahle
زحله,Zahle
زحله,Zahle
زخل,Zahle
زحله,Zahle
زخنونيه,Zahnuniye
زاخو,Zaho
زاخو,Zaho
زاحو,Zaho
زاجو,Zaho
ضهران,Zahran
ظهران,Zahran
ظهرآن,Zahran
ضهرة,Zahret
ضهرة جعفري,Zahret Caferi
ضهرة دجيلة,Zahret Düceyle
ضهرة ابو مصلح,Zahret Ebumuslih
ضهرة مرعي,Zahret Mera
ضهرة سمر,Zahret Simer
ضهرة ام الطرحان,Zahret Ümmüttarhan
ظهر الغربى,Zahrulgarbi
ضهرالغربى,Zahrulgarbi
ظهرالغربى و قدموس و جرد العليقه,Zahrulgarbi ve Kadmus ve Cürdülulleyka
زاقه,Zaka
زاقان,Zakan
داقان,Zakan/Dakan
زاقوس,Zakos
ذلخدير,Zalhadir
ظالف,Zalif
قيرجه صالح,Zalif/Kırcasalih
قِرجَه صالح,Zalif/Kırcasalih
ظالوف,Zalif/Zalof
زالوف,Zalif/Zalof
ظالم,Zalim
زاله جو,Zallecev
ضمانتى,Zamantı
ضمانتو,Zamantı
ضمانطى,Zamantı
ظمانتى,Zamantı
حيمانتين,Zamantı/Haymanateyn
ظمانتى,Zamantı/İlbaşı
ايلباشى,Zamantı/İlbaşı
ضمانتى,Zamantı/İlbaşı
قلعۀ ضمانتو,Zamantı/Kale-i Zamantı
زمار,Zamar
ذمار,Zamar
نفس زمار,Zamar merkez
دمار,Zamar/Damar
دمرمر,Zamar/Demermer
ذاماستا,Zamasta
زانغى,Zangı
زانطه,Zanta
زانته,Zanta
زانطه,Zanta
جانته,Zanta/Cante
زاكليسا,Zanta/Zakilisa
زاكليسا,Zanta/Zakilisa
زاكليسه,Zanta/Zakilise
زاكيسه,Zanta/Zakise
زاكسه,Zanta/Zakise
ذاكستا,Zanta/Zakista
زاكستا,Zanta/Zakista
زه كليسا,Zanta/Zekilisa
زانزور,Zanzur
زانطور,Zanzur
ظنظور,Zanzur
زنظور,Zanzur
ظنظور,Zanzur
ظانظور,Zanzur
طَنْظُور مع ماتِيّه ورشوان,Zanzur (Tanzur)  maa Matiye ve Rişvan
ظنظور مع مَاتِيّه و رِشْوَانْ,Zanzur maa Matiye ve Rişvan
جنذور,Zanzur/Cenzur
جنزور,Zanzur/Cenzur
زپلانا,Zaplana
زاپلانه,Zaplana
اپلانه,Zaplana/İplana
ژاپلانه,Zaplana/Japlana
پلانه,Zaplana/Plana
زاپولانه زاپلانه,Zaplana/Zapulana
زار,Zar
زاره عمرانيه,Zara İmraniye
حميد آباد,Zara İmraniye/Hamidabad
عمرانيه,Zara İmraniye/İmraniye
زارق,Zarak
غرچان,Zarak/Gariçan
غارجان,Zarak/Gariçan (Garican)
زارق,Zarak/Gariçan (Garican)
زارى,Zarı
زارناته,Zarnata
زارو,Zaro
زارّس,Zarris
زاريش,Zarris/Zarriş
زاروشاد,Zaruşad
زارشاد,Zaruşad
آرپه چايى,Zaruşad/Arpaçayı
داورشاد,Zaruşad/Daverşad
زارزبيل,Zarzebil
زارزمين,Zarzebil/Zarzemin
ظارزيس,Zarzis
ظرزيس,Zarzis
ظَارْزِيسْ,Zarzis
ذات عراق,Zat-ı Irak
زاطنوس,Zatnos
زاوه كوه مع ميلان دره سى,Zavakuh maa Milan Deresi
زاورش,Zavireş
زاويرش,Zavireş
زاويرشيه,Zavireş/Zavireşye
زاوروش,Zavireş/Zaviroş
زاويه,Zaviye
زويه,Zaviye
زاويه غربيه,Zaviye-i Garbiye
زاويه,Zaviye-i Garbiye/Zaviye
زاويّه,Zaviye-i Garbiye/Zaviye
زاويه شيه چاكر,Zaviye-i Şeyhçaker
زاويه,Zaviye-i Şeyhçaker/Zaviye
پترون زويه,Zaviye/Batrun Zaviye
زاوية الباره,Zaviyetülbare
زاويه,Zaviyetülbare/Zaviye
زايجار,Zayeçar
زاز,Zaz
زار,Zaz/Zar
زبدانى,Zebedani
زبداني و وادى برده,Zebedani ve Vadi-i Berada
رمدانى,Zebedani/Remadani
زبدانيه,Zebedani/Zebedaniye
زبيد,Zebid
نفس زبيد,Zebid merkez
زبيد وعدن,Zebid ve Aden
زبيد سليمان بك,Zebid/Zebid-i Süleymanbey
زُبَير,Zebid/Zübeyr
زبيل,Zebil
زج,Zec
زچوه,Zeçeva
زفيرى,Zefiri
صفر,Zefiri/Safir
زكم,Zegem
زكم سفلا,Zegem-i Süfla
زكم عليا,Zegem-i Ulya
زهران,Zehran
زقازيق,Zekazık
زقازيق,Zekazık
زكرياكوى,Zekeriyaköy
زكيه,Zekiye
زكيّه,Zekiye
قلعۀ زكيه,Zekiye/Kale-i Zekiye
زلنيقوه,Zelenikova
زلفيف,Zelfif
زله,Zelle
زَلَه,Zelle
زاله,Zelle
زَلَّه,Zelle
زملين,Zemlin
زمون,Zemun
ذمون,Zemun
زمون مع قرغوريفچه,Zemun maa Gırgorofça (Kırgorifçe)
قلعۀ زمون,Zemun/Kale-i Zemun
واروش قلعۀ زمون,Zemun/Varoş-ı Kale-i Zemun
زنجان,Zencan
زنجير,Zencir
قلعه زنجير,Zencir/Kale-i Zencir
ذنك آباد,Zengabad
زنگاباد,Zengabad
زنك آباد,Zengabad
زنك اباد,Zengabad
زنكباد,Zengabad
زنك آباد,Zengabad (?)
ژنك اباد,Zengabad/Jenkabad
زنك اباد,Zengabad/Kızılribat
زنكى اباد,Zengabad/Zengiabad
زنكى اباد,Zengabad/Zengiabad
زنكوان,Zengavan
زنكنه,Zengene
زنكه زور,Zengezur
زنكيجك,Zengicek
زنكجك,Zengicek
زنكيل,Zengil
زنتان,Zentan
زروكان,Zeravikan
زراوكان,Zeravikan
زاوركان,Zeravikan/Zarvergan
قره طاغ,Zerdabad/Karadağ
قره طاغ و زردِياباد,Zerdabad/Karadağ ve Zerdiyabad
زردى,Zerdi
زرنه,Zerna
اسكندريه,Zertuk/İskenderiye
زرتوق,Zertuk/İskenderiye
اسكندريّه مع توابع,Zertuk/İskenderiye maa tevabi
قلعۀ اسكندريه,Zertuk/Kale-i İskenderiye
زرنوك,Zertuk/Zernük
زرزان,Zerzan
زرزنه,Zerzene
ذرذنه,Zerzene
زه تيز قيالرى,Zetiz Kayaları
زَتْنه,Zetne
زوى الجوارى,Zevilcevari
زوى جوارى,Zevilcevari/Zevicevari
ذوالجوارى,Zevilcevari/Zülcevari
زويه,Zeviye
زوكر,Zevker
زيدان,Zeydan
زيديه,Zeydiye
زيلع,Zeyla
جزيرۀ زيلع,Zeyla/Cezire-i Zeyla
زينه,Zeyne
زينه,Zeyne
زَيْنه,Zeyne
زينه,Zeyne
زيتون,Zeytun
زيتون,Zeytun
زيتون و فيرنوس,Zeytun ve Fırnıs (Firnos)
زيتون و قوجه قياسى,Zeytun ve Kocakayası
جبل زيتون,Zeytun/Cebel-i Zeytun
زيتين,Zeytun/Zeytin
زيتونلى,Zeytunlu
زيتونلى اطه,Zeytunluada
زيوه لو,Zeyveli
زيخك,Zıhık
ضنيه,Zıniye
ظنيه,Zıniye
ضنيه مع  طرابلس شام,Zıniye maa Trablusşam
ضِنِيّه,Zıniye/Zıniyye
ظواريق,Zıvarık
ضواريق,Zıvarık
زيبار,Zibar
زيبارى و سوريجى و شروان و برادوست و كردى,Zibar/Zibari ve Sürücü ve Şirvan ve Beradost ve Gördi
زفته,Zifte
زَفْته,Zifte
زفته,Zifte/Zefte
زيخارى,Zihari
ذيخك,Zihik
ذيخنه,Zihne
زيخنه,Zihne
زيحنه,Zihne
زخنه,Zihne
زيخنۀ عتيق,Zihne-i Atik
زيقو,Ziko
زيغوز,Ziko/Zigoz
زيقور,Ziko/Zikor
زكتى,Zikti
زكنى,Zikti/Zikni
زيل,Zil
زيل,Zil/Karaçayır
قره چاير,Zil/Karaçayır
زيله,Zil/Zile
زيلان,Zilan
ذيلان,Zilan
زيلان مع  دركول,Zilan maa Dirgül
زيلانلو عشيرتى,Zilanlı Aşireti
زيله,Zile
زيلى,Zile
زيله,Zile
زيله مع اورته پاره,Zile maa Ortapare
زيله مع يوركان و عشائر مع اورته پاره,Zile maa Yörükan ve Aşair maa Ortapare
نفس زيله,Zile merkez
زيله و مشهد اباد,Zile ve Meşhedabad
ذلحوه,Zilehova
ذلخوه,Zilehova
ظليتن,Ziliten
ظتين,Ziliten/Zıtin
ظلتين,Ziliten/Zilitin
ظليتن,Ziliten/Zilitin
ظِليتين,Ziliten/Zilitin
ظِليتينْ,Ziliten/Zilitin
ظللتين,Ziliten/Zillitin
زمر,Zimer
زمينا,Zimina
ديمينا,Zimina/Dimina
فيمنا,Zimina/Fimena
فيمنه,Zimina/Fimena
زمرين,Zimrin
زمرنه,Zimrin/Zimrine
زنسكى,Ziniski
ذنقو,Zinkov
نفس ذنقو,Zinkov merkez
زير,Zir
زير و بالا,Zir ve Bala
زراع تراس,Zira Teras
زيرد,Zird
زركان,Zirikan
زرقى,Ziriki
زريقى,Ziriki
زريقي,Ziriki
زريقي مع كردكان,Ziriki maa Kürdigan
د ريقي,Ziriki/Deriki
زِرِّيقْ,Ziriki/Zirrik
زرين,Zirin
زرقه,Zirkuh
زيرقوه,Zirkuh
زركوه,Zirkuh
زركوز,Zirkuz
زيرمانيه,Zirmanya
زيرمانيه,Zirmanya
ذيرمانيه استريه,Zirmanya İsterye
زيرمانيه و پوپنه,Zirmanya ve Popine
زيرمك,Zirmek
زيرنانيچه,Zirnaniçe
ژيرنانيچه,Zirnaniçe/Jirnaniçe
زيسوجقو,Zisoçko
ذيشراق,Zişarak
ذيشراق,Zişarak/el-Kaid
القائره,Zişarak/el-Kaid/(el-Kaira)
زشتوى,Ziştovi
زيشتوى,Ziştovi
شش طوغى,Ziştovi/Şiştoği
زشتوه,Ziştovi/Ziştova
زيوه و بارجكان,Zive ve Parçikan
زوين,Zivin
زياچه,Ziyaçe
زياديه,Ziyadiye
زيارت,Ziyaret
ز يارت,Ziyaret
زوق,Zok
زونغولداق,Zonguldak
زونقولداق,Zonguldak
زنوس,Zonuz/Zonus
زور,Zor
ظور,Zor
زور,Zor/Ormanlık Kaymakamlığı
زباره,Zubara
زوبچه,Zubçe
زوغار,Zugar
زوخا,Zuha
زوخنونيه,Zuhnuniye
زوق,Zuk
زقاق,Zukak
زوملق,Zumlak (?)
زونوز,Zunuz
زنوز,Zunuz
ظورباتيه,Zurbatiye
زرباطيه,Zurbatiye
زواره,Zuvara
ظوَارَه,Zuvara
ظواره,Zuvara
ظَواره,Zuvara
ظَواره,Zuvara/Zavara
زبيد,Zübeyd
زُبيد,Zübeyd
زبير,Zübeyr
زهره,Zühre
ذو النون اباد,Zünnunabad
ذالنون اباد,Zünnunabad
ذو النون آباد,Zünnunabad
ذو النّون آباد,Zünnunabad
ذوالنون اباد,Zünnunabad
ذالنون,Zünnunabad/Zünnun
زرباطيه,Zürbatiye
خضر,Hazar
ابادان,Abadan
ابانه,Abana
ابنه,Abana
اطه قلعه سى,Adakalesi
غايدارونيسى,Ağatonis (Gaydaronisi)
اغجه لر,Ağcalar
آغرى,Ağrı
نغروپونته,Neğroponte
لحسا,Lahsa
پولاتخانه,Polathane
آرقه,Arga (Arka)
قرويه,Kruya
اشتى,Aşti
اشتي,Aşti
قره كوز,Karagöz
اقحصار,Akhisar-ı Geyve (Akhisar)
بوغوينه,Bugoyna
اسقوبلۀ زير,Uskoble-i Zir
آق كپرى,Akköprü
ماروليه,Marula (Marulya)
آقسكى,Akseki
آق اوره ن,Akören
چيلليف,Çillaga (Çillif)
اماسرى,Amasra
آمد,Amid
عميق,Amik
عموطقه,Amutka
معموريّه,Mamuriye
اورته قيا,Ortakaya
اورته قيه,Ortaköy (Ortakaya)
اورته قريه,Ortaköy (Ortakarye)
انطاليه كمر,Antalya Kemer
آله اوسا، آله سسان,Aleusa/Alessan
گول شهر,Gülşehir
كلشهرى,Gülşehri
زنبش,Zenebiş
آرغيرو قاسترو,Argirokastro
لاز,Laz
ره پى,Repi
ارمود ايلى,Armudili
جبل مريس,Cebel-i Murays
اديرناس,Adirnas
قيون ايلى,Koyuneli
سانتاماورا,Santamavra
اياماورو,Ayamavra (Ayamavro)
سنت مور,Sentmor
استفان,İstefan
اياسراندا,Ayasaranda
كلزمان,Kilizman
كلزمان,Kilizman
قره حصار بيغا,Karahisar-ı Biga
پرامتيا,Paramitya
دانشمند اسكسى,Danişmendeskisi
بابا اسكسى,Babaeski (Babaeskisi)
باغ اراسى,Bağarası
فخرى,Fahri
اون ايكى ديوان,Onikidivan
قوزان غربى,Kozan-ı Garbi
بيلان كوى,Belenköy (Bilanköy)
بولاماچ,Bolamaç
بولماچ,Bolamaç
بلغراد,Belgrad-ı Dalamuç (Belgrad)
دلاموچ,Dalamuç
زته,Zeta
ارگلى,Ereğli
واصويك,Vasivoyik
آرناود بلغرادى,Arnavud Belgradı
بش اطه لر,Beş Adalar
بزخلفان,Bezahlefan
بدوى,Bidevi
بيحاج,Bihac
ولقاشين,Vılkaşin
برقه,Berka
بَرْقه,Berka
بيره جك قائممقاملغى,Birecik Kaymakamlığı
بئرة الفرات,Biretülfırat
جبل حميص,Cebel-i Hamis
غروچقه,Groçka
حصار روم ايلى,Hisar-ı Rumili
ايزوويك,İzvovik
پراچه,Praça
تيمورجى,Timurci
بوزبابا,Bozbaba
تندوس,Tenedos
سرستاد,Siristad
اويوك,Öyük
ايرديك,İrdig
قره طوكه,Karadona
بوگر دلن,Böğürdelen
غوشته,Goşta
فارماكوزا,Farmakoza
بولادان,Buldan (Buludan)
بولادان,Buldan (Buladan)
چهارشنبۀ لازقيه,Çarşamba-i Lazkiye
بولادان,Buldan
تركمش,Terkemiş (Türkemiş)
اسكى شام,Eskişam
اطۀ كبير,Ada-i Kebir
بيوك قره صو/ سيروز قره صويى,Büyük Karasu/Siroz Karasuyu
مغالو,Megalo
ماروو,Marvo
غربى لبنان,Garbi Lübnan
عرفيه,Örfiye
قپوداني,Kapudani
سبره,Sibre
چبره,Cibre (Çibre)
قيو محمودى,Kuyumahmudi
چوباس,Cubas (Çubas)
كاوركان,Gavurgan
برمانه,Burumana
چاپوريچه,Çaporiçe
بركتلو,Bereketli
چام آردى,Çamardı
چاپوتلو,Çaputlu
جاى حصار,Çayhisar
چاير شيخى,Çayırşeyhi
بوك,Bük
شينجه,Şince
چلبى بازارى,Çelebipazarı
روغاتيچه,Rogatice
روغاتيچه / چلبى بازارى,"Rogatiçe, Çelebipazarı"
روغاتجه / چلبى بازار,"Rogatiçe, Çelebipazar"
واروششته,Varoşişte
عربيا,Arabiya
چركش مجيديه,Çerkeş Mecidiye
چركش اووه جق,Çerkeş Ovacık
ليچيك,Liçik
غرچيقه,Groçka (Groçika)
بويالق,Boyalık
زلزنه معدن,Jelezine Maden
پشتيقوز,Piştikoz
چور,Çor
مرمريس رشاديه,Marmaris Reşadiye
سليمان,Süleyman
كچيلر و بيراملو,Keçiler ve Bayramlu
لسقوجه,Leskofça
غلوچاويجه,Gluçaviçe
غلوهاويجه,Gluhaviçe
غلوحاويچه,Gluhaviçe
فقى دره سى,Fakıderesi
الدريكيش,ed-Duraykiş
حوزات,Hozat
شيوبايصان,Şiyobaysan
دنك معدن,Dinekmaden
ديمترى,Dimitri
يمشنلى,Yemşenli
پيسقوبيه/پولاننه,Piskobiye/Polanine
پسقوبيه / بولاتنه,Piskobiye/Polanine (Polatine)
دوراسو,Duraso
جبل قلمون,Cebel-i Kalemun
دوزجه پازارى,Düzcepazarı
قوڭرپه,Konrapa
اچمياذك,Eçmiyazin
آتنه كورفزى,Atina
امد,Emed
بيرام پاشا قلعسي,Bayrampaşakalesi
بيرام پاشا پلنقه سى,Bayrampaşapalankası
جورم كوردى,Çorumkürdü
هميدبارو (؟),Hemidbaru (?)
هميدبارو(؟),Hemidbaru (?)
شوحه مليحه,Şuha Meliha
طوپراق قلعه,Toprakkale
هره ك,Herek
اربيل سلطانيه,Erbil Sultaniye
ارمنى پازارى,Ermenipazarı
اسكى مكرى,Eskimekri
اسكى سوده,Eskisuda
ايوب انصارى,Eyyüb-i Ensari
اَيْنه پازارى,İnepazarı (Eynepazarı)
اينه پازارى,İnepazarı
اَيْنَه پازارى,İnepazarı (Eynepazarı)
اياثلوغ,Ezine-i Ayasluğ (Ayasluğ)
ازينۀ اياثلوغ,Ezine-i Ayasluğ
آزِينۀ اياثلوغ,Azine-i Ayasluğ
ازينۀ آياثلوغ,Ezine-i Ayasluğ
قازطاغى,Kazdağı
قازطاغ پازارى,Kazdağpazarı
فاره,Fare
فات,Fatsa (Fat)
توتنچه,Tutniçe
فلتوت,Feltot
قاشتل,Kaştel
قلادوه,Kladova
صو صغرلغى,Susığırlık (Susığırlığı)
صوصغيرى,Susığırlık (Susığırı)
صوصيغرلق,Susığırlık
فورميكوله,Formikula
فويرسات,Füveyrisat
عاوليس,Avlis
غزيه,Gaziye
سراباد,Serabad
دينار,Dinar
كولخان,Gölhan
موراوا,Morava
كرمى,Girmeği (Girmi)
بوجاق,Bucak
كرمگي,Girmeği
بوجاق,Bucak
بانيچۀ جديد,Baniçe-i Cedid (?)
فاصللر,Fasıllar
فضللر,Fasıllar (Fazıllar)
فاضللر,Fasıllar (Fazıllı)
فاصللو,Fasıllar (Fasıllı)
كورله,Görele
طومارزه,Tomarza
طوربه لى,Torbalı
طوبره لى,Torbalı (Tobralı)
طاراطه,Darada
غره ونا,Grevena
شلنديره,Şilindire
شلنديره,Şilindire
شلندره,Şilindire
صارى گول,Sarıgöl
اشمه كوره,Eşmegüre
كورله,Gürle
پازاركويى,Pazarköyü
يوزده جيان,Yüzdeciyan
قوزان شرقى,Kozan-ı Şarki
صغناق,Sığnak
دومروان,Dümervan
دورمروان,Dümervan (Durmervan)
ايونيزى,Ayunizi
خاكس,Hakis
حبرون,Habrun
بوزاطه,Bozada
تحته لى,Tahtalı
شط المكار,Şattülmekar
خسرو پاشا,Hüsrevpaşa
خردل,Hardal
قيلدونلى,Kıldonlu Cemaatleri
حكومت شهران,Hükümet-i Şehran
حكومت شهريان,Hükümet-i Şehriyan
پاسين عليا,Pasin-i Ulya
اسكى حصارلق,Eskihisarlık
اسكيحصارلق,Eskihisarlık
كوزلجه,Güzelce
حوصه,Havsa
حافصه,Havsa (Hafsa)
عيسا الوريه,İsa el-Verye
كوة الحى,Kutülhay
ايانجا,Ayanca
يبان حمامى,Yabanhamamı
ككليك,Keklik
لاترونيسى,Latronisi
غورونا,Guruna
حيلودوروميه,Hilodoromiye
ايقوش,İkoş
فليوس,Filyos
حصار اوڭى,Hisarönü
قره صو سفلا,Karasu-yı Süfla
مجنگرد,Mecingerd
محمودي,Mahmudi
سلوى,Selvi
لبده,Lebde
فورنى,Furni
فورنوز,Furnoz
ربط,Rabat
آلاجه,Alaca
الاجه,Alaca
ذغنوس,Zağnos
طورغودلى ايليجه,Turgudlu Ilıca
ايليجۀ صاروخان,Ilıca-i Saruhan
اورغانلى,Urganlı
بلاسيق,Blasık
پسلورتى,Psiloriti
ليونو,Livno
حسيّه,Hisya (Hasiyye)
اقليم تفاح,İklimüttüffah (İklim-i Tüffah)
تيلو,Tilos (Tilo)
الكى,İleki
مير على,Mirali
قالولمنى,Kalolimni
كوكچه اطه,Gökçeada
امساكيه,İmsakiye
كورۀ معموره,Küre-i Mamure
آلاشهراينه كول,Alaşehir İnegöl
بوزاويوك,Bozöyük
أنس,Enes
پچ,Peç
مديات قضالرى,Midyat Kazaları
لفقامورى,Lefkamori
تساليان اطه اطه لرى,Teselyan Adaları
پوليت ليقه,Politlika
سپنى لونغه,Spinilonga
قو,Ko
قوس,Kos
زوغريا,Zoğriya
زوغرياكى,Zoğriyaki
مدنه,Medene
پودغراديه,Podgradya
كاغدكنان,Kağıdkonan
جسر,Cisr
چناق قلعه سى,Çanakkalesi
يوقارو اووه,Yukarıova
برييك,Priyeg (Briyeg)
پرييك,Priyeg
مزرعۀ اوماق,Mezraa-i Omak
چورم كوردى,Çorumkürdü
قره حصارتيمورجى,Karahisar-ı Demirli (Karahisar-ı Timurci)
آفيون قره حصارى,Afyonkarahisarı
افيون قره حصارى,Afyonkarahisarı
كيغونيه,Kigonya
شبين قره حصار,Şebinkarahisar
قره حصار,Karahisar-ı Teke (Karahisar)
قره تكه,Karahisar-ı Teke (Karateke)
قره حصار تكه مع ناحيۀ بشقوناق,Karahisar-ı Teke maa Nahiye-i Beşkonak
قره حصار تكه,Karahisar-ı Teke
قره حصارتكه,Karahisar-ı Teke
قرامبوزا,Karamboza
قره تل حمدون,Karatilhamdun
با ليكسرى,Balıkesri
قره مانلو يقاسى,Karamanlıyakası
قارص,Kars-ı Maraş (Kars)
قارص ذوالقدريه,Kars-ı Zülkadriye
آخى كريه,Ahikerye
آخى گَرْيه,Ahikerye (Ahigerye)
آخي گريه,Ahikerye (Ahigerye)
آخى گريه,Ahikerye (Ahigerye)
ايقاريا,İkarya
قاريوت,Karyot
نيقاريه,Nikarya
يڭى شهر,Yenişar (Yenişehir)
قشاقلى,Kaşaklı (Kaşaklu)
قشاقلو,Kaşaklı (Kaşaklu)
قسوط,Kaşot (Kasot)
حبوبات,Hububat
كيترو,Kitro
سرفيچه جمعه سى,Serfiçe Cuması
چفتلك,Çiftlik
متروپولى,Mitropoli
متروپولى,Mitropoli
مشهد حسين,Meşhed-i Hüseyin
قاستوريا,Kastorya
كشان مجيديه,Keşan Mecidiye
شداده,Şeddade
بهرام كوى,Behramköy
بهرام كويى,Behramköyü
لقه,Lika
قزل اوه,Kızılova
قوزيچان,Kızuçan (Kuziçan)
پلمور,Pülümür
تمران,Temüran
كينه روز,Kineroz
قوزى,Kuzu
شتريان,Şitriyan
قوش اطه لرى,Kuş Adaları
غرانيوس,Graniyos
دوربناك,Drobnak (Durobnak)
دروبناقلر,Drobnaklar
بلغراد,Belgrad
قوپ,Kop
زاغوزد,Zagozd
قواس,Kovas
وه لزه,Veleze
جوستان,Custan
زاورشه,Zavirşa
قولن وقفى,Kulenvakfı
سلطان حصارى,Sultanhisarı
اوچ طاش,Üçtaş
قوزى كودنلى,Kuzugüdenli
انتى پاروس,Antiparos
اندى باره,Andibare
اند باره,Andibare
كوچك سريغو,Küçükserigo
كوجك دكرمنلك,Küçük Değirmenlik
كوچك قره صو/يكيجه قره صويى,Küçükkarasu/Yenice Karasuyu
كپز,Kepez
چايره,Çayra
لاغوسه,Lagusa
لارسه,Larisa
لارسه,Larisa
لارسه,Larisa
اوطاغ طره بلوس,Otağ-ı Trablus
لبهوه,Libohova
اليميه اطه سى,İlimye
ليمنوس,Limnos
تشوار,Tişuvar
وارطن,Vartin
وارتين,Vartin
بولميه,Polomiye
جويزلك,Cevizlik
جوزلك,Cevizlik
شوشار,Şuşar
دَلوْ,Delev
يزيدى,Yezidi
بولرنو,Bolerno
يكى ملا طيه,Yenimalatya
ايد,İd
ذوالقدريه,Zülkadriye
قيرميل,Kırmıl
تيمورجئ صاروخان,Demirci-i Saruhan (Timurci-i Saruhan)
كول مرمره,Gölmarmara
اشك اطه لرى,Eşek Adaları
چقور كوى,Çukurköy
ماندجه,Mandiçe
اووقات حاجى كوى,Avukathacıköy
طادوس,Tados
مكاريك,Megarik
ژلژنو مكوريچقي,Jelejno Megoriçka
زلژنه مكورچقي,Zelejne Megoriçka
زلزنو مكوريچقى,Zelezno Megoriçka
قلعة النجم,Kalatünnecm
جديده,Cedide
چه مى چه تو,Çemiçeto
غوشقواق,Koşukavak (Goşukavak)
موقوف,Mevkuf
عشاره,Aşara
مدحتيه,Medhatiye
لسپوس,Lespos
صوصورلى,Susurlu
عاصى ميخاليج,Asimihaliç
مهر وفا,Mihrivefa
منين,Mineyn
ولى كوى,Veliköy
كوپرو حصار,Köprühisar
كوپروحصار,Köprühisar
مستار,Mostar
ساروز,Saroz
مودروس,Mudros
كورد,Kürd
كورد عشيرتى,Kürdaşireti
عشيرت كورد,Kürdaşireti (Aşiret-i Kürt)
اونوس,Onos
موشار,Muşar
هيوك,Höyük
كورسواك,Korsuvak
صرمتا,Saramita
نا صريه,Nasıriye
ناقسو,Nakso
نازيلى,Nazilli
نازيللى,Nazilli
نواحى,Nevahi
نكشكلر,Nikşik (Nikşikler)
اتوغوشته,Onogoşta (Otogoşta)
نكشك,Nikşik
شيوه له,Şivelan (Şivele)
سنت جورجيواطه سى,Sentcorciyo
اوخريدا,Ohrida
ترودوس,Trodos
قراجه اواسي,Karacaovası
اپون,Apon
"جلوۀ عليا
جلوۀ سفلا","Cilo-i Ulya
Cilo-i Süfla"
اردواولو بك,Ordu Ulubey
على بكه جه,Alibeyece
بهادر,Bahadır
پلامود,Palamut (Palamud)
پناپليا,Panapalya
قانديليوسه,Kandilyosa
باطنوس,Batnos
كونومايموايلى,Gonomaymoili
پتلش,Petleş
پازار سويى,Pazarsuyu
اقچه كراز,Akçakiraz
باب المندب,Babülmendeb
پريسترا,Peristera
پنارلى اطه,Pınarlıada
پله رو,Plero
استرويچه,İstroviçe
اشاغى كوى,Aşağıköy
چتالجه,Praça (Çatalca)
غربى طوشان,Garbitavşan
پرسكلاني,Preseklani
سكلاني,Seklani
سكلانى,Seklani
ماليزى,Malizi
ريحانيّه,Reyhaniye
اورفه,Ruha (Urfa)
اورفه مع نواحى,Urfa maa Nevahi
توقاد,Tokat (Tokad)
يير كوكي,Yergöğü
سوسه,Suse
افشار عشيرتى,Afşar Aşireti
قادين خانى,Kadınhanı
كفرى,Kifri
ماتراكى,Matraki
سراى,Saraybosna (Saray)
سراى,Sarayköy (Saray)
سراى كويى,Sarayköyü
چهار شنبه,Çarşamba
چهارشنبه,Çarşamba (Çeharşenbe)
مغنيسا,Manisa (Mağnisa)
سازان,Sazan
سبرجت,Sebercet
انتروويتا,Antirovita
بچقه,Baçka
خان كوى,Hanköy
دميركان,Demirkan
كوچك سرفو,Küçükserfo
سه روى,Servi
سرنديب,Serendib
صندرغى چوروم,Sındırgı Çorum
اسعرد,İsird
مفارقين,Meyyafarikin (Mefarikin)
مفارقين,Meyyafarikin (Mefarıkin)
آيوس جوانس,Sirina (Ayoscovanis Adaları)
آيوس جوانيس,Ayoscovanis
سردج,Serdic
آقچه شهر,Akçaşehir
آقچه شهرايدين,Akçaşehir-i Aydın
آقچه شهرآيدين,Akçaşehir-i Aydın
آقچه شهر آيدين,Akçaşehir-i Aydın
اقجه شهر ايدين,Akçaşehir-i Aydın
سيمى,Simi
حاجى عمر بك,Hacıömerbey
اورته طاغ,Ortadağ
ستفانوس,Stefano (Stefanos)
سله,Sille
آناپوليس,Anapolis
صنغور,Sungur
صنغورلى,Sungurlu
بوداق اوزى,Budaközü
اندرياس,Endiryas
كمر بورغاس,Kemerburgaz
مرصو,Mersu
جمعه لى,Cumalı
جمعه لو,Cumalı
دِمِشق,Dımışk
شاوشيد,Şavşad (Şavşid)
اردن/يوردن,Ürdün/Yordan
قره طوره,Karatura
چوريل,Çivril
شيخلر,Şeyhli (Şeyhler)
اشقلو مع كينلر,Işıklı maa Geyikler (Geyinler)
زغفران بولى,Zağferanbolu
زعفران بولى,Zağferanbolu
زغفران بورلى,Zağferanborlu
قراندا,Karanda
منمن,Menemen
منمن بازارى,Menemenpazarı
پلوله,Plevle
پلوليه,Plevliye
گوار,Gevarselim (Gevar)
چاروحا,Çaruha
طاوشان اطه لرى,Tavşan Adaları
تفن,Tefenni (Tefen)
ردوسجق,Rodoscuk
ردوسجق,Rodoscuk
تكيرطاغى,Tekfurdağı (Tekirdağı)
تكفوركولى، قره صو,Tekfurgölü/Karasu
تكفور گولى,Tekfurgölü
بلاد بنى بشارا,Bilad-ı Benibeşara
كورله,Görele
كاوورذى,Gavurzi
كاوورزى,Gavurzi
نوابردا,Novabırda
طوربا لو,Torbalı
طوبرالى,Torbalı (Tobralı)
نخاح,Nihah
ارداسه,Ardasa
ايپسله,İpsile
اوروي,Orovi
عينتاب,Antab (Ayntab)
عنتاب,Antab
توتيك,Tutik
نجد الدار,Necdüddar
شرعب,Şerab
تورنوك,Türnük
معدن,Maden
اولو قشلا/قوكاس,Ulukışla/Kokas
اولو قشلا,Ulukışla
اووه كوى,Ovaköy
قامانسقه,Kamaniska
جون,Cun
اوزون كوبرى,Uzunköprü
توت واردى,Totvaradi
واتون,Vaton
پاحنه صوىي,Pahna Suyu
آيانيقولا,Ayanikola
كپرى,Vezirköprü (Köprü)
كوبرى,Vezirköprü (Köprü)
وزيركوپريسى,Vezirköprü (Vezirköprüsü)
وزير كوپريسى,Vezirköprü (Vezirköprüsü)
سزانوس,Sazanos
ويرخ قروپنه,Virhkrupine
قزلجه حمام,Kızılcahamam
يبان اووه,Yabanova
يانيچه,Yaniçe
يارنكومه,Yarangüme
بلاتنه,Platine
يايلاجيلر,Yaylacılar
سلچه,Seliçe
سلچه / واروش اسكندرپاشا,Seliçe/Varoş-ı İskenderpaşa
ايويانى,Ayoyani
ايو يانى,Ayoyani
فيدونيسى,Fidonisi
قصر جبل,Kasr-ı Cebel
جبل غربيه,Cebel-i Garbiye
جبلِ غربيه,Cebel-i Garbiye
بكقوز,Beykoz
يوروس,Yoros
بگقوز,Beykoz
موسقونيسيا,Muskonisa
چرنيك / قريچ,Çernik/Pakriç (Kariç)
چرمك,Çernik (Çermik)
ايل باشى,İlbaşı
ايلباشى,İlbaşı
غرجان,Gariçan (Garican)
زرداباد,Zerdabad
قره چاير,Karaçayır
القائره,el-Kaid (el-Kaira)
القاعد,el-Kaid
اورمانلق قائممقاملغى,Ormanlık Kaymakamlığı
